epoch,loss_total,loss_data,loss_cont,loss_mom,val_score,val_data,val_cont,val_mom,norm_data,norm_cont,norm_mom,lr
1,8.502338961058973,2.2197985833182052,83647.7625612745,8957.838819316788,6.787303046084188,1.7556745548958088,40408.45534109173,8426.812461198979,10.986104340561692,0.146933807980461,0.831268400755404,0.001
2,3.9484977955911673,1.6210787833905687,30924.66551776961,8068.997941559436,5.91786070059369,1.530135756628917,23761.684544326494,7891.921600059648,9.574799059810493,0.0864025799713736,0.7785037435655953,0.001
3,2.9914213722827387,1.4740957559323777,20127.20561427696,7785.139275045956,5.460634632426986,1.410265600175267,19062.47746401699,7701.4774971709885,8.82471354854818,0.06931525542579832,0.7597172610645917,0.001
4,2.5319473603192497,1.3550593432258158,15590.749061734068,7581.795716528799,5.1056766794771,1.317813549055337,14532.215048596096,7470.699554238068,8.24619637560734,0.05284224990678634,0.7369520206566931,0.001
5,2.2448695944804773,1.2756251283720428,12825.167049632353,7356.889830346201,4.8544348333673595,1.2521491240573364,12165.508030711251,7319.438623821925,7.835302327801403,0.044236395721653166,0.7220307877109309,0.001
6,2.041986727247051,1.2150795903860354,10929.233340992647,7214.601667815564,4.688896814439863,1.2091075760803793,10620.275422565457,7176.746223226971,7.565970556867238,0.03861759863045243,0.7079548029671526,0.001
7,1.8709376045301849,1.1450592945603764,9584.047411151962,7074.70662913603,4.4574575064489625,1.1483124398203917,9370.843034980335,7061.387133878865,7.18554600239135,0.034074394566541745,0.6965751305042205,0.001
8,1.7254233220044304,1.0925136255282981,8345.702253753063,6981.993949142156,4.1136573207807565,1.0569613917224643,8736.692705356107,7043.018080111198,6.6139183375573865,0.031768487993839904,0.6947631032377841,0.001
9,1.610648512840271,1.0346257838548398,7587.868460860906,6932.563907398897,3.994120536836179,1.0254867855326992,7798.319173274167,7008.385865256963,6.416966512565329,0.028356360625618915,0.6913467858592909,0.001
10,1.52869353574865,0.9921436438373491,7061.959587545956,6902.898006663603,3.845509335725543,0.986131201350721,7309.643489673945,6983.262256948327,6.170699598802014,0.02657943105845928,0.6888684511632137,0.001
11,1.4445103056290571,0.9547654659140343,6438.254356234681,6875.736433440564,3.6605806862566634,0.9371186884290897,6666.22930376469,6960.77063219259,5.8640046139891115,0.024239839117953767,0.686649750198029,0.001
12,1.374273281471402,0.9179253005513958,5993.729233685662,6818.263748468137,3.5372453129995454,0.9044380379500571,6297.142587703901,6942.129094721352,5.659505986906493,0.022897760678972544,0.6848108435992778,0.001
13,1.3126100956224929,0.8936693785237331,5495.094554227941,6808.604540058211,3.430359048408869,0.8762672958291224,5878.984110431397,6900.799775966977,5.483228036401019,0.021377246794283676,0.6807338860470064,0.001
14,1.2691193608676685,0.8633999754400814,5318.914225260417,6800.80260033701,3.36004364854526,0.8577412954163519,5972.203063610894,6858.856268361718,5.36730189679819,0.021716210896004413,0.676596341435727,0.001
15,1.2174467315860824,0.8418068254695219,4918.715959137561,6736.1910711550245,3.220237978030794,0.8204831814645049,5447.428361776845,6882.232126741289,5.134159868131141,0.019808017558213625,0.6789022682023358,0.001
16,1.166119000490974,0.8138800999697517,4606.779943129595,6730.3837794883575,3.149826642180927,0.8021722427201239,4928.517875378367,6817.0632619271555,5.019579473343029,0.017921147765148637,0.6724736431104013,0.001
17,1.12991068760554,0.7951827423245299,4373.545778760723,6711.999961703431,3.1091652485754433,0.7916459794957338,4875.613823347847,6761.198192464589,4.953711556207196,0.017728777288305988,0.6669627969673236,0.001
18,1.0981568670740314,0.7727667128338533,4249.388169232537,6686.0322361366425,3.0503122585948086,0.7758240657736492,4678.1064902135995,6796.367663629637,4.854706194118035,0.017010598275608878,0.6704321123443295,0.001
19,1.0727162933817096,0.7607390039107379,4071.0267788756128,6650.266400505515,2.9580959161466227,0.7517864683432319,4316.526674537547,6709.974280100273,4.704291327803216,0.015695816536052284,0.6619097807874119,0.001
20,1.0329153876678616,0.7414156478994033,3798.3208342907474,6625.664502910539,2.868393008811714,0.7279160627492535,4177.236679858367,6710.96722955979,4.554922661625482,0.015189328248909627,0.6620077309332166,0.001
21,1.0087704939000748,0.7223416555161569,3731.0574017693016,6599.519550398284,2.820140962207074,0.7153457884096889,3972.215343940154,6664.945095647917,4.47626437891651,0.014443826710941401,0.6574678475748975,0.001
22,0.9807070622257158,0.7092603445053101,3531.7112917432596,6568.3549900428925,2.7301118785541822,0.691535819590864,3856.3410673413578,6637.040952520752,4.327273894854586,0.014022482995525271,0.6547152252116287,0.001
23,0.9510435275003022,0.6921843348764906,3364.0729214537378,6553.716739430147,2.6810239494439867,0.6786512922852739,3615.064018919236,6609.790240672481,4.246649179434916,0.013145147912961567,0.6520270610022242,0.001
24,0.9317517035147723,0.6813184034590628,3251.9922018612133,6533.868949142156,2.6160964252906984,0.6615636800484791,3496.7432379268307,6575.008854043695,4.139723729931192,0.012714908182992058,0.6485960284769254,0.001
25,0.9132102318838531,0.6677771520380881,3185.7446049708947,6502.221076516544,2.579439371629205,0.652173625588176,3343.163645429466,6509.598054211273,4.0809656202480635,0.012156459854214255,0.6421435375476219,0.001
26,0.8907122238009584,0.6565089611446157,3036.3879203048405,6474.160749846814,2.539123771577518,0.6413665132651838,3285.116667351105,6524.895719033742,4.013340294546621,0.011945388595518091,0.643652585652207,0.001
27,0.8699384062897926,0.6422213672422895,2950.1123956418505,6458.600040211397,2.4951010550209882,0.6299097643152329,3093.6931363662075,6480.836224753771,3.9416498784516807,0.011249331591921752,0.6393063081579772,0.001
28,0.8480488564453873,0.6327138379508374,2785.262312346814,6440.331648284314,2.459008460319852,0.6203369869446191,3058.046583312752,6474.461192311715,3.881748383194906,0.01111971308170378,0.6386774389328376,0.001
29,0.835490719944823,0.6207600680052066,2777.516218596814,6416.931602328431,2.397804534957199,0.6041085438442803,2997.595343802943,6462.781261294042,3.780199170279548,0.010899899412922371,0.6375252645344278,0.001
30,0.8207404461561465,0.6103721459706625,2719.5536965762867,6401.756615732231,2.3673193963194694,0.5962751993551664,2856.3383308418483,6413.504039221976,3.731182147362065,0.010386258625539622,0.6326642808856132,0.001
31,0.8048166095041761,0.6039587668344086,2593.3011690027574,6360.244092754289,2.320512087049633,0.5838988696058919,3011.032198545832,6390.542931243424,3.653737469702659,0.010948758697891013,0.630399267442299,0.001
32,0.7908788510397369,0.5923802180617463,2561.8626589307596,6358.923023897059,2.322814860832705,0.5845167400957272,2677.060997673945,6401.991148626101,3.657603784021196,0.009734367801587377,0.6315285842983482,0.001
33,0.7731164471775878,0.5826543966929117,2455.025749655331,6335.113032322304,2.26588065362947,0.5692437232976627,2723.6108504501176,6420.964563631864,3.562033135309114,0.009903633047477076,0.6334002291725318,0.001
34,0.758000910282135,0.5710766514142355,2408.1576813342526,6312.421204810049,2.217426965477568,0.5566110854460625,2519.2779521639386,6376.564446248255,3.482984613960324,0.00916063481635337,0.6290203506905117,0.001
35,0.753601913358651,0.5671417339175355,2402.0633329503676,6305.426796109069,2.2004025212624123,0.5521944113539651,2538.613976068216,6353.443945144222,3.4553473492527327,0.00923094474528964,0.6267396138085758,0.001
36,0.7340519603560952,0.554242761111727,2313.570463292739,6291.399308746936,2.166515822738925,0.5429986836315565,2470.005839181641,6388.339769740044,3.3978052359014503,0.008981470848648563,0.6301819351416273,0.001
37,0.7255109583630281,0.5507444967241848,2246.367972579657,6288.855564491421,2.148319689586064,0.5384612439004802,2439.4422472839933,6330.651783724074,3.3694122822155825,0.00887033507507903,0.6244912662084929,0.001
38,0.718363273377512,0.5407450614022273,2284.459812538297,6283.716241574755,2.0951658739973498,0.5244561958278225,2445.9403264796942,6301.419477491653,3.281775926723758,0.008893963484349404,0.6216076263311247,0.001
39,0.7001435359319051,0.5314414594687668,2165.8379384957107,6264.219793581495,2.1035943094195653,0.5265276305034051,2398.6925404113126,6336.170893486244,3.2947378947702552,0.008722160403358733,0.6250357023837035,0.001
40,0.6823959946632385,0.5204221349136502,2076.1841610179226,6260.039770986519,2.0759902062884548,0.5192150783636786,2222.602948633337,6335.099424091221,3.248979721321304,0.008081860890614136,0.6249300065877474,0.001
41,0.681518648184982,0.5178743933930117,2098.5571001838234,6252.463934206495,2.040345380090163,0.5098570537609802,2107.633109656283,6313.476313092598,3.190422037939665,0.007663805904319712,0.6227969807275012,0.001
42,0.6675344986074111,0.5122724444258446,1987.0118432138481,6236.16175513174,2.0320113806520936,0.507823587613476,2176.5123191383727,6275.488678677314,3.1776976573264215,0.00791426547904133,0.6190496658021635,0.001
43,0.6556938594462824,0.5028075166777068,1955.5050886565564,6223.454245174632,2.012434697097716,0.502558388521828,2151.4826983525068,6286.1154285095545,3.1447507615401986,0.00782325241102548,0.6200979484569571,0.001
44,0.6496257898854274,0.49917298730681925,1923.03271484375,6225.3408298866425,1.9597567865458054,0.4888979019573409,2020.9578598896717,6220.48522941533,3.0592704939576896,0.007348636111305751,0.6136238147446528,0.001
45,0.6405380122801837,0.4960826723014607,1843.3141060623468,6206.7719630821075,1.947888176700907,0.485633953872983,1953.3442618563497,6242.534969331983,3.0388463930803717,0.00710277857118361,0.6157989256922365,0.001
46,0.6266684672411751,0.4857848444405724,1795.7764748965992,6200.378877527573,1.9302452346088148,0.48099771609626946,1973.5683301933307,6229.815634468873,3.009835212266367,0.007176317620091224,0.6145442186248828,0.001
47,0.6301312306348015,0.4837173848759894,1869.7876694623162,6179.768181295956,1.9169661067249653,0.47748289480161,1875.7517707132733,6229.226151060307,2.9878412764461557,0.006820635636045264,0.6144860686503145,0.001
48,0.6118608397596023,0.4757093682008631,1732.9440247778798,6180.671118642769,1.883436282962808,0.4685613096884216,1925.4533684448602,6225.679792155967,2.932014605914665,0.007001361302388385,0.6141362357676571,0.001
49,0.6051247616608938,0.4704950410945743,1712.7777003867952,6171.385493259804,1.8762808368490846,0.46664851914778827,1805.0596590305997,6231.440936171898,2.9200453509052795,0.006563583960200763,0.6147045475693846,0.001
50,0.5917190295808455,0.4625241925903395,1640.4459539675245,6161.383769914216,1.840297608848887,0.45726520484953137,1769.0890380867465,6194.566087848621,2.861329417674105,0.006432787069646835,0.6110670041524724,0.001
51,0.5940839402815875,0.46228304213168575,1675.2841461780024,6154.582194010417,1.8385072381756857,0.45703215574884004,1806.2654691972311,6146.797816515372,2.8598711168007855,0.006567968544515832,0.6063548719315555,0.001
52,0.5887467931298649,0.4602132486362083,1631.9242876838234,6139.221449908088,1.8241933142556184,0.4529958062362026,1758.9214897323889,6191.145470370647,2.8346137268265705,0.006395815683709892,0.6107295751146714,0.001
53,0.5800161519471336,0.4543691780052933,1593.4854233685662,6135.563103170956,1.8012707725997505,0.4468402019626132,1693.038029475379,6203.13416249402,2.79609513541663,0.006156249295517675,0.6119122074533443,0.001
54,0.5750840411466711,0.4501986269857369,1583.4550182866114,6126.285826439951,1.8079422961734883,0.4488483714856696,1893.948270317432,6151.725945146293,2.8086612228229275,0.006886802010290088,0.6068410103883688,0.001
55,0.5623952658737407,0.44272397370899425,1514.155299766391,6109.639619715073,1.76638727768998,0.43769671381533126,1664.4261144080654,6176.090291531267,2.738879910338261,0.006052210237380781,0.609244447197737,0.001
56,0.5558116295758415,0.43780604355475483,1492.1769301470588,6092.317057291667,1.767343267500864,0.4379623935960312,1641.1404789055769,6174.845028168442,2.7405423971492753,0.005967538673799722,0.609121607382694,0.001
57,0.5545406908381219,0.4363711505543952,1494.2720181334253,6099.130658318015,1.7555921982333444,0.43503432730997627,1594.3363289566817,6138.166491884082,2.722220071041069,0.005797348748863733,0.6055034292946521,0.001
58,0.5501822560441261,0.4336276586149253,1472.8815247778798,6088.481052772671,1.7245794616742862,0.4266030603980443,1526.4369685247016,6173.228873442264,2.669461558502789,0.005550452115387044,0.6089621807476776,0.001
59,0.5395426399567548,0.4272146674932218,1416.5795156441484,6084.508501838235,1.7322300286836827,0.4289101443467053,1587.7994136029715,6119.704868327648,2.683898097958092,0.0057735791229956085,0.6036822704211435,0.001
60,0.5376096204215405,0.4244799111403671,1427.461634018842,6070.082643995098,1.6930901874111421,0.4185351491898805,1529.5782355376068,6112.371321281264,2.6189767382403373,0.005561874435794828,0.6029588478989049,0.001
61,0.5316993494828542,0.4214629408191232,1388.918727500766,6067.50301585478,1.684904847367117,0.4163721124797296,1485.4234077334029,6110.742815290178,2.6054415719853403,0.00540131801424323,0.6027982028653216,0.001
62,0.526668320683872,0.41789567178370907,1369.3959769454657,6067.945915670956,1.6792640472394782,0.41473027129420886,1519.9250073492178,6136.004201836768,2.595167778061253,0.005526773228261612,0.6052901287853698,0.001
63,0.5226589382863512,0.41523996112393396,1351.5001364315258,6056.461186427696,1.6691790978953756,0.412336934018523,1429.5797438059783,6083.6204700211465,2.5801915098459856,0.005198258478233362,0.6001227014606877,0.001
64,0.5150133353822371,0.40879332785512884,1335.687748927696,6043.417777267156,1.6902261054226284,0.41790357380132653,1539.8166130377647,6087.013676308477,2.6150246657459015,0.00559910337169305,0.600457426503744,0.001
65,0.5119370496740528,0.40812869282329783,1303.710979386872,6030.028042662378,1.6500153116072747,0.40735412970504764,1414.3139132115311,6061.075369286056,2.549011694689588,0.005142748644900392,0.597898725322709,0.001
66,0.5042930777166404,0.40105180763730813,1296.3447720396753,6015.412693397671,1.6433679005433588,0.40553392218592216,1422.9505704793864,6070.212060140742,2.537621776398169,0.005174153382593932,0.5988000201396926,0.001
67,0.5075717159346038,0.4043235913211224,1296.4121285232843,6017.213723575368,1.6596993806215943,0.40981524416951365,1398.093394019232,6084.1699283795915,2.5644120775369057,0.005083767359121793,0.6001769031381321,0.001
68,0.4959076350810481,0.39554093515171723,1258.1055333754596,6008.782666973039,1.624471596799315,0.40043028554389565,1357.7878975187346,6086.058588054437,2.5056858549546046,0.004937207931562115,0.6003632112011996,0.001
69,0.4949948594850652,0.3957194282728083,1243.5185546875,6011.531269148284,1.61498638218247,0.39812203389961426,1398.6824514781733,6043.043660016579,2.4912420086633693,0.005085909298347902,0.5961199756238944,0.001
70,0.49281230393578024,0.3938811923943314,1239.2148976045496,5989.984748391544,1.6291007824573505,0.40178187781024627,1373.9565177472768,6062.889166288688,2.5141434210921427,0.0049960005015803445,0.5980776485087435,0.001
71,0.49002784490585327,0.39280667258243934,1216.4979475432751,5983.818723192402,1.6157494972958597,0.39836412789108433,1330.9825485163253,6038.147849141886,2.492756907790372,0.004839737935000182,0.5956370251731817,0.001
72,0.4847889454925762,0.38701630690518546,1224.0728831571691,5967.168801700368,1.5860138817173988,0.3905865043371103,1293.2216469016073,6012.4425001864,2.444088557698211,0.004702431200055927,0.593101304292306,0.001
73,0.4782625951018988,0.3839626131104488,1177.8907482670802,5958.1708984375,1.5800522619202235,0.3891262967271201,1249.4429352011932,5989.76298368273,2.434951332853492,0.004543242417304331,0.5908640686233364,0.001
74,0.4803631849148694,0.3849211533864339,1193.1117206648285,5958.646704580269,1.59699302396217,0.3936843443597118,1376.5755088192554,5976.339249987574,2.463473240140503,0.00500552371468078,0.5895398756746599,0.001
75,0.4794684005718605,0.3831046013271107,1205.4843678193934,5952.466854319853,1.5752791518405571,0.38802507168438355,1375.5015656325595,5952.749345689857,2.428060435455562,0.0050016186269796065,0.5872128342091203,0.001
76,0.47926441769973904,0.3846312661965688,1182.7187595741423,5929.239564185049,1.5546808879454335,0.38235934282086315,1320.9806966938681,5988.904438034348,2.392607231280338,0.004803369057181794,0.5907793768289726,0.001
77,0.4621640023063211,0.3727639259076586,1112.8762972962622,5934.348029641544,1.5932730053084743,0.3927292054582078,1270.4796323355613,5973.460172029298,2.4574964743427694,0.004619736358762694,0.5892558671553003,0.001
78,0.4701746176270878,0.37657588252834245,1169.0433864219515,5920.476639093137,1.5177751986607513,0.37236648877588163,1232.8417753467434,6023.192820238199,2.3300771132171496,0.004482877040461377,0.5941617766118473,0.001
79,0.46303390463193256,0.37204527212124244,1134.193654976639,5924.105325137868,1.548168023677916,0.3806879673175753,1253.505479111232,5979.3434113729,2.3821486268538083,0.004558014698049812,0.5898362231301052,0.001
80,0.4574006421893251,0.3691217519488989,1098.484914742264,5892.517348345588,1.523033646343824,0.37404663128948756,1167.666325636751,5972.393203941148,2.340590577065,0.004245885130429374,0.589150615393691,0.001
81,0.45336896531722126,0.36604024557506337,1085.6890366498162,5902.037856158088,1.550174746112284,0.3814629967049054,1231.0104756853186,5934.3967598978525,2.3869983603607765,0.004476218042226103,0.5854024314368631,0.001
82,0.45169975243362726,0.3641504896622078,1088.8892343558516,5882.567497702206,1.5226751386113164,0.374046948094584,1214.5273927933267,5952.434059880041,2.3405925594676242,0.0044162820185366485,0.5871817326351725,0.001
83,0.4465305939608929,0.36034199420143576,1070.8383645450367,5875.717017080269,1.4856709259889342,0.36413306135320206,1163.095249419619,5965.347955202327,2.278556577993941,0.004229263717176066,0.5884556322456727,0.001
84,0.4413656136568855,0.35732998742776756,1042.3111404718138,5862.287434895833,1.4949129046724856,0.3668376556640394,1214.2614204529862,5917.215883287303,2.295480531932268,0.004415314886077518,0.5837076126795467,0.001
85,0.4422910306967941,0.35865722450555537,1036.8036941827513,5873.52205882353,1.5071565737525305,0.3700269962746055,1151.5435953266353,5933.178708753122,2.315437777782624,0.004187259425994237,0.5852822759887882,0.001
86,0.43404725953644396,0.35299572699210224,1002.6221277573529,5854.870978860294,1.4860504454691057,0.3646254682274641,1133.4053497491427,5891.972928763265,2.281637805823762,0.004121304875881168,0.5812175049983617,0.001
87,0.439253241408105,0.35518913584596973,1042.7452655867035,5858.205030254289,1.6024650188967051,0.3951153360450663,1480.7993972565444,5977.533161929253,2.472427646822506,0.00538450412067142,0.5896576498953361,0.001
88,0.4360754156813902,0.35294676820437115,1030.3623022939644,5851.470942478554,1.4257672647968567,0.34855877871375424,1082.1795289546235,5895.840228653548,2.1811007632877093,0.003935036807658097,0.5815989973134973,0.001
89,0.4313535567592172,0.34981247315219804,1009.4676968443628,5831.003609451594,1.4471073234725385,0.3540609077221081,1111.7994944451757,5929.335333576171,2.2155302440889466,0.004042741353279541,0.5849031437425732,0.001
90,0.4173596057237363,0.34055735316931035,946.3282590379902,5827.631673177083,1.4293417236278634,0.34960336848448054,1022.9855003712148,5880.411539964341,2.1876372664125516,0.0037197946273756,0.5800770242742864,0.001
91,0.41949603838079114,0.34172339065402163,959.1860698625153,5833.68790211397,1.4664957048053144,0.3594950729989151,1095.684330492089,5878.526283825171,2.2495344429698734,0.003984143161740935,0.5798910519552112,0.001
92,0.41491932027480183,0.3397197711701487,925.0958144244025,5817.359757965686,1.4408353084764869,0.3524891248014633,1072.9493276331427,5911.974294970222,2.2056948385926582,0.0039014738165181638,0.5831905527879424,0.001
93,0.41865942349620894,0.3420690987624374,943.7733860389859,5807.319106158088,1.4378516519408997,0.35178941320179197,1055.8909607186415,5894.528480856177,2.201316404889866,0.00383944593677076,0.5814695990981299,0.001
94,0.41409800683750825,0.3392101152270448,920.9200798483456,5818.880667892156,1.407455293864316,0.34381990504911897,1077.5872569531818,5869.656746436261,2.1514473401112753,0.00391833832198825,0.5790161106657653,0.001
95,0.4156699992862402,0.33995791685347465,932.0547329771753,5807.973307291667,1.424747468344297,0.34839260309730186,1054.7744788171663,5876.784060096861,2.1800609221302967,0.00383538616918152,0.5797191891614135,0.001
96,0.40621912011913225,0.33423834279471754,882.3830470664828,5802.046970741421,1.401126216090453,0.3421259615468462,995.2273316962797,5874.254611512778,2.1408475168062724,0.003618859974181258,0.5794696700592661,0.001
97,0.4069484565772262,0.33321944638794543,905.6496234968597,5805.283566942402,1.3962014795499829,0.3408912576133334,1047.3602441436992,5857.681847072972,2.133121377468291,0.003808426422152401,0.5778348389228896,0.001
98,0.39993927817718655,0.3280148289951624,881.7328574984681,5794.478199678309,1.4211741248925724,0.3477252725262795,1083.3772060031363,5821.603796277095,2.1758851121759664,0.003939391818211788,0.5742758961167512,0.001
99,0.4038465373656329,0.3307826624197118,896.8726794672947,5798.421654794731,1.3814389956560216,0.3370274238740963,948.5884554889175,5848.359207013257,2.10894350207819,0.0034492710200073936,0.5769152010255303,0.001
100,0.39778224860920625,0.32682151887931077,869.0069735657935,5785.203651577819,1.4039426775942911,0.34295372702506005,988.1165857099849,5859.747915812332,2.14602724552525,0.0035930037770925856,0.5780386476186125,0.001
101,0.39578500799104277,0.32504990346291485,866.2139150582108,5769.058565027573,1.3780614167292033,0.3361924386590953,940.5122921693971,5836.358579967385,2.1037185959762894,0.0034199043584908244,0.5757313913586584,0.001
102,0.39870606392037633,0.32665203599368825,883.7316272212009,5774.152812882966,1.375904611547284,0.3356990518052294,962.1890670079085,5820.131131645557,2.100631235940389,0.0034987257597265853,0.5741306241555268,0.001
103,0.3981983685025982,0.3263680882313672,880.7607242359835,5773.219362745098,1.3769743586523964,0.33599504121441676,963.6202231945454,5817.972750760746,2.1024833847477895,0.0035039297504889716,0.5739177092681245,0.001
104,0.3908623562139623,0.3213796896093032,849.5034873812806,5769.902535232844,1.3535660878535085,0.3297258016761098,945.8936413385311,5825.191419000294,2.0632537225579752,0.003439472097935922,0.5746297994956813,0.001
105,0.3840699435449114,0.31634048913039414,826.1641534543505,5767.142951516544,1.3412414241795143,0.3265368030560073,936.2747537494279,5807.724612675837,2.04329861670726,0.003404495760185003,0.5729067750156075,0.001
106,0.39416398137223485,0.3233307833765067,867.7416310029871,5752.574496400122,1.3482308945700672,0.3283558748081032,952.9536119382622,5815.20867605412,2.054681427955373,0.003465143664831816,0.5736450453193864,0.001
107,0.3885234255416721,0.31924856351871117,846.9900452856924,5750.60555491728,1.3630493555419037,0.33239388537579945,921.0038272018172,5799.041000609425,2.079949211954005,0.0033489673968736594,0.5720501744506296,0.001
108,0.3855157138085833,0.3170994800679824,835.475840849035,5755.544002757353,1.3202698022897679,0.32111841808767155,882.0885290215463,5777.873168650017,2.0093931628442574,0.0032074630284919347,0.5699620598875753,0.001
109,0.37615953765663446,0.3112786009031184,788.4083778530944,5750.306851256128,1.3324617934552545,0.3243121516674142,885.8928371982744,5787.9285354267895,2.0293778976262056,0.0032212963087403248,0.5709539780889147,0.001
110,0.38188070000386704,0.3139926706459008,828.4490164962469,5754.348527496936,1.3441193852058713,0.32718007932795,913.1492275348394,5832.0340753551445,2.0473239072849827,0.0033204063883052995,0.5753047977861031,0.001
111,0.378850800149581,0.3122750859634549,811.2625576842065,5731.019138710171,1.3365353159051154,0.325402989431993,916.1665982026034,5785.696636022597,2.0362037968037434,0.003331378195036359,0.5707338109193102,0.001
112,0.3743867307317023,0.3092959806615231,791.3721253638174,5737.84122242647,1.311894247623753,0.3186712620663399,865.902940186267,5819.6408012388365,1.9940801247228048,0.0031486087569812097,0.5740822551933703,0.001
113,0.37184357993743,0.30690448190651687,789.4540800206802,5730.037090226716,1.3270662853461068,0.3227595046543319,932.313379580171,5808.209744053056,2.01966223475337,0.0033900913543097695,0.5729546311161146,0.001
114,0.3755411301173416,0.30874694737733577,814.2338532092524,5726.637944240196,1.3534384527531431,0.33005016105337853,936.2624542401168,5757.350874501897,2.0652833959690167,0.0034044510365318936,0.5679376248221351,0.001
115,0.37920794300004546,0.3119909278317994,820.0133272058823,5716.0180568321075,1.3072278105147264,0.31778177250117784,839.3292144038163,5753.366624771918,1.9885141585558628,0.003051980992111578,0.5675445959139329,0.001
116,0.3836139691810982,0.31409721865373497,850.6141548904718,5720.688017003677,1.3050077073231192,0.31726218764704606,892.139442147288,5737.768729745155,1.9852628649688198,0.003244010303728765,0.5660059314054073,0.001
117,0.36633535050878335,0.3027944380746168,771.1520373774509,5704.5063572303925,1.3506257237808714,0.32920953036184186,966.8732967455716,5773.628787096236,2.0600231633915453,0.0035157586234428636,0.5695433701062786,0.001
118,0.36933719936539144,0.30473001593468235,785.2991739908854,5709.74169921875,1.3139348985727624,0.3197916306407874,876.9290534034418,5709.459544902523,2.00109081245217,0.0031887020688523933,0.5632133534384501,0.001
119,0.36335498211430567,0.3011018914334914,754.1810003542432,5689.514887791054,1.2871509375390136,0.31260967805710543,830.7390380317325,5720.316570175418,1.956149863554053,0.0030207452689214732,0.5642843517639874,0.001
120,0.3615812273586498,0.2997145223266938,748.8180230832568,5705.3486423866425,1.2741306137122994,0.30920233872308367,825.1634989588447,5708.990804141632,1.9348284943157295,0.003000471413348227,0.5631671142009604,0.001
121,0.3757697659380296,0.30971044944781884,804.8219568589154,5697.665077359069,1.3610130479833207,0.33206015337207595,914.4568707366609,5759.578903479885,2.0778608894887354,0.0033251612593713066,0.5681574101910272,0.001
122,0.3616918874721901,0.29907774837578044,759.0691145354626,5683.952847349878,1.2659138533259378,0.3067861891576593,806.2867234075788,5753.005773342876,1.9197094785766593,0.0029318314098953006,0.567508999489815,0.001
123,0.3695891820916943,0.30335327982902527,807.3369511623008,5685.63050513174,1.2946371038986697,0.31440179262743695,935.4580029522594,5754.861121919736,1.9673639906854172,0.0034015258791592123,0.5676920215579377,0.001
124,0.3636944621217017,0.2995298630466648,779.6913212794883,5687.744504442402,1.3043182172024088,0.3170424419190959,832.387942652834,5746.841449834,1.9838878097292705,0.0030267410396810804,0.566900915784552,0.001
125,0.35677464043392854,0.295980577083195,735.0277554381128,5666.977797564338,1.3171195906240574,0.3204722309079366,839.2008100550664,5742.75157182163,2.0053496573094156,0.0030515140863671287,0.5664974671056736,0.001
126,0.3543935955739489,0.2946275528155121,721.3123324525122,5667.611529181985,1.2678286555548604,0.30744762595575176,791.6371176558144,5724.727698991316,1.9238484083448597,0.00287856230222094,0.5647194904375015,0.001
127,0.35461194374982047,0.2931807865114773,743.4702938304227,5670.882879518995,1.2465421149250537,0.3018184829572799,766.1507268937811,5717.963863360794,1.8886241396119658,0.0027858883206313624,0.56405226746874,0.001
128,0.3507152415958105,0.29201323203012053,707.2165611117493,5660.763355928309,1.2860152237106512,0.3123639135497083,865.984554422365,5708.221486135447,1.954611996234656,0.003148905523843345,0.5630912243254449,0.001
129,0.35582641351456734,0.29537686208883923,730.5177217371323,5660.719554227941,1.2693046148327487,0.3078876200484547,810.1076908912385,5715.126325512808,1.9266016640653953,0.0029457252669557736,0.563772356700601,0.001
130,0.34780062413683127,0.2895732259049135,700.869280646829,5662.2001857383575,1.2396656081165016,0.3000233095983279,796.7200009082158,5709.915985739475,1.8773908721616588,0.002897044755595889,0.5632583793419362,0.001
131,0.3555008774878932,0.29398059494355144,744.7689675723805,5662.610657935049,1.3152736971534555,0.32028173504788415,821.919793668204,5686.078461701612,2.0041576326319803,0.002988676605397834,0.5609069112659392,0.001
132,0.3491093884496128,0.29050374235592635,706.0599149816177,5651.147604549632,1.2837595907587604,0.3116346773086179,795.2572228171011,5735.273524664764,1.9500488125790074,0.002891725780808469,0.5657597902759727,0.001
133,0.34471164556110606,0.2872534610477148,690.9131768918505,5639.691310508579,1.2353715611557246,0.2990900031531209,747.2375813308576,5671.69983141943,1.8715507225962564,0.0027171160680176097,0.5594885219218357,0.001
134,0.33712466674692493,0.28228701592660416,655.9062787224265,5644.677466299019,1.2213524500370296,0.29534987478823177,702.5719020980156,5674.5203469775715,1.8481469315296342,0.002554702081134983,0.5597667535151123,0.001
135,0.34033093031714945,0.2839960672107397,675.888765222886,5643.202598422181,1.2219864252293748,0.2953794140360182,768.5185935856053,5698.602053289239,1.8483317728815911,0.002794498391639596,0.5621423091104617,0.001
136,0.34242911899791045,0.2851392632605983,688.5821605009191,5646.192277496936,1.224231340752198,0.2960999748217529,735.9879117018187,5676.463973768956,1.8528406700195736,0.002676209857098037,0.5599584838451723,0.001
137,0.34334510447932226,0.286188999227449,687.0293447457108,5628.900390625,1.2490253843065937,0.3026326813659734,746.0806801395206,5689.628370689106,1.8937189726189616,0.002712909327223749,0.5612570943488605,0.001
138,0.3345453113901849,0.2796402883295919,657.0177923464307,5628.684761795344,1.205390037175674,0.2910935553779271,720.7634597051712,5674.756861664616,1.8215130835775915,0.0026208504852190447,0.5597900846603775,0.001
139,0.3439966013618544,0.28478437077765373,714.4119669596354,5631.329570695466,1.2954174689860893,0.31510020372711706,838.6404655970529,5665.074976373123,1.9717342865311343,0.0030494765537690204,0.5588350087832752,0.001
140,0.3448374072710673,0.2859192420454586,710.5359317555148,5627.967830882353,1.2180650964058737,0.29464656061643746,732.8576668347666,5640.621604926765,1.8437459547916724,0.002664827615575938,0.556422790038775,0.001
141,0.33276129470152016,0.2781295016700146,653.5563641716452,5615.064615885417,1.2140978158634346,0.29359603605446727,717.4680952105074,5640.018202929862,1.8371723148092827,0.002608867833326084,0.5563632670559997,0.001
142,0.33386797005054997,0.27930373187158625,652.7519615023743,5607.838819316789,1.1776440000425492,0.28365888147059903,699.0044624573092,5684.042419047282,1.774990735198051,0.002541730105672798,0.5607060645129199,0.001
143,0.3384198593158348,0.28106678058119383,689.9421446557138,5607.417020909927,1.2645058064039854,0.30705587816399577,854.9138520169962,5628.522062426087,1.9213970530504434,0.003108650076123097,0.5552292227924738,0.001
144,0.3381797396669201,0.280819593983538,689.9107498468137,5616.83580346201,1.1999999855133237,0.2895864259060174,763.9970569392538,5686.770041099958,1.8120822459619503,0.0027780571148878948,0.5609751325658798,0.001
145,0.34139792942533304,0.28280999555307273,706.6058313706342,5592.493920419731,1.2007191031286812,0.2899128159199304,702.2885977716013,5663.3816101861,1.8141246260480355,0.0025536719258581727,0.5586679655734421,0.001
146,0.33068551327667983,0.2763225649501763,650.2749944948682,5592.321394378064,1.2291629206722627,0.2975256775029671,757.2001209951133,5654.332587344045,1.861761980846094,0.002753341998399484,0.5577753188246329,0.001
147,0.32911378671141234,0.27544986442023633,641.002208036535,5588.754231770833,1.1834298268895964,0.2854878718606417,703.4993740807006,5629.079619826358,1.7864356121582263,0.002558074568132092,0.5552842234051711,0.001
148,0.3210134441946067,0.2693570113065196,614.1795450846354,5592.961789598652,1.169960116979073,0.2819129389449601,692.5973210471143,5627.0657704585265,1.764065528868777,0.0025184323656893574,0.5550855659233455,0.001
149,0.32395339654941185,0.2716958440986334,622.3611210841758,5580.46426930147,1.1842749663270247,0.2855994736148455,676.751780441845,5651.664688566947,1.787133958279866,0.0024608145824559155,0.5575121422130699,0.001
150,0.3215518482759887,0.26969728312071634,616.9558195226333,5582.87464575674,1.180013246106371,0.2843887046427369,656.3608196240974,5666.816344343115,1.7795575915649715,0.002386668676703234,0.5590067871602364,0.001
151,0.32810353823736604,0.2742096682389577,643.8818885952819,5602.726198682598,1.190431518650179,0.2873177571005473,730.815872750107,5634.733196503908,1.797886088626543,0.0026574032144836765,0.5558419241567821,0.001
152,0.32783515663707957,0.2735229984802358,649.8015148686428,5577.043332567402,1.2083402539831112,0.2921262337696356,764.8811414995278,5626.146092991131,1.8279750514462472,0.0027812718359140087,0.5549948437409007,0.001
153,0.3203921323897792,0.26833413219919394,619.777146283318,5574.71337890625,1.188591597255283,0.286747445969955,682.3023202675341,5651.79361370777,1.7943173762078326,0.002480997535406021,0.5575248601175116,0.001
154,0.3169030500393288,0.2669329234198028,591.9763847799862,5571.895871629902,1.1507774178606571,0.27689712292576746,622.0580122362695,5611.8816902961335,1.7326791435126474,0.00226193631385074,0.5535877224514927,0.001
155,0.3180648474132313,0.26713069192334715,604.8022921693091,5573.980152803309,1.2334116863188558,0.2988668202437404,820.3718806963718,5612.136981101864,1.8701541592510469,0.0029830480619295473,0.5536129057792082,0.001
156,0.31981420283224066,0.26693715125906703,630.766388537837,5569.5716241574755,1.1612113185860717,0.279847767542911,690.098639060225,5576.718096498886,1.7511427531522936,0.0025093466222189187,0.5501189868512594,0.001
157,0.3173471782721725,0.266089322812417,609.2942301432291,5560.786420036765,1.1592400236314886,0.27917060087423745,674.6944236099299,5606.234002620218,1.7469053939804282,0.0024533335918776765,0.5530306026242815,0.001
158,0.31408334947099875,0.2628927046761793,608.4138829848346,5559.602577359069,1.1575977865718814,0.27867838535030104,651.3422415556647,5617.52511994014,1.7438253635220893,0.0023684200507654795,0.5541444222423744,0.001
159,0.3136693917068781,0.2634872420161378,594.9982054467295,5557.282015931372,1.151608704178191,0.2771273437577205,629.7648504115432,5609.921125256818,1.7341197465413547,0.0022899600299523207,0.5533943212369394,0.001
160,0.31424210702671723,0.26377102323606905,598.8880453670727,5554.479712392769,1.1585207406513687,0.2790196025988199,726.5191350220709,5596.601007554776,1.7459605247822296,0.002641779354800239,0.5520803495553535,0.001
161,0.3187974650485843,0.2675161014000575,609.9163435393689,5537.634478400735,1.1850751847322427,0.2861167715128063,706.2878678819865,5592.693447009001,1.7903709412766877,0.0025682141295009773,0.5516948857016487,0.001
162,0.3177965318455416,0.2653452838752784,625.5032360600491,5538.503954120711,1.1799091205677734,0.2848417012130629,711.9749831786729,5573.282487037417,1.7823922100730774,0.0025888937001480716,0.5497800789194873,0.001
163,0.3111867571578306,0.26093996389239443,596.0021350337009,5546.633224188113,1.1451485178311498,0.27559068763959627,654.6507784127359,5573.9882490425625,1.724504146427883,0.002380450600192565,0.549849699271908,0.001
164,0.3058762158833298,0.25726015310661465,574.4896485571768,5529.337689568015,1.1293743983913584,0.27126329358839096,667.160261067773,5597.503777857128,1.6974255500919642,0.0024259377614031293,0.5521694039194966,0.001
165,0.3060763016635296,0.2572566939919603,577.2808981502758,5523.535041360294,1.1371157833406231,0.2733080770140057,627.740953011024,5602.214243240273,1.7102207483848437,0.002282600705040991,0.5526340708435431,0.001
166,0.31337320979903727,0.2625193040744931,604.4086764466529,5523.255907245711,1.1435036278913093,0.2751437961990026,717.0607241251228,5573.358334168251,1.7217077306675843,0.002607386544711326,0.5497875609090819,0.001
167,0.30831530748629105,0.2583998967619503,592.0126342773438,5514.463493795956,1.1409122894609838,0.2744664482612609,666.1435388628964,5572.789976945268,1.7174692372075384,0.0024222407414611446,0.5497314949408428,0.001
168,0.31530846918330474,0.26309485587419246,622.6454659256281,5515.200472962622,1.118107922646682,0.2684205748824961,671.434342206826,5567.262960981382,1.6796372850477739,0.0024414792368710097,0.5491862788532172,0.001
169,0.309685664434059,0.2586082111971051,607.5753030215992,5509.303040747549,1.1122432744458075,0.2669295821361483,668.1211886794184,5553.865444884297,1.670307422724076,0.0024294319002406773,0.5478646721565691,0.001
170,0.3088051247246125,0.258241247604875,600.8494394339767,5500.167193244485,1.14947590549612,0.27676840546583287,689.3762586405086,5567.926348508643,1.7318736961469325,0.002506719892120391,0.5492517191476829,0.001
171,0.3062642701700622,0.25704315801461536,582.880241244447,5505.08922143076,1.1272764807891356,0.27082425291125745,652.4646393589832,5575.259691647405,1.6946782603535047,0.002372501329842306,0.5499751215553214,0.001
172,0.30785375015408384,0.2577148149995243,595.2081753599878,5498.320034849878,1.1244930363474408,0.2702487794835521,652.8358675614817,5543.67668902887,1.6910772449464282,0.002373851195185151,0.5468595957027349,0.001
173,0.3050861314815633,0.2570425213551989,567.2486117493872,5499.960889629289,1.1436088999823557,0.2752987704915571,626.5917888838179,5552.53711948786,1.722677479726919,0.0022784220978712875,0.5477336386331505,0.001
174,0.32434478606663497,0.2698262628971362,653.6104682473575,5497.737046185662,1.146264152231944,0.2761604937059045,703.0733239075005,5520.315748889819,1.7280696984152322,0.002556525358348877,0.5445551405556733,0.001
175,0.31608329450382905,0.2631954463089214,631.9322581571691,5492.9270929074755,1.1096613410921865,0.26621122947762965,614.0700006820922,5561.692595797425,1.6658123429054394,0.0022328901910544144,0.5486367865535592,0.001
176,0.2954933032685635,0.24960308098325543,538.8778764313342,5474.382774203431,1.1162989021196303,0.26803113573425574,652.5456488096371,5550.377347761165,1.6772003760517773,0.0023727958975748886,0.5475205865452449,0.001
177,0.3041977657406938,0.25567497225368724,573.9135706284467,5479.272518382353,1.106232295968947,0.2654081447783318,596.6988342004018,5541.355228209553,1.66078705375023,0.0021697249050103883,0.5466305936890345,0.001
178,0.30152199402743696,0.2529871159908818,574.1247953527114,5475.515826056985,1.1202249286153576,0.269247050198748,602.1181771465185,5519.8418296083055,1.6848089405997226,0.002189430797975201,0.5445083904796458,0.001
179,0.29384544520985845,0.2478587893294353,540.3639239142923,5459.359633501838,1.0957537483956408,0.26261095463504697,615.2053858006802,5541.8629120739715,1.6432836829296957,0.002237018694794295,0.5466806744943221,0.001
180,0.2938220652879453,0.2481397337773267,536.2616864372702,5462.704570695466,1.0857938374557472,0.2601283384324637,662.8011109939638,5507.722186349884,1.6277487533135588,0.0024100869570480377,0.5433128403810122,0.001
181,0.29121580194024477,0.24552717717254863,536.3357849121094,5463.4383233762255,1.0906882469432106,0.26136134307166514,602.8733210225037,5523.368488240346,1.6354642593456366,0.0021921766630258457,0.5448562800161183,0.001
182,0.29116465794105156,0.2464966379544314,522.6733063342524,5467.518171721814,1.0883209870279553,0.2608904826631997,626.7201666600165,5492.107015936703,1.6325178581673454,0.0022788889069922428,0.5417724717307478,0.001
183,0.2933765816337922,0.24793565857644176,533.0946104760263,5458.8248602175245,1.0972859978176817,0.2631474392438664,632.4212559149714,5516.798613505836,1.6466407264507519,0.00229961928994789,0.5442081904462049,0.001
184,0.2958051410375857,0.24925563908090778,547.8044445561428,5464.167758118872,1.092775922824711,0.26203558780715863,618.127031325725,5500.313117806763,1.6396833345692023,0.0022476424243810917,0.5425819679915665,0.001
185,0.2892594974414975,0.2452570360665228,514.0007413976333,5452.402123544731,1.104709227288017,0.26500455633239867,616.1982303716342,5540.241104922365,1.6582616057591417,0.002240628890539507,0.5465206902721198,0.001
186,0.2988534996322557,0.2504165704343833,572.9868654737286,5462.91317210478,1.084636127999132,0.25989865451240357,644.515151066876,5493.425299829314,1.626311510002096,0.0023435952858870054,0.5419025147034849,0.001
187,0.29281234916518717,0.24581026767983155,554.12231983858,5442.907121246936,1.101494001719496,0.26424761385670686,664.3133344889501,5519.546631482327,1.6535250508010695,0.0024155857259259934,0.5444792704683464,0.001
188,0.2916961981385362,0.2453597760667988,545.2665106081495,5441.434991574755,1.0704174618058557,0.25594639062928876,570.9905601324742,5527.5646340481135,1.6015802844567615,0.002076244108144475,0.5452702115508499,0.001
189,0.28488897897449195,0.24087308873148525,514.2013914818857,5450.782619102329,1.0800689234694099,0.25884176151105487,574.4666425790473,5465.640597031874,1.6196980196161654,0.002088883889260028,0.5391616746092928,0.001
190,0.28880447733635994,0.24370354706165837,528.8058669146369,5440.4881280637255,1.0568250125142713,0.2524405004873338,587.669762670265,5505.173907733435,1.579642235176125,0.0021368932649179283,0.5430614637780643,0.001
191,0.2833571694060868,0.239666399418139,509.82267312442553,5454.070571001838,1.062288660310455,0.25392404362289217,587.0464799552756,5499.808905339357,1.588925481684152,0.002134626875322267,0.5425322296244969,0.001
192,0.29257329451102837,0.2466956274766548,539.173220166973,5439.674737668505,1.0598056752292406,0.25334473913365424,583.2472231886071,5484.337915526907,1.585300493473224,0.0021208119630839748,0.5410060837634475,0.001
193,0.2834041390348883,0.23933140056974747,515.1181131998698,5438.877872242647,1.0714296556697835,0.25641197223535656,591.9195675689215,5489.4966555557885,1.6044936536168053,0.002152346466770428,0.5415149710317315,0.001
194,0.28807470757587283,0.24339863833259134,523.254736806832,5431.961732153799,1.0740302797141492,0.25724690574638476,598.8361409464757,5462.168764348935,1.609718236181956,0.0021774966106193282,0.538819193414259,0.001
195,0.2830834917578043,0.23925291001796722,511.97979676489734,5432.094487208946,1.0979348530123771,0.26361223362500047,620.6890134198625,5461.668028796119,1.6495491695638598,0.0022569583406142606,0.5387697980296925,0.001
196,0.29073484154308543,0.243913045408679,552.0288259468826,5419.629145603554,1.098387918116404,0.2635811747599854,668.7184804639605,5488.772427702596,1.6493548192323568,0.00243160378124027,0.5414435291037097,0.001
197,0.28361036643093707,0.24016309953203388,506.9221071729473,5428.105784696691,1.0691792319590117,0.2556626067174359,628.6495489154678,5516.682346405556,1.599804511346025,0.002285904554570216,0.5441967212024125,0.001
198,0.28168628788461875,0.23821879017586803,507.26400098613664,5422.693608302696,1.071035251739555,0.2565688642066725,617.0512379892391,5438.7224911434,1.6054754025191103,0.0022437306091385736,0.5365063205313058,0.001
199,0.2831851825410244,0.23892602149178,517.7796696681602,5425.685106464461,1.07321951989615,0.25698145812693174,589.6725854385396,5471.927164753993,1.6080572021160853,0.002144175957947605,0.5397818171745472,0.001
200,0.2792229155699412,0.23613391612090318,502.3264429428998,5414.515079273897,1.085151082325738,0.2600658126584017,665.4132525165327,5486.9456801226925,1.6273574993218074,0.0024195852637181425,0.5412633283995499,0.001
201,0.28752804474503385,0.24227601406621,531.1681739956725,5414.417040058211,1.054915746865688,0.2521137171740181,559.1763364884972,5471.637745197217,1.5775973940255656,0.0020332850577752053,0.5397532671939684,0.001
202,0.2764248631748499,0.23464675861246445,484.9067616182215,5410.096162683823,1.057693451119906,0.2528659920551496,582.2105437315186,5468.421397284666,1.582304741588272,0.0021170423742937236,0.5394359884604201,0.001
203,0.27990301420875624,0.23674525116004197,503.1527063706342,5421.307329963235,1.0811410721564707,0.259029636728079,643.5699351730066,5481.683786865177,1.6208736456634172,0.0023401582782241895,0.5407442655138788,0.001
204,0.2848189289078993,0.23917690123997482,536.4988110112209,5404.616402420344,1.0853233496467642,0.2602075947999251,607.8325456365873,5470.818402706584,1.6282446987153745,0.0022102094670770497,0.5396724426206204,0.001
205,0.27671175172515944,0.23452535885221817,490.3517031202129,5410.015395220588,1.1006991948073697,0.2642848133788011,721.8402954712379,5470.061012487263,1.6537578261921615,0.0026247660909590356,0.5395977293694046,0.001
206,0.28289825542300356,0.23844629029432932,520.531302059398,5412.115416283701,1.067783532629812,0.25566616065697234,565.6461603710957,5447.585342103335,1.599826750063593,0.002056810724668649,0.5373806022336127,0.001
207,0.2747001162931031,0.2326685184357213,488.29408174402573,5409.541475183823,1.0344050207510949,0.2466354456925821,572.6766571571802,5474.048977051024,1.5433172013024041,0.0020823751184583642,0.5399911247298035,0.001
208,0.278965130740521,0.23532369703638786,509.83208091586243,5404.025716145833,1.0406496948472976,0.24836555695831608,558.3437171756784,5461.854427012139,1.554143343786005,0.0020302574754239903,0.5387881854030496,0.001
209,0.2723085547194761,0.23063217161917218,483.66821169385724,5401.266352634804,1.027573165280337,0.2448187102738821,554.6719670229824,5474.158121267465,1.5319490096216763,0.0020169062045740046,0.5400018913320828,0.001
210,0.27542418241500854,0.23382770460025937,482.4351776721431,5413.838934206495,1.0229585614652013,0.24361177225467182,570.1698957029179,5469.3714014236575,1.5243966150308563,0.002073259996312162,0.5395297022371258,0.001
211,0.27754515701649235,0.23421072813810087,505.7865510828355,5400.43563304228,1.024548370074701,0.2440878672415233,551.8083015631763,5460.028266204653,1.5273757714963774,0.0020064933029364717,0.5386080425814369,0.001
212,0.2716502789773193,0.230526922380223,476.41065709731157,5392.555539598652,1.0490065458021072,0.25054411034138924,578.8317247474115,5470.095755889859,1.567775605363861,0.0021047562639828783,0.5396011566549703,0.001
213,0.2755097892938876,0.23240790004823722,502.77354461071536,5393.8706150428925,1.0586151407392024,0.25330518717264433,556.7270347665246,5432.498304825747,1.5850529977347245,0.002024378871536095,0.5358923316203027,0.001
214,0.2802654285641277,0.23652123265406666,511.4269528856465,5387.172650505515,1.0495266096755707,0.25077913483525105,556.0309879737705,5452.570828660383,1.5692462672271053,0.002021847896151645,0.5378723988003866,0.001
215,0.272638201713562,0.23095030322963117,483.95769126742493,5391.070733762255,1.023506933721182,0.2438842795353964,546.6030311785465,5446.176522967616,1.5261018248097729,0.001987565823706554,0.5372416283528844,0.001
216,0.26827137259876027,0.22851978885192498,458.26709702435664,5381.549479166667,1.0477427736661176,0.2502871679138599,560.992933007916,5455.59378760366,1.5661677923950605,0.0020398905922335052,0.5381706005531725,0.001
217,0.27122970188365264,0.2301657293357101,475.7134818282782,5385.459577971814,1.0460688837459868,0.2500976919495815,596.5880857243209,5405.495754184427,1.5649821496984762,0.0021693221998047266,0.533228647434701,0.001
218,0.26908939375596885,0.2281899361633787,473.4843343098958,5388.132218903186,1.0373951096409397,0.24758987054320133,584.3378351640523,5443.547368782646,1.5492894989385968,0.0021247776620751534,0.536982273726833,0.001
219,0.2756424514102001,0.23240234337601007,504.7285192153033,5385.4692287071075,1.0469008603277605,0.25013117177801575,629.9920330159481,5440.063122855103,1.565191649168328,0.0022907861146143145,0.5366385680192047,0.001
220,0.26780921746702757,0.22744218975889915,466.4357802447151,5384.341691559436,1.0187865936219904,0.24259421869020645,567.7507100461606,5451.6405741606295,1.5180292905172363,0.002064463318543646,0.5377806332396997,0.001
221,0.2693737999481313,0.22760633744445502,485.12439862419575,5383.13099341299,1.0363370979603164,0.2475668313086347,627.4885779835656,5392.714302898058,1.549145331311305,0.0022816830153270288,0.5319678128523396,0.001
222,0.269190422167965,0.22797732990162045,477.7149143592984,5384.471737132353,1.0306928391796961,0.24596302551457946,566.0235631421747,5414.099638516218,1.5391095432170054,0.0020581830420668005,0.5340773832053977,0.001
223,0.2677033467620027,0.22638497370130875,479.1659049239813,5380.9287205116425,1.0188206356043048,0.24266563149171988,557.1975576136116,5440.1650574274545,1.5184761549355255,0.0020260897934973707,0.5366486234214497,0.001
224,0.26720935398457096,0.22714297385776744,462.4247412588082,5384.521848192402,1.0099269177786736,0.24032914257904414,540.1162140947349,5434.641690620392,1.5038556144067345,0.0019639783658898257,0.5361037673072745,0.001
225,0.26483264331724127,0.22481135965562335,461.9229957730162,5377.055558746936,1.0176267649972368,0.24251472729157908,509.8086268959105,5410.116138675046,1.5175318744118071,0.001853773480297611,0.533684428270465,0.001
226,0.2692273075089735,0.22735355648339964,486.67381077186735,5373.213034237132,1.0160049790524,0.2421295312821962,540.8320161049807,5400.073480592111,1.5151215167866723,0.001966581175480979,0.5326937637265021,0.001
227,0.2674488092170042,0.22578994783700682,483.9439260445389,5363.065602022059,1.0096229368286014,0.24041338915908164,549.6168508712011,5402.851481985453,1.5043827859807866,0.0019985247183307176,0.5329678014823169,0.001
228,0.2647722211538577,0.2242457165437586,468.69139667585785,5374.647279028799,1.0052429329345338,0.23907919490527382,550.6868032603409,5434.704736666299,1.4960340876175067,0.002002415294636272,0.5361099865255134,0.001
229,0.26235565543174744,0.22301922504808389,452.7920406565947,5377.026405484069,1.001945396692621,0.23830686486746652,542.3796272564784,5414.846310058416,1.4912012452453027,0.0019722086214658137,0.5341510391057314,0.001
230,0.2675970173349567,0.22715248839527952,467.6388178806679,5371.614305683211,0.9955948387146129,0.23671120721026506,540.9092722929831,5396.669740118587,1.481216443981909,0.001966862095545788,0.5323579995317913,0.001
231,0.25952228407065075,0.22076688356259289,445.2126135732613,5364.452110140931,1.010381645273121,0.24057273604892992,555.3147238401989,5410.773696340679,1.5053798964949963,0.0020192434061809907,0.5337492934744352,0.001
232,0.26548979913487153,0.22428020221345565,477.7979114008885,5374.752680759804,1.00428629983614,0.23897568068186884,568.878714544555,5405.244749758974,1.495386349085392,0.0020685649847659534,0.5332038869397582,0.001
233,0.272198541783819,0.230080953707882,489.91154150869335,5374.220435049019,1.0017663414016564,0.2382359276627058,588.7899420356745,5417.5593625377205,1.4907573568657873,0.0021409664772788417,0.5344186699336418,0.001
234,0.2650883425684536,0.22392766820449456,477.4461508358226,5352.211722579656,1.0045928361588414,0.23898165630378562,545.7456610915035,5420.49753867546,1.4954237414401963,0.001984448242233212,0.5347085082313852,0.001
235,0.27315745254357654,0.22955907355336583,509.84165386125153,5360.2537530637255,1.0297626841308998,0.2459006322189856,558.2692511520894,5379.112755268007,1.5387191182070659,0.002029986700995254,0.5306260793323057,0.001
236,0.2614664318514805,0.2218771784328947,456.5415864832261,5348.6305242800245,1.013806672956199,0.24162596871436745,539.4764612439762,5384.527957932314,1.5119704823898128,0.0019616520873489895,0.5311602655242081,0.001
237,0.2674446722456053,0.22664431146546907,472.6591258329504,5350.923177083333,1.0284354418779436,0.24531899431762533,608.0096982146968,5420.692797164697,1.5350795287085734,0.0022108536318360206,0.5347277696321615,0.001
238,0.26145338632312476,0.22230912248293558,450.44394160251994,5360.966796875,0.9982587791033524,0.23746832542850493,578.7267502776101,5386.220475529014,1.4859540986460544,0.0021043745543021086,0.5313272250242964,0.001
239,0.2598361767390195,0.22075014137754254,449.87379365808823,5345.497041590073,0.9861503618280612,0.2341111666774538,509.3060139876875,5413.919999056348,1.4649467335714572,0.0018519458719933103,0.5340596625539407,0.001
240,0.2574843106900944,0.21880087986880659,444.4050843481924,5353.049364276961,1.0415777968381406,0.24897321157309757,655.9734354519436,5389.660077677122,1.5579457324362236,0.002385260064790567,0.531666526817241,0.001
241,0.2632092634836833,0.22232363095470503,473.7806205001532,5352.083189721201,0.9785374481630705,0.232049396832705,539.8546067763185,5419.280823593273,1.4520452430432322,0.001963027105586357,0.5345884845800697,0.001
242,0.2643394312437843,0.2231031285197127,478.5310064577589,5346.474590226716,1.0018453715219853,0.23842009830993138,570.5538404023358,5387.189312936487,1.4919098016291104,0.002074656101564471,0.5314227966210313,0.001
243,0.26246634505543054,0.22295591118288974,455.557201909084,5343.643210018382,1.01502996453351,0.24179363675393542,603.6256796286998,5412.260124898516,1.513019662360061,0.002194912400238321,0.5338959231871291,0.001
244,0.2594601868414411,0.21964658212427998,459.58413995481004,5344.790000765931,0.9956862615365648,0.23687466024131823,568.2841516283581,5369.189150062806,1.4822392486064473,0.0020664030265167867,0.5296471588369654,0.001
245,0.2554311974375856,0.21782518835628734,430.08216349283856,5349.846076516544,0.9802851683747924,0.23273795045749068,552.3703633628324,5376.37221630984,1.45635385590367,0.002008537080157024,0.5303557370827952,0.001
246,0.2572598851778928,0.2177442204134137,455.7223726160386,5336.484844132966,0.9978164423740197,0.23735983093551957,553.4899011178286,5385.37695539028,1.4852751961598336,0.002012607959484901,0.5312440154311129,0.001
247,0.2583496567665362,0.2186651150969898,457.96618772020526,5337.076210171569,0.9941552522857361,0.23649487606584818,610.8669098008598,5362.291666051805,1.4798627554420545,0.002221243065805151,0.528966752036712,0.001
248,0.25263723789476883,0.2152986061923644,426.55275711358763,5347.172554764094,0.9780210968686393,0.231946407717589,601.1625514526145,5410.447922507855,1.4514007903675061,0.0021859559380473957,0.5337171573026305,0.001
249,0.25587231154535334,0.21753410907352672,440.00693706437653,5337.679984298406,0.9861227627890097,0.23415778209008276,542.8866578422658,5402.412273025348,1.4652384287410385,0.0019740522933929744,0.5329244754285398,0.001
250,0.2547900104055218,0.21559753137476304,451.3742478314568,5339.409629672181,1.0126364529575147,0.2413924489726199,540.5468432415739,5369.613418752537,1.5105092364879082,0.001965544225803013,0.529689011098046,0.001
251,0.25534811849687616,0.21676209276797725,443.45572976505053,5326.843730851716,0.9882856148878881,0.23461214710420408,574.1888646515991,5424.419268470969,1.4680816102634442,0.002087873829154826,0.5350953698199535,0.001
252,0.2532624500054939,0.21492938405158474,439.9913976332721,5333.711128982844,0.9774583225754683,0.23201034342582544,531.1631665814921,5372.336069112807,1.451800866998915,0.001931423165423823,0.5299575887151723,0.001
253,0.2502922900751525,0.21238518491679548,434.3900798722809,5327.847053079044,1.0066353255136036,0.23975196619901623,546.0649448769836,5377.420948273675,1.50024394280381,0.001985609226537883,0.5304591899300506,0.001
254,0.2493518561709161,0.21176573897109313,429.91079771752453,5342.806343826594,0.9720811109097636,0.23049401530025848,549.1184262040161,5387.682377812055,1.442312468960934,0.001996712339368872,0.5314714353266474,0.001
255,0.25691961862292945,0.21734434337008232,456.6395700492111,5327.303672640931,0.9845970384596557,0.23389365331598141,548.9962073882097,5375.117678548128,1.463585647328031,0.0019962679255485036,0.5302319823886368,0.001
256,0.2538525427089018,0.21499855290440953,446.92534323299634,5334.58748851103,0.9695066892587512,0.2299057589486796,490.3485741599336,5371.30663865097,1.438631464620225,0.0017830125559350806,0.5298560398771459,0.001
257,0.24492090882039538,0.20898428851482914,407.95070154526655,5340.317220052083,0.9600916437431032,0.22730839173267686,523.6991200666879,5387.145646204969,1.4223784824452606,0.0019042822918589727,0.5314184890878754,0.001
258,0.25585709220054104,0.21623730980882458,457.19563622568165,5330.110677083333,0.9720820760954431,0.2306380357337637,565.1674408910604,5359.73235559936,1.4432136744293673,0.0020550699979924557,0.528714287191121,0.001
259,0.25066328779155134,0.21260771389101066,436.3239309273514,5331.279191559436,0.9902895842309661,0.2353837413366262,616.44822498957,5377.599853912049,1.4729098483456828,0.002241537924574039,0.5304768381932085,0.001
260,0.2557872329272476,0.21608991511896544,458.2767770804611,5326.5595607383575,0.9801549096003741,0.23259199283846482,592.8857922057064,5396.052409469028,1.4554405285290453,0.0021558598667271688,0.5322971025480079,0.001
261,0.2577550989740035,0.21715344196441128,470.4187723795573,5320.245653339461,0.9554671526145019,0.22615015148053877,511.01949813240554,5373.629161320604,1.4151308133223333,0.0018581764677478958,0.5300851466377621,0.001
262,0.24813852181621626,0.21034232074139164,432.96766872032015,5323.624722349878,0.952930485065282,0.225535319569405,509.00541813675295,5362.13232674292,1.4112835128595071,0.0018508528410257042,0.5289510339068634,0.001
263,0.24626062196843765,0.2092263616767584,422.7932206696155,5324.769875919118,0.9521744753388428,0.22524836009897461,521.1161298020229,5377.9753624513805,1.4094878687437629,0.0018948899854132042,0.5305138804775119,0.001
264,0.25000037545082615,0.21160414435115515,441.0134229473039,5320.220990349265,0.9406062138888958,0.2222031405448724,542.6233463471281,5370.339142435283,1.3904324580083312,0.0019730948363375377,0.5297606005831479,0.001
265,0.24958804804904788,0.21182570387335384,432.64693017099415,5313.823998544731,1.0052159390286715,0.23944647712846887,531.4796558732434,5364.150025202865,1.4983323500233736,0.0019325739883501022,0.5291500710848863,0.001
266,0.2517051039373173,0.21324014079337025,441.9286403282016,5320.315602022059,0.9937039758370543,0.23662282917131924,556.5844707611,5317.069267461301,1.4806634198724207,0.00202386047824387,0.5245057590897653,0.001
267,0.24935777573024526,0.2111126371458465,438.9877660414752,5321.054783241421,0.9682502957951884,0.22965184516475678,496.96684393822864,5355.700791809444,1.4370426033384436,0.00180707800393497,0.5283165909566767,0.001
268,0.24557924796553218,0.20889276032354318,418.32910754633883,5311.802858838848,0.949390491475655,0.22455844663817576,513.9152495839327,5368.422287103097,1.4051707467320789,0.0018687060409311883,0.5295715111411077,0.001
269,0.24742047985394797,0.21013844334611706,426.23602235083484,5314.333055683211,0.946345032947855,0.22376339595447492,499.79700992578034,5365.878775235874,1.4001957302959087,0.0018173690943084461,0.5293206047572402,0.001
270,0.24782848328936333,0.20999300947376326,433.8576875574449,5296.143305759804,0.9385975808359922,0.2218863053962899,521.4246635908523,5329.604348309816,1.3884498673332097,0.0018960118804250447,0.525742290299907,0.001
271,0.24611570876018674,0.20950862414696636,417.1724458582261,5319.151616115196,0.9799933691945466,0.23286332867667536,528.4456275560457,5338.604136700239,1.4571384080259044,0.001921541610833977,0.5266300802841853,0.001
272,0.24732866824841968,0.2097314581567166,430.6179594152114,5300.862754672181,0.9476712994028896,0.2240564674934028,561.6890671676917,5375.049059248351,1.4020296205786678,0.002042421885303179,0.5302252133931419,0.001
273,0.24497952969635234,0.20667537228733884,440.03856404622394,5301.263001685049,0.9505359943175993,0.22489289651078384,524.1137105550721,5362.461424875138,1.4072635612499598,0.0019057898317710175,0.5289834980063459,0.001
274,0.2458038891063017,0.20845768995144787,427.10212019378065,5313.538861443015,0.9452049638020643,0.22357773324558947,515.4089002347898,5342.849174392568,1.3990339489815535,0.0018741372749655105,0.5270488347906962,0.001
275,0.2494004757380953,0.21055294573307037,447.17941403856463,5309.071528416054,0.9392904739082291,0.22190501421327544,500.65840486037973,5361.929803773621,1.3885669374444773,0.0018205013109905091,0.5289310558967225,0.001
276,0.24243043684491924,0.20583083845821082,417.2333350088082,5307.095808440564,0.9382788052740836,0.221583213284945,529.6835700232075,5370.821295437647,1.3865532734851354,0.0019260430350835657,0.5298081628799285,0.001
277,0.250061755379041,0.21069898617033864,454.100539263557,5305.22594018076,0.9657307789569437,0.22912067731118807,552.2057375562955,5327.041417728501,1.433718829324982,0.002007938465425475,0.5254894683443472,0.001
278,0.25844961521672266,0.21659197877435124,487.4725904277727,5297.187212775735,0.9502990766636014,0.22478577909307798,523.3206148603609,5370.866782532537,1.4065932757894075,0.0019029059657698758,0.5298126499840142,0.001
279,0.2506982847756031,0.21129697882661633,454.6663602941176,5301.325922947304,0.9456696332335197,0.22377641440133125,496.8908056075923,5329.274838834988,1.400277193010691,0.0018068015122606764,0.5257097856232651,0.001
280,0.2480030144546546,0.21029192968910815,432.1544656192555,5299.499186197917,0.9415841651411836,0.22260641042188412,513.4901947507913,5344.238924314643,1.3929559125596898,0.001867160450417847,0.5271859275764312,0.001
281,0.2486083846466214,0.21004072941985785,443.6653137207031,5292.755543428309,0.9940298609782694,0.2364297521696234,530.9475405936679,5371.275159097134,1.4794552437440611,0.0019306391030976806,0.5298529345560659,0.001
282,0.2512601780540803,0.21218734570578032,450.3861766142004,5293.865435431985,0.9442245080396364,0.22315486373699742,558.374532901147,5372.042409646368,1.3963878500614093,0.0020303695280092862,0.5299286204859447,0.001
283,0.24552679967646504,0.20859173466177547,421.785353716682,5301.162568933823,0.9291096422113087,0.21933789918194924,503.0437070140743,5334.338186389754,1.3725032578122078,0.001829174781076606,0.5262092628388432,0.001
284,0.2424201141385471,0.20593619755670137,415.8492760751762,5295.220664828431,0.9572064732176571,0.22679334789446398,525.4802845665004,5338.854672293494,1.4191556041898392,0.0019107589878966686,0.5266547945308707,0.001
285,0.24995799479531308,0.21118954087004943,446.3123934876685,5295.02157054228,0.9450499083778799,0.22358653515120064,520.1060146482595,5333.141800971922,1.3990890267595908,0.0018912169901257477,0.5260912446205017,0.001
286,0.246519915321294,0.2092037665493348,427.12887992110905,5281.483111213235,0.9768953149032319,0.23210345891312306,563.502761271972,5324.88706494961,1.4523835356127088,0.0020490168659577004,0.5252769508120754,0.001
287,0.2444988191127777,0.20718366082976847,426.9293727500766,5295.455403645833,0.9240724487258253,0.21814727956030325,491.7753827329239,5306.013106784554,1.3650529753228662,0.001788200737842035,0.5234151169226857,0.001
288,0.24058069347166547,0.20357924349167766,422.799134497549,5291.514696308211,0.9670082554089326,0.22954067687697222,551.2129506812314,5311.902091850789,1.4363469696257163,0.0020043284794748896,0.52399603968804,0.001
289,0.24537785088314729,0.2076770368159986,432.10280354817706,5293.103391161152,0.9349694358637922,0.22073315402624538,543.9039123132665,5364.324706691458,1.3812340418053843,0.001977751248768714,0.5291673026540393,0.001
290,0.24487794731177537,0.20774199243854075,424.5069771560968,5297.92830882353,0.9332694117681362,0.2206479128503608,509.7458455075989,5295.637150431594,1.3807006465643537,0.0018535451937081568,0.5223915739539122,0.001
291,0.23949616358560674,0.20301870972502464,415.9629989324832,5280.227720971201,0.9211952415230241,0.21734098443083677,513.6670328128819,5312.810125726961,1.3600075969542476,0.0018678034715291349,0.524085613280849,0.001
292,0.24054774320593067,0.20457055346638547,409.13639023724727,5291.959367340686,0.924967135350768,0.21831488635188664,504.3602349227934,5319.001837207352,1.3661017720348692,0.0018339619588419469,0.5246963986903906,0.001
293,0.2402283362313813,0.20404821809600382,411.85500081380206,5290.991067325368,0.9206024003865463,0.2170732257502625,454.2818461338924,5335.905092862269,1.35833210146183,0.0016518661994230853,0.5263638313478184,0.001
294,0.2384569200814939,0.20239105411604338,410.4101287243413,5285.105890012255,0.9145909385431128,0.21547962271417037,472.2771219749765,5333.807581428427,1.3483601569558716,0.0017173008809190757,0.5261569209670304,0.001
295,0.2322657561185313,0.19818418107780755,384.0044382132736,5281.238482306985,0.9232642148931491,0.21785211263477366,502.3383039193919,5320.8280344049535,1.363205973193281,0.0018266097841721713,0.5248765451017299,0.001
296,0.23391003526893317,0.19927886069989673,391.33459293141084,5281.079896216299,0.9077401961365003,0.21357407936515937,517.2652731230305,5347.537724366342,1.3364362511275842,0.0018808874448296756,0.527511339854919,0.001
297,0.25806329676917955,0.21575966039124658,493.6232688754213,5281.890069699755,1.002495259582992,0.2389332435554312,631.5160008990575,5320.230205799455,1.495120799472192,0.0022963275886057114,0.5248175719097777,0.001
298,0.24364321751921786,0.20563951339207442,436.3739450492111,5275.656575520833,0.9335175774665214,0.22065964601194502,515.5216894870638,5305.770046148298,1.3807740666279122,0.0018745474008709923,0.5233911400479995,0.001
299,0.23551457711294585,0.2001932546788571,400.79329068053005,5261.822658164829,0.9324286954225959,0.22030782792812892,483.2850769580973,5318.718376212508,1.37857257081713,0.0017573281655577596,0.5246684364960323,0.001
300,0.23455594538473615,0.20047885851532804,383.9790751139323,5278.656202129289,0.8991878182023452,0.21142791174916326,462.48840770626,5324.486685780458,1.3230066429488252,0.0016817070169469336,0.5252374551483033,0.001
301,0.23302089905037598,0.19874044785312578,386.71204510857075,5277.046290977329,0.89743837601979,0.21103295623716914,477.5676667077896,5310.418557415545,1.3205352153983445,0.00173653843596347,0.5238496954679533,0.001
302,0.23065940100772708,0.19659033855971167,384.0345183727788,5266.4734796262255,0.9094840837929551,0.21436525568374445,459.2457465391042,5287.505597217303,1.3413870237884506,0.0016699160056534122,0.5215894315937701,0.001
303,0.23359076006739748,0.19888432470022463,392.39863197476257,5276.535529641544,0.914284536209931,0.21555944219610343,522.8782961593492,5301.222104039293,1.3488596260371322,0.0019012976001312487,0.5229425053381269,0.001
304,0.2310889921351975,0.19672210485327477,387.96284574620864,5269.672257965686,0.9045840356449504,0.21300274966018046,492.23531977575794,5297.21082460812,1.3328611649965825,0.0017898731675492442,0.5225468100674551,0.001
305,0.23202303490217993,0.19794981853634702,384.0987518908931,5265.806391697304,0.9334461659973213,0.22054574317911904,533.7083998415695,5323.155983667714,1.3800613215450481,0.0019406781793050738,0.5251061871721575,0.001
306,0.23816903052376767,0.20131112138430277,421.01876472024355,5281.499760646446,0.9462062316439848,0.22410207785364528,490.9961883042313,5294.7160444134815,1.402315026649649,0.0017853674198248393,0.5223007108511522,0.001
307,0.24053487298535367,0.20286515764161653,432.11074350394455,5261.407418045344,0.9399014893409933,0.22227774883440854,537.7368347004141,5320.601169376719,1.3908993181398,0.001955326432226767,0.5248541658533395,0.001
308,0.2416930350602842,0.20416494531958712,430.1942731071921,5263.518372778799,0.9631792832734442,0.22854004543597212,527.7263951513787,5309.1127676299675,1.4300855350183634,0.0019189263275931649,0.5237208849845377,0.001
309,0.2362187472628612,0.20078955415417166,402.0880886900659,5272.585870481005,0.897696658113922,0.2111990484462271,479.3256732594182,5291.837507857288,1.3215745346353733,0.0017429309247360537,0.5220167557387534,0.001
310,0.23409121381301506,0.19905905746946148,397.0251057942708,5255.270680147059,0.9112436060752913,0.21465746608102645,519.993504701048,5318.842147766977,1.3432155254916764,0.0018908078798333615,0.5246806460215934,0.001
311,0.2383330706872192,0.20103230283540838,427.17073208678005,5262.961282169118,0.9299450150847183,0.21969228945792257,561.4064625419821,5307.087832407286,1.3747208490726532,0.00204139427428816,0.5235211339313439,0.001
312,0.2324952509473352,0.19766695008558385,394.3560796999464,5251.594075520833,0.8983060751029367,0.21147297983098134,454.74896604904114,5271.502986092989,1.3232886557215806,0.0016535647475941788,0.5200108436023475,0.0005
313,0.21897434691588083,0.18874887829902126,333.00224693148743,5250.299153645833,0.8761544083916437,0.20553814682120827,422.4146405531097,5279.314761542964,1.2861515368248235,0.0015359902069814971,0.5207814412767661,0.0005
314,0.21797706771130657,0.18828698934293261,325.88358920228245,5248.807904411765,0.8915848653724543,0.20960573037157287,425.98056464823037,5287.230053232802,1.3116043732708753,0.00154895667159497,0.5215622503780508,0.0005
315,0.21674899435510822,0.18711613089430565,325.0508494657629,5254.048435585171,0.8809542696288277,0.2067107908437838,422.80740546465955,5299.431984737315,1.293489337301812,0.0015374183844163432,0.5227659178542866,0.0005
316,0.21756921737801796,0.1877988968409744,326.7492322734758,5264.126981847427,0.8745398317915554,0.2049894584067857,425.99221333229,5301.762117827733,1.2827181281930846,0.0015489990287079157,0.5229957753498151,0.0005
317,0.216745280751995,0.18716152830451144,324.2842850030637,5262.428241804534,0.8773044950418882,0.20571453712267568,418.49057909712093,5304.185841199683,1.2872552962039068,0.001521721478132279,0.5232348651195887,0.0005
318,0.2169476052125295,0.1871579388777415,327.0884303672641,5258.033767999387,0.8791082058824717,0.2062543653669938,442.28483151898104,5292.002175899174,1.2906332624685104,0.0016082424818895523,0.5220329995249376,0.0005
319,0.2180327174125933,0.18801860861918507,330.025390625,5262.202521829044,0.8792310491703663,0.20625334087401628,428.48193876243283,5298.932425269685,1.290626851720735,0.0015580522042175637,0.522716638485409,0.0005
320,0.21768860343624563,0.18742274186190436,333.36253985236675,5263.66934742647,0.8658387357125342,0.20263917690286992,420.9025245234432,5308.184794510565,1.2680112807539,0.0015304918288704871,0.5236293444721006,0.0005
321,0.21669228462611928,0.18726356561277427,322.2025026807598,5263.53084788603,0.8743296072760313,0.20485338920069826,447.09777839717026,5316.222820693197,1.2818666773980352,0.0016257433887282475,0.5244222607973223,0.0005
322,0.2156593971977047,0.18590377738662794,326.4904186772365,5268.8372491574755,0.8703263045850821,0.20384324462472964,412.3458083745922,5306.822921585562,1.275545714506765,0.0014993777742265805,0.5234950016308885,0.0005
323,0.2170326294852238,0.18694087015647515,330.96368109011183,5269.484470741421,0.8644936188654516,0.2023437597087408,433.61545887139414,5295.755390526622,1.266162712572714,0.0015767187840604936,0.5224032378250559,0.0005
324,0.21554091952595056,0.1859989318193174,323.61023607441024,5271.218874463848,0.8803082043604764,0.20651867704560237,429.1033350194303,5303.012750844237,1.2922871884034313,0.001560311734247473,0.5231191448578406,0.0005
325,0.21566846353166244,0.18602351990400576,324.9708054486443,5272.132611443015,0.8755646753015887,0.2051812170312447,419.38502740852084,5317.459347920188,1.2839180545978015,0.0015249738839796768,0.524544238830559,0.0005
326,0.21650667400921092,0.1868344387587379,325.3148654114966,5273.61949486826,0.8924176259145744,0.20983750243430607,437.18329208641507,5284.920146056884,1.3130546831004015,0.001589692190643276,0.5213343880810245,0.0005
327,0.2169310862527174,0.18619865704985225,339.4145627489277,5276.335209865196,0.897836310595028,0.21113691830226605,456.9114592333779,5311.565699660415,1.3211857562924014,0.0016614280364931058,0.5239628560614426,0.0005
328,0.21685616058461807,0.18660218721511318,333.0872180415135,5272.430099188113,0.8730752285404191,0.20452351836895585,428.12361205848384,5316.117232627627,1.2798025161522484,0.0015567492514897772,0.5244118449938606,0.0005
329,0.2153691745856229,0.18568777336793788,325.4052704455806,5276.003293504902,0.8680338620404378,0.2032078164132297,430.08954322916827,5310.896204677559,1.2715695330367949,0.0015638977987603383,0.523896813293044,0.0005
330,0.21597415997701533,0.18568532899314283,333.54939658969056,5272.626139322917,0.8701291846772392,0.2038203912110058,436.4836957505325,5300.290900176588,1.275402709650308,0.0015871483083589198,0.5228506461269136,0.0005
331,0.21698800605886123,0.18628669457108366,339.09841978783703,5268.929151348039,0.8736345816395877,0.20462999029780854,433.6728906729754,5324.002508329114,1.2804687624770326,0.0015769276184055406,0.5251896931484352,0.0005
332,0.21809925781745537,0.18733822247561285,339.8554681516161,5271.873314950981,0.8809618604624643,0.20656341936592476,448.6605503865896,5326.908820074193,1.2925671627290432,0.0016314259627705438,0.5254763881624221,0.0005
333,0.21698112026149152,0.18665251165044075,334.1860267788756,5264.654316023284,0.8685756193726537,0.20342109531967076,422.9886157874595,5298.0303513307945,1.2729041222482569,0.0015380773040050682,0.5226276528144927,0.0005
334,0.21502666905814527,0.18482287023581712,332.4903893564262,5267.018918504902,0.8760940598474231,0.20550752422833857,428.07258305453394,5281.874883370407,1.2859599164590179,0.0015565636990898025,0.5210339861609719,0.00025
335,0.20989696067922256,0.1814084654929591,309.6674457624847,5263.434618183211,0.8642329468181738,0.2022330173284075,413.04745476420567,5304.375489235904,1.2654697439687828,0.0015019291109458737,0.5232535730735751,0.00025
336,0.20921127731893577,0.18141149890189076,300.424498314951,5267.940640318628,0.8570990366197601,0.20023287270159743,408.56865293616136,5323.579074265868,1.2529538722173388,0.0014856432271567158,0.5251479232196276,0.00025
337,0.2092438614835926,0.18164041755246182,297.78760782877606,5269.371629901961,0.8561392895423214,0.20002091586595738,419.1462646377179,5314.878754314389,1.2516275558419356,0.0015241056913496466,0.524289674494451,0.00025
338,0.20924216567301282,0.1813788145196204,301.18153650620405,5274.735140931372,0.8547080762918493,0.19974444727815951,400.9862196069314,5295.617493021641,1.2498975582498617,0.0014580718737501734,0.5223896348359113,0.00025
339,0.2085110206230014,0.1806231477096969,301.6711042815564,5262.538516773897,0.8560880808834435,0.20008546047799766,402.9297754778383,5300.597970929847,1.2520314426787746,0.0014651390596330431,0.5228809373212597,0.00025
340,0.20850422335605995,0.1807104360823538,300.32100722369023,5269.7114353553925,0.8579341821560682,0.20050270777950824,415.3315347945251,5314.3102505439265,1.254642360731571,0.0015102345156873828,0.5242335940699403,0.00025
341,0.20938595136006674,0.18135146183126113,303.5378717160692,5269.148466222427,0.8636553267727957,0.2020614199666493,406.88778216174313,5307.980316976194,1.264395976330251,0.0014795312206094826,0.5236091736526158,0.00025
342,0.21011166186893687,0.18184011181195578,306.6498472924326,5272.810364966299,0.8555235251255455,0.19990549072374875,401.93579037446966,5306.267848761318,1.2509052849334166,0.001461524716667419,0.5234402461108106,0.00025
343,0.20933639740242677,0.18125862292214936,304.08352750890396,5271.5089422487745,0.8515322740158229,0.19877030304744955,415.03793400795655,5319.510766959962,1.2438018669205704,0.0015091669202736897,0.5247466023971299,0.00025
344,0.20996609125651566,0.18191495742283614,303.67505122166057,5275.504346660539,0.8511289498352445,0.19868359591570062,403.03079162551137,5316.010814870649,1.2432592984850888,0.001465506376005813,0.5244013473449497,0.00025
345,0.208739538695298,0.18089278276060142,300.9273956897212,5277.200520833333,0.860382902628447,0.2011894678411393,405.62511889184054,5308.093331408492,1.2589397504003856,0.0014749399062205066,0.5236203220348578,0.00025
346,0.20781059913775501,0.18005522121401393,299.713270000383,5276.881098728554,0.8480618541194127,0.19787690626025203,407.335916639192,5313.906397599217,1.238211451376696,0.0014811607336582514,0.5241937557333172,0.00025
347,0.20900414416603014,0.1808984378973643,304.5484619140625,5264.570523131128,0.8536432608234714,0.19934182611248755,418.6016821624405,5317.615977403243,1.2473781629989273,0.0015221254727004433,0.5245596896478746,0.00025
348,0.20916029460289898,0.18100339992373599,305.0598826688879,5277.401788449755,0.853216324671851,0.19928215936250468,407.9899143990479,5307.721947637843,1.2470047993028222,0.0014835388097429513,0.523583686641046,0.00025
349,0.20909024921118044,0.18077812942804075,307.31500303979016,5263.491900275735,0.8527276814182888,0.19913044775121314,408.6905415670833,5311.799519779913,1.2460554664172505,0.0014860864403540457,0.5239859213993381,0.00025
350,0.20879573331159704,0.18060079655226538,305.6976070030063,5267.615607766544,0.8579668304250339,0.200523945012015,414.17398982356633,5311.966260116744,1.2547752523609301,0.0015060254339727783,0.5240023696084062,0.00025
351,0.20855144893421845,0.1804998899791755,303.7362377690334,5271.339183134191,0.8535292675567578,0.19931215376998052,410.67781524653145,5317.776847297559,1.247192488808969,0.0014933125935627214,0.5245755587633192,0.00025
352,0.20889764761223512,0.1809794073011361,301.8937790814568,5276.205106847427,0.8511867369223451,0.19871059676052882,405.3211937892444,5313.717100260805,1.2434282558227336,0.0014738347693800025,0.5241750823741445,0.00025
353,0.20916526311752842,0.180996362192958,305.2462430467793,5275.431535309436,0.8522449566009341,0.19900169408052362,410.8746720389335,5311.753453970532,1.2452497924633388,0.0014940284070698276,0.5239813772075848,0.00025
354,0.20837825799689574,0.1805233844355041,300.9731924019608,5281.884353936887,0.8558120612110238,0.2000091143161563,409.82175855001066,5300.882275660841,1.2515537078402468,0.0014901997878589343,0.5229089827465196,0.00025
355,0.20765895849349453,0.17993102967739105,299.32800711837467,5278.327521829044,0.8548590232905436,0.1997131218178062,413.9322941878027,5308.752546822704,1.249701539702462,0.0015051465768168876,0.5236853507685157,0.00025
356,0.2094439393749424,0.1811442015802159,307.0294707055185,5272.52694163603,0.8524462503076586,0.19894316846410184,419.8965060215772,5332.761297763766,1.2448835693915214,0.0015268337298877314,0.5260537096338408,0.00025
357,0.20777926024268656,0.17984351632641812,302.1608348173254,5273.680338541667,0.8482918463442662,0.1979474169018057,413.7531263704948,5311.909039110654,1.2386526705440344,0.0015044950842160846,0.5239967250050118,0.000125
358,0.20556469027902566,0.1783805910278769,292.15217680089614,5272.684685202206,0.8473283848830517,0.19766034611880742,405.9929246961563,5317.99073052001,1.236856329891747,0.0014762773269897304,0.5245966574130275,0.000125
359,0.20490532295376646,0.17797837596313626,288.6841421688304,5275.6351007199755,0.8423333827160336,0.19634993751555396,398.4581539261375,5314.462621186044,1.2286564698413935,0.0014488792848682615,0.5242486247711192,0.000125
360,0.20476395271572412,0.17770118514696756,290.50006163354016,5275.261986825981,0.8430192281707097,0.19656690711426317,394.9234647507198,5308.066284361719,1.2300141534983686,0.001436026397120204,0.5236176539613223,0.000125
361,0.20431450827448977,0.1774112897760728,288.4362798952589,5270.496017156863,0.8452539603813821,0.19712434542911106,406.37869405590027,5314.833175880146,1.233502314486559,0.0014776800670982275,0.5242851783801353,0.000125
362,0.20397543790293673,0.17716081849500245,287.2289386824066,5272.44873046875,0.8409460487293455,0.1959778643515197,395.55768860755234,5315.056683827139,1.226328228202871,0.001438332571053601,0.5243072264670612,0.000125
363,0.2043154321464838,0.17750686757704792,287.09763351141237,5276.241172640931,0.8452637612007465,0.19714380219678984,405.68566417709894,5311.652831934167,1.2336240648868555,0.001475160061859795,0.5239714512813065,0.000125
364,0.20445520883681728,0.1774606704711914,289.57930321786915,5276.090494791667,0.8430637692307529,0.19657243227442767,399.6481805443586,5309.098305803053,1.2300487270962466,0.0014532064768170098,0.5237194583882078,0.000125
365,0.20453478045323314,0.1776001780640845,288.83422253178617,5272.034447763481,0.8436171636334207,0.196682730516509,402.41213142912545,5316.056072719134,1.2307389165124498,0.001463256794878952,0.5244058118348746,0.000125
366,0.2050011038195853,0.17793824246116713,290.4523064108456,5278.938112745098,0.8403517941060056,0.19584824189824693,396.6249412311357,5309.564066247422,1.225517117856387,0.0014422133304327098,0.523765403630434,0.000125
367,0.20437369685547024,0.17743072176680846,288.94465996237363,5272.12557444853,0.84422147973521,0.19684767185047733,398.4782068955597,5315.443092185144,1.2317710341677375,0.0014489522017648278,0.5243453439710732,0.000125
368,0.2039700597524643,0.17694214483102164,290.1222653856465,5268.745816099878,0.8467435437208062,0.1974741517203732,407.3503941005878,5323.730296248877,1.2356912215388793,0.001481213376812136,0.5251628406105809,0.000125
369,0.20491484654884712,0.17787679065676296,290.13033459233304,5278.281077665441,0.8422823627378314,0.19632387817701968,406.7141029647896,5316.531413262014,1.2284934039637312,0.0014788996858091552,0.5244527021121548,0.000125
370,0.20448675664032206,0.1775077593092825,289.3838112027037,5275.211234298406,0.8446082621095612,0.19694823115539664,398.61493273669726,5315.906064149901,1.2324002823465512,0.0014494493662398887,0.5243910141419129,0.000125
371,0.2046054511093626,0.177554995990267,290.34969165278414,5274.227347579656,0.8445180895545923,0.19696315974476095,401.74775125081516,5308.379117277075,1.2324936977463226,0.0014608409660945589,0.5236485135678994,0.000125
372,0.20361512840962878,0.17655464597776824,290.4152951708027,5279.333400352329,0.8436105117051442,0.19669586535211497,403.0862180762489,5313.194478634002,1.2308211075278979,0.0014657079184652057,0.5241235280235625,0.000125
373,0.20408832617834502,0.177194183363634,288.2184104171454,5277.76087622549,0.8446726426357599,0.19696393478784607,399.325211057212,5316.15467368826,1.2324985475655432,0.001452032090510793,0.5244155383916593,0.000125
374,0.20449500457913267,0.17734469531797895,291.5966039919386,5280.563371246936,0.8445295171434772,0.1969049255011724,405.57870695768503,5319.899211578769,1.2321292979351652,0.001474771142476294,0.5247849207694141,0.000125
375,0.203689202374103,0.1767407109340032,288.9298335056679,5278.753781786152,0.8497590129488595,0.19834944332859114,414.4807411773062,5309.741343068085,1.2411683442262733,0.0015071408476684442,0.5237828912178085,0.000125
376,0.2058364626239328,0.17838580847955218,295.63737457873776,5277.849101945466,0.8456635598109937,0.19724398781374947,403.6113008091534,5312.9281682733335,1.2342509747194739,0.0014676172318700165,0.524097257664677,0.000125
377,0.20469048969885884,0.17755942718655454,291.42415783452054,5274.250392539829,0.843445340516234,0.196591174361143,396.93455554266774,5324.972182110574,1.2301660053922956,0.0014433391544567819,0.5252853472498265,6.25e-05
378,0.20274777242950365,0.17615446302236296,284.1984106325636,5278.426307827819,0.8441490781821723,0.19682543095017688,398.5195959611809,5316.0042717853985,1.2316318621038447,0.0014491027012820488,0.5244007018980459,6.25e-05
379,0.2025255765400681,0.17608223884713417,282.19763422947307,5278.51407398897,0.8398240131842979,0.19563035307906432,396.7978459235692,5324.270985916168,1.224153682192581,0.0014428420489685332,0.5252161772947784,6.25e-05
380,0.2024309874749651,0.1760405091678395,281.53259696212467,5275.533270143995,0.8377975944227165,0.19511051520689915,396.8974210453005,5320.48140825898,1.2209008053494002,0.001443204125461995,0.5248423519399205,6.25e-05
381,0.2019876840652204,0.17558935459922342,281.630656822055,5276.027410768995,0.8395392142443477,0.19559063407414617,392.642761609701,5317.547294837413,1.2239051411796027,0.001427733271472263,0.5245529144114586,6.25e-05
382,0.20192334143554463,0.17552006799800723,281.6949005126953,5276.154086243872,0.8371182771508429,0.1949604617669212,395.374692346568,5314.660790043173,1.2199618484432577,0.0014376671574106974,0.5242681732670308,6.25e-05
383,0.20237404400227116,0.17594450215498605,282.0320509368298,5277.137599571079,0.8399346613624019,0.1956611721428827,396.8549178084571,5324.01232298126,1.2243465319720819,0.00144304957457931,0.5251906613211851,6.25e-05
384,0.20236289004484811,0.17593970310454274,281.91911285998776,5279.252546721814,0.8379136084269839,0.19514593612971157,397.19526011942946,5319.610102818501,1.2211224511850542,0.001444287132198029,0.5247564014475592,6.25e-05
385,0.20206204757970922,0.17554783762670031,283.21392552992876,5273.164522058823,0.8358272556090075,0.19462014378474096,396.5544822473675,5313.943116941426,1.2178323143272818,0.0014419571264599495,0.5241973779367322,6.25e-05
386,0.20234600352305993,0.17598136996521668,281.16773059321383,5277.053835401348,0.8369210899975891,0.19487623938762963,394.01012817305957,5320.744043493,1.2194348283049712,0.0014327053094866714,0.5248682597635456,6.25e-05
387,0.20196450224109724,0.17559744592975168,281.1898333979588,5277.818263633579,0.8362917082119872,0.19472864537154222,394.8768587588679,5316.898367211576,1.2185112612029378,0.0014358569277405978,0.5244889005233818,6.25e-05
388,0.2017393401440452,0.17534317280731948,281.59869683957567,5276.264581418505,0.836840582865245,0.1948921706710298,395.7317698736229,5313.568206177304,1.2195345180460027,0.0014389655678634491,0.5241603946203534,6.25e-05
389,0.2021692871463065,0.1756531204663071,283.18864141726027,5277.016189874387,0.8382520590783273,0.19525446683838982,393.7839606621632,5316.23712246185,1.2218015802903712,0.0014318829159223306,0.524423671604601,6.25e-05
390,0.20167883938434078,0.17521780816947713,282.4629911534926,5276.305348115809,0.8391857599934615,0.19548890771948643,392.4054073327799,5318.999408891188,1.2232685902064393,0.0014268702004279954,0.5246961591475618,6.25e-05
391,0.20217717015275768,0.1757041174991458,282.5071013207529,5285.018803615196,0.8369301010524159,0.194856184320824,398.08933074482945,5324.866933416411,1.2193093340578345,0.001447538164698148,0.525274964923878,6.25e-05
392,0.201940521013503,0.17557807032968484,281.1542666566138,5275.879451976103,0.8371467492765838,0.19493695363438412,394.7509721785751,5320.600573996235,1.2198147466947111,0.0014353991771421171,0.5248541071216442,6.25e-05
393,0.20164565332964354,0.17523753263202368,281.8311923157935,5270.779440487132,0.8356924450764411,0.194543270132558,394.6909644302635,5321.807936948048,1.2173512787267107,0.0014351809761024255,0.5249732082259712,6.25e-05
394,0.2020213653643926,0.17568661915320977,280.76655159744564,5277.253887101716,0.8396201727249056,0.19562817888918488,392.4275425168508,5314.513879989572,1.2241400772355546,0.0014269506887034922,0.5242536812291607,6.25e-05
395,0.20209713280200958,0.1757790782288009,280.4950827804266,5280.923684512868,0.8386249701553228,0.1953416053675695,395.28875374224367,5318.500576950808,1.2223468481881041,0.0014373546662184628,0.5246469515460833,6.25e-05
396,0.2019863806518854,0.17555980764183343,281.9280595966414,5281.96595435049,0.8369992769726663,0.1949072018121043,397.87211239413375,5318.6725006058,1.2196285751613956,0.0014467483121991711,0.5246639110669455,6.25e-05
397,0.20231443789659762,0.175905242562294,281.73761554792816,5278.873841528799,0.836880240742366,0.19485883400968534,395.35101338686223,5321.936387666285,1.2193259144418354,0.001437581055635977,0.5249858793306879,6.25e-05
398,0.202102445212065,0.17564973381220125,282.3053555956074,5279.807358685662,0.8392115634968013,0.19546112369980645,397.8036867384369,5325.395659845195,1.2230947321651793,0.0014464995018432635,0.5253271214866254,6.25e-05
399,0.2018290763976527,0.17533746975309708,282.81184686398973,5280.716777726716,0.8362069170975407,0.19469764678667936,393.52969091147224,5318.549351372475,1.2183172880734854,0.0014309583365884288,0.5246517629306588,6.25e-05
400,0.20233344505814946,0.1758404359513638,282.75889617321536,5286.0908203125,0.8376803613262872,0.1950894909419442,396.10121515965955,5318.569582044065,1.2207692463609563,0.001440308950139747,0.5246537585984272,6.25e-05
401,0.20226090211494296,0.1756496070062413,284.47990537157244,5275.301499310662,0.8378851870025164,0.19514799742688874,395.3185108494647,5317.846431979058,1.221135349717873,0.001437462869440822,0.5245824229895226,6.25e-05
402,0.20173044619606992,0.17526789681584226,282.41250640270755,5281.610677083333,0.8344199229981522,0.19422972197856897,395.7237837206446,5316.939006023316,1.215389256365614,0.0014389365284988333,0.5244929093654201,6.25e-05
403,0.20189879337946573,0.17547370581065908,281.93433215571383,5280.011086856618,0.8366729780821984,0.19482999472786072,396.92911544583893,5316.860972443573,1.2191454531152481,0.0014433193730982495,0.5244852116921497,6.25e-05
404,0.2017334454199847,0.17540395931870328,280.69460281671263,5277.387580422794,0.8356811900887364,0.19457340223887104,393.9990748634165,5315.528769679464,1.217539829881042,0.001432665117282764,0.524353795683273,6.25e-05
405,0.20175779946878844,0.17523832589972252,283.1791851567287,5281.033097809436,0.8393175692054925,0.19549514329918938,399.37502453379875,5324.2368007434525,1.223307609242769,0.0014522132229926427,0.5252128050761627,6.25e-05
406,0.20193116016247692,0.17556683894465952,281.1160837809245,5280.614296109069,0.839662126912338,0.19562939314544053,397.27106041861964,5316.230775776435,1.2241476754238882,0.0014445627583389458,0.5244230455316867,6.25e-05
407,0.20167980795981838,0.1752030446248896,282.6864656934551,5275.278071384804,0.8351233401156484,0.19436725464193327,397.2896775864036,5326.362296241239,1.2162498647202444,0.001444630454352892,0.5254224759631551,6.25e-05
408,0.201606136618876,0.17512807571420483,282.5476214838963,5286.988961014094,0.8358282315291413,0.19460979766809677,398.76876745702145,5315.879846454745,1.217767573674377,0.001450008742268149,0.5243884278803077,6.25e-05
409,0.20190369323188184,0.1754202635264864,282.7734862682866,5275.417930453431,0.8391153740065039,0.19543337052632512,393.0313596223929,5325.977548835568,1.2229210671434942,0.0014291462971693972,0.5253845223048673,6.25e-05
410,0.20127558299139434,0.17487152066885256,281.6693785424326,5278.858379289216,0.8382251338631874,0.1952016769073891,400.25258833498407,5324.679957456735,1.221471248174725,0.0014554042331405323,0.5252565205586219,6.25e-05
411,0.20199576779907824,0.17546424269676208,283.31617108513325,5282.811456418505,0.8366265953400952,0.19478695105498223,394.53485604468955,5322.789541283251,1.218876108047778,0.0014346133325397988,0.5250700392246027,6.25e-05
412,0.20146098820602193,0.175082874064352,281.30088895909927,5280.545840992647,0.8338783658979675,0.19409161222246907,394.1264474334499,5315.830809826839,1.214525036862784,0.0014331282712585667,0.524383590630227,6.25e-05
413,0.20161894080685636,0.17512385196545543,282.80945781632965,5284.378484987745,0.8359999430980829,0.19464022892742977,394.7471195206663,5318.940418490542,1.2179579967737575,0.0014353851680518758,0.5246903400010897,6.25e-05
414,0.2016965218034445,0.17533489009913275,281.1011202943091,5279.0478611366425,0.8341742959318942,0.19414762622414863,396.4046237034261,5320.086914127222,1.2148755435471055,0.0014414122086615865,0.5248034368094933,6.25e-05
415,0.20154233189190135,0.17509621410977608,282.2145101509842,5280.028530943628,0.8358448835361769,0.1945878625731821,394.1156755960552,5321.069686505865,1.217630315182602,0.0014330891025481076,0.5249003830305303,6.25e-05
416,0.20166922871973,0.1751561267118828,283.09976555319395,5280.618355545344,0.8345449848725067,0.19426479677096567,393.15024980544473,5316.698017212768,1.2156087362959456,0.0014295786073673456,0.5244691368673294,6.25e-05
417,0.2013904913967731,0.1750231776751724,281.1920952890434,5277.904986213235,0.8351374685069858,0.1943845940700056,394.9390590925729,5323.86533629645,1.2163583659031527,0.0014360831014909126,0.5251761617239795,6.25e-05
418,0.20082364801098318,0.1744066006412693,281.8035514681947,5281.7801202512255,0.8371841471290745,0.194923684034053,397.02472137816244,5324.937555191946,1.2197317123912357,0.001443667016767953,0.5252819314548977,6.25e-05
419,0.20128586596133663,0.17489093045393625,281.4477784399893,5286.350490196079,0.8339874835638587,0.19412167926971088,391.5838440044557,5315.7335083845155,1.214713180911059,0.0014238828200070217,0.5243739922661096,6.25e-05
420,0.20130915092486962,0.17496056942378774,280.9164084640204,5279.850854013481,0.8349814995975573,0.1943464123531566,394.3849357152177,5323.246299777277,1.216119444444711,0.001434068190075999,0.5251150964635776,6.25e-05
421,0.2016656039392247,0.17526497794132606,281.6055094401042,5280.2114353553925,0.8358096355919395,0.1945871194972035,394.06356941878204,5319.426422017001,1.2176256653970188,0.0014328996333149626,0.5247382821353263,6.25e-05
422,0.20115087604990192,0.17460927600954093,283.46083009009266,5282.037434895833,0.8358501519206114,0.19458140457672363,392.63202861681344,5322.62038028367,1.2175899043771221,0.0014276942440087609,0.5250533522276819,6.25e-05
423,0.20081564608742208,0.17450509264188654,280.385202146044,5281.661946614583,0.8334267488796411,0.19394567044132782,393.70866627498344,5320.728327897954,1.2136118085934593,0.001431609129385961,0.5248667094884419,6.25e-05
424,0.20150984064036725,0.1750306469552657,282.6092233096852,5283.499942555147,0.8326210828428151,0.19373697139445958,397.24733166319044,5319.477334264946,1.2123058777771376,0.0014444764754962976,0.5247433044071667,6.25e-05
425,0.20079598707311294,0.17434798999159945,282.2427359188304,5279.790469898897,0.8335946442264804,0.19400253693835534,393.40165036781036,5318.427867945657,1.2139676497532486,0.0014304927537172865,0.5246397791189396,6.25e-05
426,0.20145305114633896,0.17508356740661696,281.17439299938724,5281.4029852175245,0.8325580749213355,0.19368074198984606,396.88977032375846,5326.997425103996,1.2119540232125379,0.0014431763057980041,0.5254851286632654,6.25e-05
427,0.20126994246361302,0.17474319186865114,283.34469843845744,5275.89732689951,0.8354340245655737,0.19443620694703995,400.0978896578465,5328.884528870808,1.216681332623172,0.0014548417155800491,0.5256712832427722,6.25e-05
428,0.20093510840453355,0.1744931796017815,282.19166265749465,5277.55508961397,0.8326480618854315,0.19379540974795909,396.93984206762457,5309.735214302672,1.2126715548026694,0.001443358377395059,0.5237822866417547,6.25e-05
429,0.20037991714243794,0.1740579932343726,280.58944343118105,5277.713627833946,0.8340757245676549,0.19409881807184995,392.1531296365441,5324.535677183653,1.2145701273454934,0.0014259528646312282,0.525242287937163,6.25e-05
430,0.200832191343401,0.17430209616820017,283.28776161343444,5283.510550704656,0.8327444227074733,0.19375627994849431,394.60023530643485,5322.15211883999,1.2124267007330205,0.0014348510655540923,0.5250071602727505,6.25e-05
431,0.2009559416887807,0.1744947670137181,282.4297045539407,5278.945436963848,0.8322509987430395,0.19362144441555157,391.15027962422425,5322.928820835974,1.2115829696271652,0.0014223062869558483,0.5250837785467465,6.25e-05
432,0.2012694729309456,0.17476797103881836,282.93288227156097,5281.533088235294,0.8300959852894871,0.1930688094534986,391.82873448893554,5318.841240619149,1.2081248655392374,0.0014247732943178824,0.5246805565354054,6.25e-05
433,0.20078512734057857,0.17434966944011987,282.0896540623085,5278.732948452819,0.8356639508407351,0.19449793525492215,396.4360054396104,5328.926651263405,1.2170675964835607,0.0014415263193832083,0.52567543843361,6.25e-05
434,0.20127543164234535,0.17490427312897702,281.19347965016084,5281.647154564951,0.8306322201618695,0.19315953647284098,394.9294531789622,5328.641277708266,1.2086925883545074,0.001436048172329329,0.5256472875734964,6.25e-05
435,0.2010042836853102,0.17459194741997064,281.75027615416286,5281.065803079044,0.8333541165304507,0.19390652456695825,397.809914741348,5324.345205135404,1.2133668539353608,0.0014465221481972535,0.5252234986979738,6.25e-05
436,0.20122520333411648,0.17477055945817163,282.31134242637484,5281.292892156863,0.8334697359645484,0.19398381428038003,395.6675692131431,5315.576140468502,1.2138504930322174,0.001438732120496072,0.5243584686055941,6.25e-05
437,0.20089429207876616,0.1745054660474553,281.45409468108534,5279.769100413603,0.8321689672776907,0.1935951700454149,393.6628841030142,5323.678378539922,1.2114185581928256,0.001431442655592091,0.5251577191543848,6.25e-05
438,0.20121000035136355,0.17480075768395967,281.76452816233916,5276.9020086550245,0.8314090538002371,0.193428605993411,393.7101365897908,5316.856751416642,1.2103762864064065,0.0014316144757658647,0.5244847953062003,6.25e-05
439,0.20044529028967314,0.17405674007593416,281.424269732307,5281.729300704656,0.8308388741660839,0.19326061005324038,392.4888869739177,5319.971313084184,1.2093250546035885,0.0014271737503028345,0.524792033269351,6.25e-05
440,0.20061085007938684,0.17410890495075898,282.89610320446536,5284.735657935049,0.8312026352309009,0.19339957843363456,394.4355955886474,5311.891379419369,1.2101946469336657,0.0014342524002382534,0.5239949829532692,6.25e-05
441,0.20055615843511096,0.17407506791984334,282.67630034802005,5280.368116191789,0.8335744868001351,0.19394915351973702,397.2539588136133,5327.423121195623,1.2136336038987015,0.0014445005732362255,0.5255271217313352,6.25e-05
442,0.20057849089304605,0.17420612275600433,281.20558734968597,5281.946557138481,0.831450684350505,0.19342392770035324,391.39821436681945,5319.9423655963665,1.2103470120653705,0.0014232078308419646,0.5247891777255715,6.25e-05
443,0.2007535964834924,0.17436439587789423,281.4379685345818,5281.352606081495,0.8307636676163295,0.19318373873866876,399.84281548879517,5330.517036075695,1.2088440336305812,0.0014539142112085061,0.5258323229786956,3.125e-05
444,0.19995316658534257,0.17380595879227506,278.1757809508081,5284.0250555300245,0.8311547833090189,0.19331902770105372,392.8923535214096,5324.851773996313,1.2096906020636333,0.0014286408411806049,0.5252734695130142,3.125e-05
445,0.19957652600372539,0.1734412131356258,278.0678818646599,5280.22132544424,0.8305287302020801,0.19316858610994841,389.03731184659597,5321.89076651532,1.208749216308264,0.0014146230830549256,0.5249813790025535,3.125e-05
446,0.19958430061153337,0.17350737283042833,277.25768115473727,5282.600547640931,0.8325659301426205,0.19372020264575238,392.6137901422703,5320.043761145181,1.2122009476108695,0.0014276279250046377,0.5247991799554889,3.125e-05
447,0.1998060868651259,0.17360361972275903,278.8884441899318,5285.833476945466,0.8304994888772038,0.19316201034508543,390.28446248958943,5321.6140354752015,1.2087080685689509,0.0014191579902062504,0.52495408068896,3.125e-05
448,0.19923149867385043,0.17318541571205737,276.9447404450061,5275.22567210478,0.8296045884284813,0.192917606249463,389.9465596775816,5322.777696907257,1.207178714003618,0.0014179293031288426,0.5250688708284226,3.125e-05
449,0.19914658601377525,0.17299517171055662,278.22320018095127,5284.672420726103,0.8315014372681141,0.19343162914901318,389.4737988656639,5321.120188576202,1.2103952037523298,0.0014162102434475791,0.5249053648401335,3.125e-05
450,0.19946309690381966,0.17333309790667364,277.9379628499349,5284.650582107844,0.8293591019902858,0.19285945173649355,392.40446270365845,5321.311165361347,1.2068148131054843,0.001426866765553963,0.5249242038694224,3.125e-05
451,0.19965391153214024,0.1735769723560296,277.26318120021443,5282.199381510417,0.8299631619951227,0.1930112512842397,391.60691552409145,5323.070499256211,1.2077646962519588,0.0014239667129994007,0.5250977545067378,3.125e-05
452,0.19957714863851958,0.17347885463752,277.4967887728822,5286.0361423866425,0.8312023074575776,0.19334568542364708,392.111135479059,5322.216388186004,1.2098574123195978,0.0014258001648702464,0.5250135001642249,3.125e-05
453,0.19992652739964278,0.17381555952277838,277.7140847000421,5282.409849877451,0.829313786930078,0.19282880019457405,390.22370020460016,5324.927735960697,1.2066230115914807,0.0014189370455094114,0.5252809628304391,3.125e-05
454,0.1991573250761219,0.17305729991080715,277.5642963484222,5282.702952665441,0.8302008106894138,0.19309195238636048,391.3675181450196,5319.767328361625,1.2082696820568877,0.0014230962127976322,0.5247719110636082,3.125e-05
455,0.19961990503703847,0.17352605421169132,277.43014376771214,5286.591452205882,0.8306127935708647,0.19317104093564783,393.6838062586097,5325.51320802642,1.2087645773392686,0.001431518733035954,0.5253387171034816,3.125e-05
456,0.19928780431840934,0.17320651926246344,277.2784100700827,5285.402027803309,0.8310756174677015,0.19332965302448385,389.86864860704816,5318.928576007675,1.2097570898483596,0.0014176460017707312,0.5246891717916583,3.125e-05
457,0.19963910503714694,0.1735343316606447,277.6610789579504,5280.19202856924,0.8341421793878934,0.19415284188042523,393.9605902830365,5317.556581209924,1.21490818042955,0.0014325251790966583,0.52455383047172,3.125e-05
458,0.1995510038207559,0.17345811894126967,277.45462843951054,5283.787808287378,0.8293945829464829,0.19286184284821117,391.8521442008184,5322.674896075395,1.206829775447307,0.0014248584170497866,0.5250587299734443,3.125e-05
459,0.19964884133899913,0.1735920032449797,276.99078668332567,5282.529181985294,0.8299020036435487,0.1929883432028035,392.9624535835899,5324.280081535865,1.2076213493132004,0.0014288957400375119,0.5252170745381043,3.125e-05
460,0.19927487011049308,0.1731815583565656,277.45626531862746,5284.090963924632,0.8289896758902946,0.19276112701912843,390.97445964298106,5321.350347532889,1.2061995478211427,0.0014216669678048179,0.5249280690202403,3.125e-05
461,0.19976146489966148,0.17371823361106947,276.7778511795343,5284.889772901348,0.8290381614112163,0.19278471630835592,391.38784265586133,5319.303584211227,1.2063471574063305,0.001423170117077024,0.5247261647200132,3.125e-05
462,0.1994998478421978,0.17340591754399093,277.56805928548175,5276.326267616421,0.8287744178015735,0.19269522525236552,393.57729557051385,5322.884958691636,1.2057871686111885,0.0014311314373360706,0.5250794517369657,3.125e-05
463,0.19949468035323947,0.1733709138398077,277.8718620749081,5283.377632889094,0.8299324393173477,0.1930008795427534,391.64447622390526,5323.485652197607,1.2076997952520303,0.0014241032917576696,0.5251387075388899,3.125e-05
464,0.1997482154299231,0.1736340154619778,277.7165225159888,5285.459453507966,0.8286564377803044,0.19268068437662886,390.0385962991689,5319.8025645922135,1.2056961793229968,0.001418263968019379,0.524775386964512,3.125e-05
465,0.1998088523453357,0.1736757793262893,278.02997633990117,5280.822313495711,0.8291382026073956,0.1927954308412364,392.129277494108,5322.30799370951,1.2064142034177094,0.0014258661331269663,0.5250225366507226,3.125e-05
466,0.19901462600511663,0.1729518689361273,277.16187211578966,5275.616019454656,0.8301190811319321,0.19305781858177615,392.22881986129653,5322.088722937662,1.2080560903421484,0.0014262280905178871,0.5250009065426972,3.125e-05
467,0.19945710020906784,0.1734165958329743,276.79464003619023,5280.906948912378,0.8295401475395776,0.19289920392423412,391.7425094641404,5322.947211015555,1.2070635617594223,0.0014244597616394018,0.5250855926579825,3.125e-05
468,0.19968283410165824,0.17357797394780553,277.61302214977786,5283.882094439338,0.8297334639615819,0.1929476052877202,391.88743387686156,5323.5295271246005,1.2073664324868023,0.001424986737878674,0.525143035609624,3.125e-05
469,0.19959288893961438,0.17354373926041172,276.8665481268191,5284.158662683823,0.8293111073385266,0.19283271130867805,393.9718403191596,5323.909463057932,1.2066474853229674,0.001432566086640229,0.5251805146370907,3.125e-05
470,0.19954361167608523,0.1734242526923909,277.8672572117226,5279.312873391544,0.8317717401525425,0.19351343893367237,392.10600667831443,5319.155307707961,1.2109071271198117,0.0014257815154510244,0.5247115378878263,3.125e-05
471,0.1994719940657709,0.17332657674948374,278.1911803600835,5281.078814338235,0.8298392395528372,0.19300312589144547,390.2797395917472,5318.384506719599,1.207713851741627,0.0014191408167370148,0.5246355017225686,3.125e-05
472,0.19971124886297711,0.17357353340176976,278.04956742828966,5283.996993719363,0.8293213546019967,0.19283749095649422,393.45408828128075,5323.538369906613,1.206677393889719,0.0014306834292143753,0.5251439079116119,3.125e-05
473,0.1994465370388592,0.17336341826354756,277.33744482900585,5282.809292662378,0.829207046301186,0.19280041295167336,391.95052444160183,5324.855921887039,1.206445378890945,0.001425216148699916,0.525273878684395,3.125e-05
474,0.1990261542446473,0.17292040586471558,277.6415231742111,5282.632697610294,0.8284586970977301,0.19259905311259154,392.3548983320997,5325.228985767824,1.2051853730453383,0.0014266865388714084,0.5253106798137649,3.125e-05
475,0.19929735187221975,0.17306693804030324,279.2541171803194,5286.354559206495,0.8299779817467322,0.19299009279674323,396.62774614818954,5327.663084821041,1.2076322973681926,0.0014422235297125465,0.5255507930993714,3.125e-05
476,0.1992972352925469,0.17316286733337477,278.04731840245864,5280.8178806678925,0.8287669630983656,0.19266596670064165,393.0720323910947,5328.09368738117,1.2056040837101767,0.001429294192077431,0.5255932701692204,3.125e-05
477,0.19914286160001568,0.1730530513267891,277.38974747003294,5285.578067555147,0.8309548958909019,0.19324796477882486,393.59622524286885,5328.217646096365,1.209245927009151,0.001431200269683644,0.525605498157373,3.125e-05
478,0.1992217904212428,0.17316808273979262,276.9105817009421,5285.414627374387,0.8333552794254119,0.1938920862814476,396.5737062828336,5327.19734900351,1.213276506603803,0.0014420270291749119,0.5255048502864754,3.125e-05
479,0.19898125792250915,0.17293859346240176,276.7712345497281,5284.821605009191,0.8277174829719569,0.1924237777055659,391.54875790028774,5321.044407041424,1.2040885900996903,0.0014237552394091226,0.5248978893213045,3.125e-05
480,0.19952838502678216,0.17339866243156732,277.9158031987209,5286.036994485294,0.8290888405621353,0.19280849303115088,391.0487051718348,5317.360078240205,1.2064959398539508,0.0014219369404674183,0.5245344463083566,3.125e-05
481,0.19910542170206705,0.17303917922225653,277.03141186284086,5288.886958103554,0.8306317693611761,0.1931843511493834,389.920170262015,5324.080798354811,1.2088478657804471,0.0014178333455554374,0.5251974161189839,3.125e-05
482,0.19916015804982654,0.17308728542982363,277.20995854396443,5282.1248468137255,0.8287671833888488,0.19271019765194367,391.4812178752861,5319.746260765908,1.2058808581526443,0.0014235096493963192,0.5247698328369146,3.125e-05
483,0.199075011938226,0.17308725971801608,276.0421444761987,5284.590169270833,0.8317400503587696,0.1934855786626317,392.92732633019386,5322.820650091543,1.2107327919369295,0.0014287680098121962,0.5250731079732472,3.125e-05
484,0.19919288859647863,0.17305517401181014,278.036158842199,5285.000670189951,0.8294854032315497,0.19285907848109568,395.705481862739,5327.662280743483,1.2068124774660374,0.0014388699790192135,0.5255507137806172,3.125e-05
485,0.19956026357762954,0.17337335646152496,278.7113611557904,5283.553193933823,0.828653076110942,0.1926380574898758,391.2046879748999,5327.701165208603,1.2054294422877778,0.0014225041273851155,0.5255545495639913,3.125e-05
486,0.19930172989181444,0.17322217746108187,277.24605964211855,5286.09730200674,0.8293324900998135,0.19282470198564383,393.3952087287057,5326.5387242288725,1.2065973671172294,0.001430469330536289,0.5254398798168428,3.125e-05
487,0.19923770106306263,0.17320970022210888,276.5501116584329,5286.739956724878,0.8277266482193143,0.19241798508592717,390.5529567679192,5322.648013941055,1.2040523428785985,0.001420134292972663,0.5250560781678031,3.125e-05
488,0.19938681669094982,0.17338448967419418,276.209405038871,5286.620720358456,0.8269657841159747,0.19221850910579272,390.3972303713672,5322.048885922019,1.2028041252490376,0.0014195680384040258,0.5249969767943566,3.125e-05
489,0.19926885237880781,0.1731370144030627,277.9413877000996,5286.232488893995,0.8292897014981837,0.19283105237396203,392.00837426837097,5323.212550946162,1.2066371045665603,0.001425426503074179,0.525111767288163,3.125e-05
490,0.19922060358758067,0.17309282486345254,277.9401149375766,5282.269330193015,0.828721159108243,0.1926809378835163,394.0127647929058,5322.888324202958,1.2056977656381307,0.0014327148968017748,0.525079783730021,3.125e-05
491,0.19880777860389037,0.17278415811996833,276.5613328522327,5281.519483379289,0.8280359519708208,0.19247589689815328,393.0356133330764,5327.213290511761,1.2044147250808654,0.0014291617645735208,0.5255064228469343,3.125e-05
492,0.19885367651780447,0.1728076178069208,276.87622459262025,5280.340025658701,0.8280351557542027,0.1924971335173704,393.0125895137795,5323.132413810601,1.2045476128725747,0.0014290780450298018,0.5251038621082595,3.125e-05
493,0.19895150702373654,0.1729207380729563,276.6235599891812,5284.001895680147,0.8300544931187305,0.19302966014924983,393.8231880381902,5324.114815702589,1.2078798894187268,0.0014320255550726785,0.5252007717823993,3.125e-05
494,0.19842033847874285,0.17234377913615284,277.2489061542586,5282.891161151961,0.827745253244611,0.1924481008368616,388.86634629611075,5317.92212461775,1.2042407916894202,0.0014140014156550156,0.5245898897391393,3.125e-05
495,0.19900426823718875,0.17295576748894712,276.86527686025585,5283.604549632353,0.8309093529304415,0.19327283578123317,392.74495336826686,5321.207615336442,1.2094015568932601,0.0014281048626183129,0.5249139891098087,3.125e-05
496,0.19893052122172186,0.1728419132676779,277.3899416456035,5284.361471737132,0.8281077152360119,0.1925010332387054,392.8113841702688,5326.075490446211,1.2045720153139987,0.0014283464192584503,0.5253941838188053,3.125e-05
497,0.19847666253061855,0.17247428262934966,276.2524758133234,5283.443167892156,0.8270816175599938,0.19223780998037426,391.79777513152544,5324.195456312962,1.2029249001508697,0.0014246607194560498,0.5252087266279034,3.125e-05
498,0.19843475023905435,0.17244024019615323,276.2013235653148,5279.410098805147,0.8281421347210618,0.19253790572038262,389.67312341135056,5320.91887173942,1.2048027442551181,0.0014169350302347626,0.5248855058097198,3.125e-05
499,0.19903143597584144,0.17296985346896976,277.0992467543658,5279.139667585784,0.8292323145157198,0.19279651968815015,391.9678530125628,5326.876935035116,1.206421016859171,0.0014252791590995133,0.5254732428419865,1.5625e-05
500,0.1983297873361438,0.17239790628938115,275.27169710047104,5286.502211626838,0.8281789631885972,0.1925375281166524,389.7462456259453,5322.8547401224705,1.2048003814060535,0.0014172009182858566,0.5250764708065393,1.5625e-05
501,0.19842907348099878,0.17254998315783107,274.6480078603707,5280.488089767156,0.8273128536580947,0.19231250237651423,389.3856448926836,5321.790811345225,1.2033922865780138,0.0014158896966998931,0.5249715188597326,1.5625e-05
502,0.19847787595262714,0.17259511439239278,274.6196740842333,5286.284955193015,0.8269494013083221,0.19222244011378886,389.3354739841333,5320.5095589019575,1.2028287234662234,0.0014157072645187836,0.5248451288784219,1.5625e-05
503,0.19842237760038936,0.17256693279041962,274.3332513547411,5280.450243183211,0.8271098232613295,0.19225194184029637,390.58958355116437,5322.980320277032,1.2030133300294013,0.0014202674758100383,0.5250888587426338,1.5625e-05
504,0.1985080087301778,0.17261955200457105,274.75630846210555,5281.73255591299,0.8284058928412852,0.19258743493541253,391.36543243435506,5324.7999580308215,1.2051126724947838,0.001423088628706439,0.5252683580933682,1.5625e-05
505,0.19825504486467324,0.172344248084461,275.0799291274127,5279.80078125,0.8264506577442972,0.1920860577655541,389.63374309955054,5321.172826256079,1.2019753131893929,0.0014167918349771516,0.52491055731833,1.5625e-05
506,0.1988370465297325,0.1729289354646907,274.93765019435506,5287.785970052083,0.8272411573678052,0.1922844758239802,389.8254419479676,5323.474072697646,1.2032169108914512,0.0014174888930939646,0.5251375652715785,1.5625e-05
507,0.1984065394191181,0.17247260434954775,275.33570921654797,5283.755916819853,0.8274979172335616,0.1923781187166872,390.7273055757732,5318.634664480218,1.2038028797358262,0.001420768262621802,0.5246601786977076,1.5625e-05
508,0.1982142317528818,0.17232062419255575,274.83677194632736,5280.848517922794,0.8261491771329267,0.19200306054742072,389.2520810931326,5321.700430723704,1.2014559594766863,0.0014154040300860442,0.5249626032044884,1.5625e-05
509,0.19843469881543926,0.17251820891511208,275.0584989061543,5287.102280560662,0.8269204882264825,0.19218313330273057,389.9034478164523,5326.503279463017,1.2025827617494709,0.0014177725391577533,0.5254363833448419,1.5625e-05
510,0.19843206861439874,0.17254636188348135,274.7045946308211,5282.86195044424,0.8270075696848325,0.1922267205744333,390.38459731464565,5322.604656954308,1.2028555083775467,0.0014195221019010127,0.5250518011896217,1.5625e-05
511,0.19845743740306182,0.1725173940261205,275.4405361998315,5282.002058440564,0.8273751032216048,0.19232808704163218,389.6890684702281,5321.969046832672,1.2034898073609066,0.0014169930098877727,0.524989101015416,1.5625e-05
512,0.1987367698959276,0.17285167615787655,274.6818578383502,5283.952713311887,0.8272088030618536,0.19227521904507897,389.2550189255301,5323.616755834586,1.2031589867513635,0.0014154147126745702,0.525151640342503,1.5625e-05
513,0.1977345245141609,0.17186179844772115,274.5446974810432,5281.872989430147,0.8268449393896299,0.19217606195735265,390.8339324919822,5323.985366658978,1.202538512923324,0.0014211559809520263,0.5251880021972262,1.5625e-05
514,0.19834925351189633,0.17242920106532528,275.1658394009459,5282.61385569853,0.8265073391773312,0.19207036570758917,390.324328598921,5327.0065798798805,1.2018771203975454,0.0014193029519278507,0.525486031742092,1.5625e-05
515,0.19852881513389886,0.17259144286314645,275.36173323089,5285.24227366728,0.8267463381353158,0.19213598148286407,390.4793838868579,5326.628074665463,1.2022877100205178,0.0014198667662016645,0.5254486938488239,1.5625e-05
516,0.19842059851861468,0.17252675137099097,274.83133562873394,5281.495509727329,0.8261269660402792,0.19197743935447867,390.62629366235467,5325.399733920131,1.2012956352877835,0.0014204009616456896,0.5253275233763995,1.5625e-05
517,0.19833090492323333,0.17238792543317757,275.42555506089155,5286.0624904258575,0.8279308561515373,0.19246482633531506,390.284601556586,5324.094508933749,1.2043454512179448,0.0014191584958836686,0.5251987686079682,1.5625e-05
518,0.19825004976169736,0.17234090350422204,274.98625721650967,5285.175924862132,0.826349966653299,0.19204599951664347,391.5263236637724,5323.6225459729,1.2017246493627713,0.0014236736637148154,0.5251522115144661,1.5625e-05
519,0.19832531844868379,0.17243290619522916,274.8023406384038,5282.237323835784,0.8259570183887756,0.19193962717872415,390.0238254060564,5324.0036219896365,1.201059026226597,0.0014182102578848548,0.5251898030062024,1.5625e-05
520,0.19821694785473393,0.17231754870975718,274.8802843280867,5283.376426547181,0.826287154139958,0.1920190121750513,390.42775440351954,5325.615037166136,1.2015557765214016,0.0014196790303298789,0.5253487621052555,1.5625e-05
521,0.198376723948647,0.17246545120781542,275.0182542987898,5284.904201133579,0.8281075950062619,0.1925314512821893,390.4246732931304,5320.368763844101,1.2047623557154232,0.001419667826751854,0.5248312400582876,1.5625e-05
522,0.19811735199946984,0.17226511064697714,274.3536326090495,5275.71915211397,0.8268444422926459,0.19216121445159756,392.40291015713996,5326.727843742751,1.2024456049028895,0.0014268611201619255,0.5254585356343987,1.5625e-05
523,0.19830666336358763,0.1724426258428424,274.377275354722,5285.740445006128,0.8261748220831874,0.19199218602000662,391.0592079373704,5325.003112301484,1.201387912302173,0.0014219751307749033,0.5252883983786432,1.5625e-05
524,0.19821154720642986,0.17232508080847123,274.65641485476027,5287.232488893995,0.8268019538049676,0.19216094633537997,390.54822645532795,5324.693641418625,1.2024439271701153,0.0014201170925418098,0.5252578704219503,1.5625e-05
525,0.19754593337283416,0.1717142053678924,274.0144913617302,5280.64075903799,0.8270137412951062,0.19219277732121912,392.1432623216787,5329.312111261655,1.2026431090348386,0.001425916984958633,0.5257134623860565,1.5625e-05
526,0.1985718207616432,0.17265997213475845,274.98971228506053,5287.619772518382,0.8271666671234045,0.19225799323657075,390.7513822034793,5324.703979043176,1.2030511965409887,0.0014208558104026395,0.5252588901836535,1.5625e-05
527,0.19847699240142225,0.1725829597197327,274.77442902209714,5285.95006127451,0.8271644588513882,0.19225757764344678,390.88343641594184,5324.666269967478,1.2030485959739243,0.0014213359878341497,0.5252551703473342,1.5625e-05
528,0.1981124986036151,0.17221171540372512,274.8605092366536,5286.244753370098,0.8274779453113634,0.19232976576456884,391.38052413368547,5326.799936041418,1.2035003119417753,0.0014231435053611587,0.5254656472261299,1.5625e-05
529,0.19789734015277788,0.17196659130208633,275.28587101955037,5284.305932138481,0.828422291816854,0.192592964997944,391.9022713156278,5324.558994478152,1.2051472767691416,0.001425040689987464,0.5252445880868575,1.5625e-05
530,0.19802385685490628,0.1721534951060426,274.4974254533356,5283.053739659927,0.8264682057224146,0.19207382387616712,391.2535840461848,5324.33069360176,1.2018987598299327,0.001422681923984578,0.525222067198291,7.8125e-06
531,0.19813822677322462,0.172283996553982,274.199577181947,5289.261479396446,0.8264845180840148,0.19207291424019649,390.4879862022482,5325.358836057366,1.2018930677979685,0.0014198980460649276,0.5253234889801042,7.8125e-06
532,0.19794058507564022,0.17212198470153062,273.808100382487,5282.991794960171,0.8260737165935246,0.1919709658203611,390.23784556472447,5323.946951608556,1.2012551272556602,0.0014189884810718644,0.5251842127195706,7.8125e-06
533,0.1981484247188942,0.17233689538404054,273.6868034811581,5285.017740885417,0.8259554960700385,0.19193653891565912,389.89943386449147,5324.518748449901,1.2010397014718075,0.001417757943567754,0.5252406179912021,7.8125e-06
534,0.19798406841708163,0.17218293337260976,273.553051219267,5284.65296606924,0.8257386206390203,0.1918848243303113,390.0952710945121,5323.360260611481,1.2007160983137075,0.0014184700497274275,0.5251263382042516,7.8125e-06
535,0.19805659266079173,0.17221414370864047,274.1114232680377,5284.0927830116425,0.8261339103201419,0.19198264134259269,390.11521343935686,5324.780606110148,1.201328186641928,0.0014185425643693105,0.5252664491105561,7.8125e-06
536,0.19810310795026667,0.17227383717602374,273.9256331499885,5284.847838158701,0.8263205343795803,0.19203482308578795,390.34543574401107,5324.301152513322,1.2016547130324922,0.0014193797020331815,0.525219153098392,7.8125e-06
537,0.19798223732733258,0.17216862387516918,273.74076185039445,5283.056008731618,0.8267907807397685,0.19215990894356783,390.1901266283404,5324.337935801169,1.2024374357080965,0.0014188149647873021,0.5252227816097661,7.8125e-06
538,0.19745374573212043,0.17163642159864015,273.84711201985675,5278.790182674632,0.8260173141908866,0.19196003759207939,389.52105791568675,5323.194196687461,1.2011867440488604,0.0014163820874867235,0.5251099567203655,7.8125e-06
539,0.1978756250704036,0.1721001469037112,273.29606030034086,5278.270546109069,0.8259808635624685,0.19194827586759072,389.4990440131253,5323.585732362654,1.201113145253402,0.0014163020402168003,0.5251485800119192,7.8125e-06
540,0.19784506687930986,0.1720258912035063,273.8331101361443,5281.691942401961,0.8257672534300899,0.19189729611288267,389.5476551171574,5322.458338316951,1.2007941402858144,0.0014164788006142289,0.525037367492392,7.8125e-06
541,0.1979418303452286,0.17211153109868368,273.9856555415135,5281.372606464461,0.8259248635300016,0.19192104270745253,389.9687332278214,5325.9124957348,1.200942734206567,0.0014180099309119558,0.5253781050993952,7.8125e-06
542,0.19784571084321714,0.17198270121041467,274.3659748750574,5285.561006433823,0.8264238684759153,0.19206294356249837,390.8381835116336,5324.169251093031,1.201830676448027,0.0014211714385709802,0.5252061415969247,7.8125e-06
543,0.1976433372965046,0.17182306682362275,273.833745320638,5282.738061044731,0.8263914347904923,0.1920508193739422,390.7329750919364,5324.836435683763,1.2017548095396917,0.001420788878198226,0.5252719564551882,7.8125e-06
544,0.19804037815215542,0.17221240377893635,273.9271132525276,5283.438773360906,0.8260526430516306,0.19196383541153444,389.70494021188074,5324.25538175675,1.2012105088409648,0.0014170507229436325,0.5252146380123149,7.8125e-06
545,0.19804216015572643,0.17220557495659472,274.03221938189336,5284.167356004902,0.8258644095040527,0.19190895373910458,390.1705302424193,5325.141409013642,1.2008670876880991,0.0014187437081262459,0.5253020407478397,3.90625e-06
546,0.19798551266099892,0.17220497189783582,273.29161849676393,5283.668131510417,0.8258458544461953,0.19191851024579965,389.3113707242099,5322.413967471475,1.2009268873698742,0.0014156196198974937,0.5250329905014564,3.90625e-06
547,0.19787782459866768,0.1721140911766127,273.0569443048215,5284.460650275735,0.8259760576685895,0.19194205730297254,390.0782626855799,5324.504192128422,1.2010742326886825,0.0014184082035056157,0.5252391820733942,3.90625e-06
548,0.1980186627776015,0.1722120154722064,273.63831284466914,5283.773064108456,0.8257907366412122,0.1918943049421635,389.848131208568,5324.206768801053,1.2007754230847651,0.0014175713961105273,0.5252098425556551,3.90625e-06
549,0.19760513042702393,0.17178690345848308,273.7910353716682,5283.897901348039,0.8259214888842212,0.1919350161114969,389.40392643081924,5323.103101725859,1.201030172550078,0.0014159561722924723,0.5251009705985792,3.90625e-06
550,0.19761039053692536,0.17189065264720543,272.49807499904256,5282.381711473652,0.8257317302038684,0.19187391291959752,390.53633441641256,5325.071212237124,1.2006478203425597,0.0014200738505384285,0.5252951161411247,3.90625e-06
551,0.1975405093501596,0.1717822431933646,273.0158401190066,5282.077560125613,0.8258938675343848,0.19191927208883702,389.95562211799665,5324.678853375113,1.2009316545900155,0.0014179622561053555,0.5252564116457716,3.90625e-06
552,0.19786310400448592,0.1720837567951165,273.27757352941177,5283.527382046569,0.8261250350042998,0.19197879425948494,390.27497454552645,5325.056965692777,1.201304113583336,0.0014191234900072373,0.5252937107814837,3.90625e-06
553,0.19801458365776958,0.1722113095662173,273.541451846852,5287.664799708946,0.8260566820204648,0.19197019875004162,389.3782590997619,5323.261189645156,1.2012503273258879,0.001415862840373172,0.5251165652842872,3.90625e-06
554,0.1979821952534657,0.17218887192361496,273.4614652745864,5283.712565104167,0.8258778608053072,0.1919199865446313,389.5465581984747,5323.746645151678,1.200936125285271,0.0014164748119826981,0.5251644533587403,3.90625e-06
555,0.1976254485985812,0.17183406037442825,273.3848820106656,5287.521905637255,0.8258271510918855,0.1919009723883996,390.160241804797,5324.772156629402,1.2008171445187463,0.0014187062971610098,0.5252656156060277,3.90625e-06
556,0.1972946992107466,0.1714945055690466,273.58445171281403,5281.358503753064,0.825884315815629,0.1919190699797713,389.7301199392497,5324.241484502503,1.2009303898958967,0.00141714228183137,0.5252132671086233,1.953125e-06
557,0.19758500655492148,0.1717942456404368,273.44344464470356,5282.50155101103,0.825515058200319,0.19182091721460684,389.83493547534067,5324.199908220536,1.2003162005995922,0.0014175234135950904,0.525209165789224,1.953125e-06
558,0.19786309553127662,0.17206581053780576,273.458729762657,5287.87877221201,0.8256393375351235,0.1918535121895034,389.7279501441981,5324.300248731054,1.2005201631131417,0.0014171343919913162,0.5252190639442018,1.953125e-06
559,0.19779936414138943,0.1720439686494715,272.95167960372623,5284.018727022059,0.825963808801319,0.19194137222187677,389.6877180919198,5324.028108476396,1.2010699458051146,0.0014169880996226963,0.5251922184916284,1.953125e-06
560,0.19789806183646708,0.1721612989318137,272.70529025208714,5283.865770526961,0.8257455675524905,0.19188145979654758,389.99274611720375,5324.356431364843,1.2006950447996139,0.0014180972469265813,0.5252246061166845,1.953125e-06
561,0.19765370236892327,0.1718542821267072,273.48868366316253,5287.766869638481,0.8256052015182748,0.1918451531412477,389.7993682457825,5324.158124277052,1.200467856507644,0.0014173940835221098,0.5252050439849194,1.953125e-06
562,0.19805684218219682,0.1722797903360105,273.22732693541286,5285.001771216299,0.8256987953900924,0.19186827475414617,390.0897117144751,5324.491279187171,1.200612539615978,0.0014184498346295734,0.5252379082678987,1.953125e-06
563,0.19764572148229562,0.17188692238985323,272.97730210248164,5285.501627604167,0.825746163018137,0.1918809236954611,389.9301233400023,5324.4909428091705,1.2006916901559774,0.001417869537081133,0.5252378750856719,1.953125e-06
564,0.1974032205693862,0.17171430938384113,272.0844723570581,5282.5740655637255,0.8256800230429914,0.19186311766061323,390.12864378183855,5324.519744509995,1.200580269188928,0.001418591399974301,0.5252407162481985,1.953125e-06
565,0.1978748583910512,0.17208083003175026,273.4126410390816,5288.080547257966,0.8257684628402187,0.19188658563600966,389.94958854089,5324.543046821281,1.2007271196548348,0.0014179403167252792,0.5252430149198641,1.953125e-06
566,0.19745107199631484,0.1716926127087836,273.09165685317095,5276.5839748008575,0.8257729236491276,0.19188878445820926,389.7433713397271,5324.358310997666,1.200740878748195,0.0014171904667648644,0.525224791534288,1.953125e-06
567,0.19745907976346858,0.17166565095677094,273.4392577526616,5285.484757965686,0.8258444556613248,0.19191266017543687,389.5208389560836,5323.448625942227,1.200890280651832,0.001416381291302657,0.5251350550598254,1.953125e-06
568,0.19781149281006233,0.17206500295330496,272.8605005600873,5281.950779335171,0.8257988516856175,0.1918948841394406,389.899523897263,5324.5059750499395,1.2007790474020978,0.0014177582709462163,0.5252393579508479,9.765625e-07
569,0.1973400948678746,0.17160117801497965,272.7980843338312,5279.05916819853,0.8257160695301706,0.1918728538355028,389.8227201454776,5324.50527841141,1.2006411931414434,0.0014174789960365035,0.5252392892304867,9.765625e-07
570,0.19772569484570446,0.17193693711477168,273.4513349346086,5279.9068914675245,0.8258163311232585,0.19189850186702764,389.8615321115024,5324.704886239546,1.200801685272332,0.0014176201246670116,0.52525897967463,9.765625e-07
571,0.19777782758076987,0.1719779307935752,273.50626268573836,5286.924689797794,0.8258046059228447,0.19189693988837087,389.8357052581663,5324.408776645526,1.2007919112168537,0.0014175262126905007,0.5252297697509722,9.765625e-07
572,0.19761109206022,0.17185657865860882,272.9814483044194,5280.904612821691,0.8257040661846378,0.19187041157977255,389.89246224274666,5324.3590661775215,1.200625910766812,0.0014177325932562385,0.5252248660294964,9.765625e-07
573,0.19780433090294108,0.17202479786732616,273.23064617082184,5287.232689950981,0.8257983464672846,0.1918952363464607,389.8309090097267,5324.415870905926,1.200781251331671,0.0014175087725027654,0.5252304695689074,9.765625e-07
574,0.19736617949663424,0.1715832682801228,273.3388914220473,5282.494533164829,0.8257421878681873,0.1918801915875904,389.93399873364336,5324.42863511532,1.2006871090031472,0.001417883628843372,0.5252317287026521,9.765625e-07
575,0.19752548284390392,0.17173930768873177,273.4202818029067,5279.653511795344,0.8257632656992581,0.19188556576492527,389.83496073928796,5324.477930778071,1.2007207378284788,0.0014175235054602199,0.5252365915053937,9.765625e-07
576,0.1976165453008577,0.17186966742955,272.80619692334943,5286.413593367034,0.8257513680984958,0.19188358646388493,389.74490158941154,5324.254867732203,1.2007083523851232,0.0014171960310808325,0.5252145873060289,9.765625e-07
577,0.1976658211034887,0.17189182224226932,273.19002697514554,5284.746151194853,0.8257344156501136,0.1918776975449303,389.84604451998996,5324.5125518555105,1.2006715025726633,0.001417563808463431,0.5252400067241147,9.765625e-07
