epoch,loss_total,loss_data,loss_cont,loss_mom,val_score,val_data,val_cont,val_mom,norm_data,norm_cont,norm_mom,lr
1,4.364846606003611,0.4583094464124818,52087.15995065789,,36.22593021295116,0.6386968195408758,22149.220640020754,,51.679060674227046,0.16862580330745264,,0.001
2,1.675298389635588,0.545870409200066,15059.038702713815,,26.291881693190582,0.46379382964784693,10036.379759322343,,37.52708441531429,0.0764086749019266,,0.001
3,1.0300259119585942,0.42628233056319387,8049.913934004934,,22.324007658495283,0.393903845968748,5940.803804914287,,31.872055931425407,0.04522835499166819,,0.001
4,0.7759471912133066,0.37764558666630793,5310.687898334704,,20.250162865529205,0.35735521292589284,4296.4149123685875,,28.914785804513667,0.03270934123213434,,0.001
5,0.6330540588027552,0.3451966580591704,3838.0984400699012,,18.69335981592531,0.3299023802634297,3467.259104729362,,26.693486807185504,0.026396836318188392,,0.001
6,0.5512343033363944,0.3212200026763113,3066.8572548314146,,17.66942100353981,0.3118480113755757,2875.3250464350176,,25.23264843028394,0.021890341136837813,,0.001
7,0.49270033365801763,0.3029298923517528,2530.2724480879933,,16.790769560118658,0.2963502717007461,2494.2856657682564,,23.97867533308796,0.018989423190288943,,0.001
8,0.4509683094526592,0.2888344981168446,2161.784044767681,,16.043405323987493,0.2831669303920305,2201.3820302500403,,22.911967820951123,0.016759497739020954,,0.001
9,0.4173362302152734,0.276638421573137,1875.9707095497533,,15.338603978018083,0.2707318301074772,1988.6203532216564,,21.905802951432147,0.015139706718603433,,0.001
10,0.3923552867613341,0.26537543848941203,1693.0646008943256,,14.778511270452327,0.2608509203858873,1793.8389408617088,,21.10630604242034,0.01365680252696748,,0.001
11,0.3664630996553521,0.2557183817813271,1476.5961849814967,,14.293016057976038,0.25228599508188626,1625.78986820775,,20.41328976159108,0.012377416207606686,,0.001
12,0.34975709256372955,0.2494401963133561,1337.5585809004933,,13.872101323893649,0.2448597931727961,1494.5101349062018,,19.812411336496044,0.01137796115472944,,0.001
13,0.33360834811863144,0.24188804391183352,1222.9373008326481,,13.445794456653886,0.23733711019284282,1394.9681260082118,,19.203726310581178,0.010620130823537912,,0.001
14,0.3186180983719073,0.23432503326943047,1123.907461065995,,13.132596473972976,0.23181199237299863,1281.4971274339794,,18.75667085279882,0.009756256712676157,,0.001
15,0.30604334097159536,0.22813550892629123,1038.7710250051398,,12.83256166900343,0.22651731396114888,1216.7357213412545,,18.328261005552054,0.009263217056645368,,0.001
16,0.2946326638522901,0.22218883900265946,965.9176475123355,,12.51712964793034,0.22095193347929487,1123.5850805928615,,17.8779477633417,0.008554045303828924,,0.001
17,0.28605950192401286,0.21838232404307314,902.3623335988898,,12.283557678896953,0.21683085819209874,1054.7839002934445,,17.544498005500163,0.008030250156132963,,0.001
18,0.27470621858772476,0.21140865981578827,843.9674329255756,,11.988532647881721,0.21162388964158685,1008.3891606416673,,17.123185051657472,0.007677039071636145,,0.001
19,0.2685883805940026,0.20869544070017965,798.5724969161184,,11.765583932851472,0.20768942163898121,963.2082442107193,,16.804834303060318,0.007333069030831659,,0.001
20,0.2616331765526219,0.20389437361767418,769.8506662469161,,11.530380328235784,0.20353815883904686,928.6302493025524,,16.468941974260737,0.007069820844228865,,0.001
21,0.25461296972475556,0.20015190228035576,726.1474641498767,,11.351914919688076,0.20038938176585708,875.7084198225587,,16.214164063307674,0.006666917909014995,,0.001
22,0.25088363415316534,0.19872879354577316,695.3978271484375,,11.142880414198542,0.196699758207766,850.8392073800709,,15.915624484136584,0.006477584343112413,,0.001
23,0.24290718844062403,0.19256211660410227,671.2676038240131,,10.932769528291846,0.1929921346750562,801.0682349382782,,15.61562846780784,0.006098669421192952,,0.001
24,0.23899185892782712,0.19080405721538946,642.5039865594161,,10.76491872579596,0.19002942474121387,781.3752361615783,,15.375905861170727,0.005948743254840465,,0.001
25,0.2332358391661393,0.18742839207774714,610.7659622995477,,10.583392208935843,0.186825982313031,743.8211925130014,,15.11670479652246,0.0056628379003991315,,0.001
26,0.23050749615619057,0.18604429144608348,592.8427364951685,,10.443250043734759,0.18435238769128126,726.5306512863169,,14.916558118740758,0.005531202054093003,,0.001
27,0.22426489544542214,0.18167768183507418,567.8295111405222,,10.274255586583262,0.181369740954805,700.5117482876419,,14.675222359820046,0.005333115697437966,,0.001
28,0.22127311166964078,0.17982328330215655,552.6643676757812,,10.113831852740711,0.17853820745543703,679.6483562775522,,14.446113670003596,0.005174279127312203,,0.001
29,0.2163206652591103,0.17665935503809074,528.8174534847861,,9.98747207547316,0.17630784826091914,664.854782558054,,14.265647970766725,0.00506165312151356,,0.001
30,0.21273425927287654,0.17456524623067757,508.92016280324833,,9.832978701571596,0.17358110130621313,641.9436773718654,,14.045017904976179,0.004887226960906268,,0.001
31,0.2092944289508619,0.17226379560796837,493.74175382915297,,9.688658365587688,0.1710333529600911,634.2174625034562,,13.838871205425445,0.004828405966258834,,0.001
32,0.20652634140692258,0.1702048433454413,484.28661627518505,,9.569157584120743,0.16892439265625178,612.0013524089707,,13.668228289777307,0.0046592709220992885,,0.001
33,0.2019881237494318,0.16664992115999522,471.1760141473067,,9.441897590676366,0.1666782533794194,594.3866508461891,,13.486485772171493,0.004525167187736819,,0.001
34,0.19896538085059115,0.1654053746085418,447.46671014083057,,9.307849699459329,0.16431177310547068,589.0893686417617,,13.295006068625026,0.004484838072704489,,0.001
35,0.19671912099185743,0.16354725705949882,442.2915103310033,,9.19626001977008,0.16234224066930802,573.0049920738638,,13.135644720401194,0.004362384964148576,,0.001
36,0.19269881985689463,0.1604772759111304,429.62056692023026,,9.098857497204303,0.16062313157819544,558.3888995660467,,12.996545948797655,0.004251110153156201,,0.001
37,0.1889778030546088,0.15786823787187276,414.7941782098067,,8.968319997812015,0.1583187297432474,550.6013406642994,,12.810089215958925,0.004191822135895743,,0.001
38,0.1876771269660247,0.15689572613490255,410.4186497738487,,8.868515801579303,0.15655710876361315,538.686730389093,,12.667550667611444,0.004101114170978833,,0.001
39,0.1846318041023455,0.1547671081988435,398.19589875873766,,8.752973103445473,0.1545173277472369,533.9038872374184,,12.502505275678505,0.004064701568402315,,0.001
40,0.18280048119394401,0.15351202378147527,390.5127547414679,,8.650924612553167,0.15271651313465837,511.3083920712523,,12.356795441561312,0.0038926782008333488,,0.001
41,0.1795904605012191,0.15117063020405017,378.93102706106083,,8.552866150148686,0.15098533703165912,508.7447894458826,,12.216720288331361,0.0038731610557793616,,0.001
42,0.17691770274388163,0.14919256066021166,369.6685341282895,,8.441929379145916,0.14902701549945288,500.51123888467225,,12.058266051225122,0.0038104776277698006,,0.001
43,0.17606314938319356,0.14843712354961194,368.34701859323604,,8.363850007032438,0.14764911732298916,484.6701576998201,,11.946775777145529,0.0036898767685581797,,0.001
44,0.171574667096138,0.1451912424282024,351.7790093672903,,8.25610839641929,0.14574661962328736,491.03299751437225,,11.792838429960769,0.0037383181558414344,,0.001
45,0.1702280546489515,0.14364114442938253,354.4921071905839,,8.17461684561088,0.14430840369726888,477.0205796997665,,11.676467648348332,0.0036316392234911833,,0.001
46,0.16721323524650775,0.14162110145154752,341.2284674393503,,8.069797130804574,0.14245802209111588,470.28183129023625,,11.526747185729473,0.003580335979809974,,0.001
47,0.1645112123928572,0.13962839661460175,331.77085796155427,,7.996615613752753,0.14116644398754166,458.2702220443087,,11.42224135269887,0.003488889545146264,,0.001
48,0.1643559156279815,0.1396596510159342,329.28350830078125,,7.926098995777509,0.13992186079253757,447.633522353005,,11.321538032311311,0.0034079105319729797,,0.001
49,0.16171717800592122,0.1377590130034246,319.4421981008429,,7.818485512902257,0.1380220568788041,443.2927972490383,,11.167818648210506,0.00337486384967705,,0.001
50,0.15895676769708333,0.1350144939987283,319.2302888569079,,7.718921314925567,0.13626483438301543,427.38125331843395,,11.025635995659867,0.0032537265455358844,,0.001
51,0.15780586396393023,0.1346609945359983,308.5982248406661,,7.627292038861745,0.13464717613630356,424.64869819638835,,10.894745945601247,0.0032329231362410098,,0.001
52,0.15590830853110865,0.13321952364946665,302.5171380293997,,7.54807948526663,0.13324855218819873,426.6327656906042,,10.781578681160358,0.0032480281812656566,,0.001
53,0.1531813521134226,0.13088211221130272,297.32317713687297,,7.473152554700418,0.13192582622100824,422.84364366934307,,10.674552572023082,0.0032191809475390384,,0.001
54,0.15218275550164675,0.12961072670786003,300.96035927220396,,7.389482287271714,0.13044915186006656,408.6308342212829,,10.555069991931267,0.00311097639942485,,0.001
55,0.14896119582025627,0.12734497181679072,288.2163029720909,,7.303739461351691,0.12893558617187598,401.83524004940676,,10.43260241319703,0.0030592403792366932,,0.001
56,0.14856971878754466,0.12732586892027603,283.25131305895354,,7.224064380971908,0.12752932429058864,390.719389173214,,10.31881713845722,0.0029746135061783684,,0.001
57,0.14655590449508868,0.12585677324157013,275.9883920769942,,7.132005004759316,0.12590406078836744,388.2741518491826,,10.187311722157709,0.0029559974963989035,,0.001
58,0.1443723306844109,0.1238603548784005,273.49298657869036,,7.056455740277116,0.12457039516605456,383.2943395987599,,10.07940044953828,0.0029180853344002756,,0.001
59,0.14288326392048284,0.12274659817156039,268.48886509945515,,6.983102564910421,0.12327550761812735,378.1945701847139,,9.9746268384786,0.0028792599180074087,,0.001
60,0.14214113354682922,0.12224207936148894,265.32071404708057,,6.905150123920244,0.1218996066846363,368.3994472286362,,9.863298167897895,0.002804687972393239,,0.001
61,0.1393954557807822,0.11994118557164543,259.3902700323808,,6.823631687761053,0.1204601954333599,372.2582679609736,,9.746830668586796,0.0028340658343227972,,0.001
62,0.13899952486941689,0.11957423114462902,259.0038974159642,,6.744763534688519,0.11906793702459322,367.17599095937,,9.634178460873319,0.002795373590656313,,0.001
63,0.13712522544358907,0.11743274762442238,262.5663548519737,,6.684554901640839,0.11800519109530742,360.41371676760434,,9.548188191812125,0.002743891241173037,,0.001
64,0.13505456126049944,0.11584755072468206,256.0934753417969,,6.600463418347582,0.11652065938865822,356.6296398581135,,9.428069848032226,0.0027150824167448255,,0.001
65,0.13241738982890783,0.1140319810886132,245.13876182154604,,6.5537027980087394,0.11569542129739685,347.9997190495753,,9.36129711943208,0.0026493813542798985,,0.001
66,0.13226892799139023,0.11393944605400688,244.39309130216898,,6.467197601563649,0.11416825485023285,344.6923686595522,,9.237729058549352,0.0026242019303443598,,0.001
67,0.12949707908065697,0.11160864288869657,238.51246643066406,,6.396597939907991,0.11292226923212449,332.4744558435795,,9.13691226349513,0.0025311848713327574,,0.001
68,0.1289255070058923,0.11129656708554218,235.05253279836555,,6.306811694298894,0.11133673189678063,340.129352533553,,9.008621222037636,0.002589462908495384,,0.001
69,0.12800598066104085,0.1103785888929116,235.03188524748148,,6.263205734301507,0.11056746024416578,324.82690936948563,,8.94637692209103,0.002472962792620197,,0.001
70,0.12567597509999023,0.108432957216313,229.90689408151727,,6.195538154306446,0.10937273945725691,325.07746314262937,,8.849708133165782,0.002474870301329182,,0.001
71,0.12481072897973813,0.10788551169006448,225.66955405787417,,6.12448321832403,0.10811831276907884,322.8518806576598,,8.74820834336516,0.002457926561391133,,0.001
72,0.12334500723763515,0.1065863637547744,223.4485754715769,,6.049481963132065,0.10679453886317287,312.5082809822924,,8.641097442059202,0.002379178968746812,,0.001
73,0.12158574085486562,0.10509914395056273,219.82128263774672,,5.978573560164843,0.10554264754261361,311.5662465689493,,8.539802797192758,0.0023720070997102004,,0.001
74,0.1204249200068022,0.10402715049291912,218.63691550806948,,5.9342688841789615,0.10476082539401978,301.57711805341165,,8.4765429953314,0.00229595815660516,,0.001
75,0.1194652566000035,0.1033113630194413,215.3852579217208,,5.867070020886142,0.10357456930364645,297.1350118529193,,8.380559112847621,0.0022621396426895242,,0.001
76,0.11810908741072605,0.10223884880542755,211.60317109760484,,5.822545713020904,0.10278853868286253,295.3479193765087,,8.316958789657514,0.0022485342021497812,,0.001
77,0.11630538576527645,0.10058083110734035,209.6607168097245,,5.762794593964923,0.10173381742662908,289.9000803614388,,8.2316178232903,0.0022070588723792175,,0.001
78,0.11502579991754733,0.09963948161978471,205.15090540835732,,5.690639898087414,0.10046014118317831,283.52444970123054,,8.128560488650791,0.0021585201062012923,,0.001
79,0.11328496548690294,0.09818446949908607,201.33993128726357,,5.648782299227788,0.09972125181313692,280.2756083983647,,8.068774519130292,0.002133786121948848,,0.001
80,0.11334166048388732,0.09842189636669661,198.93016775030839,,5.583458902299625,0.09856801630933001,278.1117329266119,,7.9754624409274415,0.0021173121680516938,,0.001
81,0.11194423076353575,0.0970868656509801,198.09820155093544,,5.525232190981125,0.09754002315290099,277.2816820001493,,7.892284133037988,0.002110992848445118,,0.001
82,0.11079868831132587,0.0963317669535938,192.89226652446547,,5.472398302631134,0.0966074816961864,270.5431244415274,,7.816829136162586,0.0020596910577445012,,0.001
83,0.1084507911613113,0.09421772588240473,189.7742052580181,,5.4058360438787485,0.09543228568939746,270.55344193137444,,7.721740161423974,0.0020597696065585585,,0.001
84,0.1086132918533526,0.09371526892247953,198.64029894377055,,5.41024696063716,0.0955098335083916,278.7245301852372,,7.728014810553796,0.0021219774983438837,,0.001
85,0.10811119879546918,0.0935129433086044,194.6433868408203,,5.326198913733773,0.0940268838076151,254.72665982616624,,7.608024472073097,0.001939277608684802,,0.001
86,0.10607834081900747,0.09205713476005353,186.9493946276213,,5.267156835612484,0.09298455042782877,252.51892986803884,,7.52368584953937,0.001922469783085625,,0.001
87,0.10493310815409611,0.09131206846550892,181.61386349326685,,5.219321710044238,0.09214004042733082,251.3507578449987,,7.455353767367584,0.0019135762897664736,,0.001
88,0.10467918060327831,0.09130604094580601,178.30852789627878,,5.171803863571334,0.09130141030297458,243.28533317094912,,7.387497445316387,0.0018521728328782458,,0.001
89,0.1025857662684039,0.08928581719335757,177.3326520417866,,5.131477209814993,0.0905894469653106,242.60809047208627,,7.329890149649234,0.0018470168684320968,,0.001
90,0.10194245059239238,0.08880327328255302,175.18902748509458,,5.078952259555245,0.08966217565778259,240.4407842544903,,7.2548615778807735,0.0018305167956803262,,0.001
91,0.10129838907404949,0.0878133287555293,179.8007957056949,,5.061698105769415,0.08935702078171072,253.4032319665536,,7.230170493045106,0.0019292021261396773,,0.001
92,0.10013827759968608,0.08711779431292885,173.60642925061677,,4.9975284024512945,0.08822486511618566,233.61475534094933,,7.138564053900164,0.0017785490706008283,,0.001
93,0.09954852963748731,0.08679935845889543,169.98893818102385,,4.943122076833374,0.08726438034101039,231.365261902711,,7.0608480712080395,0.0017614232924877875,,0.001
94,0.09790741887531783,0.08543602181108374,166.28528072959497,,4.900032996765607,0.08650352067164747,233.7650632842159,,6.999284412497723,0.001779693390669184,,0.001
95,0.09743391996935795,0.08483764568441793,167.9503173828125,,4.870409786794938,0.08598058188052832,231.87294491916637,,6.956971714691305,0.0017652883700842719,,0.001
96,0.09763190777678239,0.08484398808918502,170.50559917249177,,4.822653516716863,0.08513761036307618,227.07811205149383,,6.8887641162436255,0.0017287844877501301,,0.001
97,0.0953682649292444,0.08321346264136464,162.0640315005654,,4.784675409516909,0.0844673820833217,219.7028192250318,,6.834533741400185,0.001672635122600789,,0.001
98,0.09432795800660786,0.08244342749056063,158.46040424547698,,4.73891734936183,0.08365952529369428,218.9957380756515,,6.769167391091359,0.0016672519929297443,,0.001
99,0.09299098857139286,0.08143532040872072,154.07556072034333,,4.70521901699878,0.08306465837824877,216.59415671294246,,6.72103475213678,0.0016489683434471392,,0.001
100,0.0932110057849633,0.08171109463039197,153.3321493048417,,4.674838956726122,0.082528366425341,214.467125309854,,6.67764160608457,0.0016327748897434955,,0.001
101,0.09323155683906455,0.08127786611255847,159.38253382632607,,4.624168780999284,0.08163389206252594,211.06444024323872,,6.605266742998999,0.0016068696666168844,,0.001
102,0.0916862323095924,0.08030323703822337,151.77326804713198,,4.595027391557302,0.08111951257009513,207.8709892608949,,6.5636466062054275,0.001582557378343964,,0.001
103,0.09091210247654664,0.07982456448831056,147.833839818051,,4.555567412266467,0.08042296386669308,204.39172975362112,,6.507286559303135,0.0015560691809096466,,0.001
104,0.0898213210074525,0.07892871099083047,145.23478176719263,,4.526015960390618,0.07990132732655161,201.62372035659774,,6.465079230907101,0.0015349958521581927,,0.001
105,0.08972433483914326,0.07862330032022376,148.01379233912417,,4.477154851516496,0.07903861391258733,202.66458798090048,,6.395274250671284,0.001542920155326117,,0.001
106,0.08807747026807383,0.0772862265768804,143.88324737548828,,4.452839720151684,0.07860957940247676,196.13384723672812,,6.360559657141165,0.0014932005095617436,,0.001
107,0.0877369014840377,0.07709873663751703,141.8421815571032,,4.422109271107347,0.07806710920356143,193.8066249930464,,6.316666608881025,0.0014754829687645414,,0.001
108,0.08661597339730513,0.07605781210096259,140.77547776071648,,4.391273804587998,0.07752264563102752,194.9321106666954,,6.272612270204166,0.0014840514836082274,,0.001
109,0.086405527434851,0.07580543231022985,141.33459191573294,,4.372586300277489,0.07719283086344124,191.85592140768878,,6.245925872426892,0.001460631928881842,,0.001
110,0.08594294206092232,0.07545344531536102,139.85995162160773,,4.319590372695522,0.07625704624061734,194.59717850078823,,6.170208460313131,0.0014815015877700166,,0.001
111,0.0853299357389149,0.07461887166688316,142.81417645906149,,4.2853072932828535,0.07565191109483362,190.81131031200584,,6.121244985064351,0.001452679126026326,,0.001
112,0.08471636238851045,0.0741665990729081,140.66350354646383,,4.264964861947234,0.07529281841344537,189.2034518724171,,6.092189614971113,0.0014404382248503077,,0.001
113,0.08358616107388546,0.07343090521661859,135.40341226678146,,4.246658946246418,0.07496977140544625,185.36867641893056,,6.066050818884709,0.0014112434237393615,,0.001
114,0.08314992957993557,0.07295101881027222,135.98547443590667,,4.192553048420722,0.0740146077447175,182.70042649400034,,5.988765385066358,0.0013909295809035808,,0.001
115,0.08274199421468534,0.07287390137973584,131.57456086811266,,4.158326958616425,0.07341030694100643,183.17605689724084,,5.93986941917926,0.0013945506364760267,,0.001
116,0.08255445447407271,0.07195561653689335,141.3178441900956,,4.140690172537195,0.07309916610005054,177.0525386137924,,5.914693990233883,0.0013479312449228707,,0.001
117,0.08154796220754322,0.07155911193082207,133.18465784976357,,4.11611753356985,0.07266537931350818,175.62611891718743,,5.879594874384965,0.0013370716679154985,,0.001
118,0.08071156512749822,0.07092588747802533,130.4756939536647,,4.084268595171877,0.07210299505922806,177.42720513363247,,5.834090514397601,0.0013507836451904578,,0.001
119,0.08042145010672118,0.07075589777607667,128.87402865761206,,4.0563365433921375,0.07160989790325291,175.95050107684972,,5.794192401455303,0.0013395412447525647,,0.001
120,0.07997884718995345,0.07025828683062603,129.6074672498201,,4.024281833084888,0.07104383814772172,178.80498914740434,,5.748390644571085,0.001361272950429788,,0.001
121,0.07872212129203897,0.06926395744085312,126.10884295011822,,3.9884577397431498,0.07041178013303903,167.96056019576054,,5.6972487514364065,0.0012787124588846633,,0.001
122,0.07816585937612935,0.06891972061834838,123.28183947111431,,3.988071716880804,0.07040502732053572,166.40699328612067,,5.69670235916326,0.001266884888407689,,0.001
123,0.07814795719949823,0.06896903699165896,122.38559763055099,,3.9491469489933513,0.0697176967178013,168.66542606750056,,5.641088179109102,0.0012840787232683143,,0.001
124,0.0772110608063246,0.06794550465910058,123.54074498226768,,3.919055392028279,0.06918592729101788,180.70269922229355,,5.598060965522546,0.0013757205416576543,,0.001
125,0.07768453108636957,0.06810487826403819,127.72869752582751,,3.9151585009438117,0.06911776036332219,164.95637604284624,,5.592545355166299,0.0012558410913407706,,0.001
126,0.07657200215678465,0.06715508236696846,125.55892342015316,,3.8790413797232355,0.06847985156598178,170.90581267998058,,5.5409300559605255,0.0013011351695599773,,0.001
127,0.0768754086212108,0.06736122895228236,126.85572654322574,,3.859427946623318,0.06813346158158698,173.46894339631527,,5.512902502866788,0.0013206487218898049,,0.001
128,0.07537659610572614,0.06607725392830999,123.99122418855366,,3.8271461860516434,0.06756388126636478,164.21799879095903,,5.466815885917023,0.001250219699091038,,0.001
129,0.07476589671875301,0.06581826037482212,119.30181683992085,,3.7950965856610885,0.06699848010171679,152.97752264326024,,5.4210674177876115,0.0011646440325351155,,0.001
130,0.07403138828905005,0.0654365349757044,114.59804615221526,,3.7733382980113563,0.06661419292243602,156.24826101531968,,5.389973477992116,0.0011895447229187985,,0.001
131,0.07370113797093693,0.06495528511310879,116.61136546887849,,3.763617661199989,0.06644163239246952,179.48486567193015,,5.376011037871424,0.0013664489666409812,,0.001
132,0.07416541599913647,0.06479173486954287,124.98240982858758,,3.722561110212992,0.06571754115614316,159.98869811726536,,5.317422434028547,0.0012180213100316168,,0.001
133,0.07299003514804338,0.06411951741105631,118.27356559351871,,3.7004961718158222,0.06532779696024084,164.32376244106305,,5.285886949067243,0.001251024895840367,,0.001
134,0.07216166783320277,0.06342919308104013,116.43299705103824,,3.6798329136388306,0.06496327964288835,156.77039928229598,,5.256392653833697,0.001193519850808732,,0.001
135,0.07180348077886983,0.06325879398929446,113.92914300215871,,3.686993270085551,0.06508985149782165,153.0114953473117,,5.266633998976842,0.0011649026725389473,,0.001
136,0.07212823511738527,0.06371842775689929,112.13075497275905,,3.651338111836833,0.06446054238444211,147.96370496407621,,5.215714528489165,0.0011264729813938452,,0.001
137,0.07121760104047625,0.06270956012763475,113.44054734079461,,3.625741955638296,0.0640083769880193,154.1707301888341,,5.179128338858037,0.0011737281255673263,,0.001
138,0.07108208929237567,0.06257412641456253,113.43949368125514,,3.6092070612796103,0.06371606915125566,163.46062997601263,,5.155476750233376,0.0012444537208249858,,0.001
139,0.07077028484720933,0.06204974435661968,116.27385872288754,,3.5869244654500116,0.06332318350644575,150.40129662906332,,5.123687080307104,0.0011450307834639237,,0.001
140,0.07131045978320272,0.06189947026340585,125.47985960307874,,3.563832432374398,0.06291567136606979,145.65968150885848,,5.090713932510452,0.0011089320569392257,,0.001
141,0.07043756152454175,0.06152491232282237,118.8353207236842,,3.555927730686978,0.06277591865559745,150.3858676921398,,5.0794060809869706,0.0011449133203294327,,0.001
142,0.07066554007561583,0.06130432572803999,124.81618138363487,,3.5180264335161713,0.06210646287565239,157.48381639998811,,5.025238211644264,0.0011989512172897157,,0.001
143,0.06853935769514034,0.0603118550620581,109.70003107974404,,3.501563607475169,0.06181658210014536,138.13968192522515,,5.001783004529738,0.0010516810145088365,,0.001
144,0.06783686088103998,0.060081855050827325,103.4000677811472,,3.4895791382308787,0.061604643631839456,146.7115845566941,,4.984634365883538,0.001116940374673094,,0.001
145,0.0677856283360406,0.05972173064947128,107.5186333907278,,3.4635554139979083,0.061145454684413326,139.8889959046921,,4.9474798776366296,0.0010649988408928306,,0.001
146,0.06751570183979838,0.059261387312098554,110.05753607498973,,3.4339709826963722,0.060623372833757704,133.72452672360515,,4.905236517702037,0.0010180676831550903,,0.001
147,0.06725307279511501,0.05930037737676972,106.03593484978927,,3.4177367078920144,0.060336653186497745,136.05648375633567,,4.882037087872574,0.0010358212707107688,,0.001
148,0.06693508652480025,0.05903231823130658,105.37023484079461,,3.3991892789932945,0.060009008579201294,140.4931720278943,,4.855526284903132,0.0010695985370071971,,0.001
149,0.06611682023656995,0.058248315202562434,104.9133983411287,,3.3696580784774057,0.059488086678544716,128.86975392243866,,4.81337678033864,0.0009811074678600792,,0.001
150,0.06589519056050401,0.05835714622547752,100.50725434955798,,3.3606791946126156,0.05932933467275782,134.43862897897765,,4.80053163333272,0.0010235042657063642,,0.001
151,0.06526313839774382,0.057826603909856396,99.15378289473684,,3.354596017267787,0.059221571173401495,143.40209127688388,,4.791812134109746,0.001091744636551263,,0.001
152,0.06460469274928696,0.05702801087969228,101.0224155626799,,3.319726724587456,0.0586064275343407,131.14879742630055,,4.742038838746791,0.0009984582156745171,,0.001
153,0.06455591869981665,0.057150404900312424,98.74018618935033,,3.307199677297602,0.05838534681848461,128.87654603130835,,4.724150470777712,0.0009811591773460661,,0.001
154,0.06391715121112372,0.056616620993927905,97.34040591591283,,3.297618521971725,0.05821640995790428,123.32067074706012,,4.710481233667183,0.0009388613489886389,,0.001
155,0.06389405048991505,0.05643186463337196,99.49581467477898,,3.295479167900774,0.05817842115991122,128.70824466579796,,4.707407435056701,0.0009798778702780578,,0.001
156,0.06387472387991454,0.05658025529823805,97.25958171643708,,3.273140083994289,0.057784039327562396,128.01999039104342,,4.675496703674918,0.0009746380728221342,,0.001
157,0.0637021558849435,0.056320576487403164,98.42105102539062,,3.240025721217658,0.05719929605571327,130.24787409981792,,4.628183202025639,0.0009915993323704221,,0.001
158,0.06294476358514083,0.05574509324996095,95.99559944554379,,3.242698633482063,0.05724659377087039,127.62201264340926,,4.632010215745723,0.000971608200192122,,0.001
159,0.06293954994333417,0.05529082703747248,101.98297440378289,,3.2273071387948473,0.05697467411867441,131.9324345082883,,4.610008302201747,0.0010044241787483118,,0.001
160,0.06243756472280151,0.055119072724329796,97.57989140560753,,3.184134165982345,0.05621288919445297,120.54605974014787,,4.548369778077185,0.0009177377610525065,,0.001
161,0.06193494934000467,0.05480700594029928,95.03923235441509,,3.1619809373579617,0.055821454721868766,128.14120469594383,,4.516697527269353,0.0009755608980478332,,0.001
162,0.061272119024866505,0.054209024890473016,94.17458423815276,,3.1459940196089407,0.055539509688709306,120.37060046591807,,4.493884427172943,0.0009164019596017194,,0.001
163,0.060838378377650916,0.05400511700856058,91.11014436420642,,3.143448402104539,0.055494659732594286,118.02936595518933,,4.490255469688904,0.0008985777410199863,,0.001
164,0.060535993623106105,0.053777254137553666,90.11652414422286,,3.1235939358520635,0.05514398329785809,121.3580146089488,,4.461881085797685,0.0009239193122784473,,0.001
165,0.06059975255476801,0.05352691090420673,94.30454414769223,,3.10509043113715,0.05481730667422953,121.02151170399331,,4.435448605571014,0.000921357458135332,,0.001
166,0.06055296702604545,0.05343284261854071,94.93498029206928,,3.112926539795713,0.05495537255444125,128.09411517335803,,4.446619970109249,0.0009752023974620815,,0.001
167,0.0599020507774855,0.05268083395142304,96.2828822888826,,3.082093891725295,0.05441136215852807,119.2153774738928,,4.402602299443506,0.0009076070494694179,,0.001
168,0.06076378257651078,0.05320845407090689,100.73770221910979,,3.0638587434286553,0.05408939323080192,119.63011879204684,,4.376550734378353,0.0009107645460276558,,0.001
169,0.059201356023550034,0.052487047683251534,89.52410527279503,,3.057183320557789,0.05397150911355969,120.26556351507429,,4.367012342670268,0.0009156022953380931,,0.001
170,0.059585052885507285,0.05254265920896279,93.89857442755448,,3.03984300003416,0.05366557896083908,114.7269121536572,,4.342258527650665,0.000873435595649738,,0.001
171,0.05934642706262438,0.052343364412847315,93.37417200991982,,3.0446286288081765,0.05374996505069595,117.3799853993761,,4.34908648377061,0.0008936338958321159,,0.001
172,0.05829249616516264,0.05159760148901688,89.2652587890625,,2.998944197669214,0.05294366650344814,110.26788776586183,,4.283846215978586,0.0008394882806818731,,0.001
173,0.058052452967355124,0.051515421192896996,87.16041564941406,,2.985932526725838,0.05271390901430545,110.98288694647745,,4.265255781740478,0.000844931691678359,,0.001
174,0.057803441231188024,0.0510484487994721,90.06656727037932,,2.971763998083083,0.052463342820908324,121.2133250234141,,4.244981646790521,0.0009228177657280045,,0.001
175,0.05860206680862527,0.05154843451945405,94.04842617637233,,2.9858174052848647,0.052711467454821914,121.12617928110258,,4.26505822713111,0.0009221543102935703,,0.001
176,0.057313440465613416,0.05071716873269332,87.95028003893401,,2.9267297097685545,0.05166880739311158,107.04676063796234,,4.180693171688286,0.0008149652891813934,,0.001
177,0.056603339353674335,0.05054638887706556,80.7593331587942,,2.9165239550234885,0.051488712015955715,104.7357787304719,,4.166121062295481,0.0007973713888400224,,0.001
178,0.056409843462078196,0.050148291219221916,83.4873584948088,,2.9412686186964545,0.0519254023483454,109.47658329178768,,4.201455113590175,0.0008334639444413268,,0.001
179,0.056192547475036825,0.04983539898928843,84.76197252775493,,2.9079984118129194,0.051337901963185266,111.84320393285572,,4.153918524833325,0.0008514814319732819,,0.001
180,0.055962059842912776,0.04974467424969924,82.89846801757812,,2.8934776565454547,0.051081454620403755,113.70112337195289,,4.133168526740526,0.0008656260902883565,,0.001
181,0.055723439117795544,0.04960119841914428,81.62986915989926,,2.8609781972395263,0.05050802962782843,104.47693502591304,,4.0867708242989815,0.0007954007674659479,,0.001
182,0.055815821415499636,0.04939746817475871,85.57803826583059,,2.8639937607560833,0.050561273846975646,104.41041575028984,,4.091078989218041,0.0007948943448486607,,0.001
183,0.05512664133780881,0.04903506468001165,81.22101633172286,,2.834912720385028,0.050047890103643106,102.94665856441502,,4.049539421759547,0.0007837505111523539,,0.001
184,0.05486147870358668,0.04886172947130705,79.99665310508327,,2.832994208438263,0.050013760693807564,109.31896024423916,,4.046777898940419,0.0008322639332335008,,0.001
185,0.05474099830577248,0.048553377978111566,82.50159936202199,,2.848610984437865,0.050289150218933286,117.59642914391759,,4.069060571317352,0.0008952817190619876,,0.001
186,0.054835568329221325,0.04843698363555105,85.31445553428249,,2.8147798820481333,0.049692193136020614,108.89681551908923,,4.02075881003736,0.0008290500732721353,,0.001
187,0.05374468980651153,0.047936276385658665,77.44550805342824,,2.792201320804411,0.04929391616102312,99.95130376742793,,3.9885329098507287,0.0007609463630045793,,0.001
188,0.053291345113202146,0.047623611986637115,75.56977763928865,,2.7641429318602397,0.048798492058884944,100.8649499811464,,3.948446516039847,0.0007679021078242735,,0.001
189,0.053362418750399036,0.04745091831213549,78.82000250565379,,2.7929264227583284,0.04930659693291107,102.96007063194705,,3.98955895281782,0.0007838526195153685,,0.001
190,0.054102759024030285,0.04762108408306774,86.42233035438939,,2.770391953060184,0.048908175176370805,116.90991198650374,,3.9573213378803014,0.0008900551465773519,,0.001
191,0.05359920643662151,0.04702787297336679,87.6177749633789,,2.7546487147270287,0.04863048904218118,110.21566525808278,,3.934852839309269,0.0008390907018023229,,0.001
192,0.053575017930645695,0.047408106295686016,82.22548394454152,,2.7354831985667767,0.04829182732379606,117.24182552281141,,3.9074506056406504,0.0008925820610723643,,0.001
193,0.05428759655670116,0.04721749083776223,94.26807323255036,,2.744708671421959,0.04845494779334389,111.30615160273017,,3.920649219419611,0.0008473927607709224,,0.001
194,0.05253515608216587,0.04665326091804003,78.42527048211349,,2.7127340787245235,0.047891052414069935,95.56516772371742,,3.8750225893381223,0.0007275539594610403,,0.001
195,0.05232715234160423,0.04663304082657162,75.92148951480263,,2.686194682488543,0.047422473118981665,95.83149573461402,,3.837108297172145,0.0007295815601387621,,0.001
196,0.05229267968158973,0.0464190964243914,78.31443706311677,,2.6908708961362575,0.04750465173046517,105.32136514862604,,3.8437576389553603,0.000801829558351809,,0.001
197,0.051700442833335775,0.04617170754231905,73.71646740562038,,2.6696906323835106,0.04713120690879036,92.79506036910306,,3.8135409899799013,0.0007064646585997847,,0.001
198,0.051145763969735095,0.04554485725729089,74.67874406513415,,2.6573585317229953,0.04691342521802914,94.06585673639297,,3.7959195569834523,0.0007161394485961091,,0.001
199,0.051249612318842036,0.04553182227046866,76.23719526592053,,2.6654780807499936,0.047056798610692945,93.61928244496994,,3.807520369813347,0.0007127396021702894,,0.001
200,0.05123885505293545,0.04588805668448147,71.34397326017681,,2.661328618140396,0.046983389776244125,97.28073658551145,,3.801580619538354,0.0007406148784952099,,0.001
201,0.05148749582861599,0.04576370884713374,76.3171571430407,,2.662173748825913,0.04699803998789928,104.00282106552177,,3.802766016355519,0.0007917912568321607,,0.001
202,0.050885608909945736,0.04514543888600249,76.53559714869449,,2.654908440232415,0.046870124710845784,95.12500421402883,,3.792415970509416,0.0007242029194125361,,0.001
203,0.050153401533239765,0.0448696095692484,70.45055730719315,,2.598633672149365,0.045876683722298216,92.07622870977978,,3.7120333921832556,0.0007009920702877066,,0.001
204,0.05008542067126224,0.044768827722260825,70.88790411698191,,2.5833081434930425,0.045606094749426083,92.26978602960672,,3.6901391482806667,0.000702465655253621,,0.001
205,0.0493736196505396,0.0441662506445458,69.43157718056126,,2.585632826846725,0.04564706144352795,94.17804360174021,,3.693453898261158,0.0007169935463811816,,0.001
206,0.05005433508440068,0.044604620259059105,72.66286187422902,,2.580956108806868,0.0455645730785447,92.14885435892225,,3.6867794933033387,0.0007015449817705262,,0.001
207,0.049459791497180335,0.04424447487843664,69.53754605745014,,2.576172107760034,0.04547993874784516,96.36454205921149,,3.6799314512002193,0.0007336397329361796,,0.001
208,0.049119500737441216,0.04391541684928693,69.38777843274568,,2.5489861020173934,0.04500023327906358,89.4368517676859,,3.641116903720959,0.0006808980424063114,,0.001
209,0.04927173100019756,0.04396941316755194,70.69756839149876,,2.5563444618476376,0.04512989814561266,95.66824955404107,,3.6516085146084576,0.0007283387390579043,,0.001
210,0.0487017466833717,0.04356757178902626,68.45566297832288,,2.5398179997510817,0.04483826039002518,92.03288750212856,,3.6280111444560035,0.0007006621062643541,,0.001
211,0.04927822378905196,0.043839540724691595,72.51576634457237,,2.5261700808711187,0.044597039745257853,98.4473096015309,,3.6084931885880414,0.0007494961983005507,,0.001
212,0.04812539133586382,0.04289125886402632,69.78843086644223,,2.510884990199058,0.044327298059462554,95.33441946437527,,3.586667501470006,0.0007257972335145272,,0.001
213,0.048215459247953014,0.04324036032745713,66.33464592381527,,2.5281231896946075,0.044631588790398705,96.81636371075935,,3.61128866548012,0.0007370795284117051,,0.001
214,0.04904336756781528,0.043397835210749976,75.2737603438528,,2.5230869297992378,0.044542390608369196,103.76175422338525,,3.6040713471530186,0.0007899559737507951,,0.001
215,0.048449914118177013,0.04286414875011695,74.4768624556692,,2.5017183518979844,0.044164352506348786,122.69235818136495,,3.5734830407551157,0.0009340778980112678,,0.001
216,0.049687846122603664,0.04303521604130143,88.70172962389495,,2.487565067257554,0.043915417573835734,99.14384613734897,,3.5533408964893525,0.0007547990500258654,,0.001
217,0.04813379010087565,0.042717731312701575,72.21411534359581,,2.4537514152452107,0.04331871362475067,91.807244906571,,3.5050596171000405,0.0006989442506090847,,0.001
218,0.04704221181179348,0.04215205735281894,65.20205909327457,,2.456706042676436,0.043370989359524915,89.07788170809678,,3.509289418762635,0.0006781651419740422,,0.001
219,0.046908475066486155,0.04225342661926621,62.06730892783717,,2.467497099853176,0.04356131286617065,94.0107714702979,,3.5246891197580883,0.0007157200750480889,,0.001
220,0.04685530517446367,0.04177440644094819,67.74531916568154,,2.440847143111059,0.043091016699997826,88.44592207413638,,3.4866359099049804,0.0006733539252424743,,0.001
221,0.046504190289660505,0.04158586204836243,65.57771180805408,,2.4474775464454845,0.043207858072228836,93.95807512546702,,3.496089929684078,0.000715318888766057,,0.001
222,0.047571547721561636,0.04219489799518334,71.68866207725124,,2.4235435903408056,0.042785297954446314,93.76293076036322,,3.4618992005348566,0.0007138332213531326,,0.001
223,0.04752413752047639,0.04189221129605645,75.09234779759457,,2.4210112356677964,0.04274055541734926,94.56479880278621,,3.4582789346769185,0.0007199379798454398,,0.001
224,0.04652548914677218,0.04165844403599438,64.89393174020867,,2.4154834922231303,0.04264346362774978,82.0723312117018,,3.4504229185951605,0.0006248306883937188,,0.001
225,0.04620565983809923,0.04142080404256519,63.79807301571495,,2.4063568517099343,0.042481865549800955,93.52701226156788,,3.437347486528411,0.0007120371334897713,,0.001
226,0.04587469916594656,0.04101598184359701,64.78289654380397,,2.4057009704715253,0.04247065073427119,84.47169333986122,,3.4364400589125514,0.0006430974424643029,,0.001
227,0.04589990957787162,0.041158314598234075,63.22126830251593,,2.3939992422808882,0.04226388116013945,88.65580190295833,,3.4197096524971577,0.0006749517762598228,,0.001
228,0.04555491495289301,0.040929211401625684,61.67603864167866,,2.3920931101661513,0.042230319550614764,86.36768173367949,,3.4169940722689707,0.0006575319262398418,,0.001
229,0.045411398928416405,0.04069903924276954,62.831459848504316,,2.3859265014433717,0.04212144175578638,86.43495628598883,,3.4081844117338567,0.0006580440989076608,,0.001
230,0.045100900491601544,0.040185587970834026,65.5374984741211,,2.359685846164271,0.041657889356094324,92.84025370310286,,3.3706768622104537,0.0007068087231776638,,0.001
231,0.044994342680040156,0.040100144908616416,65.25596899735301,,2.364069707436975,0.04173553302307847,86.78851277326444,,3.3769592667164408,0.0006607357848884167,,0.001
232,0.046252679275838954,0.04085629923563255,71.95172781693309,,2.3690686802961483,0.041822539684116894,117.86459189336382,,3.383999261871104,0.0008973232879179501,,0.001
233,0.04569043140662344,0.04041287910781408,70.36735976369758,,2.375877739384371,0.04194363829321387,96.0245094083154,,3.3937977486892876,0.0007310510062337821,,0.001
234,0.04544330898084139,0.04024307449397288,69.33645549573396,,2.333453466697658,0.04119486190494954,89.85090803689992,,3.3332117880008387,0.0006840503235698548,,0.001
235,0.044650092917053325,0.039950897819117495,62.65593077007093,,2.31779454635561,0.0409185304646701,86.47944352138302,,3.3108529021703705,0.0006583827878361425,,0.001
236,0.044216315016934744,0.03975935535211312,59.42612417120682,,2.292570578565821,0.040473308773084145,83.44888507794855,,3.2748285505390404,0.0006353106283096373,,0.001
237,0.043783203159507955,0.03922896440091886,60.72318227667557,,2.301458797380403,0.04062999251799219,89.47386661677062,,3.28750634775367,0.0006811798427803588,,0.001
238,0.045047238076988017,0.039545226253961265,73.36015440288342,,2.3163731429795065,0.04089321966246637,91.8135373913539,,3.3088049219037075,0.0006989921563714842,,0.001
239,0.04449174906078138,0.039486169030791836,66.74106035734478,,2.3019270346078837,0.04063802661555865,95.24962193274524,,3.2881564130160874,0.0007251516554094554,,0.001
240,0.044261982370364036,0.039236649674804586,67.00442826120477,,2.302012636959029,0.040639323357298994,100.57189097842019,,3.2882613366559545,0.0007656709995358899,,0.001
241,0.04429978661631283,0.03945459327415416,64.6025774102462,,2.2841025682049922,0.04032390044420848,80.98525930894442,,3.2627394311682085,0.0006165546241549524,,0.001
242,0.043569199544818776,0.03892903186772999,61.8688974882427,,2.259859511980183,0.0398956711937969,86.04224039501172,,3.2280899938492515,0.0006550542856919324,,0.001
243,0.042844312559617195,0.03849932982733375,57.93309362311112,,2.2647584451010454,0.03998244905853404,78.9910285169247,,3.2351114763425484,0.0006013722042066328,,0.001
244,0.04327577548591714,0.038564226737147884,62.82064538252981,,2.2527223920659525,0.03976945634011021,91.12176392848478,,3.2178775348513318,0.0006937255667348127,,0.001
245,0.04307258795750769,0.03852100984046334,60.68770559210526,,2.2477361065770465,0.03968180305844735,81.63612406072968,,3.2107852194948747,0.0006215097687804923,,0.001
246,0.04349222269497419,0.03853399090861019,66.10975727282073,,2.245805876940336,0.03964711666678989,96.69047257563432,,3.207978629444333,0.0007361210976779668,,0.001
247,0.043437851690932325,0.038237104486478005,69.34328701621608,,2.2598501416289483,0.03989537257431919,89.3449587087672,,3.2280658315649955,0.0006801984448389575,,0.001
248,0.042444035803016866,0.03789925143906945,60.59712600708008,,2.2157950186517685,0.039117869571516466,81.50981789913267,,3.1651555059975074,0.0006205481783792709,,0.001
249,0.04228750204569415,0.03770348076757632,61.12028744346217,,2.2101447234499534,0.03901798211431418,84.6888344379125,,3.1570732832536055,0.0006447505747656625,,0.001
250,0.04269070256697504,0.03787083119938248,64.26495200709293,,2.2153617645076378,0.03910963950938502,95.91066613611164,,3.1644895845975083,0.0007301842979401358,,0.001
251,0.042162891085210596,0.037609496398975976,60.71193233289217,,2.2021286544348335,0.03887654707252013,82.37404085942985,,3.1456293087688247,0.000627127655521394,,0.001
252,0.04336598437083395,0.03809478820154542,70.28261044150905,,2.1880676256392384,0.03862810397609729,87.02166067704208,,3.125526960579024,0.0006625107797382543,,0.001
253,0.04292489921576098,0.037965395732929834,66.12670376426296,,2.1875701192831354,0.0386193245449352,86.91417270034287,,3.1248165879235956,0.0006616924553957695,,0.001
254,0.04329177384313784,0.03799785144234959,70.58562891106857,,2.2122043286827524,0.03905379065940271,98.45191676754851,,3.1599706704295993,0.0007495312734430722,,0.001
255,0.04293880474410559,0.03777725112281347,68.82071163779811,,2.1766659653888913,0.038427070200958785,80.34576752242944,,3.1092606565281913,0.0006116860638583087,,0.001
256,0.04187484693370367,0.037411454084672426,59.511897237677324,,2.1681263288747563,0.03827642957982776,77.08090781463947,,3.09707182833733,0.000586830128750711,,0.001
257,0.040910429664348304,0.03680668653626191,54.716568997031764,,2.173033658346451,0.038362421762731136,93.18991932128033,,3.1040297387289413,0.0007094707873068022,,0.001
258,0.04117074197060183,0.036830465652440726,57.87034285695929,,2.1615284242706125,0.03815990071867792,78.04801754487391,,3.08764309485782,0.0005941929004616295,,0.001
259,0.04097129463365203,0.03659080949268843,58.40646402459396,,2.1818735687329824,0.038518725942073326,87.47642848766375,,3.1166768240450495,0.0006659730048264765,,0.001
260,0.04114222055987308,0.03646812715420598,62.321245093094674,,2.156407300585496,0.0380692870863236,82.93834216258838,,3.080311247788788,0.0006314237778138694,,0.001
261,0.04084689777932669,0.036648103477139225,55.98391904328999,,2.137252771423031,0.03773111325023615,82.6761178512414,,3.052948490281772,0.000629427419302377,,0.001
262,0.041595051947392915,0.036562272004391015,67.10373326351768,,2.136073643679968,0.0377098330980694,94.132244947073,,3.0512266431685,0.0007166448733935774,,0.001
263,0.04153607119070856,0.03646902465506604,67.56061493723016,,2.130226780380183,0.03760698974837673,84.54898904614022,,3.0429052494397375,0.0006436859078904841,,0.001
264,0.041249931250747884,0.03619711787292832,67.37084699931897,,2.1238620532201002,0.03749442903282557,89.20463825274751,,3.033797591673907,0.0006791301612184479,,0.001
265,0.04168954746503579,0.0367015895286673,66.50609749241879,,2.1616697864511205,0.03816174268826231,94.26303400710346,,3.0877921346760866,0.0007176405928669575,,0.001
266,0.04099758283088082,0.036318800951305186,62.38375894646896,,2.1225822973357804,0.037471855722367026,88.67077347364538,,3.0319711108693777,0.0006750657573869654,,0.001
267,0.0409006650902723,0.036058241599484495,64.56564110203793,,2.118747089870398,0.03740413693609502,88.81848514358546,,3.026491761109891,0.0006761903115826343,,0.001
268,0.04105476309594355,0.03610167789616083,66.04112886127673,,2.104292227045206,0.03714906311551268,85.46486730184004,,3.005852899216454,0.0006506586456273667,,0.001
269,0.040204413627323354,0.03580196839022009,58.69926553023489,,2.078943529299661,0.036701730351281436,80.1749466364089,,2.969657733752981,0.0006103855752499259,,0.001
270,0.03966736911158813,0.035423067839522114,56.59067997179533,,2.0712157938269757,0.03656544924843014,76.29183359712123,,2.9586307814220367,0.0005808227718346038,,0.001
271,0.03918736604483504,0.03529750477326544,51.86481616371557,,2.065558206057414,0.03646550385757521,77.7145753491291,,2.9505438710757255,0.0005916543480209863,,0.001
272,0.039467105936062966,0.03547395432465955,53.24201804713199,,2.0750711064589242,0.036633309875713546,81.42943193310713,,2.964121608004344,0.0006199361862773362,,0.001
273,0.040100116674837316,0.03528930678179389,64.14412649054276,,2.06750454100602,0.03649969326758292,82.03629944184415,,2.9533102487061553,0.0006245563723698919,,0.001
274,0.03963119664082402,0.03518056477371015,59.34175491333008,,2.059747625704247,0.03636306038311336,74.1009267982781,,2.9422548325672855,0.0005641430238231028,,0.001
275,0.03913365735819465,0.03494009336358622,55.91418396799188,,2.0740075512391525,0.036614557566516194,80.8000386889714,,2.9626042969811133,0.000615144507910247,,0.001
276,0.03970832358065404,0.03513405913192975,60.99019161023592,,2.0429563874685472,0.03606629080626751,81.7997111733764,,2.9182422298755952,0.0006227551854355124,,0.001
277,0.039458861280428734,0.03526911492410459,55.863284060829564,,2.028859919850007,0.03581783275016912,71.30186026816175,,2.8981386712492356,0.0005428332518079629,,0.001
278,0.04018585521139597,0.035299921114193764,65.14578367534436,,2.08644510732757,0.03683360353318132,94.34905153572802,,2.980328026699807,0.0007182954590177164,,0.001
279,0.04148849080267705,0.035222486641846205,83.54671357807361,,2.04798370757338,0.036154623317344016,92.40776359178115,,2.925389503918248,0.0007035161020227514,,0.001
280,0.04030178957863858,0.03511666163410011,69.1350396808825,,2.064003476136639,0.0364379467827234,80.37819707430384,,2.9483141374999504,0.000611932955580803,,0.001
281,0.03884026270947958,0.03461493502714132,56.337697079307155,,2.020675293223486,0.035673283196808694,72.4224078455909,,2.8864426913883747,0.0005513641720809226,,0.001
282,0.03839846053405812,0.034531986340880394,51.552982129548724,,2.013050523266756,0.03553851212939919,76.17437950898051,,2.875537920992316,0.0005799285737819334,,0.001
283,0.03819784325988669,0.03419307972255506,53.39684375963713,,2.036368275652555,0.035950240531780926,75.18608710424293,,2.9088522204173293,0.0005724045347486859,,0.001
284,0.03834334506016029,0.03440441397067748,52.519079308760794,,2.0093614784044704,0.03547340552897989,75.5384571156216,,2.8702699317830067,0.0005750871878856013,,0.001
285,0.03873780977569128,0.034623172918432636,54.86181801243832,,2.008735988432326,0.03546237919188148,75.11553742935601,,2.8693777545770316,0.000571867428012777,,0.001
286,0.03894392812722608,0.034490376416789856,59.38068791439659,,1.9884231240027277,0.035103829722925216,72.98215669381096,,2.840366337588573,0.0005556256357556752,,0.001
287,0.03847109859711245,0.0340454491149438,59.00865695351049,,1.9945639496524101,0.0352119799717803,79.66836395703581,,2.849117129985711,0.0006065288747077595,,0.001
288,0.038322574998203074,0.03408367510296797,56.51866390830592,,1.9871725169997931,0.03508133032053742,83.37793824146277,,2.83854583692917,0.0006347704979145786,,0.001
289,0.03798773178928777,0.03385227997052042,55.1393514934339,,1.996095861794755,0.03523904430690254,79.23362350274252,,2.8513069943690903,0.0006032191213070916,,0.001
290,0.03769379128751002,0.033746289187356046,52.63336000944439,,1.9631901962777307,0.03465838682486791,71.51426077035991,,2.804324087413983,0.0005444502931426524,,0.001
291,0.03909570292422646,0.034058051673989544,67.16867948833264,,2.0146610728822134,0.03556661215596081,84.48616194390839,,2.877811586576982,0.00064320759442043,,0.001
292,0.03886302031184498,0.03382339603022525,67.19498985692074,,1.993440323126089,0.03519179452536938,88.27760288774381,,2.8474838591161986,0.0006720724825010436,,0.001
293,0.03920270835882739,0.03399898641203579,69.38295705694901,,2.0113413596295784,0.03550806088284738,82.99314697884532,,2.873074010463862,0.0006318410162493268,,0.001
294,0.03894572959918725,0.034111418908363896,64.45747114482678,,1.979484983692798,0.03494599735980385,73.58404122039828,,2.827595601895903,0.0005602078855532472,,0.001
295,0.0378328338265419,0.03366954271730624,55.51054583097759,,1.951178498720618,0.03444640542554481,69.22921996169256,,2.7871719750779596,0.0005270538868214464,,0.001
296,0.03676445144963892,0.03316952974388474,47.93228952508224,,1.9445569606358388,0.03432949737583931,69.25213036602113,,2.7777125602050643,0.0005272283076463049,,0.001
297,0.037104762502406775,0.0332713682008417,51.111920607717416,,1.9357629761955635,0.034174151420119224,71.31091475228403,,2.765143007914315,0.0005429021851435177,,0.001
298,0.03728886242759855,0.033241391672115574,53.966270647550886,,1.9504678479550652,0.03443349743872445,78.182391096055,,2.7861275474032596,0.000595215909278935,,0.001
299,0.037594774835988096,0.03345173264020368,55.24055721885279,,1.9222918425228714,0.03393633754166401,70.6447738494251,,2.7459007047152872,0.0005378307405682817,,0.001
300,0.036704728477879575,0.03294735460689193,50.09831980655068,,1.925637424610706,0.03399552595163271,67.66389655554931,,2.75068983366724,0.0005151368121267309,,0.001
301,0.03630091740112556,0.03267981876668177,48.28131665681538,,1.9165476681873395,0.03383504707547327,67.5129364480886,,2.7377049598989047,0.0005139875270208727,,0.001
302,0.03642916620561951,0.032783633980311845,48.60709822805304,,1.9364465072637798,0.03418580580286838,81.57162235380227,,2.7660860023598604,0.0006210187062586045,,0.001
303,0.03688118351917518,0.03277934822989138,54.69112817864669,,1.9238966065635814,0.033964535207199234,74.00208190999884,,2.748182270590492,0.0005633905007903597,,0.001
304,0.03785704938988937,0.03287567668839505,66.41830343949168,,1.9106504759410547,0.0337306020331615,75.61386092015604,,2.7292539679515326,0.0005756612499403666,,0.001
305,0.03689757812964289,0.0326672044435614,56.40498131199887,,1.9439137664713073,0.03431776223217402,78.65521590569134,,2.77676303112813,0.000598815605387635,,0.001
306,0.036754157786306585,0.03270732268298927,53.95779479177374,,1.9150511880669667,0.03380837795739501,73.6602349035284,,2.7355470738266288,0.0005607879610887971,,0.001
307,0.03613786811107084,0.032567218436222324,47.60865763614052,,1.8980552302299976,0.03350825623182952,74.85439921567853,,2.711263237755076,0.0005698793381485191,,0.001
308,0.03608228854442898,0.032143247852984225,52.52054194400185,,1.9407339910995687,0.03426143032843911,83.39453480188931,,2.772205031492084,0.000634896850366412,,0.001
309,0.03804410445062738,0.03283254076775752,69.48751208656712,,1.918031596190239,0.03386011147966607,95.66486250333845,,2.7397330032919722,0.0007283129528618636,,0.001
310,0.03774850246937651,0.032830044627189636,65.57943846050061,,1.8995801978830302,0.033535148339215136,75.65014454498125,,2.7134391666257383,0.000575937483379118,,0.001
311,0.035884844825456015,0.03218770909466242,49.29513830887644,,1.8857598372352453,0.033291345162039215,70.60682092081281,,2.693712249565307,0.0005375417984344192,,0.001
312,0.03561368212103844,0.03193072876647899,49.10604055304276,,1.9005568673734756,0.03355245923326982,73.9830874109235,,2.7148398480082134,0.0005632458924216474,,0.001
313,0.03636481671741134,0.03216185616819482,56.03947127492804,,1.8957302666908755,0.03346697036119516,80.73866808055374,,2.707922662151404,0.0006146772829765987,,0.001
314,0.0356463182129358,0.03191273012443593,49.78116908826326,,1.8638945858422056,0.032905438534366595,67.20521221621655,,2.662487274873221,0.0005116447698358712,,0.001
315,0.035343305648941746,0.03202866723662928,44.19518099333111,,1.8560925545442664,0.03276767394973834,67.58118655793247,,2.651340289151763,0.000514507126774981,,0.001
316,0.03561068071346534,0.031870082510929355,49.87463981226871,,1.868955671690485,0.03299429703317564,79.55330396364575,,2.669677108313561,0.0006056529033077144,,0.001
317,0.03660281708365992,0.032348333122698886,56.72644946449682,,1.8547712429684042,0.032743440059001906,90.03310860666939,,2.6493794453344393,0.0006854374476560602,,0.001
318,0.03601510018894547,0.03152419871797687,59.87868158440841,,1.8418723680968008,0.03251607687344832,80.75857166836757,,2.6309827420758327,0.0006148288123932927,,0.001
319,0.03699036942500817,0.03234641400999144,61.919393840589024,,1.8762341172678967,0.033122781143799754,80.07658498786603,,2.680073180355051,0.0006096367312039093,,0.001
320,0.036158834240938485,0.03186528963085852,57.247253819515834,,1.8453367780304075,0.03257765318005492,70.58798121296752,,2.635965083599789,0.000537398368517804,,0.001
321,0.035976750972239596,0.03161768928954476,58.12082391036184,,1.8419617062811144,0.03251780019518466,77.13784773125303,,2.631122181706419,0.0005872636220701948,,0.001
322,0.03540342948154399,0.03137473869872721,53.71587391903526,,1.8492072471219936,0.032645749366861744,76.52005030063835,,2.6414749700780136,0.0005825602246138325,,0.001
323,0.035492215109498876,0.0315519696787784,52.536605634187396,,1.8422413215105546,0.03252283922527239,74.60192638320991,,2.631529906206801,0.000567957219312816,,0.001
324,0.03551426863199786,0.03148525659190981,53.72015200163189,,1.81032182208479,0.03195944649465208,70.51775961418087,,2.585943947081351,0.0005368637594813336,,0.001
325,0.03509726463571975,0.031078660958691648,53.58138094450298,,1.8030115915390006,0.03183056132888116,66.02351625667959,,2.575515424348654,0.0005026483164761512,,0.001
326,0.034804839248719965,0.031093002640103038,49.49115010311729,,1.8280528273120626,0.032272551713513384,69.17971478045159,,2.611278320304913,0.0005266769954133778,,0.001
327,0.03462279411522966,0.030983298134646918,48.52660731265419,,1.812768896475649,0.03200252468136933,73.65089789137521,,2.5894295448751476,0.0005607168768190427,,0.001
328,0.03488685229891225,0.030867316711105798,53.59380260266756,,1.8104072923543155,0.03196095411989511,70.55253578623669,,2.586065933999126,0.0005371285164244413,,0.001
329,0.03582484579007877,0.031371290844522025,59.380728470651725,,1.8152732013756578,0.03204659560184401,77.22308292269457,,2.592995468022874,0.0005879125321542329,,0.001
330,0.03626563400030136,0.031224727140445458,67.2120879323859,,1.8426250092443195,0.03252862048547303,99.22643908644685,,2.6319976869871993,0.00075542784426723,,0.001
331,0.03487548604607582,0.030891645307603636,53.11787715711092,,1.7907855529049286,0.03161409239871967,81.17735018617816,,2.55800021113068,0.0006180170448427054,,0.001
332,0.034452028082389584,0.0305669566518382,51.80094688817074,,1.8168059107857013,0.03207373991127172,75.15414772219515,,2.595191803390385,0.0005721613747728798,,0.001
333,0.03467741638029877,0.03080193914080921,51.673030853271484,,1.805660405318941,0.03187681815741325,78.65919226056623,,2.5792582165078914,0.0005988458780570851,,0.001
334,0.03501802712286774,0.030587348694864073,59.07571130049856,,1.7796764869512454,0.03141839826485665,70.19345724801916,,2.542165955020297,0.0005343947901258287,,0.001
335,0.03412227999222906,0.030506939284111325,48.204544268156354,,1.7950508252252002,0.031689799484337686,71.22783159619476,,2.5641259204679123,0.0005422696588725229,,0.001
336,0.03399135358631611,0.030426339687485444,47.53350990696957,,1.7749278410605454,0.031334668229767264,67.46349916534925,,2.5353910824496926,0.0005136111525357046,,0.001
337,0.033876359266670125,0.030512539375769466,44.85093146876285,,1.7761928715234978,0.03135720583832351,62.43538432240261,,2.5372146744958646,0.0004753312546425024,,0.001
338,0.03405622216431718,0.030442486174012486,48.18314622577868,,1.7625206045153086,0.031115752658632218,63.95587004462368,,2.5176779034622765,0.00048690697238418094,,0.001
339,0.034283642117914404,0.030314099239675624,52.927235653525905,,1.7575088890347619,0.031027068538517753,68.89960071606573,,2.510502179575737,0.0005245444391536134,,0.001
340,0.03403878486470172,0.03036560049574626,48.975791328831725,,1.7569090125376259,0.03101661406218182,65.50975269090466,,2.509656273505201,0.0004987369466181816,,0.001
341,0.03446306817625698,0.030237138761501563,56.345721194618626,,1.7639260952245044,0.03113942956791707,92.17323109055741,,2.519593680078151,0.0007017305659958494,,0.001
342,0.03436954113605775,0.030123397609905192,56.615240598979746,,1.7610081211208108,0.031089068039805837,63.48073191632806,,2.515518763173479,0.00048328966458504864,,0.001
343,0.03317916706988686,0.029878049304610806,44.014896392822266,,1.7374121120655446,0.0306723035493491,67.52681600432449,,2.4817969772960113,0.0005140931944553105,,0.001
344,0.033676837718016224,0.03001420650827257,48.83508140162418,,1.7721306026532446,0.03128535183353433,65.71560076205296,,2.531400730603275,0.0005003041031751013,,0.001
345,0.03342154984803576,0.029794903864201746,48.35527138960989,,1.7367281124107552,0.030660215600434727,67.81287392148774,,2.480818901585815,0.0005162710022824154,,0.001
346,0.033857819085058416,0.03000840456470063,51.32552458110609,,1.7400749208500323,0.03071892176992626,77.32793554921714,,2.4855690108744213,0.0005887107931252902,,0.001
347,0.034254727394957295,0.030087621980591825,55.5614023710552,,1.7424732091648851,0.0307616015190881,68.98147228729039,,2.489022369774941,0.0005251677414219042,,0.001
348,0.03335013407233514,0.029701751117643557,48.6451022499486,,1.734920003716983,0.030628134752880662,71.72195052152506,,2.4782231346796655,0.0005460314707243895,,0.001
349,0.033180584150709604,0.029529654469929244,48.67905305561266,,1.7258611206048322,0.030468364548482885,67.5142650215535,,2.4652956018747556,0.0005139976416777905,,0.001
350,0.03305411142738242,0.02962384931743145,45.73682584260639,,1.7385284149169669,0.03069218805644749,63.1739366385178,,2.4834058981758016,0.00048095397968613116,,0.001
351,0.033026967589792455,0.029599591403415327,45.69834598742033,,1.7707945986770126,0.0312609230074189,86.56880375746171,,2.5294241139231937,0.0006590631025902105,,0.001
352,0.033955132000540435,0.02966828771719807,57.15792806524979,,1.7311919279102346,0.03056248315941542,67.51199464070795,,2.4729110482902437,0.0005139803568802748,,0.001
353,0.03385520883296665,0.02973774173542073,54.89955621016653,,1.7411357479090752,0.03073785454368115,72.2875286117085,,2.487100923878644,0.0005503373134147617,,0.001
354,0.033343598736744175,0.029638612152714478,49.39981540880705,,1.734689250236196,0.030624278705966724,66.31479818236225,,2.47791112923932,0.0005048658955731978,,0.001
355,0.03268249136836905,0.029267961061314532,45.52706648174085,,1.6976252938634553,0.029970037113445182,62.738189895983325,,2.4249742898484046,0.00047763656524105056,,0.001
356,0.03276734808950048,0.029302089622146206,46.20344101755243,,1.7008216243801153,0.030026318131544112,66.50924158745748,,2.4295281721602544,0.0005063462264577426,,0.001
357,0.03264768049120903,0.02911259067293845,47.134530318410775,,1.6958494526044556,0.029938155843902504,75.8258665376658,,2.422394671455672,0.0005772752849504148,,0.001
358,0.0324413999915123,0.028890591114759445,47.34411681325812,,1.7079501720514307,0.030151781256534976,76.31845337757476,,2.4396798063165694,0.0005810254327740472,,0.001
359,0.03282976973997919,0.029156173432343883,48.98128409134714,,1.6973203530519483,0.02996451386191023,66.1937381423175,,2.424527385397872,0.0005039442447922175,,0.001
360,0.03246304392814636,0.02902197386873396,45.8809296457391,,1.6817241101157834,0.029689341656125225,61.51715494010448,,2.4022622970436722,0.00046834061737688424,,0.001
361,0.03215789343965681,0.02886670102414332,43.88256514699835,,1.700226781418708,0.030015520528899543,73.83239375280449,,2.4286545026113657,0.0005620986358401791,,0.001
362,0.03248900214308187,0.028889366376556848,47.995138469495274,,1.6858360049293883,0.02976177480004751,65.60307927657364,,2.4081231009886106,0.0004994474578697575,,0.001
363,0.0322196211077665,0.02888060057241666,44.52027230513723,,1.6730886248630195,0.0295366935805264,66.06861016660031,,2.3899110391082616,0.0005029916241215191,,0.001
364,0.031899626023675264,0.028549042383306904,44.67444570440995,,1.684239280510212,0.029733652175094986,63.90490259917051,,2.4058476068937993,0.0004865189485086798,,0.001
365,0.03255018121317813,0.028678515926003456,51.62220402767784,,1.6785852580867486,0.029633598045686424,69.58527541509004,,2.397751898153416,0.000529764597858505,,0.001
366,0.0319943234912659,0.028545610018466647,45.98284269634046,,1.660340499661491,0.02931191450393583,58.71510386881765,,2.3717234246063277,0.0004470081235395838,,0.001
367,0.03233537009279979,0.028508030662411137,51.03119458650288,,1.6628389899422409,0.02935545703499712,72.8448646174521,,2.3752465940284697,0.0005545804077072477,,0.001
368,0.03223757112496778,0.028701623117453175,47.1459681862279,,1.6496894476740085,0.029123862593690566,58.7488494571178,,2.3565075259480954,0.00044726503447237365,,0.001
369,0.031546883285045624,0.02839129486758458,42.07451067472759,,1.6395630906334284,0.02894504316901459,59.55905749492302,,2.3420386580677084,0.00045343328677531025,,0.001
370,0.031272004015351594,0.028126252030855732,41.94335776881168,,1.653893133196054,0.02919797158050767,61.46527676800869,,2.36250392785437,0.00046794565998375736,,0.001
371,0.0319367468749222,0.028425634789623712,46.81483339008532,,1.653984916164055,0.029199124945049698,73.04923863784967,,2.36259725037348,0.0005561363420638021,,0.001
372,0.03261101343914082,0.028353296612438402,56.769555142051296,,1.6488786863776814,0.029109066514644035,70.6923191667089,,2.3553103265204607,0.0005381927111969909,,0.001
373,0.03258267986147027,0.028538267765390247,53.92548872295179,,1.6738504535366874,0.02955028140005078,62.66400650939122,,2.3910104742833664,0.00047707179443671994,,0.001
374,0.031492759718706735,0.028340208295144532,42.034018667120684,,1.626603117593331,0.028716264497583174,58.635821506960255,,2.3235274231904595,0.00044640453336485057,,0.001
375,0.031503641193634586,0.02814837907882113,44.73682925575658,,1.6569049435567293,0.029250773117842452,70.73347202676086,,2.3667762739317753,0.0005385060149559559,,0.001
376,0.032832815949069824,0.028359521278425268,59.643925315455384,,1.682725091533688,0.029706023298318753,86.09948167384695,,2.4036120635881257,0.00065549007333353,,0.001
377,0.033074608268706424,0.02871055999084523,58.18731127287212,,1.686687105299931,0.02977629198376743,78.23785313318899,,2.4092977340779376,0.0005956381512492862,,0.001
378,0.03184223841679724,0.02834848579215376,46.58336559094881,,1.6261168090384779,0.028707353180256405,66.70177477313173,,2.3228063791916047,0.0005078120145152692,,0.001
379,0.031643173608340715,0.028115327224919672,47.037951419228,,1.654646602519715,0.02921103152910027,67.49121201300268,,2.3635606512559435,0.0005138221351826089,,0.001
380,0.03154544424461691,0.027875466370268873,48.933040016575866,,1.6472352756638557,0.029080218317281394,66.54646361795,,2.352976123975163,0.0005066296041392667,,0.001
381,0.03125508296254434,0.02781793357510316,45.82865283363744,,1.6454274703828635,0.029048496407132366,61.68716076385289,,2.3504093998751863,0.0004696349007768483,,0.001
382,0.031114157093198674,0.02796049749380664,42.04879479659231,,1.640517883001367,0.028961928977411327,58.85499494973371,,2.3434049443712723,0.0004480731382540246,,0.001
383,0.030660439478723628,0.027701630600188907,39.450780968917044,,1.6201619935920417,0.028602606597193454,57.050944859517685,,2.3143309885901306,0.00043433859650135036,,0.001
384,0.0319518883173403,0.028132390721063865,50.92663513986688,,1.6416859808777744,0.028982126009293608,69.429684026991,,2.345039152659383,0.0005285800540213952,,0.001
385,0.03301972425297687,0.028277120405906124,63.234720732036386,,1.6512886160799676,0.029151092019279855,83.6673882114021,,2.3587107483442313,0.0006369741300193645,,0.001
386,0.03181853184574529,0.027962818643764445,51.409506948370684,,1.6121506632463625,0.02846087560202815,64.15021458842051,,2.3028630675445374,0.0004883865506207599,,0.001
387,0.03096759338912211,0.027609304672009068,44.777181926526524,,1.596035780561367,0.028176679869498775,56.16643017326012,,2.27986785595839,0.00042760463498046854,,0.001
388,0.03007092846459464,0.027013471546141726,40.7660863775956,,1.6006940316520677,0.028258624973905314,63.582315332883155,,2.2864983039158817,0.00048406303650172766,,0.001
389,0.03105647744316804,0.0274923322232146,47.521932099994864,,1.6348184819145044,0.028860200990892475,86.17656316320137,,2.335173798345911,0.0006560769078896424,,0.001
390,0.03261984022040116,0.02797527091675683,61.92758720799496,,1.6266840509209506,0.02871628396286383,93.58876824580435,,2.3235289981903486,0.0007125072923554111,,0.001
391,0.03303393486299013,0.027949346425501925,67.7945058722245,,1.5969859789499168,0.02819249564186457,79.98658385875507,,2.2811475621267863,0.0006089515372216212,,0.001
392,0.03082126839772651,0.0272183187894131,48.03932932803505,,1.6140191504821149,0.02849405540910923,59.42423821690187,,2.3055477548810654,0.00045240688456337104,,0.001
393,0.030434618556970043,0.027235218274750207,42.65866972270765,,1.5673489306126582,0.02767019424054563,56.22899021937864,,2.238886437625809,0.00042808091530667676,,0.001
394,0.029925229910172914,0.02689434215426445,40.41183863188091,,1.595221397823627,0.028161928147293843,65.42429882655954,,2.2786742455887214,0.0004980863717399447,,0.001
395,0.03110172040760517,0.02747756723118456,48.3220359400699,,1.5725149154376206,0.027761243971107092,60.165842263904075,,2.246253570835334,0.0004580528429559589,,0.001
396,0.031550803074711246,0.027325667538925222,56.33513761821546,,1.6095403267537263,0.028414611593266585,68.53940715840992,,2.299119694409314,0.0005218022240213962,,0.001
397,0.03101439764233012,0.027297958143447574,49.55252416510331,,1.5654407370329593,0.027636569084064283,54.61417265437993,,2.2361657156043195,0.0004157870331191978,,0.001
398,0.030587651717819665,0.027373662806655232,42.85318173860249,,1.595077369379104,0.02815951081423343,62.3102281735211,,2.278478651218941,0.00047437841948468746,,0.001
399,0.03059174081212596,0.02729882731249458,43.90551055105109,,1.5857749758726756,0.027995043180239272,67.97523238305982,,2.2651710339331053,0.0005175070650067573,,0.001
400,0.030484603031685476,0.027166950369351787,44.23536902979801,,1.5760295119398928,0.027823426885261297,56.92567115129137,,2.2512849949714138,0.00043338486634414576,,0.001
401,0.03007080886316927,0.026915059277885837,42.076657144646894,,1.562913560133541,0.02759174596900103,59.68130390998893,,2.2325389299180736,0.0004543639696321463,,0.001
402,0.029975421922771556,0.027079178216425998,38.61658146506861,,1.5615768835884787,0.027568100314157386,60.81830552174422,,2.230625682201849,0.00046302015728137116,,0.001
403,0.030241634402620166,0.027117131081850904,41.66004200985557,,1.571242447271496,0.027738970532629668,55.386343281623894,,2.244451353659232,0.00042166570011275173,,0.001
404,0.029898044604219888,0.026759600462882144,41.845916748046875,,1.556086988880747,0.02747105300583509,63.79435891457563,,2.22277326524655,0.00048567736053958913,,0.001
405,0.030453028255387357,0.026815840092144515,48.49583555522718,,1.5430181720683411,0.027239935487606545,73.21586164729901,,2.2040727865812646,0.00055740487152019,,0.001
406,0.029928863146587423,0.026689194731022183,43.19557350560238,,1.5426774576713416,0.02723458335018381,56.76495666155012,,2.2036397275364346,0.00043216131945840127,,0.001
407,0.02964916011612666,0.026518394190229867,41.74354874460321,,1.5501847241963154,0.02736669106834664,67.6134769217088,,2.214328997583807,0.0005147529588346894,,0.001
408,0.02941461681927505,0.026365473670394796,40.655242116827715,,1.544389397774318,0.027264795375991406,57.09422340093473,,2.206084281927553,0.0004346680834359488,,0.001
409,0.029781111565075423,0.026653352928789037,41.70344623766447,,1.557875994380542,0.027502971282372335,55.552753417768514,,2.225355877996948,0.00042293260892827846,,0.001
410,0.02940202229901364,0.026361491629167608,40.54040788349352,,1.5567855261589816,0.02748355599593744,59.580887979275545,,2.2237849233045517,0.0004535994859847707,,0.001
411,0.03014792237234743,0.026632368858707577,46.87404532181589,,1.5391482704626789,0.02717214648707485,59.91440137284261,,2.1985877555550557,0.0004561385804666065,,0.001
412,0.029962123812813508,0.026573426433299716,45.18262782849764,,1.537889424106695,0.027149663771276672,66.28887567957207,,2.1967686050625095,0.0005046685431278104,,0.001
413,0.03094377270654628,0.02681035273953488,55.112263328150696,,1.5393872436558023,0.027176089794442127,66.75649723607037,,2.1989068215257257,0.0005082286259808354,,0.001
414,0.03163995750640568,0.027141522027944263,59.97913501137182,,1.5696304722163803,0.027709507449049636,80.25265872377751,,2.242067398647405,0.0006109772106565258,,0.001
415,0.030420016693441493,0.026732121349165316,49.17193262200607,,1.5576698026206353,0.027498488082336684,76.45230765892126,,2.2249931275344927,0.0005820444883013288,,0.001
416,0.0311220065739594,0.027066087056147426,54.07891845703125,,1.5206898080439568,0.026846103293528458,63.59079405900936,,2.1722065282400127,0.0004841275864932281,,0.001
417,0.029964055669935125,0.026344576262329753,48.25972787957443,,1.5379542892145701,0.027151087061783964,59.393337218279584,,2.1968837681793953,0.0004521716299781027,,0.001
418,0.029621553754335957,0.02642026229908592,42.68388507240697,,1.5129388692876515,0.026709363653327045,60.91959484254689,,2.1611424741437038,0.0004637912901968091,,0.001
419,0.030557416771587572,0.026281128294373814,57.01717778256065,,1.5503537772222438,0.02736887896181824,87.37408462283223,,2.214506027241711,0.0006651938434870648,,0.001
420,0.031136442956171538,0.02659977825456544,60.488861083984375,,1.5151905240266648,0.026748591447912896,73.97583156016466,,2.1643165240442115,0.0005631906523893784,,0.001
421,0.029601653841765302,0.026102160348703985,46.65991391633686,,1.5077985138982413,0.026618521727968938,63.0509517926418,,2.153792155136761,0.00048001767502929766,,0.001
422,0.02996273593682992,0.02633019360272508,48.433896717272304,,1.5131998730593574,0.026713706735191578,67.49357195561325,,2.1614938871840126,0.000513840101829153,,0.001
423,0.0297507475081243,0.026228330539245354,46.96555850380346,,1.5617910770111687,0.02757163612905844,66.91621681529658,,2.230911776616623,0.0005094445984427416,,0.001
424,0.030221554891843545,0.026585459611133525,48.481264214766654,,1.516642172803604,0.026774612688789525,64.26627213709136,,2.1664219882409,0.0004892701165796974,,0.001
425,0.02924735814725098,0.025973286185609668,43.65429004869963,,1.503097375420018,0.02653536724189793,66.84859239847691,,2.147063852130513,0.0005089297621965935,,0.001
426,0.029226286728915415,0.02593588878057505,43.871973539653574,,1.5152473079139703,0.026750038017133014,62.96474532709407,,2.164433570718328,0.0004793613704694426,,0.001
427,0.029261448371567224,0.025997046381235123,43.52535709581877,,1.490058113828989,0.02630542492998951,60.06675257854877,,2.1284584632744523,0.0004572984562412259,,0.001
428,0.029593332621612047,0.025901553270063903,49.22371814125463,,1.503977101155675,0.026551033646010514,63.51731797015528,,2.1483314724221927,0.0004835682004674949,,0.001
429,0.028692654677127536,0.025669389061237637,40.31020817003752,,1.4983565054576353,0.026451833962057966,62.643930444471856,,2.1403048996743697,0.00047691895192233534,,0.001
430,0.028456819684881913,0.025774771739777765,35.76063939144737,,1.4794571617405163,0.026118241477165512,60.499401717124826,,2.1133128343629815,0.0004605922880978125,,0.001
431,0.02860158270126895,0.025635754395472377,39.544376272904245,,1.4851361854877596,0.02621842454109707,62.56812688211452,,2.121418975619753,0.00047634184644292283,,0.001
432,0.029050954960678752,0.02570213573543649,44.650920365986075,,1.4742431750521694,0.026026239061846815,59.17098399267624,,2.105868616295874,0.000450478816858637,,0.001
433,0.0285667929014093,0.025463443935701723,41.3779834948088,,1.4718876345262952,0.025984775559786524,56.072545226874816,,2.1025136679492076,0.00042688987283330326,,0.001
434,0.028383265984685796,0.025476727046464618,38.75385505274723,,1.4818673471163692,0.026160618387890782,64.87195703885891,,2.1167416896094062,0.0004938812992832189,,0.001
435,0.02863832670999201,0.02567641054721255,39.492212395919,,1.5048800072420168,0.02656697660339425,63.47707969467568,,2.149621469548768,0.00048326185959723445,,0.001
436,0.028397383070305773,0.025316077627633746,41.084071711490026,,1.4754433364812771,0.026047464823071628,58.27302913208796,,2.1075860624591134,0.00044364253299287716,,0.001
437,0.028629039561277943,0.025444853462670978,42.45581456234581,,1.46808031710254,0.025917484828220327,57.81631615086286,,2.097068953504062,0.00044016549898830945,,0.001
438,0.02809253305588898,0.025318749248981476,36.98378623159308,,1.45345333021516,0.025659420230964836,53.26803316275042,,2.0761880980317846,0.00040553864303680533,,0.001
439,0.02796674970733492,0.025229165722665033,36.50111840900622,,1.4511619939224198,0.025618824967452505,56.74933509284358,,2.0729034017221206,0.00043204238978521435,,0.001
440,0.028164387631573175,0.025230401734772482,39.11981261403937,,1.4651219984924553,0.02586512750370008,60.95287168498826,,2.0928325501467273,0.00046404463248724036,,0.001
441,0.028691698846064116,0.025508397111767216,42.444018715306335,,1.4681589022432315,0.02591890866942915,56.91426868137231,,2.0971841611800204,0.0004332980573913145,,0.001
442,0.028440088817947788,0.02523691011102576,42.709045008609166,,1.4446747851117365,0.02550386192110604,67.35287403228423,,2.0636013634691297,0.0005127689444854866,,0.001
443,0.02795933334058837,0.025094101009400266,38.20309408087479,,1.436598314564994,0.02536177378285238,54.78803540745648,,2.0521045448014283,0.000417110679981508,,0.001
444,0.027915366386112413,0.025112627368224293,37.369849957917864,,1.4604497789539819,0.02578270722720196,59.2047817238947,,2.086163654452218,0.00045073612476437817,,0.001
445,0.02850997349933574,0.025265765425406005,43.25610331485146,,1.4669928136682295,0.025898262182513006,58.36528315374896,,2.095513586006629,0.0004443448786312975,,0.001
446,0.029416396331630255,0.025263637500373942,55.37011738827354,,1.480246477253757,0.026131616609611927,74.40396204022245,,2.11439506032697,0.0005664500829261669,,0.001
447,0.02890662486223798,0.025072133658747924,51.126549570184004,,1.4509450604396499,0.02561491579172898,58.71063095026029,,2.072587097455023,0.00044697407044592773,,0.001
448,0.02768592193330589,0.024893089638728844,37.237760844983555,,1.439206688553409,0.025407811637717104,55.14793483902131,,2.055829619080921,0.00041985065588151136,,0.001
449,0.027321619520846167,0.024595984894978374,36.34179777848093,,1.4390135922202425,0.025404315346298095,57.30698908028326,,2.0555467226410924,0.0004362879049267138,,0.001
450,0.02739629100419973,0.0247497455658097,35.28726999383224,,1.4492745013174255,0.025585519897809193,56.2604081809657,,2.0702085789796283,0.0004283201056193746,,0.001
451,0.027623069717695837,0.024805621979267972,37.56596715826737,,1.4350091709508528,0.025333579084513284,58.19635616537235,,2.049823219011823,0.0004430588085894539,,0.001
452,0.02726009115576744,0.02453822289642535,36.291576084337734,,1.4314558922598661,0.025270905679358274,56.66360566317176,,2.0447521076353885,0.0004313897169810354,,0.001
453,0.027759527395430365,0.024758845959839067,40.009084500764544,,1.437479228237625,0.025377109372372277,60.180696960519,,2.0533453977961926,0.00045816593430080986,,0.001
454,0.028157296345422144,0.024817912496234242,44.52511536447626,,1.4241514919528753,0.025141952102902942,56.41856512912925,,2.0343180495691775,0.0004295241815038572,,0.001
455,0.027605016274671806,0.024686595228941816,38.91227400930304,,1.4319006726388028,0.025278373371329384,66.21525998773981,,2.045356343157884,0.0005041080942807381,,0.001
456,0.029032211358609953,0.02504278846869343,53.1923000938014,,1.456776274440155,0.025717511871250594,67.57404259206618,,2.0808884837408463,0.0005144527385415265,,0.001
457,0.027828908574424292,0.024651521228645976,42.36516390348736,,1.4150154107794193,0.02498075009897412,53.91759978052707,,2.0212746651542792,0.0004104839047462119,,0.001
458,0.02733813432094298,0.02452752807814824,37.47474640294125,,1.40767568602911,0.02485104160145768,56.92733932420788,,2.0107795239416872,0.0004333975664297458,,0.001
459,0.027685193933154408,0.024535358442287696,41.997803135922084,,1.440586220273412,0.02543164138908189,68.20916790141655,,2.05775776265226,0.0005192880561010341,,0.001
460,0.028000361727256524,0.024635305138010728,44.86742340890985,,1.4323270369709518,0.025285647855576257,72.4949986372213,,2.0459449456078507,0.0005519168181875438,,0.001
461,0.028734907409862467,0.024716417256154512,53.57986731278269,,1.4125726307182038,0.024937077403107057,67.40780786259627,,2.0177409636695227,0.0005131871651270014,,0.001
462,0.02829484406270479,0.024646658156263202,48.64247552972091,,1.4257971886333922,0.025170849587496855,60.343037795755045,,2.036656240106489,0.0004594018628328422,,0.001
463,0.027877656840964368,0.024553715888606876,44.3192128633198,,1.4202447998962824,0.0250725354601184,67.37246947872057,,2.028701320654131,0.0005129181279691946,,0.001
464,0.027509211023387155,0.024427382765631927,41.09104297035619,,1.4268156847367484,0.02518867183884435,64.30819029162876,,2.038098297089645,0.0004895892466564127,,0.001
465,0.027877681251419217,0.02463141642510891,43.2835289804559,,1.4171484428798966,0.025018140957320894,60.590227968781186,,2.024300082501047,0.00046128376387909956,,0.001
466,0.02739481824009042,0.024317758549985132,41.027461202521074,,1.40222343557535,0.024754690592444693,59.11806364179854,,2.002983446853994,0.00045007592518027525,,0.001
467,0.027507097607380467,0.024344617696969134,42.16639669317948,,1.3963647618338688,0.024651353016831978,56.619971887694874,,1.9946220636802747,0.0004310575255888095,,0.001
468,0.02700429850895154,0.024050399072860416,39.38532578317743,,1.3971423125556288,0.024665155913264156,54.76541968517339,,1.9957389014354892,0.00041693850262143986,,0.001
469,0.02694111337002955,0.024221880361437798,36.25643449080618,,1.405983605124223,0.02482098992386221,61.316731529641615,,2.0083479438518803,0.00046681475968914896,,0.001
470,0.026877987247548606,0.024029439707335672,37.98063037269994,,1.4115940176733512,0.024920315099619932,54.6195034547027,,2.0163846705544675,0.0004158276174133953,,0.001
471,0.026719033914177043,0.024072985704007902,35.28064205771998,,1.383698617668116,0.02442789944474853,52.2899034600429,,1.976541700108284,0.00039809197439150254,,0.001
472,0.027034212884150054,0.024033166468143463,40.013953259116725,,1.3954176995082614,0.024634629964624063,56.67237661657306,,1.9932689465153384,0.0004314564917487396,,0.001
473,0.026516641245076533,0.02385679416750607,35.46462631225586,,1.3830245346786274,0.024415924556672616,54.11407572830372,,1.9755727725224428,0.0004119797097256687,,0.001
474,0.026249658120305913,0.023781093327622665,32.91419470937628,,1.3863763678255365,0.02447514768935409,53.009065428765204,,1.9803647110033071,0.0004035670774055043,,0.001
475,0.026607037963051545,0.023897593252752956,36.12592656988846,,1.3806174667539803,0.024373486951009833,52.61162108608951,,1.9721390062489668,0.00040054126567863043,,0.001
476,0.02661337164279662,0.023770614380114956,37.90342812789114,,1.3889084917580952,0.024519791750500106,54.54825815029582,,1.9839770088481083,0.0004152852147310279,,0.001
477,0.027164046603598092,0.024064077358496815,41.332922885292454,,1.3875998283162978,0.02449627484982193,64.75750102820483,,1.982074179054951,0.0004930099261069981,,0.001
478,0.02670731513123763,0.023801517917921667,38.7439607319079,,1.389372638504863,0.02452776999019204,59.918256278587435,,1.984622554466152,0.00045616792852306686,,0.001
479,0.0268061456123465,0.023700067969529254,41.41436847887541,,1.368010856838944,0.024150537880411063,61.83684983344969,,1.9540994635516682,0.0004707745092541551,,0.001
480,0.027761101722717285,0.024041082513959783,49.60025285419665,,1.3881962048661027,0.024506485561292774,72.66002176172726,,1.982900361308384,0.0005531731674463454,,0.001
481,0.02803595560161691,0.023964609362577136,54.28461255525288,,1.392100101204112,0.02457576432130258,63.901376853371744,,1.9885059336745587,0.0004864921064031612,,0.001
482,0.02728933850793462,0.023831832565759357,46.10007777966951,,1.3928410346517475,0.024588737618657725,66.58748151455121,,1.9895556458394685,0.000506941880398408,,0.001
483,0.02758050915834151,0.02405563732118983,46.9982900117573,,1.372599709605164,0.02423138830831895,66.01421979507309,,1.9606413376326952,0.0005025775409246414,,0.001
484,0.02731464773808655,0.023839539407115234,46.334772411145664,,1.3858529230877217,0.02446540674554483,65.38915732490197,,1.9795765391966824,0.000497818833480123,,0.001
485,0.027224281606705564,0.023811986669898033,45.49726707056949,,1.3883053424464353,0.024508367825045074,73.76664517724333,,1.9830526614603246,0.0005615980806942211,,0.001
486,0.027207967188013226,0.02373930851095601,46.248781505383946,,1.3824157241670936,0.02440442688054303,72.68270586034463,,1.9746424577249766,0.0005533458653671357,,0.001
487,0.02702023284999948,0.023820448078607257,42.66379215842799,,1.3808973150236676,0.02437835329635644,54.46011179647077,,1.9725327582588952,0.00041461414147007914,,0.001
488,0.026608275445668322,0.023490693126069873,41.56776297719855,,1.3570658058689506,0.02395726925606329,62.51512162378927,,1.9384614633949226,0.00047593830834964727,,0.001
489,0.026457844400092176,0.023512202167981548,39.275228801526524,,1.3510469107190441,0.02385125138685485,56.33418064324113,,1.9298832088494975,0.0004288817479866318,,0.001
490,0.026328718191698977,0.023451855994368855,38.35815951698705,,1.3433051684824981,0.023714629612705297,54.7666252690668,,1.918828691683167,0.000416947680937724,,0.001
491,0.025794875072805507,0.023284048332195533,33.47769124884354,,1.3379031701219122,0.023619317748219158,53.19005023983983,,1.9111166951974266,0.00040494494571292287,,0.001
492,0.026316643839603977,0.023265441389460313,40.68269508763363,,1.3835211549533288,0.024423713330225746,78.40074609683846,,1.9762029878119431,0.0005968782832293204,,0.001
493,0.027727516466065458,0.023784513144116653,52.57337148565995,,1.3968150287345948,0.024658654394719457,72.69822579101417,,1.9952128421831703,0.0005534640212525712,,0.001
494,0.028815147614008503,0.02437222572533708,59.23895825837788,,1.3642364995514744,0.024083337119475596,75.78064562513786,,1.9486620289262153,0.0005769310104124862,,0.001
495,0.027417621526278947,0.023747287886707408,48.93777927599455,,1.3322240356059707,0.02351903187420072,53.62239546168572,,1.90300223523833,0.0004082364637994859,,0.001
496,0.025553629390503232,0.023109471033278265,32.58877422935084,,1.3451273676432962,0.02374682507617228,54.18454679137777,,1.9214337325398618,0.0004125162179764069,,0.001
497,0.02569069213380939,0.023064531974102322,35.015467392770866,,1.3388554391387057,0.023635708190777014,63.66565894037678,,1.912442899821451,0.0004846975456337898,,0.001
498,0.026401637612204803,0.023239494742531525,42.161901574385794,,1.3434369066503091,0.02371693426230779,55.29396639477959,,1.9190151684636927,0.0004209624190806861,,0.001
499,0.026510683721617648,0.02323795168807632,43.63642220748098,,1.347241851308805,0.023783674386042654,66.16573526314374,,1.9244153314179702,0.000503731054085766,,0.001
500,0.026305668546180976,0.023230669235712605,40.999991165964225,,1.3335293816921785,0.023541707385900612,62.82614517098144,,1.9048369854814895,0.0004783061837862235,,0.001
501,0.026114041083737424,0.023106766962691358,40.09698646946957,,1.3194618688365374,0.023293624867136382,55.69289762256325,,1.8847638128161743,0.00042399955071808105,,0.001
502,0.02623348810562962,0.023001276446800483,43.0961510507684,,1.3454490605451124,0.023752127846369438,63.531372963025234,,1.9218627971200761,0.00048367520353102003,,0.001
503,0.025853543199206654,0.022960128066571134,38.57887017099481,,1.3419776306901268,0.023691051891542997,58.22024211775464,,1.916920940704569,0.0004432406564284225,,0.001
504,0.02565182402337852,0.023080716399770034,34.28143370778937,,1.3201419932030698,0.02330569450883579,54.164089746699915,,1.8857404072293864,0.0004123604749979896,,0.001
505,0.02516156895772407,0.022749109781886403,32.16612253691021,,1.318415597992304,0.023275409861532495,49.30675930800999,,1.8832899767941609,0.0003753807879712652,,0.001
506,0.025285140072044573,0.022741079526512248,33.92080568012438,,1.3265683619243593,0.02341920039042029,53.05843577094362,,1.894924541488116,0.00040394294226073793,,0.001
507,0.025604181285751492,0.02291216515004635,35.89354535153038,,1.3162377376443934,0.023236903139677162,50.678735074874645,,1.8801742712602618,0.00038582587403392744,,0.001
508,0.0253439748561696,0.022618059166952184,36.345539594951425,,1.340841520809028,0.023670890883021614,60.757766700878875,,1.915289647185088,0.0004625592648885589,,0.001
509,0.02562223178775687,0.022675992038689162,39.28319409019068,,1.3123873701370863,0.023168761247976576,54.68132515306299,,1.8746606866487356,0.000416298276571894,,0.001
510,0.025175448997240318,0.022706253454089165,32.922605313752825,,1.3050390606384206,0.023038979144219745,55.75768623386182,,1.8641595897131045,0.00042449279749199486,,0.001
511,0.026495866967659248,0.023019720163000256,46.34862176995529,,1.3175099004534898,0.02325897186310157,60.401229506470905,,1.8819599242680105,0.0004598448862748303,,0.001
512,0.025578938228519338,0.022799190918081684,37.063293858578334,,1.3087056228346639,0.023103841689053915,52.60214077154748,,1.8694078315821956,0.0004004690904232913,,0.001
513,0.02541317310380308,0.02265810868457744,36.734189886795846,,1.3068703865336058,0.023071350451832513,54.81090846840555,,1.8667788586980776,0.0004172848165048341,,0.001
514,0.025017504041132173,0.022417523162929637,34.66640823765805,,1.3095780976828766,0.023119232067265204,52.94127173631871,,1.870653117710209,0.0004030509524350702,,0.001
515,0.02538339578007397,0.0225604555912708,37.63920141521253,,1.3363824165254472,0.02359211020514581,62.061811428371556,,1.9089152433876384,0.00047248718033516293,,0.001
516,0.02548169462304366,0.02271845583852969,36.84317950198525,,1.307953600607879,0.023090467809110907,54.994926956636384,,1.8683257069623778,0.00041868578071507274,,0.001
517,0.025271137784186163,0.022416341265565472,38.06395159269634,,1.3095653033003691,0.023119036497857275,52.1892996474305,,1.8706372935460844,0.00039732606036710995,,0.001
518,0.026288719651730436,0.022840462134856927,45.97676568282278,,1.3379043233327088,0.02361844220241373,75.40747446814284,,1.911045851906185,0.000574089994597882,,0.001
519,0.026278887336191378,0.022823931257191458,46.06608099686472,,1.299029973522394,0.02293255715230514,63.89283961587996,,1.855548636270154,0.0004864271109546316,,0.001
520,0.026839484803770717,0.02278798936229003,54.019934604042454,,1.3166807236496902,0.02324444032707026,57.72134031786313,,1.880784129885957,0.00043944243173485334,,0.001
521,0.025272048813732045,0.022562138540180104,36.1321358931692,,1.3334791452052597,0.02354092796473217,60.15944405030583,,1.9047739199508302,0.00045800413226201295,,0.001
522,0.025675010622331972,0.0225324842490648,41.900350068744864,,1.2904346723517301,0.022780990810422848,59.21267883136953,,1.8432849049681317,0.00045079624679365365,,0.001
523,0.026140544759599788,0.022737498640229826,45.37394734432823,,1.3067221422930573,0.023068443346609,61.99677629828252,,1.8665436352514657,0.000471992056771553,,0.001
524,0.025855501329428272,0.02253527400132857,44.26969528198242,,1.3191779983481882,0.023288409536268713,60.73775791252023,,1.8843418232397424,0.00046240693456213255,,0.001
525,0.025904142640923198,0.02247521643968005,45.71901522184673,,1.3013611445159363,0.02297406495602577,55.22274915318044,,1.8589071692098897,0.00042042023004527153,,0.001
526,0.024877965254218953,0.02233225911071426,33.942747718409485,,1.2803166184470818,0.022602730816283324,49.78509428913781,,1.8288613024527065,0.00037902243395753496,,0.001
527,0.024481506135902907,0.022156041115522385,31.006199585764033,,1.307390452067207,0.023080597008251744,53.21149869130589,,1.8675270279946783,0.00040510823644070723,,0.001
528,0.02469387326977755,0.02219954142837148,33.257755279541016,,1.2678940807726577,0.022383426169889184,49.226662119004466,,1.8111166421062064,0.0003747709943781525,,0.001
529,0.024265345970266743,0.02188679722971038,31.7139835357666,,1.2692369644260655,0.022406982898472174,53.01263316429708,,1.813022694506157,0.00040359423918603953,,0.001
530,0.024685840073384736,0.022129422445830545,34.085569883647715,,1.263142197238943,0.022299497139339524,50.01399494030447,,1.8043256681583124,0.00038076509374714555,,0.001
531,0.024159378421149756,0.021816064652643706,31.244184594405326,,1.274517524142203,0.022500328260389377,50.1857385071268,,1.8205755748001977,0.00038207260688221154,,0.001
532,0.024471205218057884,0.021868817704288585,34.69850068343313,,1.27849067115141,0.02257003261083601,61.19350713298861,,1.8262155830886038,0.0004658766312912971,,0.001
533,0.02506180813438014,0.02200609494588877,40.742841620194284,,1.2851095699195518,0.022686919418720686,60.54177652266666,,1.8356732792159012,0.0004609148947366925,,0.001
534,0.025446268288712753,0.022187002101226858,43.456878662109375,,1.3306106237769328,0.023490050221896215,65.92070833367919,,1.9006572344146833,0.0005018656221825657,,0.001
535,0.026190597269880145,0.022431521725497748,50.12100239803917,,1.2840838832648138,0.02266859087305321,65.98383247488499,,1.8341902562938506,0.0005023461970611096,,0.001
536,0.026647924494586493,0.022442566623028955,56.07143622950504,,1.2898814532316458,0.022771325609738862,56.67808307337114,,1.8425028617869312,0.00043149993597990487,,0.001
537,0.025723671442583987,0.022546965138692605,42.35608392012747,,1.2920321104771062,0.022808831469526655,68.21576404125935,,1.8455375842785913,0.0005193382736413168,,0.001
538,0.025705663585349134,0.022430685691927608,43.66637280112818,,1.2891167710911446,0.02275780565871528,57.15027244105966,,1.8414089180754807,0.0004350947943604226,,0.001
539,0.02443319784575387,0.0218559619235365,34.36314151161596,,1.263099357011029,0.022298620330290713,53.000759683364976,,1.8042547226538932,0.00040350384434584307,,0.001
540,0.024429213843847577,0.021858939018688704,34.27032651399311,,1.2678316989255418,0.022381714688420876,64.35626228287771,,1.8109781605106552,0.0004899552269440574,,0.001
541,0.025208148124970887,0.021979772142673795,43.04501162077251,,1.273004671809932,0.022473095856123292,63.13349941855504,,1.818372111389524,0.00048064612421750937,,0.0005
542,0.02371070837896121,0.02142887366445441,30.424462167840254,,1.2456806281867816,0.021991356100340063,46.21554206372587,,1.779392963057135,0.0003518468226238158,,0.0005
543,0.023272375037011347,0.02142447860617387,24.63861786691766,,1.2400310328237563,0.02189171174286504,43.672387419383114,,1.771330410311847,0.0003324853515451217,,0.0005
544,0.023323264169065577,0.021424761041998863,25.313375974956312,,1.2564074250849238,0.022180781749065383,45.2786778739082,,1.7947200154147271,0.00034471431538279164,,0.0005
545,0.023323751299789076,0.021438497755872577,25.13671212447317,,1.2371029941299871,0.021840015974942752,43.660807480903564,,1.767147535675056,0.0003323971914937998,,0.0005
546,0.022790408742270972,0.02099035719507619,24.000681425395765,,1.2326228430956896,0.021760948979676228,42.85012524691357,,1.7607499649956764,0.0003262253290542411,,0.0005
547,0.022790911656461264,0.021047052486162437,23.25145048844187,,1.2330797114716345,0.021768971377705375,43.93830339746715,,1.7613990836100437,0.00033450981534660136,,0.0005
548,0.023099008359407123,0.021300300759704488,23.982764394659746,,1.2309135530080448,0.021730639638575685,46.0944398303003,,1.7582975365040852,0.00035092485061741414,,0.0005
549,0.02300560405771983,0.021267936221863095,23.16890475624486,,1.2255727072474054,0.02163645671888888,43.296277349304994,,1.7506768866557438,0.0003296219612827867,,0.0005
550,0.022944335972792225,0.02116411914558787,23.736222618504573,,1.2298592118346552,0.02171207861501721,44.75564493546608,,1.7567957030311336,0.00034073237620603795,,0.0005
551,0.023125165681305685,0.02118198455948579,25.90908391852128,,1.2344390327274033,0.021792875618210653,46.30339011725048,,1.7633332543427733,0.00035251562487358064,,0.0005
552,0.022993328539948715,0.02116939131366579,24.319161164133174,,1.230961394472344,0.021731478416258422,46.24053806874159,,1.7583654047655704,0.0003520371214832546,,0.0005
553,0.022889724785560055,0.02108358807469669,24.081826260215358,,1.22556593226294,0.021636333082877497,43.39596117556077,,1.75066688285936,0.0003303808712937678,,0.0005
554,0.022930144675468143,0.021132014593795725,23.97506382590846,,1.226379097121046,0.021650663814688432,44.044924964984425,,1.751826429511394,0.000335321543567865,,0.0005
555,0.022786974906921387,0.021004521533062582,23.76604341205798,,1.2292202335719613,0.021700923844471236,41.6120412856687,,1.7558931338524317,0.0003167995841975682,,0.0005
556,0.022947910290799643,0.02111403653888326,24.451651221827458,,1.2276691688263972,0.021673445534011054,43.927150758932335,,1.7536697733626805,0.0003344249084028088,,0.0005
557,0.02288340306595752,0.021070878462571847,24.16699138440584,,1.2257831223529274,0.02164012810006295,44.37801496166514,,1.750973950183615,0.00033785741465682217,,0.0005
558,0.02305546040205579,0.02109238485756673,26.174341302168997,,1.2244625969963694,0.021616836984418995,43.79446125570924,,1.7490893894003006,0.0003334147205305081,,0.0005
559,0.02299490894534086,0.02117211548121352,24.303910707172594,,1.2366067567663648,0.021831222811054787,44.44948769696535,,1.766436051859603,0.0003384015488094615,,0.0005
560,0.02276746644393394,0.021003426885918566,23.520529395655583,,1.2182280313617786,0.02150675342989046,44.00905803259851,,1.7401821668814783,0.00033504848247989063,,0.0005
561,0.02290794625878334,0.021133897728041598,23.653981258994655,,1.240243089162678,0.021895190035935982,50.261076508038606,,1.7716118504461271,0.00038264616796274803,,0.0005
562,0.022940680972839658,0.02109639895589728,24.590425290559466,,1.2193720539389934,0.021526977170982044,43.38031631630521,,1.7418185362995742,0.0003302617643056495,,0.0005
563,0.022479573264718056,0.020778807664388103,22.67687225341797,,1.2222826681569463,0.021578286053859662,45.357097241949376,,1.7459701067947355,0.00034531133543806676,,0.0005
564,0.022848306811953847,0.020967721841052958,25.074465099133942,,1.219164114113367,0.02152325652701941,44.60400873501432,,1.7415174867574292,0.0003395779438886558,,0.0005
565,0.022774681743038327,0.020995628186746648,23.720712862516706,,1.2156633435873372,0.02146149392367796,43.474500358620226,,1.7365200713518296,0.0003309788035212604,,0.0005
566,0.022738073707411165,0.020914758604608084,24.3108660045423,,1.2134716727908166,0.02142276539094987,44.30038941130509,,1.7333864183705647,0.00033726643807126255,,0.0005
567,0.02269457996283707,0.02088532047836404,24.12345936423854,,1.2190703850454323,0.021521644713269134,43.53697148691009,,1.741387069604803,0.00033145440690083785,,0.0005
568,0.022784258876191944,0.020885786629821126,25.31296187952945,,1.211503107682996,0.021387774351725394,50.1249240177836,,1.7305551782832322,0.00038160961577814986,,0.0005
569,0.023273047746012087,0.02107417054082218,29.318363189697266,,1.232612329438719,0.021760493495442044,49.54232245480425,,1.7607131102679647,0.0003771741704790922,,0.0005
570,0.02325658304126639,0.0211211317463925,28.472681447079307,,1.224214578271844,0.021612415247414314,44.85638231898838,,1.7487316121138652,0.0003414993071286026,,0.0005
571,0.02317076833232453,0.021109413257554957,27.484730569939863,,1.2229441560177812,0.02158979556136902,49.55919277806656,,1.7469013789080585,0.00037730260713419615,,0.0005
572,0.02296084743973456,0.020909284682650315,27.35416743629857,,1.2092252002539141,0.021347768179230144,44.87712525927957,,1.7273181472655863,0.0003416572266792003,,0.0005
573,0.02291781955251568,0.020875922257178707,27.22529361122533,,1.2192189420172408,0.02152401451378815,49.8125532127325,,1.7415788179602998,0.00037923148343716975,,0.0005
574,0.02300469891021126,0.02090224143313734,28.032763230173213,,1.2107178435872197,0.021374142233133078,44.367180864573214,,1.729452158724818,0.0003377749328234914,,0.0005
575,0.02283070138410518,0.020995947483338807,24.463382319400186,,1.2077214805990668,0.021321310294259318,42.6163501775529,,1.7251773527588876,0.00032444555948560127,,0.0005
576,0.022705626330877606,0.02092841032304262,23.696212668167917,,1.2089026247852033,0.02134218082151909,42.20131327440137,,1.726866055773467,0.000321285812588245,,0.0005
577,0.02251900232544071,0.020746340975165367,23.63548439427426,,1.207331957291207,0.021314419300854353,42.95687988058261,,1.7246197798144398,0.00032703807033086676,,0.0005
578,0.02259027830472118,0.020834209299401232,23.414252933702972,,1.205963152689409,0.021290250745095413,42.99433372816872,,1.7226642224650661,0.00032732321287555526,,0.0005
579,0.022552067806061945,0.02072067499945038,24.418568862111943,,1.201461480667525,0.021210710393533946,44.49963034184129,,1.7162283509707486,0.0003387832933371623,,0.0005
580,0.02257487383720122,0.02058545323578935,26.525603946886566,,1.2043527726927763,0.021261543824710266,49.807069041404496,,1.7203414511047506,0.0003791897315032895,,0.0005
581,0.023020335031967414,0.02087155788352615,28.650359705874795,,1.2139243619277795,0.02143067638542996,46.321415982434594,,1.7340265229573137,0.0003526528588668838,,0.0005
582,0.022405226175722322,0.020586309856490084,24.252218447233503,,1.1978366219207666,0.02114671682312126,44.36497613034816,,1.7110504206806074,0.0003377581478049203,,0.0005
583,0.022411019492306207,0.020603708334659274,24.097481476633174,,1.1999882841091536,0.021184720510424505,43.99712279596887,,1.7141254240341555,0.00033495761748301116,,0.0005
584,0.022480697027946774,0.020676669713697936,24.05369728489926,,1.2119987887211159,0.021396576539415266,48.868883855940865,,1.7312673922441815,0.0003720471672965786,,0.0005
585,0.022482167341207202,0.02057029375512349,25.491646816855983,,1.1972720221628623,0.02113668833311989,45.856655290366426,,1.7102389825656903,0.00034911455626385153,,0.0005
586,0.02247927073193224,0.02064375667587707,24.473518973902653,,1.1933910674187467,0.02106822108680821,44.53541093024786,,1.7046990724423208,0.00033905569707366084,,0.0005
587,0.022501780210356963,0.020609897120218528,25.225109401502106,,1.1956789532956031,0.02110862942585261,44.17889352190363,,1.7079686440783928,0.000336341469094618,,0.0005
588,0.022564948683506565,0.02068205158177175,25.10529779133044,,1.2057934087849735,0.021287177101359807,44.89679697614883,,1.7224155238396095,0.00034180699082275305,,0.0005
589,0.02231400224723314,0.020488940963619633,24.334151017038447,,1.1990109055178153,0.021167439601642142,44.61010937226649,,1.7127271688587007,0.00033962438908300617,,0.0005
590,0.022452956653739278,0.02060574224512828,24.62952453211734,,1.1908753549648186,0.021023785582293526,45.00982353035244,,1.7011036496006113,0.0003426674813026402,,0.0005
591,0.022681097156907384,0.02058479513384794,27.950693532040244,,1.1951875140880368,0.021099701131216182,50.41947084573453,,1.7072462263895665,0.0003838520511343241,,0.0005
592,0.023192334528032103,0.020756917956628297,32.47221836290861,,1.2100534117084085,0.021362111470146817,51.80260531126546,,1.728478710116179,0.0003943820902775957,,0.0005
593,0.0235196973540281,0.020977638171691643,33.89411886114823,,1.209167004947946,0.02134648633272549,51.18530978885343,,1.7272144288482367,0.00038968251393418517,,0.0005
594,0.022933965156737127,0.02073014184440437,29.38431247911955,,1.192596357894203,0.021054181489452404,44.747096426053936,,1.7035630824367434,0.00034066729494245166,,0.0005
595,0.022380884834810308,0.020446275115797396,25.79479297838713,,1.1938923130898575,0.021077026230954237,45.64246029943414,,1.7054115256198625,0.00034748385317964785,,0.0005
596,0.02249802276492119,0.020594547159577672,25.379674008018092,,1.1895511965336694,0.021000427707329055,44.49112530951116,,1.6992136871010681,0.0003387185430720341,,0.0005
597,0.02217260218764606,0.020330111251065607,24.566545386063424,,1.187852718086837,0.02097037049531285,46.2166795215783,,1.6967816592030738,0.0003518554822849033,,0.0005
598,0.022426560913261614,0.02046386348573785,26.16929646542198,,1.194368803027744,0.021085300174405578,49.08366789961444,,1.7060809976018028,0.00037368235494000465,,0.0005
599,0.022663324973300883,0.020535113584054143,28.37615213896099,,1.1930126941226782,0.021061397675628132,48.08187665407458,,1.7041469677980015,0.0003660555469240015,,0.0005
600,0.02227399076678251,0.02042190054137456,24.694534904078434,,1.185310543526602,0.020925564308673844,44.29746432996007,,1.69315624325132,0.0003372441689269184,,0.0005
601,0.022265448382026272,0.02042764895840695,24.503991478367855,,1.1890630328136864,0.020991840773571413,43.700486758935874,,1.6985188900438575,0.00033269927662092923,,0.0005
602,0.02233848240422575,0.020402513444423676,25.81291560122841,,1.1851138542113224,0.02092213854964003,43.1342554089563,,1.6928790538187957,0.00032838846055204923,,0.0005
603,0.02234071875481229,0.020418213974488408,25.6333949440404,,1.182837604787165,0.020881945952270907,43.23551109299554,,1.6896269385513565,0.00032915933738505667,,0.0005
604,0.022477747774437853,0.02049878670981056,26.386147348504316,,1.1890384860526209,0.02099134898747764,45.14870518791425,,1.698479098013271,0.00034372481110451667,,0.0005
605,0.022269479636298984,0.020393919101671168,25.007476405093545,,1.1815867427408946,0.02085974682331713,46.0731974468161,,1.687830734003255,0.0003507631287204046,,0.0005
606,0.022450013282267672,0.020388557134490264,27.486081976639596,,1.2037582914578295,0.02125090474114881,53.35751208032217,,1.719480607856328,0.0004062198613333694,,0.0005
607,0.022910234469332193,0.020464382575530755,32.61135733755011,,1.19193653534756,0.02104250281028511,45.469396165119086,,1.7026181220880834,0.00034616628633849883,,0.0005
608,0.022367195471336965,0.020445527999024642,25.622231834813167,,1.179085109838119,0.02081559205140564,45.75033046488426,,1.6842580261599456,0.0003483050871904314,,0.0005
609,0.02219864628032634,0.020311668907341204,25.159698887875205,,1.1848195726198267,0.020916814956851455,46.30551030922865,,1.6924483044142136,0.00035253176625757313,,0.0005
610,0.022480492725184088,0.020444581971356745,27.14547358061138,,1.1701645785348092,0.02065813555337288,44.741090483475375,,1.6715177029480095,0.00034062157067484027,,0.0005
611,0.022043777041529353,0.02016011458870612,25.115499697233503,,1.1914199785894135,0.021033223480273578,49.417826649777425,,1.70186730097232,0.0003762263626319337,,0.0005
612,0.021982591599225998,0.02013702582763998,24.607540933709394,,1.1713412760870219,0.020678923239864616,44.43350307442984,,1.6731997030435406,0.0003382798551454078,,0.0005
613,0.021974592028479827,0.020191584860807972,23.773428264417145,,1.1700255350774176,0.0206557311682794,43.48854084320175,,1.6713231562408262,0.00033108569613070533,,0.0005
614,0.022138982619109907,0.020203150416675367,25.81109578985917,,1.1817698996068637,0.020862891054989532,48.292936834951014,,1.6880851441308782,0.0003676623841633307,,0.0005
615,0.022249364735264527,0.020299965711800677,25.991983714856598,,1.1737320818050176,0.020721166588618608,43.63309301468686,,1.6766177513515146,0.00033218619652449665,,0.0005
616,0.02221198664291909,0.020243822940086063,26.242181878340872,,1.1794884725969852,0.020822688883487313,46.364677474327856,,1.6848322541888359,0.0003529822160005429,,0.0005
617,0.022196373265040547,0.020299982573640973,25.285207748413086,,1.1728771645386917,0.020706118422336613,42.49488058032377,,1.675400154716413,0.00032352079067575945,,0.0005
618,0.021878151909301157,0.020143775269389153,23.125021181608503,,1.1665868936794621,0.020594968990740262,44.75212565406036,,1.666406688577811,0.00034070558331504873,,0.0005
619,0.0219762010597869,0.020078736308373903,25.299528322721784,,1.1741762713652213,0.020728819910335025,48.3226655064526,,1.6772370067873354,0.0003678887136218111,,0.0005
620,0.022130560914152546,0.02007882483303547,27.35647964477539,,1.1741469332616217,0.020728326254744738,47.71941480779757,,1.6771970634896358,0.00036329606292273027,,0.0005
621,0.02209724730959064,0.02030253253485027,23.92953200089304,,1.160793728024135,0.020492748952220644,43.2223402350024,,1.6581357290064536,0.0003290590653914982,,0.0005
622,0.022013037220427866,0.02011376335040519,25.32364764966463,,1.174342891302068,0.020731872696296536,45.569659683526375,,1.6774840177416779,0.0003469296096449321,,0.0005
623,0.022191995558770078,0.020166312295355295,27.0091081920423,,1.1659353294730315,0.020583287653614078,49.156152406095785,,1.6654615131649537,0.00037423419187961575,,0.0005
624,0.0218240280488604,0.019935865641424532,25.17549585041247,,1.1599974132993076,0.0204786096071525,45.20483433251021,,1.6569916680853491,0.0003441521318780229,,0.0005
625,0.021679918134683056,0.019892218375676556,23.835995623939915,,1.1570639440139021,0.020426826845794895,44.972871355844994,,1.6528017545235398,0.00034238615808086434,,0.0005
626,0.0217708700189465,0.019839729133405183,25.748544090672542,,1.155643259648159,0.020401795766266266,43.684982094640034,,1.6507764075386726,0.0003325812369610066,,0.0005
627,0.021963695162221006,0.01998990078113581,26.31725441782098,,1.168528718448255,0.020629234635690084,45.208586147758496,,1.6691792346281833,0.000344180695088909,,0.0005
628,0.022275765279405994,0.02002010170958544,30.075511430439196,,1.1618491760960747,0.020511190216899074,48.01565626959569,,1.6596278723944715,0.0003655513998160935,,0.0005
629,0.022145642653891916,0.020152551269060688,26.574549122860557,,1.1608366839965354,0.02049342167098677,45.34745149529944,,1.658190160894742,0.00034523790071980823,,0.0005
630,0.02183483854720467,0.019790575104324443,27.256843767668073,,1.169978676193028,0.020654581069060426,51.493060672030744,,1.6712300979297459,0.0003920254740201299,,0.0005
631,0.02254290976806691,0.020116240374351804,32.35559403268915,,1.159057015068836,0.020461700610036535,52.786245987919926,,1.655623505506233,0.0004018707149096988,,0.0005
632,0.02221572957932949,0.019981716220316133,29.786842346191406,,1.1646050665591268,0.02055996378141365,45.121452927316845,,1.6635743019409017,0.00034351733498561075,,0.0005
633,0.02185249887406826,0.019896806658882844,26.07589169552452,,1.1521803636865806,0.020340589699963593,45.33692300062505,,1.6458240233756196,0.0003451577454899272,,0.0005
634,0.02191771576671224,0.019976381408540828,25.88445502833316,,1.1727012733159385,0.020702980034322194,43.311397937790204,,1.6751462174183802,0.00032973707690790233,,0.0005
635,0.0217812127972904,0.019940388634016638,24.544321260954206,,1.1633054444271926,0.020536988806962753,45.85018986543541,,1.6617153211814701,0.00034906533387853893,,0.0005
636,0.021815268028723567,0.01992019609008965,25.26762360020688,,1.1575375736362998,0.02043520422706619,44.59658883331144,,1.6534795959997535,0.0003395214549085041,,0.0005
637,0.021597854008800106,0.019820067345311766,23.703819676449424,,1.1524081290194963,0.020344717712697552,42.6913194126395,,1.6461580344650997,0.00032501631308886714,,0.0005
638,0.021583197050188716,0.01980194606279072,23.7500124479595,,1.1559039525477657,0.020406344966046888,45.01136605641704,,1.651144498257601,0.00034267922481727637,,0.0005
639,0.021690180819285542,0.019759327761436764,25.744708613345498,,1.1453273647369246,0.020219603475456933,45.15147169291209,,1.6360346299643296,0.00034374587298001993,,0.0005
640,0.021995503847536287,0.019961976495228316,27.113699360897666,,1.1573797768719465,0.020432315360173658,47.147712387826736,,1.6532458482764967,0.0003589435946626865,,0.0005
641,0.022396130487322807,0.019985173975950794,32.14608192443848,,1.1842169226375985,0.020905512083888064,62.74056333243604,,1.6915337517817328,0.00047765463461852184,,0.0005
642,0.02215855598057571,0.01995277757707395,29.410376900120784,,1.1574484706521453,0.020433445200835135,49.20572169768738,,1.653337267401049,0.0003746115713707438,,0.0005
643,0.021932167148119526,0.01984448074118087,27.835820549412777,,1.1484540085591917,0.020274544603406393,51.63875877569229,,1.6404800973565918,0.0003931346985914861,,0.0005
644,0.02169419864290639,0.019798962497397474,25.269812834890264,,1.1498148411301712,0.020298780164023922,46.449207617637114,,1.6424410762894877,0.0003536257584326167,,0.0005
645,0.02199042568865575,0.019853527020466954,28.491980301706416,,1.1516296698081756,0.020330724173914023,48.8758064665938,,1.645025771210116,0.00037209987031495143,,0.0005
646,0.02200636277465444,0.019839506890428692,28.891412433825042,,1.1460087302669515,0.02023147423316961,49.098180691424865,,1.6369951320199427,0.00037379284330512773,,0.0005
647,0.022251396292918606,0.01989932279837759,31.36097586782355,,1.152850917935519,0.02035236904677772,46.81692810316472,,1.646777129074733,0.00035642527735350643,,0.0005
648,0.02171628481071246,0.019782037817333873,25.789959455791273,,1.1524431236561332,0.02034523055581049,45.29538561044222,,1.6461995302883745,0.0003448415142373377,,0.0005
649,0.02173046630464102,0.01978716518925993,25.91067846197831,,1.1471631270592444,0.020251891324197527,48.21681078258453,,1.6386471460174155,0.0003670828235123465,,0.0005
650,0.022145128759898637,0.01984071790387756,30.725476214760228,,1.148276199932059,0.020271226157472153,56.080988592247756,,1.6402115909799624,0.00042695415361734395,,0.00025
651,0.02140786724263116,0.01960332799506815,24.06051956979852,,1.1361112253467767,0.020056972622157377,43.03178211063879,,1.6228756326466183,0.00032760831381338105,,0.00025
652,0.021064286267286854,0.01945829293445537,21.413243444342363,,1.1322365600005013,0.019988664233423225,40.52479242024667,,1.6173485762124113,0.0003085221727117826,,0.00025
653,0.02082505841788493,0.01937474780961087,19.337472915649414,,1.1341748474496984,0.020022890451180435,40.41022895754587,,1.620117932078933,0.00030764998148476034,,0.00025
654,0.020881871447751398,0.01942100552351851,19.478214263916016,,1.1306566104508917,0.01996077849975115,40.29666138415854,,1.6150922497703595,0.0003067853721333363,,0.00025
655,0.020943722050440938,0.0194805970317439,19.508332603856136,,1.1358975777723217,0.020053204299367463,42.93878563299652,,1.6225707252537178,0.00032690031573064685,,0.00025
656,0.02114711878331084,0.01953816443289581,21.452721846731084,,1.1331048642088806,0.02000393101450925,42.102923169407674,,1.6185838616904447,0.00032053675189840347,,0.00025
657,0.020776982370175813,0.019273682154322926,20.04400092677066,,1.1296796132218196,0.019943473304549937,41.678897332808575,,1.613692029500865,0.00031730857071398543,,0.00025
658,0.020853806973287935,0.019317241483613065,20.487538387900905,,1.1229776897985642,0.0198251835087864,40.771750558120665,,1.6041208130091342,0.00031040230723475856,,0.00025
659,0.020733293538030825,0.01925938591164978,19.652100211695622,,1.1270174192260414,0.019896480700260177,41.43123071892194,,1.6098897033047268,0.00031542304244200597,,0.00025
660,0.020870429120565717,0.019345642508644807,20.330486799541273,,1.1295659137538174,0.019941448142454108,42.118618132070466,,1.6135281669738828,0.0003206562403323266,,0.00025
661,0.02091555895381852,0.019371526119740384,20.58710248846757,,1.1255297146233112,0.019870253495530562,40.46185100679429,,1.6077675738951713,0.0003080429889708641,,0.00025
662,0.020781566241854114,0.01930242806280914,19.721840707879316,,1.122539625508926,0.019817456221595912,40.598309165832475,,1.6034955727834954,0.000309081868264165,,0.00025
663,0.02088519224995061,0.019389033023464054,19.948789696944388,,1.1260197552098141,0.01987888762407588,40.90387733111337,,1.608466189637901,0.0003114082109456124,,0.00025
664,0.020837702053157908,0.019312515364665734,20.335824163336504,,1.1271943131622633,0.019899539448760092,43.028705317050424,,1.6101371967076654,0.00032758488965779195,,0.00025
665,0.02090063446054333,0.01933131612053043,20.924244629709346,,1.126820931027962,0.019893033942721548,40.87681668671501,,1.6096108148141026,0.000311202193633588,,0.00025
666,0.02072900690530476,0.019269432088262158,19.460996728194388,,1.1224100182465544,0.019815174818486315,40.4274731446526,,1.6033109769531795,0.0003077812644292267,,0.00025
667,0.02082592288130208,0.019244776940659472,21.081942809255498,,1.122928549930564,0.019824239083441057,42.67709985420734,,1.6040443964477373,0.0003249080571595832,,0.00025
668,0.020918226751841996,0.01930689478391095,21.484423286036442,,1.121613935408877,0.019801094846597946,41.03911123172416,,1.6021717201113599,0.00031243776975020936,,0.00025
669,0.020861125110011352,0.019275281872404248,21.144576323659795,,1.122379021949982,0.019814568652388755,41.88833113671392,,1.6032619300602313,0.0003189030260673925,,0.00025
670,0.020830347741905012,0.01930908515657249,20.2835010729338,,1.1241368617266525,0.019845666837690484,40.33849383144756,,1.6057781865310583,0.0003071038497061174,,0.00025
671,0.020598930747885453,0.0191279174759984,19.613508224487305,,1.1243192386026357,0.019848877663509974,40.56526775494735,,1.606037985010185,0.00030883031835442015,,0.00025
672,0.02059991089136977,0.019138723219695845,19.482499975907174,,1.1236018891627626,0.019836232595005714,40.065442005342916,,1.6050148309213152,0.0003050250594737303,,0.00025
673,0.020669534704402873,0.01920257949907529,19.559401662726152,,1.1233494829819786,0.01983170653468857,41.79346458290192,,1.6046486124924946,0.0003181807907750746,,0.00025
674,0.020711666561271016,0.01919965485208913,20.160155547292607,,1.120733272992355,0.019785547578076455,41.00584907391422,,1.6009137394722543,0.00031218453925638755,,0.00025
675,0.020963220415931,0.019318336424858945,21.931785282335785,,1.1215413587475487,0.019799700671424923,43.8362147855242,,1.6020589128119451,0.0003337325972910677,,0.00025
676,0.020673430965919243,0.019117280938907674,20.74866465518349,,1.1188974124995674,0.01975308666869558,42.18922735855705,,1.5982872205134773,0.00032119380044474445,,0.00025
677,0.02072153730612052,0.01921764123988779,20.051943829185085,,1.1177663922992445,0.019733144552736233,41.52692831281948,,1.5966736383112416,0.00031615160458456755,,0.00025
678,0.02061862057369006,0.01912729608777322,19.884323421277497,,1.118843285984632,0.019752180449148334,40.96377577584003,,1.5982138953088834,0.00031186422804540365,,0.00025
679,0.020665468353974193,0.01916111672395154,20.058021946957236,,1.1284341750877138,0.019921481818218498,41.74208442163889,,1.6119126260003813,0.0003177896248235562,,0.00025
680,0.020854674377723745,0.019303260910275736,20.685511438470137,,1.1208759201306826,0.019788029318772986,41.91789824806894,,1.6011145452757434,0.00031912812554085707,,0.00025
681,0.020980644578996458,0.019344578546128775,21.81421550951506,,1.1215194015443368,0.01979931480667797,43.791514610459664,,1.60202769122596,0.000333392287216472,,0.00025
682,0.020804399232331076,0.019197270911383003,21.428375545300934,,1.1239739926375183,0.019842734097255274,41.756774521594565,,1.6055408888551408,0.00031790146306590126,,0.00025
683,0.020761659368872643,0.01918705592029973,20.99471072146767,,1.1212375540309307,0.019794405502168023,42.13301627779827,,1.6016304632488108,0.0003207658558772231,,0.00025
684,0.02060121170392162,0.01902756281197071,20.981981879786442,,1.1189985998146406,0.01975491010515516,41.27377243641179,,1.5984347607556502,0.0003142242856185848,,0.00025
685,0.020643801673462515,0.01916172718139071,19.760995262547542,,1.1165314706634326,0.019711362871095407,40.99172563493127,,1.594911210798432,0.0003120770151009028,,0.00025
686,0.020780499926523158,0.019223056145404514,20.765912808870013,,1.1222934718545827,0.01981299321049309,43.50037732092568,,1.6031344558740073,0.00033117580925915205,,0.00025
687,0.020879872927540226,0.01928125174814149,21.314945421720807,,1.1218670488523503,0.01980550266311235,42.55306201081163,,1.6025283710451352,0.00032396373585261433,,0.00025
688,0.020555612288023297,0.01901186571309441,20.58328568307977,,1.1164081150361855,0.01970913399350502,42.255520187015385,,1.594730864980659,0.0003216984990810527,,0.00025
689,0.020531120268922103,0.018945663089030666,21.139427686992445,,1.1149637186049992,0.01968365498401913,41.69373002750569,,1.5926692745094757,0.0003174214945544747,,0.00025
690,0.020540767790455567,0.01903441528740682,20.08470244156687,,1.118885765423753,0.01975295121611818,40.44876279223213,,1.598276260599866,0.0003079433461558742,,0.00025
691,0.02062603821487803,0.019069106465107517,20.75908841584858,,1.1177828723220653,0.019733361810229503,43.35477373445706,,1.5966912173296948,0.0003300673042633441,,0.00025
692,0.02072183464310671,0.01914400695578048,21.03769995036878,,1.1118077343914514,0.019627950006014715,41.302695193481746,,1.588162001496568,0.0003144444795127201,,0.00025
693,0.02066223107670483,0.019144212925120405,20.24024140207391,,1.110406425967705,0.01960323996807095,40.5368707025249,,1.5861626310424044,0.0003086141267396395,,0.00025
694,0.020649476859130357,0.01911960865714048,20.398244456241006,,1.1112746401728308,0.019618494852596657,42.37061532158325,,1.5873969539306083,0.00032257473801689223,,0.00025
695,0.020527970339906842,0.019020453095436096,20.100228761371813,,1.1109603857105401,0.019612993395806116,41.20781204370775,,1.5869518129645404,0.0003137221178725063,,0.00025
696,0.02051116290845369,0.019056111966308794,19.400678735030326,,1.1104601983925497,0.01960416955965771,41.027689230585445,,1.5862378473555983,0.0003123508121028638,,0.00025
697,0.02031639659483182,0.018813011285505797,20.045136501914577,,1.1112648225786088,0.019618318694028813,42.440627418439945,,1.5873827003614072,0.000323107752079354,,0.00025
698,0.02055898749906766,0.019027015586432657,20.426292319046823,,1.1083667643811896,0.0195672243721698,40.6404851380062,,1.5832484907040636,0.0003094029611506215,,0.00025
699,0.020657898858189583,0.019166288113123493,19.88814173246685,,1.106504546206256,0.019534376474418275,39.880332175418935,,1.5805906592432117,0.00030361578669260876,,0.00025
700,0.02048217740498091,0.01895800458365365,20.32230618125514,,1.1070575958254287,0.019544118010777937,40.4476791679154,,1.5813788789950387,0.00030793509633869723,,0.00025
701,0.02035972583842905,0.018837186752965574,20.300524460641963,,1.1075887627757885,0.01955346150844267,41.30485953150764,,1.582134892126703,0.000314460956988121,,0.00025
702,0.020641762763261795,0.01914429978320473,19.966169658460114,,1.1092727226394143,0.019583191638193023,41.33377717159676,,1.5845404547226238,0.00031468111192580633,,0.00025
703,0.02044193936805976,0.0189052830009084,20.488746643066406,,1.1069822953157176,0.01954270961883943,42.40473822929215,,1.5812649213703622,0.00032283452154684643,,0.00025
704,0.020521311873668117,0.01898197545424888,20.524484634399414,,1.1053106795283498,0.019513200037088792,42.3111919562733,,1.5788772040385952,0.0003221223377779187,,0.00025
705,0.020485947006627134,0.018955692060683902,20.403399216501338,,1.103467858171954,0.019480709693507462,41.17677517678655,,1.5762483034618349,0.00031348582889865063,,0.00025
706,0.02043512610620574,0.018923498396026462,20.155038632844622,,1.1016205721053527,0.01944808349404412,41.456605817015664,,1.5736084103387602,0.00031561622740185636,,0.00025
707,0.02051891033586703,0.01899193452769204,20.3596729479338,,1.103168481500082,0.01947543557201113,40.89038195876931,,1.575821556942245,0.0003113054683688222,,0.00025
708,0.020383267320300404,0.01882467811044894,20.781190872192383,,1.1032440110782795,0.01947674616869087,41.458824986337326,,1.575927601630835,0.00031563312231728575,,0.00025
709,0.02046858754597212,0.018903607992749465,20.866393039101048,,1.1034041161424493,0.01947952709697281,42.59511258528903,,1.5761526156860428,0.0003242838740649711,,0.00025
710,0.020507639666136942,0.018935550984583403,20.961180536370527,,1.1036823933189215,0.019484482648560134,41.543509708127324,,1.5765535856663528,0.00031627784158175975,,0.00025
711,0.02054729430299056,0.019004749330250842,20.567265962299548,,1.1041796186544632,0.01949322892282388,42.35020832418625,,1.5772612754880662,0.00032241937605697994,,0.00025
712,0.020531645338786274,0.018918386121329508,21.510119990298623,,1.1077458718931834,0.01955613498400535,43.794109573538705,,1.5823512118289276,0.00033341204311402114,,0.00025
713,0.02055219943194013,0.01883632542663499,22.878319489328486,,1.1075224832426949,0.019552112612267802,45.73621744720371,,1.5820257484999753,0.0003481976423741034,,0.00025
714,0.020929096756797088,0.019046601790346597,25.099930913824785,,1.1177404811815963,0.019732283537007313,51.534240179595656,,1.5966039706962873,0.0003923389806511665,,0.00025
715,0.02085397921894726,0.018994907897553946,24.78761843631142,,1.1031762039221231,0.019475560589035292,41.171274539573204,,1.5758316724809158,0.00031344395160717034,,0.00025
716,0.020525727813181124,0.018923299877267135,21.365703582763672,,1.1038793820553883,0.019487926692217928,42.38437937050006,,1.5768322545679514,0.00032267952607436303,,0.00025
717,0.020360579518111127,0.01883765123784542,20.305706024169922,,1.098065838827368,0.019385337780704434,41.080140115442305,,1.5685314482692447,0.0003127501296561502,,0.00025
718,0.020521281581175953,0.01890765248160613,21.515053297344007,,1.1041267743374175,0.019492278282365525,42.78773762025728,,1.577184356041431,0.0003257503613868752,,0.00025
719,0.02050343998952916,0.018817881514367304,22.474111958553916,,1.0961116454574515,0.01935077907958447,42.47568759487784,,1.5657351900801324,0.00032337467119637514,,0.00025
720,0.020529289778910186,0.018935623627744223,21.24888038635254,,1.1041927961617213,0.019493503184776703,41.31844442010886,,1.5772834669248588,0.00031456438106748045,,0.00025
721,0.020300218149235372,0.018761829031925453,20.511852565564606,,1.101784344892969,0.019450925823879923,42.676074810655706,,1.5738383925956725,0.0003249002533277857,,0.00025
722,0.020406469310584822,0.01884107350518829,20.87194241975483,,1.0963588836697635,0.019355184280359195,41.48210788396495,,1.566091629365806,0.0003158103789973104,,0.00025
723,0.020302996627594296,0.018796795488972413,20.08268265975149,,1.1009344775579317,0.019436002707953055,40.64781115886788,,1.5726309141961596,0.0003094587353998796,,0.00025
724,0.020354192900030238,0.018862869688554815,19.88431047138415,,1.097841574162254,0.019381336037127703,42.12714165273155,,1.5682076540326408,0.00032072113135227904,,0.00025
725,0.020308450256523333,0.018744754850080137,20.849269264622738,,1.100634158931355,0.019430632272573953,42.33746553749625,,1.5721963746034886,0.0003223223630434343,,0.00025
726,0.02035049643171461,0.018804694084744705,20.610697896857012,,1.093727136491172,0.01930872951184723,41.22751195649525,,1.5623328212316703,0.00031387209667640503,,0.00025
727,0.020313005600320667,0.01868705755393756,21.679304725245427,,1.0984439353405246,0.019391895383033497,44.00423492149492,,1.569062045445045,0.00033501176331051204,,0.00025
728,0.020254174345418027,0.018682326827394336,20.957962036132812,,1.0974749764872227,0.019374819879625364,43.2098888890598,,1.5676804102941042,0.00032896427116618646,,0.00025
729,0.020355608608377606,0.018804515368844334,20.681245000738848,,1.0941619255419905,0.019316373449787372,42.033893554487264,,1.5629513173952843,0.00032001121763888525,,0.00025
730,0.020346310087724737,0.018737009579413814,21.457337128488643,,1.0987533105830596,0.01939746133782409,41.43125734026786,,1.5695124051564646,0.0003154232451148636,,0.00025
731,0.020450266568284286,0.01886243186891079,21.171127218949167,,1.0997283926156294,0.019414633265107156,42.5153635944473,,1.5709018422803147,0.0003236767313640064,,0.00025
732,0.0202055658752981,0.018676826240200745,20.383191460057308,,1.0927456204417032,0.019291444581499367,40.12869343130474,,1.560934240658122,0.00030550660339288214,,0.00025
733,0.02021396973807561,0.01875021191019761,19.51676960995323,,1.0911739307976231,0.01926365136383234,41.222772521092836,,1.5586853999903714,0.00031383601454444454,,0.00025
734,0.020320195900766475,0.018780221868502468,20.532981671785052,,1.090036121933817,0.019243546201334474,41.631502780445956,,1.5570586251563598,0.0003169477478843955,,0.00025
735,0.020276234926361787,0.01875024171252,20.34657267520302,,1.089236238740134,0.01922940253546288,42.15873748600299,,1.5559142146248346,0.00032096167583251856,,0.00025
736,0.020316168273750105,0.018763658541597818,20.70012664794922,,1.091741968870115,0.019273697703673834,40.793862126766896,,1.5594982823945702,0.00031057064638700043,,0.00025
737,0.02005608742566485,0.018578215061049713,19.70496147557309,,1.0946034165301677,0.0193242383386615,40.29531305193463,,1.5635876914257896,0.0003067751070496082,,0.00025
738,0.02016977152149928,0.018628687940930064,20.547778782091644,,1.089115289545492,0.01922733915979173,40.371906252454394,,1.5557472601117692,0.0003073582241793458,,0.00025
739,0.02032989773311113,0.0187701012351011,20.797284477635433,,1.0864709182073164,0.019180558628919927,42.66850016133451,,1.5519620934734972,0.00032484258622756046,,0.00025
740,0.020563359225266857,0.018844345584511757,22.92017896551835,,1.0868632303973904,0.019187524700682683,41.68719338730773,,1.5525257412548457,0.00031737172999516007,,0.00025
741,0.020440754039507163,0.01875861518477139,22.428515082911442,,1.0895572094098576,0.019235013518158397,43.54603616100311,,1.556368217692162,0.00033152341781438185,,0.00025
742,0.020230725309566447,0.018637356936539475,21.244910792300576,,1.0886800262188534,0.01921958203472583,42.1647762613726,,1.5551196056054786,0.00032100765006178126,,0.00025
743,0.020584105563006903,0.018877975152511346,22.748404151514958,,1.088710210739779,0.019220101843268726,42.4900579527413,,1.5551616650246043,0.0003234840751875099,,0.00025
744,0.020283744719467665,0.018686774235806967,21.292935521979082,,1.0847832313099295,0.019150819495366244,41.231030317504285,,1.5495558023502307,0.000313898882560257,,0.00025
745,0.020187683207424062,0.018654638215115194,20.44059974268863,,1.085787323636614,0.019168470487056333,43.1367040809171,,1.5509840021511443,0.0003284071027103056,,0.00025
746,0.02015258116941703,0.018596459376184565,20.748287401701276,,1.0859889643840572,0.019172099453472737,41.42853289895343,,1.5512776337614487,0.0003154025034773732,,0.00025
747,0.02006988678323595,0.018516625816884794,20.710144645289372,,1.0868231696328057,0.019186792086551743,42.3150478082026,,1.5524664630355633,0.0003221516930378432,,0.00025
748,0.02006748671594419,0.018551525414774294,20.212815134148848,,1.0865939707661825,0.019182736939370174,42.526016378322126,,1.5521383477376198,0.00032375783282881853,,0.00025
749,0.020082742073818258,0.01854387798199528,20.518186669600638,,1.0825458358557998,0.019111240901314414,43.117459935143636,,1.5463533681109691,0.00032826059373860156,,0.00025
750,0.02002908161988384,0.01851787996527396,20.14935302734375,,1.0861266221582586,0.019174545535967546,41.04033172930528,,1.551475554342538,0.0003124470616069476,,0.00025
751,0.02014549086360555,0.01858203809120153,20.84603540520919,,1.0838016984917977,0.019133484591539674,41.36415326954392,,1.5481531782581315,0.0003149123703524993,,0.00025
752,0.020086657648023806,0.01854913828796462,20.50025829515959,,1.0797649045371998,0.019062225101085125,41.05499294465692,,1.5423873384760227,0.00031255867994586404,,0.00025
753,0.020104658250745974,0.018568252654452073,20.48540557058234,,1.0836283047812156,0.01913032577609089,43.78075195503633,,1.5478975881091876,0.0003333103492807777,,0.00025
754,0.02011066861450672,0.01851371234576953,21.292749204133685,,1.085866423526045,0.01916985488144431,43.43826773029422,,1.5510960180550668,0.0003307029583275756,,0.00025
755,0.020096043614964736,0.018531688047867072,20.85807228088379,,1.080127385511833,0.019068584740102642,42.05127316505348,,1.542901917789082,0.0003201435315853003,,0.00025
756,0.020001995818395363,0.018381249649744285,21.609945899561833,,1.081937257768668,0.019100475279725988,43.633763578850846,,1.5454822862545354,0.0003321913016441151,,0.00025
757,0.02018646248861363,0.018560965888594325,21.673289349204616,,1.093195592715087,0.019299056599490126,48.374439578914824,,1.56155015407363,0.00036828287848663104,,0.00025
758,0.020291417346973168,0.018637193562953097,22.05631587379857,,1.0807246547895373,0.019079180572299338,40.79412330022945,,1.5437592614273055,0.00031057263474522037,,0.00025
759,0.02012149920981181,0.01859271384187435,20.383804421675833,,1.0795028848376964,0.019057519873895826,43.0169819745478,,1.5420066230662033,0.0003274956378471263,,0.00025
760,0.02015032138871519,0.018623090888324537,20.363075858668278,,1.0823780339643119,0.019108362204438473,41.035757105966034,,1.5461204432772095,0.00031241223421739985,,0.00025
761,0.0199440951017957,0.01841872097238114,20.338320179989463,,1.075230833670524,0.018982091929512834,43.07609181414069,,1.535903499964537,0.0003279456511612163,,0.00025
762,0.019931553617904062,0.018404747212403698,20.357418461849814,,1.0803798379460958,0.019073039395133783,42.11426912082665,,1.543262358581323,0.00032062313056623135,,0.00025
763,0.01996653448594244,0.018416870875578178,20.662181251927425,,1.0818801298664944,0.019099512709746694,42.49161584719309,,1.5454044015511188,0.00032349593570430503,,0.00025
764,0.019844695925712585,0.018349785161645787,19.93214095266242,,1.086139338605016,0.01917466373829176,43.676793187284865,,1.551485118481419,0.0003325188934093567,,0.00025
765,0.019936482863206612,0.018345405690764125,21.214358580739873,,1.0728590864913858,0.018940281224397153,41.491996062040116,,1.532520458276528,0.00031588565938745465,,0.00025
766,0.02010449992590829,0.01856444815271779,20.53402288336503,,1.076821248760054,0.01901016952952318,43.12837160229742,,1.5381753509431662,0.0003283436661260744,,0.00025
767,0.019861589823114246,0.018354517358698343,20.094297107897308,,1.0753123698593956,0.01898359436068126,41.5171860583865,,1.5360250666126496,0.000316077435136058,,0.00025
768,0.019980524127420626,0.01841880822260129,20.822881999768708,,1.080288158029837,0.019071285574828338,45.466023109982885,,1.5431204512111845,0.00034614060669309793,,0.00025
769,0.020017126967248163,0.018432417051180414,21.129463898508174,,1.0784355110776171,0.019038659256854912,43.401594781083965,,1.5404805484990693,0.0003304237608957229,,0.00025
770,0.020082109754807072,0.018501382223085353,21.076367629201787,,1.076651886072873,0.01900716269510453,43.54095374453505,,1.537932058079315,0.0003314847245089334,,0.00025
771,0.019964243138307018,0.018423377389186306,20.54487559669896,,1.0745846406277972,0.01897066387398151,43.550731255432424,,1.5349788183986943,0.00033155916237093374,,0.00025
772,0.020099109234778506,0.018421906683790058,22.362701014468545,,1.0866106665705593,0.01918256015492097,54.22011530703893,,1.5521240435262988,0.0004127870071668392,,0.00025
773,0.020431498359692723,0.01848635822534561,25.935201845671003,,1.0791390796226605,0.019051006311764238,45.2580113602936,,1.5414795893276518,0.00034455697768154855,,0.00025
774,0.02005018489925485,0.018402193035734326,21.973223134091025,,1.0772206296479203,0.019017184370405952,44.03259052534869,,1.5387429447944418,0.0003352276393702534,,0.00025
775,0.019980786074148982,0.01839803629799893,21.103330311022308,,1.0736196788115542,0.018953661176500387,42.70093750946564,,1.5336030742148041,0.0003250895373042901,,0.00025
776,0.019848543758455076,0.018378602830987228,19.599211140682822,,1.0755893504969594,0.0189884779625769,41.682177191238566,,1.536420214906726,0.0003173335408369293,,0.000125
777,0.019601764255448392,0.018219560433767344,18.42938568717555,,1.0717215191975638,0.018920255496243214,40.03661657140535,,1.530900110736584,0.00030480560651724003,,0.000125
778,0.019658294359320087,0.0182715875439738,18.48942616111354,,1.0650035696169682,0.01880162475179377,40.56773973338492,,1.5213013069651193,0.00030884913794886857,,0.000125
779,0.019604795955513652,0.01824934814909571,18.072637056049548,,1.0664171913485292,0.01882656566663141,40.999319593242035,,1.5233193584282403,0.0003121348292037666,,0.000125
780,0.019595929274433536,0.01823701640885127,18.118839866236637,,1.0657342259296945,0.018814565010760648,39.57344031435842,,1.5223483458853542,0.00030127936648889544,,0.000125
781,0.019554151810313527,0.018211996476901204,17.895402506778115,,1.0676930557242905,0.018849129050019033,40.07551484904833,,1.5251450360008059,0.00030510174575488764,,0.000125
782,0.01962443352922013,0.01827746482664033,17.959582880923623,,1.0647006544526667,0.018796286733365697,40.31662976645798,,1.520869390334592,0.0003069373948415263,,0.000125
783,0.01967805290692731,0.018337811784524666,17.869881278590153,,1.0639693940302386,0.018783409863218588,39.474459084877616,,1.5198274804122835,0.0003005258054672764,,0.000125
784,0.019597265771345088,0.01828300766646862,17.523440411216335,,1.064297599646089,0.0187891923748116,39.77577531023687,,1.5202953624469546,0.00030281977740319934,,0.000125
785,0.019514787648069232,0.018169957458188658,17.93106716557553,,1.0646256397610816,0.018794958203888778,40.41833576870221,,1.520761894644392,0.0003077117000240136,,0.000125
786,0.019634684547781944,0.01824947789703545,18.469419931110583,,1.0658746235196142,0.018817020541841936,40.15051996367792,,1.5225470309826568,0.0003056727725152482,,0.000125
787,0.019631114347200645,0.018270888512856083,18.13634571276213,,1.0665623110070759,0.018829089153985023,41.95866341595148,,1.52352354209108,0.0003194384777330573,,0.000125
788,0.019468445428892187,0.018137865846878605,17.74106035734478,,1.0647364581892673,0.01879694906731571,39.567753698991986,,1.5209229819532475,0.0003012360733139413,,0.000125
789,0.019433138892054558,0.018108677903288288,17.65947783620734,,1.0651003957401524,0.018803363571315485,39.84119097031493,,1.5214420005725007,0.0003033177980066701,,0.000125
790,0.019528315255516453,0.018176592053159288,18.022972809640986,,1.0688996650667089,0.018870412028280853,40.5817844357876,,1.5268671117827262,0.0003089560626693071,,0.000125
791,0.019544338219259914,0.01820310509126437,17.88310738613731,,1.0630755924833155,0.018767644290241334,39.10208362693495,,1.5185518360415458,0.00029769084744558845,,0.000125
792,0.01947169074494588,0.018158834035459318,17.504756827103463,,1.0619266872334179,0.01874732193209765,40.03859389445715,,1.5169074871933617,0.00030482066021567155,,0.000125
793,0.019488684833049774,0.018169982456847242,17.58269460577714,,1.0636059919994008,0.018776966640893313,40.14767334207364,,1.5193061380988448,0.00030565110069832353,,0.000125
794,0.019525899992961632,0.018201004517705816,17.665273365221527,,1.063842935221832,0.01878117756364964,39.46442494523704,,1.5196468577109687,0.00030044941384678144,,0.000125
795,0.019432984488575084,0.01810901053249836,17.652984920300934,,1.0614633037391799,0.018739123537340984,40.462362887288364,,1.5162441281048264,0.0003080468860045753,,0.000125
796,0.019524861029104182,0.018183885926478786,17.879666529203718,,1.0625359525635802,0.018758089748714967,39.76875703293804,,1.5177787466568038,0.0003027663460582964,,0.000125
797,0.01964320360045684,0.018271985708882933,18.282902265849867,,1.0635993694152708,0.018776865475504143,39.75683880942588,,1.5192979524744217,0.0003026756105851888,,0.000125
798,0.019442580542282054,0.018078790193325596,18.183872273093776,,1.0595702220193193,0.018705727963401232,39.7707107112379,,1.5135419823619938,0.0003027812197451891,,0.000125
799,0.019608145873797566,0.01823791734089977,18.269712749280426,,1.0624068489740361,0.01875582825122504,39.324812039144824,,1.5175957614556552,0.0002993865169248306,,0.000125
800,0.019489423813004243,0.018154565980167764,17.798103583486455,,1.0612127417782042,0.018734675124457964,41.072289501842086,,1.5158841923853237,0.0003126903615926906,,0.000125
801,0.019596559926867485,0.01824985993535895,17.955994254664372,,1.062414320047052,0.01875593077466566,40.053468925126424,,1.5176040569644884,0.0003049339063671545,,0.000125
802,0.01958748580593812,0.01823435042445597,18.041803861919202,,1.0615447162564162,0.018740567615257008,40.29640097712437,,1.5163609731993333,0.00030678338961006663,,0.000125
803,0.019568589663034992,0.01818571141675899,18.438377380371094,,1.060595308071072,0.018723829130073914,39.704419464936535,,1.5150066073016082,0.0003022765331541123,,0.000125
804,0.019525709120850814,0.01816157619223783,18.188438415527344,,1.0627061481181035,0.01876105314955961,40.79793711426315,,1.5180185251673066,0.000310601669963459,,0.000125
805,0.019454324421914,0.018112282415753918,17.893891886660928,,1.0602257411777685,0.01871728902946162,40.080891909259414,,1.5144774262472835,0.00030514268223352326,,0.000125
806,0.019513744468751707,0.018183478693428793,17.73687834488718,,1.0610736809680612,0.018732248110605382,40.37330875383456,,1.5156878147108037,0.0003073689016621211,,0.000125
807,0.01939432950396287,0.018068888273678328,17.67254548323782,,1.0589185215073986,0.018694192203687073,40.504909373168765,,1.5126085860964231,0.0003083707996752228,,0.000125
808,0.019372971238274323,0.018019242751363077,18.04971298418547,,1.0628286720046523,0.018763256755245764,39.79668858838444,,1.5181968261521754,0.00030297899376501816,,0.000125
809,0.019411133994397364,0.018063826829587157,17.964093961213763,,1.0580608167749768,0.018679060298552843,40.222864104545025,,1.5113842138753266,0.0003062235408274416,,0.000125
810,0.019375246900476907,0.018017760625011044,18.099817577161286,,1.0592929276606469,0.018700794909100895,40.694722055097095,,1.5131428327111789,0.00030981587607264126,,0.000125
811,0.019566455855965614,0.0181989310015189,18.233661651611328,,1.0594921249908273,0.01870430747047252,40.80343870410792,,1.5134270456063934,0.00031064355450748516,,0.000125
812,0.019459241314938192,0.018089639415082178,18.261357307434082,,1.059849845593057,0.018710579144642407,41.89687302131778,,1.5139345073942692,0.0003189680568951807,,0.000125
813,0.01956754932670217,0.01814203346638303,19.006877096075762,,1.0568084780643796,0.01865691256779114,41.139396487724376,,1.5095921681240214,0.00031320125854865377,,0.000125
814,0.019519974232504244,0.018144687147516953,18.33716106414795,,1.0627699909399562,0.01876221449575553,39.95071377570758,,1.5181124935082884,0.0003041516138478673,,0.000125
815,0.019443521472184283,0.018087955976003094,18.074202587730007,,1.057944984388382,0.018677025658983704,39.96374289147339,,1.5112195844948026,0.00030425080673361724,,0.000125
816,0.019457715122323287,0.018110266690583604,17.965979927464534,,1.0614185655531876,0.01873834900989816,40.081666616668684,,1.516181458541605,0.0003051485802134721,,0.000125
817,0.019366127193758364,0.018024463451614504,17.888851266158255,,1.0559984048181885,0.018642621024300938,40.87223276611777,,1.5084357923279286,0.00031116729546242574,,0.000125
818,0.01930539349192067,0.01797509016959291,17.737376564427425,,1.0579805075171285,0.01867766338246387,39.70231679841863,,1.5112711847993863,0.00030226052519444495,,0.000125
819,0.01945530427129645,0.018125771887992557,17.72709500162225,,1.0579247940951064,0.01867663125817789,40.90434672470085,,1.5111876722282154,0.0003114117845192402,,0.000125
820,0.019350731843396238,0.017961272871808,18.526121239913138,,1.057642435737964,0.018671623823247854,41.45570061427009,,1.510782504195975,0.0003156093359386031,,0.000125
821,0.019370701262041143,0.018019317698321845,18.018445215727155,,1.0585494439698817,0.018687709730452935,39.66654910959725,,1.5120840678628318,0.00030198821966469377,,0.000125
822,0.019378333695625003,0.018042188235803655,17.81527072504947,,1.0552278582077712,0.018629052107875018,39.99102038201357,,1.507337886664702,0.00030445847493239074,,0.000125
823,0.01941007277683208,0.01809581432883677,17.523445480748226,,1.0558703523680921,0.0186403975633619,39.94525458478752,,1.5082558847892344,0.0003041100520941034,,0.000125
824,0.01936287609370131,0.018009352350705547,18.04698045630204,,1.0536650373738246,0.018601438450755816,40.51530882496639,,1.5051035748315442,0.00030844997247962225,,0.000125
825,0.019247616788274365,0.017896710159747226,18.012089779502467,,1.061051744866604,0.01873185839242911,40.4334082326141,,1.5156562813311762,0.00030782644926852524,,0.000125
826,0.019342595809384397,0.018019978055044225,17.634900143272,,1.0527485819025335,0.018585281350101505,39.93361639547495,,1.503796250668518,0.00030402144856923126,,0.000125
827,0.01934492911555265,0.018031610813187927,17.51091053611354,,1.053725929744928,0.018602549186111005,39.63135614650175,,1.5051934480829172,0.0003017202896201474,,0.000125
828,0.01940952486505634,0.01803422998636961,18.337266771416914,,1.052948237211751,0.01858874131744028,41.54712362428796,,1.5040762080075258,0.0003163053549433167,,0.000125
829,0.019322273370466735,0.017949656730419712,18.301557741667096,,1.0592631123579124,0.01870024961792803,41.16303722928824,,1.513098711408637,0.00031338123955574113,,0.000125
830,0.019504417028082043,0.01808352582156658,18.945215325606497,,1.0532060566248438,0.01859335198654772,40.091019905470326,,1.5044492724118912,0.00030521978840013366,,0.000125
831,0.019375066419965344,0.018052366121034873,17.636002390008223,,1.0532434418973,0.018593990048892645,40.636507101615486,,1.5045009001351373,0.0003093726756795039,,0.000125
832,0.019379823125506703,0.018005089442196646,18.3297801770662,,1.0637945400516349,0.01878022526108741,41.89117672528954,,1.5195698037780414,0.0003189246900196933,,0.000125
833,0.019447831927161468,0.018064417435150398,18.445524918405635,,1.0542679421076497,0.018612038512651342,41.62068260876248,,1.5059612607086137,0.0003168653720675799,,0.000125
834,0.01936398838695727,0.01798454706410044,18.39255132173237,,1.0530674446949815,0.018590906837690137,40.03830264218819,,1.5042514273744612,0.0003048184428623562,,0.000125
835,0.0193725752301122,0.018009718556545283,18.17142085025185,,1.0512868983748551,0.018559466291951165,40.13649470034147,,1.5017074693944557,0.0003055659957877441,,0.000125
836,0.01926757777599912,0.01792878451708116,17.850575798436214,,1.051369380438162,0.01856092105799504,40.17376740574422,,1.501825179300546,0.00030584975926602307,,0.000125
837,0.019244193148456122,0.017898918962792346,17.936988328632555,,1.054942204436229,0.01862394314017456,41.617410735067644,,1.5069245032820129,0.00031684046273378985,,0.000125
838,0.01933892394759153,0.017981540166625853,18.098446795814915,,1.0532169171331718,0.018593513352835506,40.844466059899304,,1.5044623290890535,0.00031095590278105837,,0.000125
839,0.019372024622402693,0.018009704978842484,18.16426252063952,,1.0501737658123833,0.01853981912313843,39.991736090364576,,1.5001177523360867,0.0003044639237424226,,0.000125
840,0.01930369230869569,0.017958841139548702,17.931347294857627,,1.0485308286793351,0.018510800095347075,40.28962555068164,,1.4977697273388517,0.0003067318071302483,,0.000125
841,0.019321349302404804,0.01796887873819,18.032939107794512,,1.0521879251386657,0.01857535929733615,40.51216890513512,,1.5029934247404941,0.000308426067733154,,0.000125
842,0.01932202514849211,0.017972811958507487,17.989507072850277,,1.0514847311184685,0.018562973548885676,39.7792876869609,,1.5019912530902146,0.00030284651772766646,,0.000125
843,0.01929306307513463,0.017956657237128207,17.818742651688424,,1.0537669358695734,0.01860324292782465,40.381406187335664,,1.5052495810070445,0.00030743054880768184,,0.000125
844,0.019328467351825612,0.01798333987397583,17.935032995123613,,1.0515914370073098,0.018564849948611076,39.96664583248082,,1.5021430787644487,0.0003042729073197863,,0.000125
845,0.019223955116773907,0.017879369717679526,17.927804545352334,,1.0497811054692705,0.018532878315502682,40.194087733022144,,1.4995561487583615,0.00030600446139150185,,0.000125
846,0.01927684208280162,0.017935886488933312,17.87940657766242,,1.0468325965396073,0.018480792082049925,40.902951997961175,,1.4953416802710564,0.0003114011662261321,,0.000125
847,0.019114655687620764,0.017793059447094015,17.621282075580798,,1.0466694087544686,0.018477932751202443,40.36122422067104,,1.4951103224063642,0.0003072769000452059,,0.000125
848,0.01929002500286228,0.01794967888609359,17.871281473260176,,1.0521950129721447,0.01857547115937108,40.84144292691674,,1.5030024758657126,0.00031093288715283496,,0.000125
849,0.01926107636015666,0.017870764787259855,18.537488234670537,,1.0580357230883304,0.018678563829459184,41.547750773184795,,1.5113440429278144,0.0003163101295350841,,0.000125
850,0.01934475147802579,0.017960977299433006,18.450323406018708,,1.047525363619949,0.018493069414886733,39.759105317551615,,1.4963350796573993,0.00030269286589902655,,0.000125
851,0.019205474637840923,0.01787966470185079,17.677465338456003,,1.0504230489843085,0.01854421717145948,40.07088924172456,,1.5004736128932055,0.0003050665302155496,,0.000125
852,0.019101435514657122,0.017773103459100974,17.711092547366494,,1.049069392443317,0.018520289458551466,40.76811621461454,,1.4985375429311574,0.00031037463835632817,,0.000125
853,0.01922361895834145,0.01784307710630329,18.407223350123356,,1.0495872177647128,0.01852945958633868,40.08319713927391,,1.4992795281357283,0.00030516023234371996,,0.000125
854,0.019331054173802074,0.01794864423573017,18.43213277114065,,1.0471854401266598,0.018486969422566415,42.20040869170053,,1.495841509212723,0.00032127892584549834,,0.000125
855,0.019224367349555616,0.017777587532212858,19.290395535920794,,1.051438988054999,0.01856202366392908,43.30727802871627,,1.501914394773712,0.0003297057113357932,,0.000125
856,0.019338577789695638,0.017933567985892296,18.733463387740287,,1.0490973689662146,0.018520784903643964,40.73083798986553,,1.4985776310233672,0.00031009083285832257,,0.000125
857,0.0193103589117527,0.017960119894460627,18.00318888614052,,1.0457266159961112,0.01846128188052155,40.492989615282895,,1.4937630456862216,0.00030828005252066595,,0.000125
858,0.019278388960581077,0.01793027512337032,17.97484899822034,,1.0476955320705719,0.01849603665323591,40.68125269505195,,1.4965751686730175,0.0003097133315319297,,0.000125
859,0.019222968503048544,0.01784774538521704,18.33630983453048,,1.0446710642204071,0.01844263428794199,40.77095716745506,,1.4922542076290035,0.0003103962670159852,,0.000125
860,0.019171259022857014,0.017847510691928237,17.6499773326673,,1.0478205717836717,0.018498276744842623,39.87672003444448,,1.49675642185374,0.00030358828684584773,,0.000125
861,0.01923461983862676,0.01790320402697513,17.75221031590512,,1.0459876665161538,0.01846589072975857,40.496717005698486,,1.494135962838885,0.0003083084297811251,,0.000125
862,0.019061501481031116,0.01771656570858077,17.93247739892257,,1.0454706645782315,0.018456755241356735,40.68312844415701,,1.4933967804209318,0.0003097276119305399,,0.000125
863,0.019354177442820447,0.017972082683914585,18.42793123345626,,1.0446597598385208,0.01844245157132259,40.352629515840064,,1.492239423426278,0.0003072114670879986,,0.000125
864,0.01926744248914091,0.017845420460951954,18.960294321963662,,1.0498852257830944,0.018534718532248914,40.14667891470051,,1.4997050467487265,0.0003056435299527271,,0.000125
865,0.01912771684950904,0.017749453747743053,18.37683908562911,,1.0438215161607913,0.018427645285965754,40.51638078106505,,1.491041398172503,0.0003084581334646603,,0.000125
866,0.019140799088697685,0.01773043153317351,18.804900319952715,,1.0454710661817066,0.0184567709283879,40.46994568782768,,1.493398049710226,0.0003081046151614176,,0.000125
867,0.019013625128488792,0.01768789371769679,17.676419458891218,,1.0431760462955029,0.018416266942079932,40.074864300383595,,1.4901207389394253,0.00030509679301668686,,0.000125
868,0.019127435295989637,0.017775019091603003,18.032211604871247,,1.0531694570111192,0.018592611073748423,42.440093894781775,,1.5043893227200535,0.0003231036902725345,,0.000125
869,0.019221407998549312,0.017815423247061278,18.746463072927373,,1.0460531713475671,0.01846702067152396,41.155977025967324,,1.494227390144087,0.0003133274890208644,,0.000125
870,0.01916297407526719,0.017842030642848266,17.61257693642064,,1.0447537211114244,0.018444094074739473,40.760267259396976,,1.492372323780784,0.00031031488291841927,,0.000125
871,0.019234815710469297,0.017866106850928383,18.249451386301143,,1.045116639471578,0.018450457803095437,41.84664057576048,,1.492887233975669,0.00031858562869954064,,0.000125
872,0.019110507184737606,0.017754862183018735,18.075265784012643,,1.0421470655661003,0.018398111845543588,39.773315924206365,,1.488651750357139,0.0003028010536768987,,0.000125
873,0.01926974413034163,0.017882974377196086,18.490263687936885,,1.0428740866736073,0.01841087041115154,41.69316794348706,,1.4896840878700193,0.00031741721531274844,,0.000125
874,0.019214983833463567,0.017826792440916363,18.509217714008532,,1.042902654707707,0.018411376612885524,41.64812358519064,,1.489725046317476,0.0003170742849123677,,0.000125
875,0.019176067392292776,0.01782265815295671,18.04545643455104,,1.0418648459307853,0.01839309043346064,40.732024395604505,,1.4882454513874783,0.0003100998651680383,,0.000125
876,0.019176262675931578,0.017856951606901067,17.59081318503932,,1.0424218247838417,0.018402934996558415,40.46479635620724,,1.4890420073715944,0.0003080654124194744,,0.000125
877,0.01897494524325195,0.017653808536890307,17.61515522003174,,1.0435288317935791,0.018422500033811875,39.964322951480185,,1.490625078895329,0.0003042552228296146,,0.000125
878,0.019182524888923292,0.017841011481849772,17.8868431794016,,1.042094310793696,0.01839714549768515,40.63957626808471,,1.4885735599730934,0.0003093960417685311,,0.000125
879,0.019026757266960646,0.01767388344007103,18.038315622430098,,1.0392466454147298,0.018346873143594702,40.519477362992546,,1.484505858431783,0.00030848170827225816,,0.000125
880,0.019079739031823056,0.017754040462406057,17.67597911232396,,1.0399677652580679,0.018359634604922393,39.78372295609832,,1.4855384302468728,0.0003028802841898521,,0.000125
881,0.019092233753518054,0.017755026340876754,17.829430831106084,,1.0406088859189497,0.01837094581099613,39.98593242913381,,1.4864536571387237,0.0003044197394772935,,0.000125
882,0.019121031227864717,0.017804634316187156,17.551959790681536,,1.039531155778773,0.018351917287022044,40.00002573508014,,1.4849139966692935,0.000304527034224819,,0.000125
883,0.01903440117051727,0.017697854653785105,17.82061933216296,,1.0457985084489505,0.018462564222176136,40.16965336187636,,1.493866804167781,0.00030581843834673046,,0.000125
884,0.019132825987119424,0.01779087779945449,17.892641167891654,,1.0411203101341682,0.018379954674340157,40.49753599605832,,1.4871825939067138,0.000308314664894747,,0.000125
885,0.019163125635761964,0.017795812240556666,18.230846053675602,,1.0379645599328449,0.018324241664315066,40.40814519385977,,1.4826746709965917,0.00030763411743558306,,0.000125
886,0.01897391755329935,0.01766614753164743,17.436932814748662,,1.0388686438606562,0.018340225515453654,39.869493359919275,,1.4839679769713932,0.00030353326893723325,,0.000125
887,0.019047236952342485,0.017683011577709726,18.189671014484606,,1.037614659699908,0.018318040444758127,40.991572010598894,,1.4821729099232117,0.0003120758455325972,,0.000125
888,0.018965068518331175,0.01763655402158436,17.713523212232086,,1.0401842744573035,0.018363444869170336,40.089547898023,,1.4858467312611097,0.0003052085817557865,,0.000125
889,0.01894851068132802,0.017633905046080287,17.528073963366058,,1.0380058737205318,0.018324966019034113,40.5337352276749,,1.4827332809196883,0.00030859025583357354,,0.000125
890,0.018914084489408293,0.017574192563954153,17.865224938643607,,1.037013650675938,0.01830747335681101,39.898496392494,,1.4813178920767762,0.00030375407398251005,,0.000125
891,0.01894635334610939,0.017617613322248583,17.716534263209294,,1.0378686367841805,0.018322543808543215,40.514197489011,,1.4825372919009627,0.0003084415116890027,,0.000125
892,0.019032425345166734,0.017659092861178675,18.311099905716745,,1.037525989920375,0.01831642132597245,42.32083828428628,,1.4820419016961408,0.00032219577692219346,,0.000125
893,0.019087272843247967,0.017728680842801145,18.114560478611995,,1.0359531197100567,0.018288710636873467,40.85140964285447,,1.4797997386863102,0.00031100876546515354,,0.000125
894,0.01906906391837095,0.017721925862133503,17.96184017783717,,1.0401570451259763,0.018362925403936328,41.049645995107745,,1.4858046996202354,0.0003125179727048452,,0.000125
895,0.0190263359170211,0.017633277432698952,18.5741124906038,,1.0349274707244147,0.018270666974624733,39.2451851997713,,1.4783397666187996,0.00029878030418387607,,0.000125
896,0.01906626897030755,0.01771576584954011,18.006708496495296,,1.034852055543625,0.018269301919600446,40.07733249332478,,1.4782293155264106,0.00030511558379150413,,0.000125
897,0.019069545363125048,0.017648629157951002,18.945547605815687,,1.0367930638960359,0.018303556257577597,40.4567347173011,,1.4810009466924294,0.0003080040377842845,,0.000125
898,0.019040321146971302,0.017687493347023662,18.03770466854698,,1.0351970884098316,0.0182753964934177,40.00747774979125,,1.4787224475421794,0.0003045837676867923,,0.000125
899,0.019052590194501375,0.017728874606913643,17.649542156018708,,1.034285432606719,0.018259273097400507,40.69142572698945,,1.4774178505322146,0.0003097907805632258,,0.000125
900,0.019046599339497716,0.01767398171911114,18.30156677647641,,1.0348231811037567,0.01826877874129749,40.40921977310795,,1.4781869834489136,0.00030764229839110686,,0.000125
901,0.01899018295501408,0.01767785827580251,17.497664602179277,,1.0334572256184775,0.018244683600311097,39.87352435495688,,1.476237366330286,0.00030356395759158325,,0.000125
902,0.018929036285140012,0.017622674766339753,17.418150600634124,,1.0360346029636454,0.018290187551710618,39.90210179526972,,1.4799192407241233,0.00030378152253021217,,0.000125
903,0.018810015956037922,0.01751363297042094,17.28510957015188,,1.0350294857229514,0.018272426624885433,40.27394393585657,,1.4784821457097954,0.00030661242031569566,,0.000125
904,0.018862499512339894,0.01754409329671609,17.578746594880755,,1.03691191208314,0.018305639928470303,40.8203680252908,,1.4811695433586327,0.0003107724403238445,,0.000125
905,0.019146423590810674,0.017747738202543634,18.649137195787933,,1.0432780159948525,0.018417962636524194,42.669818286571505,,1.4902579431549292,0.0003248526213403331,,0.000125
906,0.019033684052134816,0.017664095778998575,18.261174703899183,,1.0336894791425901,0.0182487808211635,39.95662252636811,,1.4765688859473387,0.00030419659817679104,,0.000125
907,0.018994408316518132,0.017627081539677947,18.23102338690507,,1.0350247233408025,0.018272301622304685,41.28871026149575,,1.4784720313397888,0.00031433800983468195,,0.000125
908,0.018981366565352993,0.01763329468667507,17.97429330725419,,1.0344394484487462,0.018261999652887363,40.5100035473537,,1.4776384651057115,0.00030840958249417995,,0.000125
909,0.018937985951963224,0.017608691104932836,17.72393096120734,,1.0376393291747479,0.01831852796374833,39.70290144372264,,1.4822123566884118,0.00030226497619909384,,0.000125
910,0.019125564317954213,0.017772646620869637,18.038901329040527,,1.0337026376301661,0.018248993715263763,40.43838157354215,,1.4765861119093102,0.0003078643121632404,,0.000125
911,0.019021992228533093,0.017703280686155745,17.58282144446122,,1.0335719208332763,0.018246690978858376,40.31079011684455,,1.4763997899318557,0.00030689293659068745,,0.000125
912,0.01899052166232937,0.017653838290195716,17.822444514224404,,1.0401472169432713,0.018362705441080134,42.20131682818684,,1.485786901701969,0.0003212858396438213,,6.25e-05
913,0.018804232540883516,0.017517153467786938,17.16105335637143,,1.0289184278724195,0.018164550563914365,39.82166498823021,,1.4697535387562992,0.00030316914336694646,,6.25e-05
914,0.018800685966485424,0.017555527438066508,16.602110661958392,,1.0307449148772456,0.01819677139779708,40.48780988061247,,1.4723606324167875,0.0003082406183151056,,6.25e-05
915,0.018800443871633002,0.017539307180988162,16.81515497910349,,1.031872190639444,0.01821671928519733,39.36752777600196,,1.4739746816052917,0.00029971171913209874,,6.25e-05
916,0.018738681058350363,0.01749213314370105,16.620637190969365,,1.0309317761066776,0.018200103983835595,39.65849278221809,,1.472630282915768,0.0003019268854670668,,6.25e-05
917,0.01885978946168172,0.017601143764822108,16.78194146407278,,1.0300427602187394,0.018184423688489906,39.26667444032115,,1.4713615386387224,0.0002989439054459285,,6.25e-05
918,0.018774289147634255,0.01754132893524672,16.43947114442524,,1.030048508304787,0.01818451773475636,39.45116659646622,,1.4713691482315083,0.0003003484757709753,,6.25e-05
919,0.01882559796305079,0.017581494279990072,16.588048081648978,,1.0288764263706611,0.018163825975508252,39.40076296470999,,1.4696949099248133,0.0002999647443055372,,6.25e-05
920,0.018793229601885144,0.017548599721569764,16.59506506668894,,1.029204650785221,0.018169619794444283,39.42990118106941,,1.4701637068738038,0.0003001865785280775,,6.25e-05
921,0.018769026390816037,0.017517058963054104,16.692897344890394,,1.0298679959160715,0.018181344636620862,39.10513336723184,,1.4711124024233992,0.0002977140656398446,,6.25e-05
922,0.018700874459586646,0.017457934096455574,16.5725390283685,,1.0271720891107572,0.01813374250721346,39.21223267485932,,1.4672607575449483,0.0002985294309782405,,6.25e-05
923,0.01886246186730109,0.017615611468882936,16.624672036421927,,1.028007758512195,0.018148462819062357,40.053407941166526,,1.4684518263993847,0.0003049334420858422,,6.25e-05
924,0.018795676431373545,0.017535534148153505,16.80189423812063,,1.026877323677883,0.01812852334550745,39.581875690066184,,1.4668384580027845,0.00030134358644624923,,6.25e-05
925,0.018684703660638707,0.017433111604891326,16.687892311497738,,1.0285549320212013,0.01815814450153573,39.53227822265564,,1.4692352031763813,0.00030096599244779467,,6.25e-05
926,0.018727461562344904,0.01747323915754494,16.72296634473299,,1.029910669696376,0.01818209200599746,39.255443045106745,,1.4711728745381454,0.0002988583989140702,,6.25e-05
927,0.018857151956150408,0.017607293630901136,16.664778659218236,,1.0267395312969396,0.018126093421862062,39.51042051284021,,1.4666418448873568,0.00030079958596623076,,6.25e-05
928,0.018792729236577686,0.01753813072450851,16.727979208293714,,1.0273038951566302,0.018136015818676996,40.54644232254188,,1.4674446986535636,0.0003086869971191688,,6.25e-05
929,0.018714520884187597,0.01747115544582668,16.578206564250745,,1.026725424521002,0.018125841022056263,39.593160042410545,,1.4666214223887957,0.0003014294961497913,,6.25e-05
930,0.01875885772077661,0.01750114133679553,16.769550574453252,,1.0305565152069573,0.018193485066242823,39.4964828115771,,1.4720947245202831,0.00030069347586376044,,6.25e-05
931,0.018867052209220435,0.017576101334079317,17.212677654467132,,1.0286920625753952,0.0181605302457343,40.40955895350792,,1.4694282415874378,0.00030764488062947726,,6.25e-05
932,0.018692749013241968,0.017423697551222223,16.92068466387297,,1.0272948023429602,0.018135876907456976,40.01010030732618,,1.4674334588898008,0.0003046037336656516,,6.25e-05
933,0.018819575050943775,0.01756962285818238,16.66602897644043,,1.0262068044945405,0.01811668473217262,39.58696355723946,,1.4658805568545226,0.0003013823212488483,,6.25e-05
934,0.018767726656637694,0.01753517289302851,16.434048351488617,,1.0276672301636423,0.018142475314287983,39.44032418243169,,1.4679673576920806,0.00030026593061933856,,6.25e-05
935,0.01876070497459487,0.017515933631282104,16.5969507317794,,1.0257076002154777,0.01810787619382383,39.457884838477035,,1.4651678290408698,0.0003003996228959373,,6.25e-05
936,0.018762502623231786,0.01751616008971867,16.61789944297389,,1.0260221793839375,0.018113420714214717,39.6949301386984,,1.4656164544245005,0.0003022042892911901,,6.25e-05
937,0.0187985240236709,0.017569708882978086,16.384202003479004,,1.0275898566167903,0.01814110841161748,39.46084441592578,,1.4678567571005583,0.00030042215466501653,,6.25e-05
938,0.01875872096340907,0.01751862564369252,16.534605327405426,,1.0268214952821921,0.018127534422960133,39.66221355806467,,1.4667584410264018,0.00030195521236968127,,6.25e-05
939,0.018757385544871028,0.01748878910745445,16.914614476655657,,1.026906719448191,0.018129034638730748,39.77298251723826,,1.4668798284193902,0.0003027985153926521,,6.25e-05
940,0.018833125990472342,0.01756750248176487,16.874979270131963,,1.0254196774729953,0.018102779811893878,39.778721862953766,,1.4647554640142735,0.00030284221001276835,,6.25e-05
941,0.018773552618528668,0.017485358605259342,17.175917826200788,,1.0268344257359632,0.018127763988836254,39.630690395553565,,1.4667770159566,0.00030171522114436376,,6.25e-05
942,0.018881903078995253,0.017587424942145224,17.259707501060085,,1.030163437288972,0.018186548965679318,39.39927457935922,,1.471533501807257,0.00029995341297341116,,6.25e-05
943,0.01876799183848657,0.017514930351784353,16.707484596653988,,1.0295785815738985,0.018176219479332435,39.48648680829068,,1.4706977090878914,0.0003006173745818493,,6.25e-05
944,0.018727800759829973,0.017473083087488225,16.729565168681898,,1.0267435580471351,0.01812616611853759,39.47069163919266,,1.4666477270145106,0.0003004971232592038,,6.25e-05
945,0.01871709760866667,0.01747055518391885,16.620564661527936,,1.0259052870850118,0.018111337114057716,40.18590426840831,,1.4654478634817558,0.0003059421592763722,,6.25e-05
946,0.01874624790721818,0.01749309250398686,16.7087378752859,,1.025689528353657,0.018107567718010892,39.1951791972073,,1.465142869248108,0.0002983995999374561,,6.25e-05
947,0.018757468971766923,0.017528967784815712,16.380015925357217,,1.025308024453548,0.018100810870609697,39.7202450788001,,1.464596150498101,0.0003023970162579627,,6.25e-05
948,0.018526264221260424,0.01728003888734077,16.616336722122995,,1.0243615431279998,0.01808411146597723,39.44060151573915,,1.4632449467362831,0.00030026804200522045,,6.25e-05
949,0.018578479948796724,0.01732976999329893,16.64946520955939,,1.0233263997408413,0.018065793703616002,40.4747301085188,,1.4617627963270132,0.00030814103977407157,,6.25e-05
950,0.018742023820155544,0.017499833955968682,16.56253046738474,,1.0252302142543162,0.01809944671922477,39.48135379162113,,1.4644857725221452,0.0003005782960484165,,6.25e-05
951,0.01883109286427498,0.01758803201741294,16.574143710889313,,1.0247906969998448,0.01809169668217269,39.235919385440354,,1.463858691530369,0.0002987097619553143,,6.25e-05
952,0.01877412631323463,0.01752404697043331,16.66772430821469,,1.0288962894012195,0.01816415047018058,40.05046097205261,,1.4697211658561826,0.0003049110063061715,,6.25e-05
953,0.01875633834616134,0.017514808250493126,16.553733524523285,,1.025717697135717,0.0181080567335612,39.40152435955014,,1.4651824371049094,0.00029997054093462136,,6.25e-05
954,0.01875774650589416,0.017497915186380084,16.797747662192897,,1.0267327269716282,0.018125967175666162,39.66198731303061,,1.4666316298923572,0.0003019534899275587,,6.25e-05
955,0.018762812949717045,0.017512729587523562,16.667775856821162,,1.0259198458112444,0.01811161667341112,39.62752081938062,,1.4654704835486552,0.00030169109061909636,,6.25e-05
956,0.01876054361070457,0.0175018610530778,16.782434162340667,,1.0228920362438187,0.018058148527245528,39.885383623780946,,1.461144199957927,0.00030365424423257166,,6.25e-05
957,0.018706698264730603,0.017461704139254595,16.59992027282715,,1.0224938559658843,0.018051111870879075,40.04783531163935,,1.4605748409441042,0.0003048910167045691,,6.25e-05
958,0.018772066521801446,0.017524594539090207,16.632958361977025,,1.024044257302749,0.018078497597190917,39.73823835769412,,1.462790710145856,0.00030253400216626855,,6.25e-05
959,0.0187354573587838,0.017492579541316156,16.571703961021022,,1.0230333784823498,0.0180606250523875,40.35543807200663,,1.46134458375374,0.00030723284910623834,,6.25e-05
960,0.01876487004521646,0.017500532447899644,16.85783230630975,,1.0250574460985984,0.018096410913906014,39.12133760089156,,1.464240135527466,0.000297837431240931,,6.25e-05
961,0.018651775623622694,0.017415304962349564,16.48627291227642,,1.0224330995310402,0.018050048978783904,39.80484949550521,,1.4604888388482804,0.0003030411241460967,,6.25e-05
962,0.018733413595902294,0.017489971642039324,16.57922709615607,,1.0234435373468722,0.018067903486353135,39.44186352142841,,1.4619335057884446,0.00030027764987028215,,6.25e-05
963,0.018752007157002624,0.017514056624158433,16.50600508639687,,1.0248047094342139,0.018091931866167293,39.538805406318055,,1.4638777210410143,0.00030101568501288747,,6.25e-05
964,0.018631102468230222,0.017386022955179214,16.601055195457057,,1.021214021358938,0.01802852734196007,39.75770740829484,,1.4587474524170356,0.0003026822233768717,,6.25e-05
965,0.018658235473068135,0.01740602247024837,16.696173467134173,,1.0221681649563674,0.018045378826874865,39.62077060733215,,1.4601109614947676,0.0003016397001007721,,6.25e-05
966,0.01866188380671175,0.017404870767342418,16.760172341999255,,1.0237576781630549,0.0180734431407942,39.607651490650355,,1.4623817374520685,0.0003015398220226625,,6.25e-05
967,0.01868536931119467,0.017446534806176237,16.51779079437256,,1.02438108855653,0.018084447495013443,39.665202735349474,,1.463272135950977,0.0003019779694873727,,6.25e-05
968,0.018570231861974065,0.0173347037971804,16.473707550450374,,1.0214333154672455,0.018032405475819843,39.59978409943589,,1.4590612449848241,0.00030147992622835736,,6.25e-05
969,0.018632003057159875,0.017392224730237535,16.53037778954757,,1.021437565613712,0.018032494331715134,39.257136914042476,,1.4590684346076053,0.0002988712946278575,,6.25e-05
970,0.018600818848139362,0.017381382223806884,16.259152864155016,,1.0227566343485004,0.018055761665348766,39.79269253466923,,1.460951071110233,0.00030294857112492897,,6.25e-05
971,0.01865178385847493,0.01741406208786525,16.50295699270148,,1.0232042349953419,0.018063685305965433,39.27217694980414,,1.461592198937492,0.0002989857969913177,,6.25e-05
972,0.018701108956807537,0.017472298129608755,16.384141068709525,,1.0217649353805502,0.018038275540808297,39.22478738510416,,1.4595362112527288,0.00029862501213365607,,6.25e-05
973,0.018680913177760022,0.017438429946962156,16.56644444716604,,1.0214269654759975,0.018032284368887635,39.82282779700051,,1.4590514458245556,0.0003031779960289056,,6.25e-05
974,0.018584599865502434,0.017329907878056952,16.729226062172337,,1.0229312817097977,0.018058812341830852,40.60670845152334,,1.461197911379656,0.00030914581346205025,,6.25e-05
975,0.018769348530392898,0.01745352653884574,17.544291195116546,,1.022626622693232,0.018053444884758203,40.32211792617162,,1.4607636127715573,0.0003069791771396682,,3.125e-05
976,0.018588330106515633,0.017349215714555038,16.521523827000667,,1.0209780384452314,0.01802438496728578,39.16150345552488,,1.4584122792557197,0.00029814322075890785,,3.125e-05
977,0.01863171586668805,0.017426293196254654,16.07230201520418,,1.0215870754310334,0.018035146591751414,38.9452468931989,,1.4592830376917998,0.00029649682257924294,,3.125e-05
978,0.01849825101855554,0.01730219451220412,15.94741866463109,,1.020670825403326,0.018018959653592036,39.19344040517696,,1.4579732992780876,0.0002983863622164696,,3.125e-05
979,0.01853517393924688,0.01733286213129759,16.030823757773952,,1.0200134062326447,0.018007343170736833,39.4256334639482,,1.4570333714376347,0.00030015408766803555,,3.125e-05
980,0.018578685967153626,0.017383377557914508,15.93744548998381,,1.0200107199884212,0.018007307764739376,39.1275214940348,,1.4570305066219118,0.00029788451027661333,,3.125e-05
981,0.01862231887092716,0.01742224390373418,16.000996288500335,,1.020179812475081,0.01801028649560357,39.293570434209286,,1.4572715255347248,0.00029914866924547024,,3.125e-05
982,0.01864540591639908,0.017446159630229597,15.989949025605855,,1.0199275424610954,0.018005839678532847,39.11607276536513,,1.4569117189376444,0.0002977973491480053,,3.125e-05
983,0.018606120720505714,0.017409248963782663,15.958287439848247,,1.0197571510013077,0.018002829505092688,39.16102326784969,,1.4566681559025791,0.00029813956500804496,,3.125e-05
984,0.018517025109184414,0.017316861568312896,16.00217924619976,,1.022172614504931,0.018045478618287793,39.09424121802459,,1.4601190359462533,0.00029763114184583545,,3.125e-05
985,0.01865764295584277,0.017450918394484018,16.0896601425974,,1.0204805063593134,0.01801559681304111,39.259072172273186,,1.457701200786985,0.00029888602807961475,,3.125e-05
986,0.01858385524859554,0.017369761278754788,16.187919415925677,,1.0210100008831609,0.018024949260438954,39.16205829924127,,1.4584579380709959,0.00029814744487897536,,3.125e-05
987,0.018495429503290278,0.017290151874093634,16.07036610653526,,1.0201373407076029,0.018009540685004866,39.19305373314231,,1.4572111795458258,0.0002983834184161653,,3.125e-05
988,0.018596288601034565,0.017397114663924042,15.988981297141628,,1.019577190819245,0.017999639658520125,39.4721084531774,,1.456410054923333,0.0003005079097062846,,3.125e-05
989,0.018581090249905462,0.01737193880896819,16.122018613313372,,1.019080331535372,0.017990881193272575,39.12800310534788,,1.4557013786890178,0.0002978881768658748,,3.125e-05
990,0.018613816876160472,0.017395918600653346,16.238642240825452,,1.019198942616305,0.017992960381151158,39.49899586200572,,1.4558696126198016,0.00030071260814629826,,3.125e-05
991,0.018554579515598323,0.017356447238279015,15.975096953542609,,1.0199941256660612,0.018007019055667105,39.021546451907255,,1.4570071462211605,0.00029707770416367,,3.125e-05
992,0.018489372083231023,0.017299206143147068,15.868877260308517,,1.0198922715497005,0.018005210745167526,39.26994462794937,,1.4568608298701682,0.00029896880194340517,,3.125e-05
993,0.01849703417208634,0.017291440726502946,16.074576628835576,,1.0183854669968246,0.01797859290491955,39.62518739193094,,1.4547070928558195,0.0003016733258370051,,3.125e-05
994,0.018497765260307414,0.017296751078806426,16.013521746585244,,1.0191575568128484,0.01799224091163982,39.22072720966136,,1.4558113979749305,0.0002985941013238927,,3.125e-05
995,0.01850671889750581,0.017304981715585057,16.023163845664577,,1.017931287397838,0.017970580618762985,39.463494652106164,,1.454058792426326,0.0003004423313661355,,3.125e-05
996,0.01852558357150931,0.01730702366483839,16.247466037147923,,1.0187230117492294,0.017984567698376804,39.247165945014984,,1.455190533048641,0.00029879538393603946,,3.125e-05
997,0.018607506675547676,0.01739362617464442,16.185071192289655,,1.019725153043366,0.018002257714695574,39.33083924527599,,1.4566218904606334,0.0002994324030755031,,3.125e-05
998,0.01862153146219881,0.01742186348297094,15.99557409788433,,1.0181304998244798,0.017974104402298505,39.30052465007845,,1.454343913343737,0.00029920161287975744,,3.125e-05
999,0.0184557493776083,0.017251073872964633,16.062339481554535,,1.018437491551001,0.017979522827593845,39.342511649301954,,1.4547823359583947,0.00029952126708283764,,3.125e-05
1000,0.01851211321589194,0.017313620614770212,15.97990161494205,,1.0189555953342755,0.01798867134062383,39.31553421376986,,1.455522572241856,0.00029931588325413734,,3.125e-05
