epoch,loss_total,loss_data,loss_cont,loss_mom,val_score,val_data,val_cont,val_mom,norm_data,norm_cont,norm_mom,lr
1,9.748523636868125,0.24132784377587468,126762.6052631579,,20.032818785537795,0.4248323886208914,46554.288432622525,,28.520295372391626,0.22870674954552528,,0.001
2,3.2232192817487215,0.41502701138195236,37442.56178042763,,19.199985420337338,0.40778184838341913,25130.18590239462,,27.375640546496264,0.12345679263317844,,0.001
3,1.8625481442401284,0.369330727740338,19909.564658717107,,16.22068931119529,0.3445967474056293,18324.690804720896,,23.13383179723665,0.09002351043212804,,0.001
4,1.2854127131010358,0.3163948764926509,12920.237099095395,,15.354400239679764,0.3263941046133088,10935.811759059052,,21.91183280916424,0.05372424421599597,,0.001
5,1.022585065741288,0.31180222097196075,9477.104183799342,,14.85602663615306,0.3158326833945452,9538.55510981304,,21.20281235597045,0.04685995657915611,,0.001
6,0.9204834542776409,0.2867959141731262,8449.166837993422,,13.412926299115103,0.2851807007923291,7728.6091268546825,,19.145051175372878,0.037968254513631325,,0.001
7,0.7832052958639044,0.27027126989866557,6839.1200143914475,,13.10350426625748,0.27864371577744595,6216.471510179783,,18.706203412200715,0.0305395923899312,,0.001
8,0.6849981483660246,0.26623094866150304,5583.562345805921,,12.71191733646092,0.2703353650042072,5435.1877293111265,,18.148438457227705,0.02670138800509311,,0.001
9,0.6101141446515134,0.25264277269965724,4766.2847707648025,,12.123126755431132,0.2578202199421579,4984.212042989332,,17.308258557204844,0.024485884625807332,,0.001
10,0.5691088124325401,0.24187074601650238,4363.173905222039,,11.679431628570523,0.24839477972690882,4465.744564005959,,16.675499977223772,0.021938815046278363,,0.001
11,0.5287954211235046,0.23317192494869232,3941.6464458264804,,11.201157864754082,0.23821734744792122,4462.832687825424,,15.992257873975701,0.02192450990364273,,0.001
12,0.5080627940203014,0.22895371913909912,3721.454165810033,,11.066482066535443,0.2353686729853617,3914.831315550751,,15.801017659556722,0.019232349485793814,,0.001
13,0.47657436602994013,0.2199682758042687,3421.4143965871713,,10.56317526138655,0.22466981346984782,3552.6188588888062,,15.082770553867066,0.017452912265355,,0.001
14,0.43592027300282526,0.21202212023107628,2985.3086322985196,,10.116416457382986,0.21517508962789839,3164.546926745483,,14.445360752484586,0.015546435479251722,,0.001
15,0.4130528412367168,0.20500204751366063,2774.0105301706412,,9.952014959880515,0.21168192315378936,2997.1940281829393,,14.2108538215278,0.014724282703516445,,0.001
16,0.39962668324771683,0.19938990238465762,2669.8236276726975,,9.73331764904073,0.2070199450597764,3257.5169912069573,,13.897880997839634,0.016003168509954046,,0.001
17,0.3716502048467335,0.19307756423950195,2380.9684544613488,,9.307848907362708,0.19797557157459975,2955.403536129026,,13.290704590944605,0.014518979004945443,,0.001
18,0.36131474218870463,0.19093255463399386,2271.762341951069,,9.141158660159675,0.19444207408186667,2521.0762844432693,,13.053490115566452,0.012385264210531712,,0.001
19,0.34156740025470134,0.18416299631721095,2098.725258275082,,8.913371632940224,0.18959363467064752,2559.3117175558737,,12.727999574339119,0.01257310300947083,,0.001
20,0.3302332319711384,0.18226108582396255,1972.9617919921875,,8.703807837916003,0.18513952888039523,2388.7397282303937,,12.428981853090857,0.011735135841341848,,0.001
21,0.3252381572597905,0.17728484147473386,1972.710757606908,,8.582327521191857,0.18255903992777092,2242.8283897951305,,12.255745750794254,0.011018318786267245,,0.001
22,0.3134258954148543,0.17401417305594996,1858.8228824013158,,8.33958790794234,0.1773950222893351,2197.8947952199214,,11.909069479631093,0.010797574001915836,,0.001
23,0.30068641273598923,0.16987997058190799,1744.0858539782073,,8.193735901152458,0.17429553958468746,2063.82664583644,,11.700991742137651,0.010138938853674721,,0.001
24,0.28958539900026825,0.16548643927825124,1654.6527549342106,,8.013816738004683,0.17046473485857724,2133.2857182175944,,11.443818124426233,0.010480169687730589,,0.001
25,0.2840504112996553,0.16230863881738564,1623.2235878392269,,7.849848606681358,0.1669769236253737,2089.2234798575128,,11.209670707142383,0.010263705605638147,,0.001
26,0.2719361131128512,0.1586728888122659,1510.1762823807567,,7.749807648121408,0.1648528929086883,1935.817006031601,,11.067078039910605,0.009510067279949994,,0.001
27,0.26201855430477544,0.15611273913007034,1412.0774054276317,,7.6207377805815675,0.162111507033375,1770.568234622757,,10.883040435933552,0.008698251426937734,,0.001
28,0.25811734952424703,0.15431544341539083,1384.0253520764802,,7.448996898094621,0.15845084918020544,1963.887033931445,,10.637289297305495,0.009647966602585262,,0.001
29,0.25027013138720866,0.15082982653065732,1325.8706504420231,,7.261405125890496,0.15446943915119013,1629.4984658143903,,10.370005085772723,0.00800521949863332,,0.001
30,0.24487407897648059,0.1485019043872231,1284.9622449372944,,7.227900448540299,0.15375533991079704,1665.5183082654137,,10.322065423433594,0.008182173789279136,,0.001
31,0.23901942764457904,0.14616309655340096,1238.0843634354442,,7.0722262476934405,0.150447868777324,1498.7693018417897,,10.10002478767009,0.0073629877479268425,,0.001
32,0.2332365599117781,0.14352198337253771,1196.1942684775904,,7.018737207500631,0.149306205582851,1608.2104040021297,,10.023381451629122,0.007900637867485573,,0.001
33,0.2331699760336625,0.14183634088227623,1217.7817511307567,,6.88654912052213,0.1464931764310771,1611.5881409546955,,9.834534215757628,0.007917231639300155,,0.001
34,0.22242916493039383,0.13872500744305158,1116.0553620990954,,6.798323400243357,0.14461969866502805,1485.9797994809142,,9.708761933105684,0.007300156897929123,,0.001
35,0.2173377424478531,0.13759347639585795,1063.2568166632402,,6.708967088817929,0.1427206726707181,1407.8676789364624,,9.581274519885172,0.006916416327698192,,0.001
36,0.21085034781380704,0.13509863262113772,1010.0228399979441,,6.623976024622864,0.14091356945850822,1360.632952251637,,9.459958163691303,0.006684366796506396,,0.001
37,0.20472230879884018,0.13256448624949707,962.1042448344983,,6.549067513101789,0.13932072206145074,1322.897258469949,,9.353025454547595,0.006498983061576244,,0.001
38,0.20293631835987694,0.13232475283898806,941.487503854852,,6.465510092265681,0.13754365495350077,1290.693395174525,,9.233725513740769,0.006340775490478588,,0.001
39,0.20717936911081014,0.13029555741109347,1025.1174701891448,,6.366110370531633,0.1354300991383636,1238.377745301743,,9.091836058632534,0.006083764962864523,,0.001
40,0.22795138076732033,0.12935426517536766,1314.6281577662419,,6.419270808079153,0.13653940505459528,1937.7043920119343,,9.166307151789939,0.00951933942065352,,0.001
41,0.20722236209794095,0.12850882740397201,1049.5137650339227,,6.360134859819191,0.13530420562253698,1198.0879041196006,,9.083384442529299,0.005885833495609698,,0.001
42,0.18935279783449674,0.12616627035956635,842.4870027240954,,6.180821021353299,0.13148996236606603,1150.1973079291167,,8.82732264684126,0.0056505618813872,,0.001
43,0.18374270671292356,0.12441291189507435,791.063874897204,,6.133683907392279,0.1304885917391807,1096.2101618031738,,8.760097579212314,0.0053853398121985864,,0.001
44,0.1796448113102662,0.12297678189842325,755.5737079821134,,6.049693388199254,0.1287020527234501,1072.1595422699434,,8.640161760315964,0.005267186593597423,,0.001
45,0.1773313864281303,0.12085843988155064,752.9725695158306,,5.977782822941376,0.12717359307503437,1015.5366721839196,,8.537551597331195,0.004989016031801479,,0.001
46,0.17355706660371079,0.11932643032387684,723.0751214278372,,5.9175210925274815,0.12589126417509827,1014.809048027769,,8.451464942993342,0.004985441440474949,,0.001
47,0.17147876635978096,0.11840234343942843,707.6855886358964,,5.858541016556799,0.12463715736340286,983.8264235638638,,8.367272923608493,0.004833233436183683,,0.001
48,0.16807905310078672,0.1165227674339947,687.4171174701892,,5.801640847151215,0.12342730844183203,952.9044981168722,,8.28605207151861,0.0046813236272966715,,0.001
49,0.16473601915334402,0.11574416882113407,653.2246382863898,,5.735301206652999,0.12201599680307265,940.9090930283786,,8.191306412105549,0.004622393930385038,,0.001
50,0.16345152572581642,0.11331606460245032,668.4727847450658,,5.678672019049409,0.12081164653441792,918.524820550937,,8.110454701374747,0.004512426956952153,,0.001
51,0.16101915585367302,0.11348283055581544,633.8176430150082,,5.627408814054258,0.11972179713798145,886.1171181702758,,8.037289783797034,0.004353217987783891,,0.001
52,0.15765404622805745,0.11186194263006512,610.5613596062911,,5.579265771643171,0.11869797748438062,865.3919611110853,,7.968557644461931,0.004251401732731725,,0.001
53,0.15569385415629336,0.11043230561833632,603.4872693513569,,5.508736397343158,0.11719763948987547,849.2535132440282,,7.867835373966935,0.00417211855434685,,0.001
54,0.15337537778051277,0.10964438397633403,583.0799126876028,,5.467714458556203,0.11632570231046173,817.4479780234119,,7.809299568860886,0.0040158678452765,,0.001
55,0.15080571096194417,0.10864374708188207,562.1594752261514,,5.426700240160336,0.11545346543979475,800.4366640871592,,7.750743644565971,0.003932296547188899,,0.001
56,0.14861286313910232,0.10749871911186921,548.1885488409745,,5.3769628168081525,0.11439524172332227,794.8925396920862,,7.679701855445703,0.0039050599872034893,,0.001
57,0.14798133585013842,0.1069035079134138,547.7043521278783,,5.32153533485177,0.11321661470454022,767.6836418791241,,7.600577025018656,0.003771391129037497,,0.001
58,0.1446027293017036,0.10509904199524929,526.7158267372533,,5.275326261667127,0.11223407019789289,743.1049126438195,,7.534615812322349,0.0036506434716116563,,0.001
59,0.1424650796934178,0.10408758764204226,511.69986765008224,,5.215035918586569,0.11095112726464164,742.5419540458366,,7.448487936053245,0.0036478778309927537,,0.001
60,0.14156418215287359,0.10354490735028919,506.92365144428453,,5.173955608159657,0.110077951351209,710.6280992316233,,7.389868970950328,0.0034910949814258405,,0.001
61,0.13966488916622966,0.10228919590774335,498.3425549958882,,5.131662947490509,0.10917831777056781,699.7336521044393,,7.329473821865531,0.0034375739487897184,,0.001
62,0.1366395860126144,0.10076525101536199,478.3244114925987,,5.084930086536754,0.10818409705976213,692.0592393428576,,7.262728749933573,0.0033998719441739175,,0.001
63,0.13636445842291178,0.10053962076965131,477.6644768965872,,5.0405560874414705,0.10724038765010688,674.3274355739613,,7.199374655872041,0.0033127611034737604,,0.001
64,0.13346580259109797,0.09887601631252389,461.1971290989926,,4.990363333828304,0.10617292888602534,654.2994578689832,,7.127712889808763,0.0032143698738987415,,0.001
65,0.1324377726567419,0.09838131815195084,454.08604029605266,,4.961799121540338,0.10556543708878632,643.2621478467472,,7.086930110628943,0.003160147000262401,,0.001
66,0.13094763065639295,0.0973724354254572,447.66925048828125,,4.931117013263523,0.10491314595997576,623.6519024207372,,7.0431398155366605,0.003063807959538713,,0.001
67,0.12909990705941854,0.0966161446351754,433.11679719623766,,4.880165299598151,0.10382943547456991,606.8531941209948,,6.970387021800131,0.002981281126863395,,0.001
68,0.1275171896344737,0.09586121886968613,422.0795834189967,,4.857111510158927,0.10333879624876448,608.8121045426709,,6.9374489125220755,0.002990904644916749,,0.001
69,0.1275754767028909,0.09575973372710378,424.2098870528372,,4.8137510247856365,0.10241670281551196,589.5272989338489,,6.875545964955682,0.0028961643888650566,,0.001
70,0.12542302161455154,0.09482144289895107,408.0210250051398,,4.778212128483101,0.1016604248984266,590.1893118200275,,6.824774719267681,0.002899416652414832,,0.001
71,0.1244841237601481,0.09337160108905089,414.8336294073808,,4.755163085780583,0.10117024471845361,580.732026029337,,6.791867427137944,0.0028529559467412335,,0.001
72,0.12275145908719615,0.09291181478061174,397.8619127775493,,4.711545424505006,0.1002430407113187,549.9029645987114,,6.729621391142909,0.0027015023499035915,,0.001
73,0.1214632572312104,0.09206067378583707,392.0344157971834,,4.670145678939535,0.09936220383523224,545.5215735582913,,6.6704881222261205,0.002679977937500798,,0.001
74,0.11961402783268377,0.09129764218079417,377.5517883300781,,4.652374804446207,0.09898461600855765,527.3116434326536,,6.6451394985471754,0.0025905182106162744,,0.001
75,0.11792295739838951,0.09038106665799492,367.2252084832442,,4.6198461257452,0.09829256491823905,522.5438495093305,,6.598679995841309,0.0025670955209475387,,0.001
76,0.11697778262590107,0.0896886712626407,363.8547845137747,,4.578652855289685,0.09741662517345524,502.11119969572104,,6.539875486301089,0.002466716263078827,,0.001
77,0.11512741289640728,0.08869372621962898,352.44913522820724,,4.559764550948003,0.09701496090261111,493.39898541476384,,6.512910537413367,0.002423915862157103,,0.001
78,0.11442023005924727,0.08868570508141267,343.12698846114307,,4.5213888951275285,0.0961985697606672,486.0202632532026,,6.458103707399231,0.002387666493555699,,0.001
79,0.11375348740502407,0.08818787650058144,340.8747992264597,,4.50369208094883,0.09582206006315099,483.6846280225478,,6.432827461822497,0.0023761922436055538,,0.001
80,0.11299560885680349,0.08743480514538915,340.8107091000206,,4.476269787935684,0.09523916331611745,463.23000742154494,,6.393695823458084,0.002275705050087112,,0.001
81,0.11241878647553294,0.08721847165572016,336.0041728772615,,4.437210160940426,0.09440742311598305,481.17972383955174,,6.337858564302936,0.0023638864279029864,,0.001
82,0.11066682872019316,0.08626371504444826,325.37483938116776,,4.417490733901353,0.09398855595154226,457.06199127661444,,6.309738732643142,0.0022454035038462533,,0.001
83,0.10964847238440263,0.08596754309378173,315.74571147717927,,4.388342244981426,0.09336863580518244,445.86895152462773,,6.268121600439844,0.0021904155784499566,,0.001
84,0.10914658911918339,0.08539428248217232,316.69740536338406,,4.355368140990996,0.09266700917742506,444.1946812087492,,6.2210192626690946,0.002182190408767483,,0.001
85,0.10906916033280523,0.08505419916228245,320.19945807206005,,4.329042198586258,0.09210722551648974,430.65696495292036,,6.183439276344745,0.0021156838164559867,,0.001
86,0.10661863888564863,0.0839560384813108,302.16799605520146,,4.299062773748789,0.09146950806996874,423.1381193730428,,6.14062735704182,0.002078746065052111,,0.001
87,0.10605385507407941,0.08353723350324128,300.2216138337788,,4.274268936096772,0.09094198164847206,420.6166854996439,,6.105212897690766,0.002066359044118182,,0.001
88,0.10516612976789474,0.0827762202212685,298.53211172003495,,4.250787580913457,0.09044206897631023,428.15474907761006,,6.07165223364455,0.0021033912075735274,,0.001
89,0.10545821997680162,0.08210673889047221,311.35307392321135,,4.235773877804462,0.09012307034671538,412.57827320396575,,6.050236881653692,0.002026868822925948,,0.001
90,0.10392482147405022,0.0816075629309604,297.5634291799445,,4.2112450282480145,0.08960142058233035,402.4748013271988,,6.015216940237512,0.0019772336058523523,,0.001
91,0.10234704927394264,0.08111833232013803,283.04955572831005,,4.164144470907688,0.08859951558756846,390.33048390351416,,5.947955998861446,0.001917572348921322,,0.001
92,0.10121105925032967,0.08028154702563035,279.06015416195515,,4.1559566733022875,0.08842552708002098,382.50599502486114,,5.936275619117416,0.0018791330669874612,,0.001
93,0.101080878784782,0.08055957093050606,273.6174252158717,,4.123036996536921,0.08772503047550467,381.73000242174686,,5.8892491432570955,0.001875320856514381,,0.001
94,0.10036851387274892,0.07993141757814508,272.4946120412726,,4.103962083740708,0.08731937513032412,373.6587471139515,,5.862016261363378,0.0018356692878115414,,0.001
95,0.09915711848359358,0.07927745776741128,265.0621233488384,,4.079930549357544,0.0868083324373355,362.7787901175545,,5.827708405036199,0.0017822194406843025,,0.001
96,0.09808640652581264,0.07849243596980446,261.25293129368833,,4.053931884106017,0.08625493604604287,367.64193537183354,,5.790557215624966,0.0018061105618059074,,0.001
97,0.09824114684995852,0.0786922444638453,260.65201849686474,,4.030346610096384,0.08575357307862994,350.91297594194253,,5.756899188830413,0.0017239263836495448,,0.001
98,0.09693754150679237,0.07772148714253777,256.21404145893297,,4.008609730058354,0.08529098213566311,352.0797846963171,,5.725844046418048,0.0017296585524043202,,0.001
99,0.09600369475389782,0.07710769027471542,251.9467090807463,,3.9873262621117576,0.08483782802593733,359.99489432028764,,5.695422427434271,0.00176854302589412,,0.001
100,0.09535669653039229,0.07655812329367588,250.64762717799135,,3.9472639499314024,0.08398560714041432,350.6455603103797,,5.638210237336104,0.0017226126537670462,,0.001
101,0.09427288802046525,0.07568641752004623,247.81960015547904,,3.939753016831816,0.08382654207543713,326.24163894812597,,5.6275317138569845,0.0016027237730895235,,0.001
102,0.09408264999326907,0.07590107698189585,242.42096910978617,,3.914015723460887,0.08327857292436773,335.3989942068845,,5.590744871652719,0.0016477110132810562,,0.001
103,0.09314860521178496,0.07508695380468118,240.82200783177427,,3.902836036753584,0.08304069564746382,334.6613281080104,,5.574775443752687,0.0016440870890110594,,0.001
104,0.09206158981511467,0.07428062471904252,237.07952077765214,,3.869853390526373,0.0823389972648157,329.4789660254984,,5.527668288857035,0.0016186277548280292,,0.001
105,0.0923333897402412,0.07471068674012234,234.96936517012747,,3.8454855654028326,0.08182090307392482,315.2615759614709,,5.492887043945613,0.0015487821363460586,,0.001
106,0.0915849863698608,0.07419324979970329,231.88981467799135,,3.8346474753746733,0.0815902717062654,315.2625896614273,,5.477404056056817,0.0015487871163388765,,0.001
107,0.0912445234624963,0.07404507461347078,229.3259670859889,,3.810294213252298,0.08107215516289205,311.63913558503367,,5.442621310554998,0.0015309862126661924,,0.001
108,0.08972833344810888,0.07274065500027255,226.50236832468133,,3.7922539728978584,0.08068849163105668,304.3876201365314,,5.416864806237894,0.001495361771108968,,0.001
109,0.08956376502388402,0.0726945735514164,224.9225495990954,,3.767172954771694,0.08015402316164219,328.3609329407181,,5.38098430601423,0.00161313520577802,,0.001
110,0.09067019467291079,0.0728463844249123,237.65079056589227,,3.7429846755059524,0.07963886219596683,342.44060581509524,,5.346399977467428,0.0016823042625110755,,0.001
111,0.08894984620182138,0.07159715008578803,231.36926912006578,,3.7339735297241488,0.07944774430662539,322.14176363423087,,5.33356965002309,0.0015825823599533316,,0.001
112,0.08764236969383139,0.07138320646787945,216.7888352243524,,3.7023166911944942,0.07877509432819542,290.3155084312857,,5.2884126031949705,0.001426229860049771,,0.001
113,0.08665660455038673,0.07072496884747555,212.42180352461966,,3.670093803584755,0.07808923024622343,295.7554019086462,,5.242368453249965,0.0014529543659324384,,0.001
114,0.08678962839277167,0.07081025446716108,213.0583102577611,,3.664791992049312,0.07797689050086415,280.41115182872227,,5.234826743141404,0.0013775728344313806,,0.001
115,0.0853385442965909,0.06988027182064559,206.11028651187294,,3.6383841653499953,0.07741503603034257,277.3426131102375,,5.197107737046806,0.0013624980574390322,,0.001
116,0.08474245902739073,0.06922035840781111,206.96132700066818,,3.6137565980484725,0.0768911237137279,272.4003894266261,,5.161935903591287,0.0013382184485724597,,0.001
117,0.08398331623328359,0.06914572202061352,197.83458589252672,,3.596190905769909,0.07651746142087133,268.24187075308413,,5.1368508129832255,0.0013177889388372474,,0.001
118,0.0837709735098638,0.06866157094114705,201.45868963944284,,3.570868211268821,0.0759784677151551,272.52377963424004,,5.100666519829897,0.001338824626311595,,0.001
119,0.08384388763653605,0.06866845723829772,202.3390535053454,,3.541956279554691,0.07536310939286217,276.38208976523373,,5.059355636804651,0.0013577793047849917,,0.001
120,0.08330793992469185,0.06837956332846691,199.04500138132195,,3.5359211813858815,0.07523495832889404,267.6444267396579,,5.050752464601792,0.0013148538820906726,,0.001
121,0.08224605102288096,0.06765236431046535,194.58248339201273,,3.518663501508384,0.07486768018738367,268.9147747618883,,5.0260959615660825,0.0013210947070874158,,0.001
122,0.08154662227944325,0.06713956065083805,192.09414271304482,,3.4935879243897685,0.07433430685110198,261.6609718784659,,4.990288980973352,0.0012854590280733861,,0.001
123,0.0813982627893749,0.06662822279490922,196.93385314941406,,3.4681557145524478,0.0737932696242268,256.79387543364754,,4.95396750000522,0.00126154849598073,,0.001
124,0.0805451238625928,0.06648848225411616,187.42188303094161,,3.448642061335664,0.07337824880294647,249.65400648320903,,4.926105885105677,0.0012264725389676797,,0.001
125,0.08015115206178866,0.06629316371522452,184.77316846345602,,3.4153911227964935,0.0726706608307742,250.22407907178214,,4.878603344082815,0.001229273128411255,,0.001
126,0.07915318443586952,0.06526365719343487,185.19369747764185,,3.4099254904747918,0.07255455310111943,243.8692144418002,,4.870808677683858,0.0011980536536376585,,0.001
127,0.07872546660272699,0.06508777643504896,181.83585558439555,,3.385492940052243,0.07203470393963464,241.69293828460422,,4.835909616238082,0.001187362285285072,,0.001
128,0.07792271281543531,0.06449868098685616,178.9870918675473,,3.3658728023177695,0.07161714605233792,243.1974685081894,,4.8078776803505345,0.0011947535746509737,,0.001
129,0.07755097629208314,0.06418440157645627,178.2209866172389,,3.348926286179544,0.07125664910501367,239.37498463654285,,4.783676419585297,0.0011759748994546008,,0.001
130,0.07674471151671912,0.06364037272961516,174.7245081851357,,3.328159619706853,0.0708147828922806,238.02685873621513,,4.75401259159154,0.0011693519759168839,,0.001
131,0.07662757329250637,0.06347999015921041,175.30110088147615,,3.3008246101014698,0.0702331766281738,235.6475836964983,,4.714967587286179,0.0011576633371484922,,0.001
132,0.07635241864543212,0.06335431474604104,173.30803800884047,,3.292936681633296,0.07006549480637732,230.1966678214744,,4.703710594612573,0.0011308846816519722,,0.001
133,0.07595211659607135,0.06307458073685043,171.70047559236227,,3.27615786952013,0.06970819690756301,238.16046405310232,,4.679724095741338,0.0011700083373129234,,0.001
134,0.07472482558928038,0.06218908648741873,167.14317321777344,,3.2434384312652504,0.06901210263550714,232.87851898408763,,4.632993161900558,0.0011440597828685632,,0.001
135,0.07468735622732263,0.062090555303975156,167.95732598555716,,3.2257680398856747,0.06863632673314889,225.0736881251932,,4.607766178233246,0.0011057170746758733,,0.001
136,0.07379367986792013,0.061429288630422796,164.85854460063734,,3.2055416160540093,0.06820605235280403,220.6763634534275,,4.578880545340602,0.0010841143852946059,,0.001
137,0.0726227227010225,0.06058486786327864,160.50472299676193,,3.19429241800237,0.06796679686884932,216.7190953470957,,4.5628185941932236,0.0010646735570454707,,0.001
138,0.07312860124205288,0.06102322904687179,161.40496665553042,,3.176793833668082,0.06759425057208447,222.51017600891072,,4.537808423810226,0.0010931233364129833,,0.001
139,0.07271534243696615,0.06070456183270404,160.14373297440378,,3.1555803623128362,0.06714268729130687,227.194569134999,,4.507493602030958,0.0011161363038866804,,0.001
140,0.07231922780996874,0.06025426854428492,160.86611215691818,,3.138499434063345,0.06677946951549539,218.92656035991652,,4.483109683741971,0.0010755181465519432,,0.001
141,0.07157149950140401,0.05975873062485143,157.50358260305305,,3.116670670144159,0.06631523092392247,210.28495702260958,,4.451943929647977,0.0010330646352498074,,0.001
142,0.07046932844739211,0.05878617379226183,155.77539142809417,,3.090086403033897,0.06574942084765005,213.62561211120016,,4.413959371661828,0.001049476235392081,,0.001
143,0.0703105479478836,0.05836881344255648,159.22312124151932,,3.0841689087600415,0.06562356744452279,211.4217796458415,,4.4055104484465755,0.001038649491462259,,0.001
144,0.07084993567121656,0.05911886378338462,156.4142857601768,,3.0579154290593555,0.06506490998413776,211.1415728227627,,4.368006067403751,0.0010372729224314686,,0.001
145,0.06967023897327874,0.058183090467202034,153.1619688335218,,3.0382225338511297,0.06464601805923781,205.8155864439116,,4.3398845734987335,0.0010111080067203475,,0.001
146,0.06942453254994593,0.05803801099720754,151.82028680098685,,3.0331819706594847,0.06453899438423977,198.22643685580272,,4.332699747424875,0.0009738248735751984,,0.001
147,0.06898172670289089,0.05750443217785735,153.03057781018708,,3.0079186119346626,0.06400120059752847,204.50848430539116,,4.296596008498015,0.001004686620173807,,0.001
148,0.06844647267931386,0.05734799076852046,147.97975801166734,,3.0025528560998276,0.06388650445180713,220.912186316674,,4.288896106038443,0.001085272909725705,,0.001
149,0.06832078197284748,0.056707609640924556,154.84229399028578,,2.988229840912032,0.06358231114874849,201.90186729472867,,4.268474680822491,0.0009918811209622467,,0.001
150,0.06830232531616562,0.05711260359538229,149.1962762129934,,2.9574966920447725,0.06292862461188972,192.15316678259646,,4.224590707727388,0.0009439887853367239,,0.001
151,0.0670670743443464,0.05628933835970728,143.70313463712992,,2.9369587021412618,0.062491545716797055,193.31927422427648,,4.1952482669837625,0.0009497175087602056,,0.001
152,0.06701330468058586,0.05623964612421237,143.64877520109476,,2.9236454016457873,0.06220820136475674,194.6352800535556,,4.176226495506965,0.0009561826363720902,,0.001
153,0.06614358350634575,0.05563695571924511,140.08835882889596,,2.9070770974090663,0.06185549576561711,199.003833839393,,4.152548291734381,0.0009776439833330622,,0.001
154,0.06603180028890308,0.05546952489959566,140.83033350894326,,2.895078772323991,0.06160055509999799,186.88325794772513,,4.135433346450914,0.0009180993611697316,,0.001
155,0.06590184745819945,0.05538532471186236,140.2202999717311,,2.8751663403388386,0.06117679816298983,187.72185516433268,,4.106985249428919,0.0009222191286507838,,0.001
156,0.06511141281378896,0.05481847944228273,137.23911606638055,,2.8638020386443523,0.060934936717924396,188.7575383712051,,4.090748352155498,0.0009273071183457716,,0.001
157,0.06452648380869314,0.05435949073810326,135.55989797491776,,2.8406501153404813,0.060442510257155746,181.11811672066207,,4.057690260337466,0.0008897770141829276,,0.001
158,0.06383157737160984,0.053539404351460304,137.22896094071237,,2.8309398690540855,0.060235735114531626,185.7092054734731,,4.043808813674578,0.0009123316062706168,,0.001
159,0.06426596327831871,0.054082350511299934,135.78149173134253,,2.815692063032824,0.05991151762246872,177.69668471247908,,4.022043103511689,0.0008729685821409459,,0.001
160,0.06356564732758622,0.05353830480261853,133.69790368331107,,2.800351217175846,0.05958503967432322,178.63112204491304,,4.000125642030213,0.0008775591823230165,,0.001
161,0.06338482879494366,0.053375685097355595,133.45524356239721,,2.7893506543845037,0.05935090116898006,180.21893771086528,,3.9844072092804996,0.0008853596271813451,,0.001
162,0.06266361122068606,0.05295008734652871,129.5136429636102,,2.771966879903696,0.058981165326172556,174.29735992428607,,3.9595857132527095,0.0008562687559996368,,0.001
163,0.061887213862256,0.05216440440792786,129.63744876259253,,2.7474813627381844,0.05845995088930881,179.71490859871582,,3.924594996702202,0.0008828834888104869,,0.001
164,0.06235290710863314,0.05246601155713985,131.82527080335115,,2.73802075861186,0.058258627590341235,179.85692199379375,,3.91107954894988,0.0008835811564813654,,0.001
165,0.061658791609500586,0.052001484718761946,128.76408225611635,,2.717564807578675,0.05782343993836149,176.3843094116296,,3.8818640731308847,0.0008665212901868327,,0.001
166,0.060958770544905415,0.05135665579061759,128.02818740041633,,2.707246207635217,0.05760376162190764,179.62309204459558,,3.8671163970120457,0.0008824324226175688,,0.001
167,0.060524957352562955,0.05107196734139794,126.03987081427323,,2.7008793491699765,0.057468721682531886,165.43666266124592,,3.858050753569537,0.0008127389043368887,,0.001
168,0.060618082747647635,0.05131340105282633,124.06241808439556,,2.6896419473870883,0.0572293084312924,174.51383637078348,,3.8419782110226266,0.0008573322374983013,,0.001
169,0.06049692924869688,0.05116324263967966,124.44914687307258,,2.6710014308905787,0.05683285064231639,167.9178615273888,,3.8153627891594617,0.0008249282631855986,,0.001
170,0.06021273881196976,0.0508442785786955,124.91279682360198,,2.6665822326900344,0.056738622568807705,173.93940655527894,,3.809036970881898,0.0008545102423530803,,0.001
171,0.06034144896425699,0.050933276352129485,125.44230169998973,,2.645188018544835,0.0562837008975327,163.0712286614201,,3.778496690094495,0.0008011182622955523,,0.001
172,0.05909749532216474,0.05009402315083303,120.04629034745066,,2.622148036755783,0.05579329541804646,166.94570724740632,,3.7455742729205346,0.000820152371363015,,0.001
173,0.05896231551703654,0.049914661794900894,120.63537437037418,,2.6108055834981077,0.05555202423539618,163.98504163266318,,3.729377001765268,0.0008056075414013434,,0.001
174,0.058852922955625935,0.04959671297355702,123.41613327829461,,2.5949214575563273,0.055213768590319075,171.8341195257915,,3.7066688675283874,0.0008441676215208172,,0.001
175,0.05881449835080849,0.04956533661798427,123.32214877479954,,2.5899902789622637,0.05510903194210427,165.54095665893493,,3.6996375765453777,0.0008132512683319497,,0.001
176,0.058305808195942326,0.0493553312201249,119.33968313116776,,2.569125285462956,0.054665403113395745,153.67844545671747,,3.669855418759461,0.0007549744377788831,,0.001
177,0.057562331423947684,0.04882261804059932,116.52951531661184,,2.5556530488024545,0.05437831343026175,166.5758157668098,,3.65058221177087,0.0008183352094847006,,0.001
178,0.05748232885410911,0.048568116206871834,118.85616222180818,,2.539182774422391,0.0540282421405847,153.46269535072662,,3.6270808572357454,0.0007539145245653735,,0.001
179,0.05748717937814562,0.04875098776660467,116.48255197625411,,2.5408462589145095,0.054063677041167255,152.30063285186733,,3.6294597103038613,0.0007482056726887627,,0.001
180,0.05622835535752146,0.04777680886419196,112.68727794446443,,2.5114253235449855,0.05343767524044063,150.165475963847,,3.58743429807404,0.000737716310525369,,0.001
181,0.05637328248274954,0.04797638560596265,111.9586161563271,,2.5033789405375297,0.05326642382540751,151.01921684673948,,3.5759376677075574,0.0007419104741320807,,0.001
182,0.05642268492987281,0.047599359954658305,117.64432887027138,,2.495778300179152,0.053104457451460765,158.25740303383137,,3.5650643704988583,0.0007774694331708592,,0.001
183,0.0559378572200474,0.04744464257045796,113.2428536666067,,2.481174847838875,0.05279395634717502,150.0939718144636,,3.5442194833271654,0.0007373650328636308,,0.001
184,0.05564511234038755,0.047470329819541225,108.9970932006836,,2.4691558788890697,0.05253833856384374,145.55649378930423,,3.5270590810642632,0.0007150738136181606,,0.001
185,0.055078146881178805,0.046958437091425845,108.2627884714227,,2.4543052839357373,0.052222522212841814,139.18264967708586,,3.5058573651516762,0.0006837610985473434,,0.001
186,0.05495051157317663,0.04685372251429056,107.95718343634354,,2.433442948844605,0.05177835394772873,146.32413411749584,,3.4760389933528812,0.0007188449919605137,,0.001
187,0.05441397389298991,0.04636118992378837,107.37044484991776,,2.428058906707921,0.051663748630354826,147.4241942221678,,3.468345188477596,0.0007242492453454271,,0.001
188,0.05448088147922566,0.046433557805262114,107.29764155337685,,2.4178455172355213,0.05144648124075087,145.17613447299118,,3.4537593652393808,0.0007132052265164757,,0.001
189,0.05389440785113134,0.04607912858850077,104.20372049432052,,2.396175045309076,0.05098539461807722,143.4357653021611,,3.4228052124413786,0.0007046553337037896,,0.001
190,0.053611621260643005,0.04550082432596307,108.14395502993935,,2.3776997349889513,0.050592228486572535,143.97835519610325,,3.3964107695945542,0.0007073209092105309,,0.001
191,0.05326414833727636,0.045346520252917945,105.56836901212993,,2.378050231582383,0.05059969913462946,143.58984001532073,,3.3969122970084555,0.0007054122548816291,,0.001
192,0.05295973780908083,0.04511470680958346,104.60041126451995,,2.3634925443471504,0.05028994894502343,142.53539263153303,,3.3761178210319507,0.0007002320826175445,,0.001
193,0.05273422343950523,0.044875296518990866,104.78567906429893,,2.358077225880681,0.05017453852053226,148.08527593843056,,3.3683699668576814,0.0007274969343468227,,0.001
194,0.05293956300929973,0.0447815801752241,108.77310180664062,,2.341524302216771,0.04982251084349196,141.2738609856267,,3.3447372740654995,0.0006940345697374664,,0.001
195,0.0530635304749012,0.04470992303992573,111.38142555638363,,2.335727043211436,0.049699280802458626,137.0041223304719,,3.3364644651574227,0.0006730586708008379,,0.001
196,0.05230867784274252,0.04455460294296867,103.38765555933902,,2.325301796616772,0.04947730628135653,141.0972972050352,,3.321562637809634,0.0006931671667611542,,0.001
197,0.05213390663266182,0.04412416172655005,106.79659431859066,,2.3074517920618045,0.04909744750897587,141.60678300972262,,3.2960615586116493,0.0006956701121664585,,0.001
198,0.05157562541334253,0.04388317054039553,102.56605931332237,,2.2858931573708734,0.04863895635260468,132.99178885711996,,3.265281647391169,0.0006533473235183823,,0.001
199,0.0512523090368823,0.04378604457566613,99.55019258197986,,2.279489657668418,0.04850274657874852,131.24454461960565,,3.25613746938818,0.0006447636556399141,,0.001
200,0.051059363900046596,0.043691774928256086,98.23451513993113,,2.2656224787284054,0.048207473542009084,137.09837272440015,,3.2363148888861395,0.0006735216936922718,,0.001
201,0.05060016010936938,0.04317530244588852,98.99809265136719,,2.2588706866238315,0.04806393409228038,132.7402450845189,,3.2266786473624114,0.0006521115671458353,,0.001
202,0.05037846690730045,0.04300441494897792,98.32069758365029,,2.2433323992344847,0.047733200302725105,135.4074789612866,,3.2044754782529012,0.000665214858180261,,0.001
203,0.05008365115837047,0.04268477739472138,98.65165067973889,,2.2381155120175227,0.047622405372553356,128.42837325089587,,3.1970374763046046,0.0006309286809987926,,0.001
204,0.04991229054959197,0.042674142083055096,96.50864330090974,,2.228238487394056,0.0474122942407997,126.22770190028005,,3.1829320745058043,0.0006201174666431971,,0.001
205,0.04966935770292031,0.042317510043319906,98.02462889018811,,2.221369073737441,0.047265888154447426,133.46586818981388,,3.1731033869129455,0.0006556763279314572,,0.001
206,0.049543942471868115,0.042135500790257206,98.77921937641345,,2.1959235546198097,0.04672453375756355,129.68136513248592,,3.1367606133537267,0.0006370842406710265,,0.001
207,0.04898972064256668,0.041746694202485835,96.57367746453536,,2.183707531267672,0.04646472984489573,124.91654947631484,,3.119319183447116,0.0006136761823031342,,0.001
208,0.04909233121495498,0.04179679445530239,97.27381937127365,,2.180670105902908,0.046399987355587154,128.3276638065516,,3.114972822464097,0.0006304339268002005,,0.001
209,0.0490338943506542,0.04172240530973986,97.48651363975124,,2.167187465113645,0.046113153200925065,126.0180110701961,,3.0957167698820207,0.0006190873207689365,,0.001
210,0.048563563509991296,0.041407597104185505,95.41288596705387,,2.153020040728466,0.04581130074155841,137.93930056593103,,3.075452492650319,0.0006776529108091914,,0.001
211,0.048909174572480354,0.04137105553557998,100.50825058786492,,2.1566745672562346,0.04588944951035486,125.77400638175682,,3.0806988581082324,0.0006178886015736558,,0.001
212,0.048135686861841304,0.040990806331760006,95.26507006193462,,2.129161166032403,0.045304091206743155,121.98918010932762,,3.041401967934951,0.0005992949264578911,,0.001
213,0.047696040845231005,0.040738830048786964,92.76280975341797,,2.120743260145132,0.04512507668595888,118.2899594343447,,3.0293841765766025,0.0005811218050353307,,0.001
214,0.047286642617300936,0.040277648913232905,93.45324425948293,,2.113244601327467,0.04496544543092655,120.26760317404899,,3.0186676430303567,0.0005908373540576604,,0.001
215,0.047760448369540666,0.040731648865498994,93.71732009084602,,2.1068005920258344,0.044828270995388185,121.79275517397792,,3.009458704343277,0.0005983299518012913,,0.001
216,0.04766908836992163,0.04045904486587173,96.13390751888878,,2.1064226471178444,0.04482019742952093,122.78154231677391,,3.0089167012159024,0.0006031875557092227,,0.001
217,0.04741136984605538,0.0402950718998909,94.88396975868626,,2.0875566580173106,0.04441866687804428,124.94683858975938,,2.9819607293176,0.0006138249833033373,,0.001
218,0.04685448110103607,0.04008043753473382,90.32057832416736,,2.083977176735886,0.04434258747301112,122.04865924453318,,2.9768532865674247,0.0005995871289624645,,0.001
219,0.04648213441434659,0.039653023214716664,91.0548115780479,,2.063664313840307,0.04391040479150868,119.84836233495326,,2.94783954359153,0.0005887777541192983,,0.001
220,0.04630123353318164,0.039497518813923785,90.71619816830284,,2.060518808435419,0.04384352842673403,117.96533795637477,,2.943349929033195,0.0005795270406095653,,0.001
221,0.04615648522188789,0.039421135657712034,89.80465818706311,,2.0544618103296104,0.04371456215562706,120.361566067453,,2.9346920294860652,0.0005912989645483766,,0.001
222,0.045690646885257015,0.03907921665201062,88.15239474647923,,2.038596606177082,0.04337712277835401,115.02221499628024,,2.9120386937991496,0.0005650683922577553,,0.001
223,0.04553021470967092,0.03870905033851925,90.94884932668586,,2.0295721932405746,0.04318498547493268,118.22598666464053,,2.899139929975092,0.0005808075267011309,,0.001
224,0.0458201707193726,0.03887031305777399,92.66476239656147,,2.0343950772028268,0.043287268641549886,129.27022404817194,,2.9060065112473343,0.0006350644323104247,,0.001
225,0.045398619810217304,0.0385550762477674,91.24724097000926,,2.024669268086691,0.0430806110735169,119.55276892912626,,2.892132957725735,0.0005873255955897651,,0.001
226,0.04508704947013604,0.03849551571827186,87.88711668315686,,2.0005619558840686,0.04256775102622823,115.20376357099315,,2.857703096855536,0.0005659602839782637,,0.001
227,0.04466604637472253,0.038385330650367235,83.74286972848992,,1.9929619770419091,0.04240577901860854,123.07043119211156,,2.8468294214411713,0.0006046067769642948,,0.001
228,0.044787144582522545,0.038236180418416074,87.34618457994964,,1.9842270155873472,0.04222025252817189,111.88197667969187,,2.834374461677314,0.000549641377424854,,0.001
229,0.04463198133989384,0.03795621485302323,89.01021294844777,,1.9864014560457928,0.04226646901365066,113.63445311334999,,2.8374771154585083,0.0005582507494567594,,0.001
230,0.04415219767313255,0.037731432012821496,85.61020379317434,,1.968785319948391,0.041891566863151486,114.78258779487643,,2.812308789421289,0.0005638911782957145,,0.001
231,0.04466439332616957,0.03779346162551328,91.61241551449424,,1.9489616370285678,0.041469809186750126,112.09123591464656,,2.7839949088680944,0.0005506694030063884,,0.001
232,0.04364328302050892,0.037437210055558306,82.74763709620426,,1.9587223328952277,0.041677568155617774,110.36110469197313,,2.7979424027905893,0.0005421698060509426,,0.001
233,0.04415044894343928,0.0374054038210919,89.93392261705901,,1.9440306375009386,0.0413647844746023,115.10464890598836,,2.7769442792737262,0.0005654733644348934,,0.001
234,0.04395356754723348,0.03724786854888264,89.40931741814865,,1.936429033977107,0.04120292289097179,118.3480161368604,,2.7660780169589088,0.0005814070195702045,,0.001
235,0.043357539725931066,0.03692146822025901,85.81427764892578,,1.9158747427577343,0.0407658994645221,106.68478803277218,,2.7367392999946465,0.000524109204939129,,0.001
236,0.04319336402573084,0.03696896449515694,82.99199355276008,,1.9064199602981506,0.04056454658025372,111.72023322134514,,2.7232218660907503,0.0005488467820854306,,0.001
237,0.04265274715266729,0.03638744197393719,83.53739447342723,,1.9086298247986995,0.040611450273096594,115.59646983250482,,2.7263706542005206,0.0005678895277841592,,0.001
238,0.04275647903743543,0.036409356092151846,84.62829629998458,,1.9037593985728758,0.04050788292088202,113.24105575717768,,2.7194178616281723,0.0005563181105175952,,0.001
239,0.04252218141367561,0.03645973672208033,80.83259542364823,,1.87769665995249,0.03995333747288877,111.26776229080214,,2.6821895325322562,0.0005466239330360223,,0.001
240,0.042733967892433465,0.036308414841953074,85.67403612638775,,1.8833198335959822,0.040073084836718884,108.46504462174148,,2.6902285386861577,0.0005328550522397369,,0.001
241,0.042064516167891655,0.03598285603680109,81.08879852294922,,1.8628875563859637,0.0396384489669313,103.46159827959254,,2.6610501056904567,0.0005082746754803649,,0.001
242,0.04189007043054229,0.03592049016764289,79.59440130936473,,1.8641535090188492,0.03966523213244442,108.43352490569313,,2.662848141367354,0.0005327002056714244,,0.001
243,0.04236214823628727,0.03600508700075902,84.76081085205078,,1.8753921312532706,0.039903871763213535,124.85175913950951,,2.678868748410023,0.0006133578875158742,,0.001
244,0.043198502181391964,0.03564600077898879,100.70001220703125,,1.8622357252558412,0.03962418989261063,115.84280556302289,,2.6600928504946313,0.0005690996986646625,,0.001
245,0.042213875408235346,0.03577793820908195,85.8124895597759,,1.8528158212394994,0.03942406338546323,105.44009031710466,,2.6466577470313166,0.0005179943919261654,,0.001
246,0.04148071043585476,0.035563318450984205,78.89855394865337,,1.8345825122034563,0.039036163019012866,102.28237419154964,,2.6206168110703447,0.0005024815140500831,,0.001
247,0.04126479280622382,0.03541282770272933,78.02619010523746,,1.8324507022100314,0.038990840438772996,100.95264884659755,,2.617574167877164,0.0004959489867218557,,0.001
248,0.04202236058680635,0.035298275516221396,89.6544623123972,,1.8165385886691572,0.03865226291661495,100.07494815849549,,2.594844425049065,0.0004916371160390889,,0.001
249,0.04098711672582125,0.034783615191516126,82.71334959331311,,1.7989952925618942,0.03827841553175256,117.01432796500646,,2.569746908649518,0.0005748550241050932,,0.001
250,0.040998627872843495,0.03460709387926679,85.22045135498047,,1.8156364479446712,0.03863286964490881,106.32404093861355,,2.5935424955067066,0.00052233696658922,,0.001
251,0.04128064293610422,0.03488826683085216,85.2316749974301,,1.817104474838975,0.038664069130034576,107.58961162800367,,2.5956370122033783,0.0005285543220345602,,0.001
252,0.040788512284818446,0.03468083511841925,81.43569263659026,,1.807474823911893,0.03845909765898109,109.35480316022552,,2.581876651520107,0.0005372261593937335,,0.001
253,0.04092552591311304,0.03452672985823531,85.3172772056178,,1.7897769248166522,0.038082668054280434,103.72923239671825,,2.5566057828186257,0.0005095894787145265,,0.001
254,0.04029927304700801,0.034509095216267986,77.20237009148849,,1.7808278276829763,0.03789241380936963,97.99355240239812,,2.543833434461849,0.00048141186560735197,,0.001
255,0.040236288583592364,0.03418456537551001,80.68964104903371,,1.780723534088208,0.03788985389905394,108.85292867510157,,2.543661579866282,0.0005347606060357726,,0.001
256,0.04084647858613416,0.034176566392967574,88.93216103001645,,1.7617223902968353,0.037485373213195415,113.38039295573111,,2.5165075564393935,0.0005570026308667367,,0.001
257,0.03976945951581001,0.03393914079979846,77.73757894415604,,1.7508888929401112,0.03725532589876364,97.87474544489878,,2.501063777827037,0.00048082820395151126,,0.001
258,0.04145890258644756,0.033942186224617456,100.22287509315892,,1.8108456835546178,0.03852738214793553,219.24524722168988,,2.586460797754003,0.001077083756052871,,0.001
259,0.04609996511747962,0.03478485483087992,150.86812511243318,,1.7715972815032146,0.03769500820774103,129.31540498431082,,2.5305809936936465,0.0006352863922070023,,0.001
260,0.04207368449945199,0.034115410164782874,106.11032064337479,,1.7579474341459218,0.037404952916512135,116.26129401897457,,2.511108696378869,0.0005711556023784858,,0.001
261,0.03954680950233811,0.03357417901095591,79.63507963481702,,1.7281809641106562,0.03677218781958424,95.32709259024101,,2.468629243424947,0.00046831237731177126,,0.001
262,0.0391672073226226,0.0334108315016094,76.75167605751439,,1.7216876716656673,0.03663400502177164,95.56507680961016,,2.4593526102996046,0.0004694815198137305,,0.001
263,0.03883011501870657,0.03317661808901712,75.3799520793714,,1.7158077013546036,0.03650878899326049,98.49877673781573,,2.450946475988403,0.00048389387573863964,,0.001
264,0.03885542032750029,0.033164061900032196,75.88477486058285,,1.7025907696015132,0.03622748405674554,100.17453707467374,,2.4320616167026916,0.0004921263654310725,,0.001
265,0.03841886492936235,0.03295160241817173,72.8968321147718,,1.7137512474099104,0.03646532778640855,88.94834921215197,,2.4480287924740134,0.00043697559367047084,,0.001
266,0.03793902499111075,0.03268882720486114,70.00263394807514,,1.6921066416356099,0.0360043886584178,100.05560349759175,,2.4170845414444146,0.0004915420817325768,,0.001
267,0.03812146833852718,0.03269101944016783,72.40598497892681,,1.6990323448476876,0.036152116484730434,88.86634123260167,,2.42700196147643,0.0004365727139558149,,0.001
268,0.037772626861145624,0.032621605909968675,68.68027456183182,,1.6807367967804656,0.035762442072748084,100.04492391299415,,2.4008419284222713,0.0004914896162527673,,0.001
269,0.03808942437171936,0.03235989220832523,76.39376027960526,,1.6787611595689322,0.03572039185950125,100.339557077719,,2.398018969216725,0.0004929370574162179,,0.001
270,0.039095380980717506,0.03239780821298298,89.30096515856292,,1.6838000723512816,0.035827604182548205,100.79373262312293,,2.4052164598100987,0.000495168280708627,,0.001
271,0.03793306903619515,0.03223067110306338,76.03196435225637,,1.6601046850702064,0.03532352464560403,95.97057657898841,,2.3713760614085175,0.0004714736141474283,,0.001
272,0.037662615901545474,0.032092561161047535,74.26739140560753,,1.6484580573312606,0.035075804410302884,92.25454415733671,,2.354745845658156,0.000453217901838738,,0.001
273,0.03703842096422848,0.03178219810912484,70.08297287790398,,1.6559590154518946,0.03523555868324246,87.91451849872496,,2.365470637772121,0.00043189670470000736,,0.001
274,0.03701902004448991,0.03168019191607049,71.1843779714484,,1.6379372651184054,0.0348519174772248,92.49688876870968,,2.339715632255326,0.00045440846559135985,,0.001
275,0.037096030618015086,0.031839327788666674,70.08936831825658,,1.6444158431294007,0.03498997325519288,86.3250377377052,,2.348983738150681,0.00042408807974713965,,0.001
276,0.036664265551065146,0.03158178111832393,67.76645539936267,,1.6230847665718597,0.03453598845276423,88.42408316096773,,2.318506352229439,0.00043440003750797143,,0.001
277,0.036648833634037724,0.03146637554623579,69.09944032367908,,1.6173452384858393,0.03441382685269024,89.25781319171963,,2.3103052710251917,0.00043849589401768324,,0.001
278,0.03656692136275141,0.031490669634781386,67.68335001092208,,1.6128600561149045,0.03431806696899393,99.35071697741382,,2.303876617652716,0.0004880791933445034,,0.001
279,0.03741568523017984,0.0313642711231583,80.68551434968647,,1.6267971147938916,0.03461492940811647,90.23237309435488,,2.323805899589595,0.00044328360391666916,,0.001
280,0.036793367643105354,0.03161295826889967,69.07212488274826,,1.6162778103628979,0.034390999606979666,92.85107160204743,,2.3087728083230963,0.00045614845576809164,,0.001
281,0.03627157074056173,0.031031062434378424,69.87344219810085,,1.596357127385046,0.03396717601397697,90.21660942808037,,2.2803202364806703,0.0004432061619237627,,0.001
282,0.036598457317603264,0.031107356771826744,73.21466546309621,,1.6042176545556828,0.03413424846360787,96.50549967775574,,2.29153632014023,0.00047410152507238975,,0.001
283,0.0366067058945957,0.030981287164123433,75.00557949668483,,1.6024018000763824,0.034095469810004164,100.8996396237783,,2.2889329907224525,0.0004956885688859248,,0.001
284,0.03735510083405595,0.030960127907363993,85.26630281147204,,1.6261317948645877,0.03459913861545349,142.30090768603424,,2.322745815464714,0.0006990801309605021,,0.001
285,0.03897880782422267,0.031186169209448916,103.90184743780839,,1.6089216295194921,0.03423405252008199,105.91598478128213,,2.2982364711791963,0.0005203323135160585,,0.001
286,0.03638729531514017,0.030664378679112383,76.3055484169408,,1.5834572211610034,0.03369267379678212,90.09050948312428,,2.2618920645133964,0.0004425866720872782,,0.001
287,0.03568691868138941,0.030626402187504266,67.47355190076325,,1.572206166551541,0.0334530963550115,95.13934068749019,,2.245808499354815,0.0004673900105686672,,0.001
288,0.03625911082092084,0.030410270941884893,77.98452417474044,,1.578392018825999,0.033584503282703335,102.35092488163828,,2.2546302476304483,0.00050281828228427,,0.001
289,0.03564195629013212,0.030363780005197776,70.37568463777241,,1.5738753596998063,0.033488716140207236,91.95553968933754,,2.2481997642915146,0.000451748985820944,,0.001
290,0.03618532987801652,0.030358636653737017,77.68923869885896,,1.5560443660380323,0.03310866143955531,111.61148225105666,,2.2226855318304595,0.0005483125223692585,,0.001
291,0.036527054678452645,0.030303429223989185,82.98167017886513,,1.5453757409554587,0.03288218450274877,94.13069673138686,,2.2074814435693804,0.00046243485630864667,,0.001
292,0.035900125770192394,0.030165754062564748,76.45828407689145,,1.5557754032379267,0.03310348469482903,94.17953306145597,,2.22233800115103,0.0004626747740194716,,0.001
293,0.03511734238188518,0.030116828746701543,66.67351612291839,,1.547560766764148,0.03292895247044105,85.48117911041773,,2.210621120035387,0.0004199424645907145,,0.001
294,0.034704721679812985,0.029830852719513995,64.9849201001619,,1.5458482368103637,0.03289255331111056,84.11107928189502,,2.208177533333388,0.0004132115899734852,,0.001
295,0.035081205595480766,0.029952395217199074,68.3841323852539,,1.527146252333468,0.032494344093510666,91.65342025005955,,2.1814445327191327,0.0004502647669174205,,0.001
296,0.034574588760733604,0.029663793154452976,65.47727022672954,,1.5343921081628087,0.03264876333299481,84.33313161438699,,2.191811167747984,0.00041430246406700164,,0.001
297,0.03504617904361926,0.02965217299367252,71.9200863085295,,1.5161804439790676,0.032260245737901254,115.54244659572487,,2.165728795343634,0.0005676241284128047,,0.001
298,0.03662749968077007,0.029714906588196754,92.16789888080798,,1.5276100287122085,0.032503803522920545,104.71355433605788,,2.182079573097527,0.0005144251464657056,,0.001
299,0.0353887132123897,0.02970015492878462,75.84743580065276,,1.5095127134001338,0.032119140977034194,90.58993496976845,,2.1562560019169297,0.0004450401942768804,,0.001
300,0.03653894168765921,0.029946540237257357,87.89868204217208,,1.5377330113077707,0.03271918062786184,105.89195541122442,,2.1965384957548055,0.000520214264689526,,0.001
301,0.03590482904722816,0.029773340903614696,81.75316981265419,,1.5374734162362735,0.03271431263152168,84.97153891648648,,2.1962116922972257,0.0004174387607190409,,0.001
302,0.03506930152836599,0.029532483827910926,73.82423461110969,,1.530790286045562,0.0325707642920556,127.48500429800602,,2.186574853978285,0.0006262942025414565,,0.001
303,0.036193344545991796,0.029732572895131613,86.14361893503289,,1.5070673896797464,0.0320670926149589,90.99168639539049,,2.152761836453568,0.00044701387416272545,,0.001
304,0.034932603667441164,0.02932513573844182,74.76623394614772,,1.4861568471041493,0.03162209575995618,91.84371261149185,,2.12288783888558,0.00045119961414442753,,0.001
305,0.03474252769037297,0.029082698355379858,75.46438638787521,,1.488562818823953,0.031673458352342775,86.60718116870231,,2.1263359665359056,0.0004254741627307161,,0.001
306,0.033790290551750285,0.029115533162104457,62.330095190750924,,1.4741451163557449,0.03136696291913189,76.75480487572055,,2.1057599922938284,0.00037707250021731673,,0.001
307,0.03338315181042019,0.02866387190787416,62.92372532894737,,1.464623743662415,0.031164045355164493,86.49844815051038,,2.092137516664361,0.0004249399912076149,,0.001
308,0.03496253431627625,0.029141600586866077,77.61244583129883,,1.4776292167728575,0.031440432505551195,98.151135325657,,2.1106922299519977,0.0004821860215310233,,0.001
309,0.03506342733376905,0.028815640430701405,83.30381975675884,,1.5046268988940703,0.0320143954398227,115.36041706273683,,2.149224114188432,0.0005667298738937772,,0.001
310,0.03619541012142834,0.02896909013782677,96.3509242409154,,1.4746986901698838,0.03137830881643916,90.59278212950332,,2.106521677022054,0.000445054181487733,,0.001
311,0.033910834573601424,0.02860935042171102,70.68645336753444,,1.4707166040590463,0.031293743352687836,85.10382413499124,,2.100844539239974,0.00041808863688202704,,0.001
312,0.0334991584286878,0.02860882133245468,65.20449026007401,,1.44950531314794,0.03084250922476941,80.77246177332789,,2.070551814497131,0.0003968099998285673,,0.001
313,0.03281425665083684,0.028314005093354928,60.00334609182257,,1.4489160341116896,0.030830143461562563,75.22693945534579,,2.06972166305715,0.00036956657228239296,,0.001
314,0.03332633436902573,0.028260367285264164,67.54622489527652,,1.4489046041419749,0.030829007623180006,103.68836367264196,,2.0696454107585174,0.0005093887033755352,,0.001
315,0.034755676592651163,0.028486599361425953,83.58769587466591,,1.4559335858907139,0.030979211655398086,83.61995403571565,,2.079729066053469,0.00041079884428549143,,0.001
316,0.03316657254962545,0.028157906606793404,66.78220789056076,,1.4548723481837047,0.030956849875803532,76.57185998756022,,2.0782278515129313,0.00037617374884282894,,0.001
317,0.033218466823822575,0.028092783336576662,68.34244276347913,,1.4415779676781957,0.030673647604016852,86.19505605252982,,2.059215618317368,0.00042344952012744025,,0.001
318,0.033644633073555794,0.028043695872551518,74.6791538439299,,1.4409457290797187,0.030659954241266874,93.83206615757072,,2.0582963410665482,0.000460967777116764,,0.001
319,0.03449226455076745,0.028293333751590627,82.65240337974147,,1.4383414152205476,0.030603983108880493,111.4363068867801,,2.0545388280549606,0.0005474519402507685,,0.001
320,0.03440702637951625,0.02822666340752652,82.4048305310701,,1.4485276641733593,0.030820671788580032,113.72159973775574,,2.0690858007303405,0.0005586788737364496,,0.001
321,0.03551318937618481,0.02839472860490021,94.91280364990234,,1.452944293464051,0.030913265705855255,158.06297916450657,,2.075301913110446,0.000776514289129689,,0.001
322,0.03526433537665166,0.02797095085445203,97.2451276277241,,1.4310188365289735,0.030448437482933362,102.61443276599216,,2.044096575263697,0.0005041128146192967,,0.001
323,0.03352290891895169,0.027977540794956058,73.93823583502518,,1.4161616514146844,0.030132853474646868,84.36069056276465,,2.0229104572270002,0.00041443785261479287,,0.001
324,0.03476833865830773,0.028000852779338236,90.2331388373124,,1.4276121897767635,0.03037630857290384,91.02337373057918,,2.039254341305009,0.0004471695441917767,,0.001
325,0.032917097995155735,0.02785087131748074,67.54968442414936,,1.4128431321644002,0.030062396511863626,79.25450846627214,,2.0181804661918465,0.000389352767025599,,0.001
326,0.03181109224495135,0.027473116587651402,57.83967168707596,,1.401391269807113,0.029818559412288316,83.87379636232653,,2.0018109371989876,0.00041204589273947587,,0.001
327,0.03189155929966977,0.027438087290839144,59.37962281076532,,1.3921221724110644,0.02962160658212409,74.6012035854911,,1.9885888923616184,0.0003664925264385685,,0.001
328,0.032031091518307984,0.027166201586001797,64.86519161023591,,1.4065685310775424,0.029928670332275715,85.77614285645113,,2.0092030194551476,0.0004213915297973862,,0.001
329,0.031814471671455784,0.02720321861929015,61.48336972688374,,1.398768904672409,0.02976264675351613,87.36551249331823,,1.9980573496996565,0.0004291996088318304,,0.001
330,0.03198977050028349,0.027407415015132802,61.09807185122841,,1.4022092125238572,0.029836186031639747,76.82577176828343,,2.0029942659747233,0.00037742113850328026,,0.001
331,0.03123522510654048,0.02697887516727573,56.751333939401725,,1.3834923487532138,0.029437765885355197,80.9978655253766,,1.9762471050738464,0.0003979173384047123,,0.001
332,0.031147695587653863,0.026914159914380627,56.447142149272715,,1.3933042453519424,0.029646363459325285,87.2688153854053,,1.9902508971173485,0.00042872456599505227,,0.001
333,0.03154430959961916,0.02685679642385558,62.50016945286801,,1.3772653026927086,0.029305163980899124,83.93816929942442,,1.9673451343594532,0.0004123621369717052,,0.001
334,0.03157391359931544,0.026988058301963304,61.14473423204924,,1.3771556110077707,0.02930312720481545,74.45443830405733,,1.9672083993621468,0.000365771514226956,,0.001
335,0.031429686632595565,0.026798664837291365,61.74695326152601,,1.3842349298338483,0.029452972941804993,99.9649309741774,,1.9772680012044375,0.0004910966358069411,,0.001
336,0.032820523667492364,0.027054910400980396,76.87483897962068,,1.3909681841443589,0.029596426149896698,94.4947490978459,,1.9868984530637555,0.00046422333243405683,,0.001
337,0.03313109523763782,0.027221719489285822,78.79167335911801,,1.3832293591701188,0.029431355400328513,106.95732027048713,,1.9758167496411194,0.0005254480711173622,,0.001
338,0.03209530826854078,0.026894923103483098,69.33846222726922,,1.3847172320481675,0.029464027133216344,74.74526086039874,,1.9780101028252157,0.00036720023505579284,,0.001
339,0.030837954757244962,0.026549907499238065,57.173964851780944,,1.3677563560787207,0.029103010161068296,77.76069292674684,,1.9537739312057845,0.0003820141155722557,,0.001
340,0.030751191765854235,0.02629458629771283,59.421405390689245,,1.357365818185989,0.028881810650337594,80.69261186423199,,1.938924132670537,0.00039641772204330463,,0.001
341,0.03135631194240168,0.026449506612200486,65.42406423468339,,1.3520475577427165,0.0287680181073128,100.51078186429558,,1.9312848918189203,0.0004937782315743458,,0.001
342,0.040010714903473854,0.027952218722355992,160.779944570441,,1.4414784379589896,0.030668143456677153,194.16540670238464,,2.0588461081008544,0.0009538742946389779,,0.001
343,0.038944623187968604,0.027930190688685366,146.8590955232319,,1.45632174310492,0.03098534522162409,151.41832314557732,,2.0801408310816005,0.0007438711593321661,,0.001
344,0.03300258301590618,0.026926015160585706,81.02089952167712,,1.367563117285349,0.02909797072212079,107.33054847766586,,1.9534356182825148,0.0005272816252962879,,0.001
345,0.03203402204733146,0.02662898678528635,72.06712682623612,,1.3473961154455611,0.028669575099111232,83.34672824743195,,1.9246761121061264,0.00040945657090887615,,0.001
346,0.030494916988046544,0.026124666101838414,58.27000949257299,,1.3445323685729005,0.028608429835516175,89.90178956273465,,1.920571243868526,0.00044165954977438385,,0.001
347,0.03075052533102663,0.026135542086864774,61.5331079583419,,1.3413058739101085,0.028540375255746743,70.63437012519688,,1.9160025321401928,0.00034700470657842054,,0.001
348,0.0313549597600573,0.026182445942571287,68.96684706838508,,1.3619152817024367,0.028977549403686624,114.88918260376572,,1.9453513674982836,0.0005644148454610881,,0.001
349,0.03182394067315679,0.026302796739496682,73.61525264539216,,1.3338148076661112,0.028380825314924488,75.17094081594617,,1.9052914574651425,0.00036929146837194236,,0.001
350,0.0305854824224585,0.02602299812592958,60.83312165109735,,1.3340701815568845,0.028386630261586693,63.35204762679609,,1.905681161258595,0.0003112289195601746,,0.001
351,0.030063449552184658,0.025984104134534534,54.39126867997019,,1.314202305468283,0.02796342005638956,76.98964539545054,,1.87726976801239,0.000378226198700041,,0.001
352,0.02969000321861945,0.02567571450613047,53.5238440664191,,1.31920553363315,0.02807002422051788,72.62275339246614,,1.884426431040688,0.00035677301556172775,,0.001
353,0.029709796176144953,0.02570094452484658,53.451351165771484,,1.3168841814415595,0.028020665959488125,71.36569919163338,,1.8811128602740945,0.00035059749897766275,,0.001
354,0.030289467326120326,0.025783496369656763,60.07960891723633,,1.330414024993758,0.028307253592444386,113.5636147668696,,1.9003523631013637,0.0005579027426777458,,0.001
355,0.030602968739051568,0.025781426284658283,64.28722823293586,,1.313090350668585,0.027939687108502306,79.24969643595584,,1.8756765027578286,0.00038932912701628063,,0.001
356,0.030028677692538815,0.025636480238876845,58.56263070357473,,1.3462032313662948,0.028643832887996084,94.76150942668845,,1.9229479588762708,0.0004655338430179652,,0.001
357,0.03164957169639437,0.02568070188556847,79.58492600290398,,1.3118856245333697,0.027912837872138163,117.92757256266397,,1.8738740315429705,0.0005793415109681144,,0.001
358,0.031116529318847154,0.02564666890784314,72.93147177445262,,1.3124360642980075,0.027925542447146037,86.31686606835224,,1.8747269284536356,0.00042404793487544256,,0.001
359,0.030022425282942623,0.025515299878622357,60.09500162225021,,1.2950827522088337,0.02755672866090627,71.66419841911603,,1.8499673328985171,0.00035206393290583267,,0.001
360,0.029152845669733852,0.02540466895228938,49.97568893432617,,1.2910339557083175,0.027470687700735314,67.9582531006818,,1.8441911405367108,0.00033385777540008036,,0.001
361,0.029445227529657513,0.025302240526989886,55.239824395430716,,1.3026278315021869,0.02771704594931222,79.30899338267625,,1.8607299219597733,0.00038962043448545236,,0.001
362,0.029598771839549665,0.025305756808895814,57.24020044427169,,1.2908992252898324,0.0274676536364037,73.28444877553974,,1.8439874545343387,0.0003600237193174316,,0.001
363,0.029888101020141652,0.02533930373427115,60.65062633313631,,1.2929009035387728,0.02750985255313626,85.9175580005094,,1.8468203966589127,0.0004220862584469474,,0.001
364,0.03306928894629604,0.02571423577242776,98.0673693606728,,1.3174858462822308,0.028032197031017586,111.92977788166517,,1.8818869763132413,0.000549876209873072,,0.001
365,0.03211032001203612,0.02552459379167933,87.80967551783512,,1.3081907361169827,0.02783501579637603,92.28993297606864,,1.8686495979859299,0.00045339175610598016,,0.001
366,0.030785559137400827,0.025406731390639356,71.71769854896947,,1.3030762969082792,0.027725325202755835,119.61096114801335,,1.861285733522167,0.0005876114758744519,,0.001
367,0.03638199952087904,0.02605920696729108,137.63723313181023,,1.335619419985219,0.02841821417970951,107.46300569165119,,1.907801486116133,0.0005279323464196123,,0.001
368,0.03219355652598958,0.025581966889531987,88.15451832821495,,1.3046893342174037,0.02776004855400384,106.90786903351767,,1.8636168181109083,0.0005252051325600549,,0.001
369,0.03030826259208353,0.025265418679306383,67.23791182668586,,1.2849150192512062,0.027340045024551327,81.78147633339518,,1.8354206987982586,0.0004017669747506754,,0.001
370,0.029210273176431656,0.025045142558060195,55.535075539036804,,1.2681488630225988,0.026983782322767158,65.32465471919411,,1.8115036958643842,0.0003209197250997275,,0.001
371,0.028502393808019787,0.02476083359828121,49.88746723375822,,1.2576588434784843,0.026760266935455596,74.59977616058784,,1.7964984254632876,0.0003664855139436763,,0.001
372,0.028912059472579705,0.024793839964427446,54.90958846242804,,1.2672472227382552,0.026964565770329674,66.27851277969623,,1.810213630026101,0.00032560573328264643,,0.001
373,0.028737823527894522,0.024754508153388376,53.11086634585732,,1.3004450385166397,0.027670807698346213,72.58320648166054,,1.8576258069949652,0.00035657873388050294,,0.001
374,0.02942059865515483,0.024932204598658962,59.845254596910976,,1.3080117283628643,0.02783040519578223,117.84201594837286,,1.8683400742907001,0.000578921197913927,,0.001
375,0.03329301772541121,0.025833937682603534,99.45439429032176,,1.3796341662748273,0.029353613284058097,146.41503545979356,,1.9705976840088952,0.0007192915620022043,,0.001
376,0.03164924632169699,0.025140704293000072,86.78055291426809,,1.276206865284418,0.027155002248931304,73.35879214353454,,1.8229982122869497,0.0003603889451777509,,0.001
377,0.029262730263565715,0.024761580224884183,60.01533327604595,,1.2596931036886863,0.026803461916449174,77.58017940428329,,1.7993982364229482,0.0003811273087417442,,0.001
378,0.029071662575006485,0.024520282290483777,60.685067427785775,,1.2630314277435217,0.02687411847724238,89.75992648318767,,1.8041416270819355,0.0004409626205569893,,0.001
379,0.02937632132517664,0.024541544286828292,64.46368709363435,,1.2541500406838801,0.0266848381981661,98.91111259790381,,1.7914346640254029,0.0004859195536612716,,0.001
380,0.029358898730654465,0.02454136988442195,64.23371746665553,,1.257674910914643,0.026760358157478705,82.59310842548737,,1.7965045494762235,0.00040575427095600555,,0.001
381,0.028718152524609315,0.024406343796535543,57.490775660464635,,1.2390288919189776,0.026363827370367156,74.59119094983639,,1.7698842270253374,0.0003664433374716211,,0.001
382,0.029600902313464565,0.024519131273815508,67.75694555985301,,1.2605671727804815,0.026821535297692895,94.36949436981477,,1.800611557688594,0.0004636079948856231,,0.001
383,0.030899204117687123,0.024859707410398283,80.5266217683491,,1.2551672248344998,0.02670666580542571,93.10058564321577,,1.7929000179461279,0.00045737424070096993,,0.001
384,0.02887440384610703,0.02437544584666428,59.986100247031764,,1.2368619071820732,0.026317791366111405,72.14279061414243,,1.7667936894997007,0.00035441510760890563,,0.001
385,0.02829841014585997,0.024265350283760773,53.77413036948756,,1.2274265769839743,0.02611729944239069,62.92468755024069,,1.753334054506107,0.00030912943233171074,,0.001
386,0.028030700981616974,0.024118281410712945,52.165592193603516,,1.2417183319903597,0.02642107662470858,73.9927425966643,,1.7737275442662073,0.0003635033467160337,,0.001
387,0.030101534567381207,0.02461810586483855,73.11238017835115,,1.2365231776989887,0.026309954595235153,92.18949376277011,,1.766267583143069,0.0004528983294685252,,0.001
388,0.03106971653668504,0.02476307112527521,84.08860578035053,,1.2595667580608156,0.02679973839417297,110.5793262712642,,1.7991482650036603,0.0005432418608446182,,0.001
389,0.03235313384548614,0.024941215487687213,98.8255749752647,,1.2492649361140171,0.02658142077268349,81.81572570558073,,1.784491936492337,0.00040193523127118625,,0.001
390,0.028883154651052075,0.024240522596396898,61.90175668816818,,1.2319741156829371,0.02621399917879497,65.1737686340775,,1.7598258030604845,0.0003201784686604069,,0.001
391,0.027984516793175748,0.024020707234740257,52.850791128058184,,1.2116391097278674,0.025781031242835734,72.98734289742521,,1.7307593435553184,0.0003585641304816407,,0.001
392,0.027424882215104605,0.023796274963962406,48.3814303749486,,1.219670766386276,0.025952198171292067,64.83545407595673,,1.7422503020799425,0.00031851643438780245,,0.001
393,0.027290888816902514,0.023816716906271483,46.32229172556024,,1.2144229446790071,0.025840594939415706,62.63997595461193,,1.7347580363702588,0.0003077307327535094,,0.001
394,0.026976210114203,0.023692317012893527,43.785241779528164,,1.206754471918404,0.025677451439655875,61.38616193086279,,1.7238057151116548,0.0003015711341523777,,0.001
395,0.02665856696273151,0.0235061823929611,42.03179249010588,,1.1944263460753937,0.02541516385309584,59.75142916254548,,1.7061975485933545,0.0002935402001524195,,0.001
396,0.026898063915340525,0.023376906682786188,46.948758577045645,,1.2099965298131359,0.02574642456402088,61.92516924270947,,1.7284360915432457,0.00030421910954678505,,0.001
397,0.026744684400527102,0.023459444704808687,43.80319515027498,,1.202708515355591,0.025591068020536168,70.52664848302608,,1.7180065324350025,0.00034647550363136557,,0.001
398,0.027316314119257425,0.02352219329852807,50.58827350014135,,1.1992809466859942,0.025518314420172536,64.65834869178464,,1.7131223611068427,0.0003176463706814345,,0.001
399,0.028630400468644342,0.023798222506516857,64.42903920223839,,1.2277088404410477,0.026120295810147205,158.90384836004438,,1.7535352098222954,0.0007806452181370724,,0.001
400,0.029898747997848613,0.02407563291490078,77.64153309872276,,1.2057245992861034,0.025655127332934402,74.41852149011505,,1.7223070296661123,0.0003655950660833514,,0.001
401,0.027806425859269342,0.023542729059332294,56.84929054661801,,1.2000851922443199,0.025535213497994803,71.51465751328635,,1.714256847798351,0.000351329284914254,,0.001
402,0.02768260113110668,0.023568840991509587,54.850132390072474,,1.2066527648443592,0.025674714315291936,79.65109851130649,,1.7236219635959478,0.00039130109065282383,,0.001
403,0.028170270551192134,0.023542768076846476,61.700036099082546,,1.1950801511700684,0.025428512723338167,77.73194301084538,,1.7070936990103103,0.0003818728761711843,,0.001
404,0.02872473383812528,0.023655004897399953,67.5963827434339,,1.1961350700472893,0.025450969400249688,77.46676319841718,,1.708601284297482,0.0003805701301731798,,0.001
405,0.028032422457870684,0.023618902618947783,58.84692724127518,,1.188185381326678,0.0252819737331159,72.00326892213019,,1.6972560891748685,0.00035372968090074334,,0.001
406,0.029455599129984255,0.02381471642538121,75.21176388389186,,1.1950248272434696,0.025427098755130047,85.27898095556893,,1.7069987750072848,0.0004189491279010881,,0.001
407,0.028814296189107393,0.023599931578102865,69.524859980533,,1.2026901307406554,0.025590204972729718,85.57116433149399,,1.7179485934006449,0.0004203845340135835,,0.001
408,0.028012319713046675,0.02334336367876906,62.252745176616465,,1.1820769728876936,0.025151947582662194,73.31164917043763,,1.688527036691104,0.00036015734640341865,,0.001
409,0.02701180722368391,0.023334741200271406,49.027548137464024,,1.1954631462375342,0.02543705250711976,65.30415079154935,,1.7076670007697594,0.0003208189956760281,,0.001
410,0.027161369002179095,0.023223752548035822,52.501549570184004,,1.1920794079042212,0.02536436137527106,87.18354898618294,,1.7027870231437399,0.00042830567867729587,,0.001
411,0.02849427267516914,0.02335170127059284,68.56761370207134,,1.1739424866370567,0.024978919964843294,71.02121812968525,,1.6769111644084003,0.0003489051705883636,,0.001
412,0.027707593221413463,0.023177717763342355,60.39833530626799,,1.1697886456654223,0.024890491664661472,72.16266933645568,,1.670974702622492,0.0003545127655931311,,0.001
413,0.027108047353593928,0.023165040110286913,52.57342790302477,,1.1814884738611156,0.025139634051662113,66.62992254162963,,1.6877003917586417,0.00032733210022146606,,0.001
414,0.02682068571448326,0.02296333211032968,51.43138222945364,,1.18681234117861,0.02525278886676261,70.95040569007723,,1.6952968199875507,0.00034855729108176177,,0.001
415,0.026845718194779596,0.022871629580071096,52.987845972964635,,1.174855284697196,0.024997959510995517,83.28202092305058,,1.6781893472743075,0.0004091386839358539,,0.001
416,0.027713732107689504,0.023146752268075943,60.89305917840255,,1.1751472198684534,0.025004692748226007,66.67145094476645,,1.6786413700479226,0.0003275361163586472,,0.001
417,0.028520565970163596,0.023334344358820664,69.14961804841694,,1.1878757255385886,0.025274952138269597,85.78457530410665,,1.6967847080740728,0.00042143295579183133,,0.001
418,0.02785213556336729,0.022988453801525265,64.84908696224815,,1.1774887431459702,0.025054078856902518,80.72695212549547,,1.6819568103120688,0.00039658642507360613,,0.001
419,0.032302338041757285,0.0238197552726457,113.1010961030659,,1.2607530372305833,0.026824357257127313,130.5015874935294,,1.8008010044416056,0.0006411137381977754,,0.001
420,0.03083096366179617,0.023916563411292276,92.19200294896176,,1.2007999191859837,0.025550084094327966,82.31048717322436,,1.715255156334012,0.0004043658405850611,,0.001
421,0.02767908131997836,0.023095204249808664,61.11835580123098,,1.164542732363815,0.024778098327562604,96.45501172674118,,1.6634293947368237,0.0004738534934611996,,0.001
422,0.02822543974769743,0.023029494246369915,69.27927157753392,,1.171407599651897,0.024924206860657536,95.61971507616173,,1.6732381066710091,0.00046974994063519565,,0.001
423,0.028067313428772122,0.02311744874245242,65.99819203426964,,1.1685576609564663,0.024864375570909158,69.64705462426834,,1.669221449509642,0.0003421543323895832,,0.001
424,0.02662464172432297,0.022855038705625032,50.26137080945467,,1.1571178994708633,0.02462067092560622,78.25358837221356,,1.6528608125765052,0.00038443555769915316,,0.001
425,0.026237894045679194,0.022476938994307267,50.1460653606214,,1.1457862323769525,0.024379842708822225,68.48728697583671,,1.6366932790723325,0.00033645675439986176,,0.001
426,0.02627922614154063,0.022627131131134536,48.69460075779965,,1.1457250978049043,0.02437881432871409,59.79702661022987,,1.6366242407757603,0.00029376420624076434,,0.001
427,0.026661359067810208,0.022591003265820052,54.27140808105469,,1.1428925243232455,0.02431853001751913,60.05176172238456,,1.6325771709014911,0.00029501564067263916,,0.001
428,0.02744482555671742,0.022887242467779862,60.7677714699193,,1.1870943219591823,0.025258325244029625,85.7481690393621,,1.6956684938974913,0.00042125410312856117,,0.001
429,0.028891896240805324,0.022926033719589834,79.54482831453022,,1.1643202514632638,0.02477367839487389,86.43036171199905,,1.663132671160221,0.00042460550369713353,,0.001
430,0.027024601537146066,0.022487311869075422,60.497190174303554,,1.1478783397132786,0.0244237435143728,88.21222996372792,,1.6396404741895712,0.00043335926859595876,,0.001
431,0.026970574828354937,0.02255894302537567,58.8217504400956,,1.1399595271001022,0.024255826446363923,69.30691285687514,,1.6283676887194578,0.0003404833216057377,,0.001
432,0.026956205893503993,0.022588056659227924,58.24198672645971,,1.1408543989130921,0.024274834297735918,70.41509342771933,,1.6296437438179958,0.00034592746831703565,,0.001
433,0.026116618690522092,0.0223315052295986,50.46817478380705,,1.1322664720410083,0.02409243847253024,59.168830449117294,,1.6173989551698331,0.00029067807375067223,,0.001
434,0.02701555104239991,0.022604246574797128,58.8173942565918,,1.131335900810721,0.02407202531677767,78.646960965278,,1.6160285576974653,0.0003863680749848651,,0.001
435,0.026554343241610025,0.02235392755583713,56.00554034584447,,1.1386714554438253,0.024228512316435583,66.25698872638372,,1.6265340077801937,0.00032549999229860644,,0.001
436,0.025637018935460793,0.02213529497385025,46.68964907997533,,1.1276941651797088,0.023994942587630057,65.49981128189386,,1.610853758736076,0.0003217802148519144,,0.001
437,0.025751748465393718,0.0223186313125648,45.77489411203485,,1.1445569980500407,0.02435391991908359,60.995728183757336,,1.6349530030481283,0.0002996530545034405,,0.001
438,0.02541745336432206,0.02202311334641356,45.25786349647924,,1.121209065348881,0.023857225957365013,56.432599055647366,,1.6016084208615324,0.00027723581936178526,,0.001
439,0.02483451091929486,0.0219052399655706,39.0569442949797,,1.1155588993259478,0.02373706574996822,54.08432593204852,,1.5935416992584805,0.0002656994833715854,,0.001
440,0.02514240939758326,0.021812464453672107,44.39926428543894,,1.1288255307335522,0.024018797088714038,72.53445781188594,,1.6124551842278674,0.00035633924681745927,,0.001
441,0.027496979816963796,0.022344070535741355,68.70545537848221,,1.2538575787241315,0.026676887369115,153.98783210096806,,1.790900900595244,0.0007564943582017193,,0.001
442,0.03004109114408493,0.023065472609902684,93.00824295847039,,1.1711631039056445,0.024919656275049665,74.82360193783678,,1.6729326119650263,0.00036758510042007994,,0.001
443,0.027212106083568773,0.02242231937615495,63.86382153159693,,1.131579790350425,0.02407750030100873,69.55679644850024,,1.6163961101054536,0.00034171092202515014,,0.001
444,0.026888728828022356,0.02214633202866504,63.231950659500924,,1.1618874829312693,0.02472207322531541,81.21956023502473,,1.6596682585636955,0.00039900645560834964,,0.001
445,0.026209350087140735,0.022063616467149633,55.27644669382196,,1.121417924772768,0.02386099306653764,78.03050883909688,,1.6018613184022594,0.0003833396372882314,,0.001
446,0.025209422566388782,0.021819784060904856,45.195179186369245,,1.1222279884791697,0.02387865350051836,64.55825948634623,,1.6030469172573039,0.0003171546635238105,,0.001
447,0.025531407641737086,0.022011393485100644,46.93352127075195,,1.1044854605294432,0.023501045809702626,66.21526359196318,,1.5776969600379125,0.0003252950096817744,,0.001
448,0.02541133506517661,0.0217649911187197,48.617917111045436,,1.1171145146386214,0.023769711018814484,68.68034541790594,,1.5957332758306646,0.0003374051905213134,,0.001
449,0.025568476927123572,0.021802625275756184,50.21135370354904,,1.0984153094668878,0.023371980474167997,62.845736825853685,,1.5690324099932849,0.00030874157196144757,,0.001
450,0.025087912223841016,0.021701693142715254,45.149585121556335,,1.1059423515076465,0.0235322676087951,59.21345503181619,,1.5797929747392998,0.0002908973004557192,,0.001
451,0.02594874005176519,0.02174283622911102,56.07871848658512,,1.1157591751352312,0.023741076603637015,62.08619737648824,,1.5938109601114507,0.00030501019071893585,,0.001
452,0.025409327525841564,0.021619853220487897,50.52632382041529,,1.0993377535340274,0.023391467032935393,67.39825755505288,,1.570340602180895,0.0003311066913364473,,0.001
453,0.025002551608179744,0.021615652661574513,45.15865125154194,,1.106531196253228,0.02354463519631649,64.40613534367812,,1.5806232486510863,0.0003164073248925396,,0.001
454,0.025203387400037365,0.021628276592022495,47.66814201756527,,1.105847166927893,0.02353021215774487,60.16847414903558,,1.5796549860344689,0.00029558901254942246,,0.001
455,0.0267290267113008,0.0220135568984245,62.872927013196446,,1.1079212186669394,0.023573957671389947,72.59399108022069,,1.5825917559319445,0.0003566317152612712,,0.001
456,0.027601981241452068,0.02206428054916231,73.8360077707391,,1.106640708778802,0.02354672604151317,72.0442806804781,,1.580763613473036,0.0003539311589226547,,0.001
457,0.027425723738576237,0.021962168185334457,72.84740668848941,,1.1254226582486129,0.023946324194659176,74.4724151826732,,1.6075898575712853,0.0003658598290442077,,0.001
458,0.026005482105048078,0.021741625607797976,56.85141693918329,,1.0971498681054326,0.02334492814967203,66.80299742111144,,1.5672163048520562,0.0003281823633110106,,0.001
459,0.024826116761878916,0.021468190084162512,44.77235794067383,,1.0923655278791213,0.02324351684097469,54.11159498922179,,1.5604082540639845,0.00026583344777399045,,0.001
460,0.024802604984295994,0.021464811049793895,44.50391448171515,,1.0866328772031046,0.02312133936203134,60.11805737081396,,1.5522061068627548,0.00029534133058804285,,0.001
461,0.025261431050143744,0.021504206778971774,50.09632291291889,,1.0984688420436715,0.023373050833509247,65.03939844592806,,1.5691042664839496,0.00031951834968958515,,0.001
462,0.02656254466427,0.02185761036449357,62.73245279412521,,1.0964970292008582,0.023331093895472665,64.95479190552231,,1.5662875691280607,0.0003191027040531043,,0.001
463,0.024997602658052193,0.021313148207570378,49.126056470369036,,1.0832441196329832,0.02304923376589732,59.92170046669717,,1.5473654380370554,0.0002943766901477455,,0.001
464,0.02439584837932336,0.021274246275424957,41.62135937339381,,1.0820514552211333,0.0230239969421297,55.37097634917427,,1.5456712130029187,0.0002720203969675071,,0.001
465,0.024358824287590227,0.021175452459015344,42.44495532387182,,1.0743966103106104,0.022861115895533895,54.99539992790097,,1.534736511026554,0.0002701753067425824,,0.001
466,0.024676166376785227,0.021133680190694958,47.23314506129215,,1.0740085577556548,0.022852603871257184,63.10648394716534,,1.5341650728474245,0.0003100225415257198,,0.001
467,0.024367255011671467,0.021320427130711705,40.62436876798931,,1.0777221221971316,0.022931945442898585,52.96612678373864,,1.539491514802258,0.0002602061185030694,,0.001
468,0.02385473976794042,0.02116323821246624,35.8866861242997,,1.0685985186918694,0.022737874703813065,50.51626637314029,,1.5264629535387793,0.00024817071574615416,,0.001
469,0.023595752096489855,0.020789206910290216,37.42059918453819,,1.066028596297335,0.022682812704099838,62.46743770166661,,1.52276647337936,0.00030688310594334994,,0.001
470,0.02419488739810492,0.020948739820405057,43.28196415148283,,1.0622509481071178,0.02260272555665783,52.89910330972919,,1.5173899786445941,0.00025987685300680617,,0.001
471,0.023989677331165263,0.02096796908268803,40.28944276508532,,1.0584065604431732,0.022520876449860283,54.22807555402981,,1.5118951981985682,0.00026640568058560404,,0.001
472,0.02430189626389428,0.02105478275763361,43.2948441756399,,1.0722443081625355,0.02281536078609201,53.55287113677011,,1.5316648308274177,0.00026308861114368267,,0.001
473,0.024502938417227643,0.021096237003803253,45.42268271195261,,1.0723097682731957,0.02281640933994887,64.53482330834987,,1.5317352234493373,0.00031703952886550556,,0.001
474,0.02408321241014882,0.02087926913641001,42.719241092079564,,1.055032672893707,0.022449093725921524,53.82629365785445,,1.5070762047691497,0.000264431851007401,,0.001
475,0.023651153241333208,0.020697074501137985,39.387713382118626,,1.0544949986980694,0.022437567862910082,56.51475138388828,,1.5063024383937207,0.00027763940821669324,,0.001
476,0.02433880771461286,0.020861508422776273,46.363988775956,,1.0685017610350938,0.02273563017178179,56.432879975354275,,1.5263122712503772,0.00027723719943299275,,0.001
477,0.024851720682100245,0.02085325484605212,53.31287484419973,,1.0909095655295478,0.02321134976993049,91.88400696025286,,1.5582487803703156,0.00045139756775601633,,0.001
478,0.026361622994667606,0.021450735432536977,65.47850197239926,,1.0591994075467843,0.022537357501521926,66.67935535777147,,1.5130016215175708,0.0003275749482829727,,0.001
479,0.02444012972869371,0.020933177420183233,46.759362873278164,,1.061404514594445,0.022584327501865634,65.21333774210551,,1.516154861052326,0.0003203728593896863,,0.001
480,0.023838447406888008,0.020708909454314334,41.727171446147715,,1.0552085544788006,0.02245279591490194,55.11826092600289,,1.5073247440191553,0.0002707788846398684,,0.001
481,0.023916928685809438,0.020652901773390017,43.520357633891855,,1.0678843106496683,0.02272251364795834,55.71108879698402,,1.525431718957935,0.000273691263713352,,0.001
482,0.025096691948802846,0.020882360048984226,56.19109344482422,,1.0662155610119237,0.022686278128457457,78.82884457652001,,1.522999117897333,0.0003872616126357083,,0.001
483,0.025481987156366046,0.02095422207524902,60.37019568995426,,1.0623014516175977,0.02260239001203157,97.8655175613781,,1.5173674525093277,0.00048078287022788977,,0.001
484,0.031904318811077824,0.022208539278883683,129.27706086008172,,1.135301293374133,0.024155452107903805,109.11629809872485,,1.6216292529095517,0.000536054458156265,,0.001
485,0.02730143932919753,0.021655955695007976,75.27310903448807,,1.089958934059506,0.023191377599074147,83.68991835651346,,1.5569079875604739,0.0004111425572479822,,0.001
486,0.02542721235046261,0.021156849437638334,56.938171788265834,,1.0624521631193846,0.0226066698058099,63.66195964045287,,1.5176547681329955,0.0003127514209596135,,0.0005
487,0.023181784996076635,0.020470908597895975,36.14501601771305,,1.0351616830335995,0.02202653627128271,44.53784095080783,,1.4787086326609429,0.00021880056979878612,,0.0005
488,0.022493856517892135,0.020269216479439484,29.66186553553531,,1.0375942548714174,0.022078276709357626,45.302071594957305,,1.4821821262459867,0.000222554997423203,,0.0005
489,0.02243748562116372,0.020277556718180056,28.799050180535566,,1.0334596282506585,0.021990332355457432,44.04985541095197,,1.4762781532515785,0.00021640324851210856,,0.0005
490,0.02229902373724862,0.020176319503470472,28.302722830521432,,1.0281172067801392,0.021876712487544817,41.96856515726829,,1.4686505046074643,0.00020617851638093888,,0.0005
491,0.022206051275134087,0.020097141301161366,28.118798406500567,,1.0328895041302761,0.02197824568941468,42.602064693006085,,1.4754667384563793,0.00020929070270222445,,0.0005
492,0.02219260483980179,0.020117856562137604,27.663306788394326,,1.028469505691279,0.02188422736689672,41.39261047085683,,1.4691550014032475,0.00020334903001889684,,0.0005
493,0.022440070286393166,0.02020636553827085,29.78272819519043,,1.0304176264488105,0.021925560570827403,45.28988590955331,,1.4719298255841844,0.00022249513293824227,,0.0005
494,0.02232286765387184,0.02015367513032336,28.92256656445955,,1.0304840487510443,0.021927058274554666,42.60330938825978,,1.4720303710082763,0.00020929681750314253,,0.0005
495,0.02203350033807127,0.019935958969749902,27.96721649169922,,1.0303398303711615,0.0219239033343855,45.345973300298624,,1.4718185702418636,0.00022277067285646947,,0.0005
496,0.022265776207572537,0.02010870460224779,28.760953501651162,,1.0233479016832525,0.02177521423133482,42.251092808942744,,1.4618366167673944,0.0002075664869212837,,0.0005
497,0.022038089111447334,0.019894809609181004,28.5770589928878,,1.025896287088917,0.021829379028266177,44.29455444710619,,1.465472864964672,0.0002176053788219027,,0.0005
498,0.02218516729772091,0.02004232404655532,28.57124087685033,,1.0259086549182213,0.02182963108698515,44.64928163080379,,1.4654897864360779,0.00021934804322276308,,0.0005
499,0.022348391284283838,0.02002418903928054,30.989361010099714,,1.026248335545909,0.021836848942301288,44.98240666664883,,1.465974343101448,0.00022098458298538067,,0.0005
500,0.021956794258011014,0.019835011445378,28.29043739720395,,1.0266793086759476,0.02184606406762522,43.57481413250688,,1.4665929826006288,0.00021406951835854025,,0.0005
501,0.022005817411761535,0.019914880296901652,27.87915781924599,,1.0200571997784222,0.021705124281677885,44.31698206715632,,1.4571312644439967,0.00021771555874848736,,0.0005
502,0.022325686228118445,0.019971484612477452,31.38935490658409,,1.023530142869863,0.02177902422115786,44.42085610721632,,1.4620923930171092,0.000218225859622244,,0.0005
503,0.02194658137465778,0.019829605951120977,28.22633813556872,,1.0176570581277533,0.021654017779575048,45.34372366004441,,1.4537003289163306,0.0002227596210731105,,0.0005
504,0.022025551843015773,0.01990170610186301,28.31794427570544,,1.018761357799802,0.02167753801890438,44.671882744681135,,1.4552793143959442,0.00021945907547059727,,0.0005
505,0.022105777047966655,0.019889393723324725,29.551774476703844,,1.017771717144749,0.02165651392813456,43.55052049596832,,1.4538679029905244,0.00021395017127292395,,0.0005
506,0.02194248179071828,0.019764959027892666,29.03363779971474,,1.0151485828826963,0.0216006845771342,43.86405815543942,,1.4501199081962761,0.0002154904843433628,,0.0005
507,0.022139038302396472,0.019960432264365648,29.048078235826996,,1.0202795783420866,0.02170983848933885,44.88907597882454,,1.457447743597985,0.0002205260783241821,,0.0005
508,0.022035606303497365,0.019878152267713296,28.76605355112176,,1.0178121486986431,0.02165735543080845,44.15216193354169,,1.4539243956343502,0.00021690584865973332,,0.0005
509,0.022165783337856595,0.019928432118735816,29.831349924991006,,1.0196032373061132,0.021695389645197294,46.69085924311819,,1.4564777485746663,0.00022937767948995924,,0.0005
510,0.022235616061248277,0.01992058136353367,30.867129275673314,,1.017810177079282,0.021657244294647764,46.35802608755073,,1.4539169347245555,0.00022774257364442617,,0.0005
511,0.022392127956998974,0.01991850510239601,32.981636348523594,,1.0194828611827442,0.021692869245401612,45.37818391873687,,1.456308546440943,0.00022292891361348427,,0.0005
512,0.02223561312022962,0.01989945906557535,31.148721193012438,,1.0233016544523044,0.021774141796215448,45.06683498382189,,1.4617646209234063,0.00022139935306651285,,0.0005
513,0.02205491781626877,0.01986024293460344,29.26233000504343,,1.010705898751614,0.021506218524274395,41.53814910849232,,1.4437781136382584,0.00020406401611078117,,0.0005
514,0.021884941054802192,0.019806896581461553,27.707256417525443,,1.0100155869735281,0.021491523840230318,41.69931442043821,,1.4427916146316702,0.00020485577119663074,,0.0005
515,0.021680543983453197,0.019677622439829928,26.70561900891756,,1.0125614533175593,0.021545685618487725,42.12980701610741,,1.4464276601761488,0.00020697064751788334,,0.0005
516,0.021817574375554136,0.019752544007803265,27.5337394915129,,1.0073875046809067,0.021435465569604118,45.95476699337617,,1.4390282517639876,0.0002257614870515805,,0.0005
517,0.021760050109342524,0.019633908412958447,28.348557321648848,,1.0039466214205983,0.02136234037273683,42.90087606428347,,1.4341191340279564,0.00021075867009584062,,0.0005
518,0.021754711670310872,0.01967659367150382,27.70823739704333,,1.0052634541730854,0.021390340884532497,43.57997302040095,,1.4359988938776773,0.00021409486237133148,,0.0005
519,0.021907516902214604,0.019734975440721763,28.96721619053891,,1.0067685711417644,0.021422365934578108,43.688125187507595,,1.4381488332680836,0.00021462618035358492,,0.0005
520,0.02198481824445097,0.019718640336864872,30.215703060752467,,1.0182556181421305,0.021666784634222412,44.3975082012161,,1.4545574068493508,0.0002181111586168203,,0.0005
521,0.0223030975382579,0.019825634889696773,33.03283420361971,,1.0094871617142125,0.02147995331965795,52.0872450651356,,1.4420148502578247,0.0002558884457845271,,0.0005
522,0.02293863804324677,0.01983351270227056,41.4016671431692,,1.014472026865887,0.021585689722241386,62.929826154139064,,1.449113257804112,0.0003091546766955356,,0.0005
523,0.022671560903913097,0.01981040923611114,38.148686158029655,,1.0112367067471453,0.02151692214731443,60.40844431709421,,1.4444966805338935,0.00029676791140004097,,0.0005
524,0.02286004353510706,0.019871659969028673,39.84511104382967,,1.0055323251539268,0.021395901064919436,48.723564989844824,,1.4363721657637358,0.00023936373103898448,,0.0005
525,0.022099628652396956,0.019628357142210007,32.950285359432826,,1.000851259683348,0.021296379099470304,45.86288766873287,,1.4296909523565746,0.00022531011248659238,,0.0005
526,0.021848778387433605,0.01961397330619787,29.797399621260794,,1.0050786540983776,0.02138638140090963,44.44065760115599,,1.4357330816527363,0.00021832313820747338,,0.0005
527,0.02184060137522848,0.01961859903837505,29.62669523138749,,1.021553230627466,0.021736800866535757,49.37106947003402,,1.4592578103023948,0.00024254471929948732,,0.0005
528,0.02260072843024605,0.019827569589803095,36.97544850801167,,1.0077717160722182,0.021443538187390733,49.24811288795885,,1.4395701912438141,0.00024194067182784913,,0.0005
529,0.022007065187943608,0.019506702591714106,33.33816668861791,,0.9997152102549626,0.021272221395160915,45.317963219504314,,1.4280691719065028,0.00022263306803533157,,0.0005
530,0.02183915674686432,0.01959162744644441,29.967057479055303,,1.0062175471965022,0.02141060351433651,44.86133457991223,,1.437359186083523,0.0002203897934536215,,0.0005
531,0.021862551275836795,0.01955883695106757,30.716189334267064,,0.9985990930086706,0.021248488835394173,44.74135635069557,,1.4264759327076564,0.00021980037770387626,,0.0005
532,0.02161669211560174,0.019491562815873248,28.335058111893503,,0.9993999081440108,0.021265563086669242,43.68457002238733,,1.4276221793279016,0.0002146087149323288,,0.0005
533,0.0216325808708605,0.019467701449206,28.865056288869756,,1.0009986810029017,0.021299455785581872,47.78863995790316,,1.4298974996891707,0.00023477073494081426,,0.0005
534,0.021928256475611738,0.01952316504167883,32.067887557180306,,0.9909906689590829,0.02108650354983105,47.30119852001002,,1.415601365904408,0.0002323760866579674,,0.0005
535,0.022057120639242624,0.01950072624573582,34.08525707847193,,0.9993811972016858,0.021264952021290903,50.473069830838625,,1.4275811566433114,0.00024795850455973,,0.0005
536,0.02199992723762989,0.0195324569940567,32.89960188614695,,1.009379026934831,0.02147786040238659,45.44999043189433,,1.4418743463311754,0.00022328167669446677,,0.0005
537,0.021807034058790458,0.01941316731666264,31.918221222726924,,0.9951352169468454,0.021174562323361838,51.63687837606207,,1.4215130202379709,0.0002536759342194398,,0.0005
538,0.021774497863493468,0.019350928597544368,32.3142540580348,,0.9936199565998751,0.021142548803976674,44.27863039478818,,1.4193638549360066,0.0002175271489022141,,0.0005
539,0.022215150982925768,0.019507641070767454,36.100129880403216,,1.019404238241001,0.021690855600633847,56.23750668290666,,1.4561733643194994,0.00027627739117111005,,0.0005
540,0.022285385841601772,0.01953311558616789,36.69693344517758,,1.0001104445359634,0.02128021278206486,58.68059644690564,,1.4286056581091566,0.00028827953184566523,,0.0005
541,0.022052475104206486,0.019429004211959085,34.979611346596165,,1.0057793302289104,0.021401193963967613,47.553223896339475,,1.4367274942374435,0.00023361420899994497,,0.0005
542,0.021863361232374843,0.019403150109084027,32.80281066894531,,1.0023605206426445,0.02132832235163658,51.39096992614789,,1.4318354004055909,0.0002524678624357405,,0.0005
543,0.021841912775447492,0.019404104665706034,32.50410873011539,,0.9971496511872953,0.021217518424327692,48.78188442560536,,1.4243967944520073,0.00023965023630063027,,0.0005
544,0.021600500337387387,0.019274540539634854,31.0127972050717,,0.9911179847296677,0.021089285779131467,44.97395116167213,,1.4157881454522179,0.00022094304371748306,,0.0005
545,0.021351489973695653,0.01915654824360421,29.26588911759226,,0.9926532864985214,0.021121992261026498,43.83511469532213,,1.4179838314432651,0.0002153482941197144,,0.00025
546,0.021086810352770907,0.019158172176072474,25.715173018606084,,0.9835624471871915,0.020928701808233006,38.73639486684324,,1.4050076531809879,0.00019029986833392617,,0.00025
547,0.02084762808915816,0.019014736441405194,24.438555366114567,,0.9841277327131579,0.02094074687834869,38.2274356303152,,1.4058162755145995,0.00018779950979432635,,0.00025
548,0.02088420112666331,0.01906996661503064,24.189789721840306,,0.9812456129304458,0.020879429761064446,37.79585097354927,,1.40169987021413,0.00018567926851632865,,0.00025
549,0.020830532339842694,0.019031886207429988,23.981948049444902,,0.9770887582794753,0.02079093178102932,39.11425589206785,,1.3957587306069186,0.00019215618210798662,,0.00025
550,0.020957674144914274,0.01912083437568263,24.491198991474352,,0.9771904084392843,0.020793044025813362,40.73533049083891,,1.3959005320485065,0.00020012001776605556,,0.00025
551,0.02093373640979591,0.019065267259353084,24.912922206677887,,0.9779395318910957,0.020809017365478192,39.70813210359659,,1.3969728711109857,0.0001950737113527462,,0.00025
552,0.02096633975835223,0.01909877252029745,24.900897477802477,,0.9769653283681544,0.02078827446542709,40.095175250385516,,1.3955803368970623,0.00019697513403615975,,0.00025
553,0.020902957767248154,0.01909273313848596,24.136327843917044,,0.9773242011869147,0.02079592566062826,39.633209865246585,,1.3960939849920144,0.00019470564168229027,,0.00025
554,0.02089919434174111,0.019047893583774567,24.68400884929456,,0.9748281577226392,0.020742843594749826,38.58106704933386,,1.3925304238361802,0.00018953679104389336,,0.00025
555,0.020953601618346415,0.01912706835489524,24.353777132536237,,0.9811169772160888,0.02087665169776369,39.094661490416385,,1.4015133703425973,0.00019205992090280287,,0.00025
556,0.02109694255417899,0.019143767556861827,26.0423294870477,,0.9768523463833763,0.020785856942380207,40.51925231860781,,1.3954180411935955,0.00019905849286507384,,0.00025
557,0.021070430153294614,0.019068537672099314,26.69189904865466,,0.9772870888624298,0.020795129313627973,39.84390195419353,,1.3960405237864297,0.00019574070643014379,,0.00025
558,0.021043439444742705,0.019125215611175486,25.576315829628392,,0.974248800833616,0.02073045425729565,40.51954832644927,,1.3916986897849974,0.00019905994705959683,,0.00025
559,0.021000334796936887,0.019106789933223473,25.247264962447318,,0.9778942931878712,0.020808059954390824,39.5405710862946,,1.3969085971814643,0.00019425053615432933,,0.00025
560,0.020870912231897052,0.01898528547271302,25.141687895122327,,0.9746500959436865,0.020738972414469006,41.198185889333864,,1.3922705396842041,0.0002023938824789184,,0.00025
561,0.02089020649069234,0.019043738316548497,24.61957399468673,,0.9755544148003457,0.020758316495974004,37.9954450322686,,1.3935691669381691,0.0001866598120910492,,0.00025
562,0.020850292161891337,0.019050834602431246,23.992765527022513,,0.972974691568131,0.02070338401926039,39.16668900192963,,1.3898813820531815,0.00019241376968001894,,0.00025
563,0.02090343705525524,0.019082757693372275,24.275723607916582,,0.9753427451855953,0.02075382175713034,37.6916499674018,,1.393267421395982,0.00018516736135980853,,0.00025
564,0.020865902696785173,0.01905238883275735,24.18018200522975,,0.9729175348752934,0.020702187591858705,38.533759551252594,,1.389801062228701,0.0001893043840094489,,0.00025
565,0.020806437554328067,0.018973181024193764,24.443417599326686,,0.9806995091420285,0.02086779388921945,38.272395538897406,,1.4009187186098189,0.0001880203838512155,,0.00025
566,0.02104074331490617,0.01906923400728326,26.286790145070928,,0.9733981508162652,0.02071228681756412,42.61953329155893,,1.39047905408588,0.00020937652049750487,,0.00025
567,0.020949051176246843,0.019042624454749257,25.4190203014173,,0.9754471634236023,0.020756005760878903,38.90283319473456,,1.393414040235957,0.00019111752810821114,,0.00025
568,0.020815432659889523,0.0189632228330562,24.69613185681795,,0.9696957236325524,0.020633631122270485,38.44714320768998,,1.3851986571044315,0.00018887886483472468,,0.00025
569,0.020903701060696653,0.018992966727206583,25.476457495438424,,0.9731047052213623,0.02070618737668602,37.99631363492989,,1.3900695799965466,0.00018666407926595403,,0.00025
570,0.020981810790927785,0.01904503148245184,25.823720731233294,,0.9780360823212877,0.020811077828023432,39.52006873549755,,1.397111196252778,0.00019414981447719274,,0.00025
571,0.02083084565636359,0.01892200141753021,25.4512583080091,,0.969648924556304,0.020632574460102082,40.38552086755525,,1.385127720146801,0.00019840151181108344,,0.00025
572,0.020801462723236335,0.018944595107122472,24.758229506643193,,0.9710906322962146,0.020663311838872604,38.527665110655484,,1.3871912142329137,0.0001892744439170065,,0.00025
573,0.0206753316482431,0.01888868732279853,23.821923306113796,,0.9689294522717303,0.020617347133614124,37.74444159775015,,1.3841054632266585,0.00018542671023155974,,0.00025
574,0.020710320260963942,0.018924745780072715,23.807660253424395,,0.9713993179796889,0.020669811651612836,40.72543699896138,,1.387627566507792,0.00020007141411545437,,0.00025
575,0.020543011395554794,0.018712686864953292,24.40432458174856,,0.9668724634633217,0.0205735409735466,38.83012360632449,,1.3811646219496743,0.00019076032849919708,,0.00025
576,0.020724213142928324,0.018920224454057843,24.05318139728747,,0.9703172593549334,0.0206468326889274,39.22925939615873,,1.3860849185819424,0.00019272115857938167,,0.00025
577,0.020797819487358395,0.01888214492876279,25.542326575831364,,0.9715768382832297,0.020673539208046234,42.320444163371654,,1.3878778087523695,0.00020790718857051997,,0.00025
578,0.020875429538519757,0.018972877118932575,25.36736357839484,,0.9679574538088057,0.020596532543112143,41.91354042460518,,1.3827081162138777,0.00020590819697158513,,0.00025
579,0.02075023802095338,0.01877322018538651,26.360238828157122,,0.971052629866891,0.020662260790008213,46.25571642871026,,1.3871206541135204,0.00022723995808937624,,0.00025
580,0.02113821769231244,0.018965443008040126,28.970327578092878,,0.968975441759078,0.020618172170053076,42.642259221390304,,1.384160850441857,0.00020948816592732721,,0.00025
581,0.02095374082656283,0.018912648586066144,27.214561964336195,,0.965233282988783,0.020538654896477982,38.98328778928383,,1.3788226130797507,0.00019151277652516412,,0.00025
582,0.020637257906951402,0.018794928236227287,24.564393997192383,,0.9664017290958048,0.020563565289044503,37.50996666587908,,1.3804949237906776,0.00018427480776835798,,0.00025
583,0.020501357454218362,0.018706093689328747,23.93684909218236,,0.9650429773683189,0.020534611424761366,38.78638342282729,,1.3785511624776388,0.00019054544657254823,,0.00025
584,0.020599302100507838,0.018773458898067474,24.344571665713662,,0.9652485735608439,0.02053897532329181,39.14118556557267,,1.3788441243101097,0.0001922884792239123,,0.00025
585,0.020717268123438482,0.018802590374099582,25.529035267076996,,0.9656552800217938,0.020547592384533873,40.33789539081177,,1.3794226139414285,0.00019816754264630237,,0.00025
586,0.020696888432690973,0.018721954406876313,26.33245257327431,,0.9804171966995402,0.020861530670373434,46.425337244115916,,1.4004982496054423,0.0002280732524356712,,0.00025
587,0.021045934506937078,0.018936059780811008,28.131661866840563,,0.9632735817693211,0.020496900062569212,40.67239840346618,,1.3760194835910384,0.0001998108519806959,,0.00025
588,0.020666232626689107,0.018785596972233372,25.075143412539834,,0.961491945782673,0.020459015968602248,39.76077412530292,,1.373476208693,0.00019533232524373897,,0.00025
589,0.020693028051602214,0.018851130514552717,24.558631595812347,,0.9640541136083007,0.020513566467329193,38.857501093963705,,1.3771383502294638,0.0001908948255867801,,0.00025
590,0.020607170207720054,0.018757554947545652,24.661537371183698,,0.9659118679570627,0.020553129945790654,37.86848000392654,,1.3797943673362174,0.00018603607236876578,,0.00025
591,0.02049250528216362,0.018690596873822966,24.025443829988177,,0.96431782719638,0.02051905885920964,42.66319841702874,,1.3775070712661055,0.00020959103368739396,,0.00025
592,0.020594183159501928,0.018701412666000818,25.236937472694798,,0.958605685979143,0.020397616291641062,39.152583828668305,,1.369354260909341,0.00019234447534781054,,0.00025
593,0.020497766960608333,0.01866132560137071,24.485884716636257,,0.9590998592001375,0.02040815828470838,38.319295171928616,,1.3700619770914089,0.00018825078717143743,,0.00025
594,0.020592057881386655,0.018810196730651353,23.758142872860557,,0.9642165510174847,0.0205170097602997,39.282434629415086,,1.377369508999847,0.00019298239197299238,,0.00025
595,0.020647693229349035,0.01879211848503665,24.74099229511462,,0.9600459739297266,0.020428262372097612,39.24247655461804,,1.371411625860879,0.00019278609037087132,,0.00025
596,0.020614685098591604,0.018766553092159723,24.64175766392758,,0.964521253632105,0.020523551401172697,37.44392156330749,,1.3778086693249898,0.00018395034870688165,,0.00025
597,0.020589106569164677,0.01870370254312691,25.13871775175396,,0.9599790575526462,0.020426795448030555,40.61238952099726,,1.3713131467693551,0.00019951604699246824,,0.00025
598,0.02059369838159335,0.018688986175938657,25.396162033081055,,0.959443775104744,0.020415229924509785,46.18828108078657,,1.370536717862841,0.0002269086691845867,,0.00025
599,0.020667099540955143,0.018688062107876727,26.38716557151393,,0.95948976004662,0.020416383384600563,40.61104615444051,,1.37061415316055,0.00019950944745010624,,0.00025
600,0.020636547454877904,0.01872350344140279,25.50725434955798,,0.9619960949368296,0.020469738818051055,39.92960083481094,,1.374196066316159,0.00019616171839457463,,0.00025
601,0.02056392105786424,0.018698567916688166,24.871374531796103,,0.9573805068479826,0.02037153506762809,39.46429999124246,,1.3676033487085595,0.00019387583997013358,,0.00025
602,0.020439198730807556,0.018595156897055477,24.587221948724043,,0.9563154756333689,0.020348857271646408,39.918610044639216,,1.3660809190230734,0.00019610772405850502,,0.00025
603,0.02063271011176862,0.018718068340891285,25.528554715608294,,0.9583573495372951,0.020392303374018296,40.057875763980064,,1.3689975885275991,0.00019679189325249157,,0.00025
604,0.02054008812104401,0.01865178081942232,25.17742889805844,,0.9563863555850097,0.02035042440154133,38.04292407833638,,1.3661861252377765,0.00018689306188743264,,0.00025
605,0.020432678100309874,0.01863641536941654,23.95016860961914,,0.9528644158530564,0.02027543745353523,39.35395763953551,,1.3611520224633842,0.00019333376229166942,,0.00025
606,0.02035916929966525,0.01856794100450842,23.88304298802426,,0.9557551394557463,0.020336965465062133,38.898884589421556,,1.3652825857382787,0.00019109812983757313,,0.00025
607,0.02049992782504935,0.01863453684276656,24.871878674155788,,0.9578417714043628,0.020381343596995335,39.68888118587274,,1.3682618252329852,0.00019497913757734068,,0.00025
608,0.020308010574234158,0.018491987825224276,24.213633386712324,,0.9555011663602383,0.020331563269351916,38.826303249775904,,1.364919919845937,0.0001907415602748777,,0.00025
609,0.020365786395574872,0.018514241533059823,24.687266701146175,,0.9528176720672187,0.020274476174945467,38.28849292083507,,1.3610874888966187,0.00018809946528545294,,0.00025
610,0.020440445036480303,0.018650704798729795,23.863203851800215,,0.9524207701543085,0.020266026859166595,38.39565991004332,,1.3605202605304145,0.0001886259433948944,,0.00025
611,0.02038944806707533,0.018516814042078823,24.968452152452972,,0.9525032251246724,0.02026779826303483,37.86041009131027,,1.360639180280648,0.00018599642739628908,,0.00025
612,0.02033133373448723,0.01851607898348256,24.20339614466617,,0.9544512232342874,0.020309224354425594,38.71269943657494,,1.3634202402803894,0.00019018346004978732,,0.00025
613,0.020465342131884473,0.01857692699291204,25.17886613544665,,0.9563533322478261,0.020349617758607493,41.35634690059181,,1.3661319728347363,0.00020317087836925382,,0.00025
614,0.02065403200685978,0.018590803601239856,27.50971131575735,,0.9559783305695752,0.02034169845101563,39.42354981744487,,1.3656003255363796,0.0001936756470318149,,0.00025
615,0.020925082168296763,0.01873630049981569,29.18375637656764,,0.9633588276467544,0.020498683587055887,41.644348339835865,,1.376139217035395,0.00020458573992662187,,0.00025
616,0.02048765377778756,0.018593280429118557,25.258310418379935,,0.9541107517332008,0.02030199619169524,38.17161249126067,,1.3629349916468316,0.00018752526806252396,,0.00025
617,0.020312610131345298,0.01846946432794395,24.575278432745684,,0.9505622356185242,0.02022638748462779,41.27530047656267,,1.3578591482882583,0.00020277272247801257,,0.00025
618,0.02039760909974575,0.018526540775048107,24.947578129015472,,0.9479240046740786,0.020170356319849314,37.7804556699761,,1.3540976051188947,0.00018560363617488318,,0.00025
619,0.020342607639337842,0.01851942860766461,24.309051915218955,,0.9498601590637739,0.020211525030307473,38.80333561588677,,1.3568613863507792,0.00019062872742814358,,0.00025
620,0.020443105678025045,0.018496252694412282,25.958037426597194,,0.9468041221535433,0.020146359926646457,43.06152763067106,,1.3524866539759293,0.0002115479013094393,,0.00025
621,0.020466506089034834,0.018577970662399343,25.180470516807155,,0.9498595058536267,0.020211501965653484,39.09555187959156,,1.3568598379501347,0.0001920642951080789,,0.00025
622,0.020358489924355558,0.018519974754829156,24.513531634682103,,0.9501268590034196,0.020217174682471774,39.620986832670766,,1.357240664750433,0.00019464559372228224,,0.00025
623,0.0203662355871577,0.018440909683704376,25.671008561786852,,0.9477076802158493,0.02016565126894376,41.02419496978629,,1.353781740685855,0.00020153911916924493,,0.00025
624,0.02021966109934606,0.018405005825977577,24.195404153121146,,0.9445735519868363,0.020098980630631594,40.30105398322019,,1.349305937173083,0.00019798655226147143,,0.00025
625,0.020150163946183103,0.018327726835482998,24.29916080675627,,0.9492045578191642,0.02019761430673825,37.51910876061644,,1.355927517004504,0.00018431972003835103,,0.00025
626,0.02012562702753042,0.018338076280135857,23.83401067633378,,0.9496211959187127,0.020206432340707205,39.04645871295999,,1.3565194985486015,0.00019182311563904989,,0.00025
627,0.020243525308998006,0.018401397245102806,24.561704635620117,,0.9428058621995474,0.02006146138475991,37.21875349234985,,1.346787155641657,0.00018284416795868503,,0.00025
628,0.0203733759883203,0.018497962602659276,25.005509125558955,,0.9520964437005531,0.020259102138163187,39.133823850612565,,1.3600553828664732,0.00019225231340640566,,0.00025
629,0.020283097107159465,0.018402531841083578,25.074202888890316,,0.9402479868478933,0.02000695815525978,39.527329287219445,,1.3431281874327143,0.00019418548331115256,,0.00025
630,0.0201282761991024,0.01825176218622609,25.020183964779502,,0.9491251365153793,0.020195769257373156,42.460973959389115,,1.3558036532072075,0.00020859756778033144,,0.00025
631,0.020407385731998243,0.018432600080574815,26.33047144036544,,0.9467178210973224,0.020144582258039116,41.18690512718127,,1.3523673136546317,0.00020233846360063289,,0.00025
632,0.020570480019638415,0.01842695425607656,28.580340536017168,,0.9447627633036207,0.020102868531573684,44.71591640616141,,1.3495669438341025,0.0002196753991633612,,0.00025
633,0.020458439953233067,0.018461118991437712,26.630945506848786,,0.9407224507230995,0.020017045581435005,39.81506858595869,,1.3438053871514049,0.00019559905705369626,,0.00025
634,0.020118317223693196,0.018270087183306093,24.643068514372175,,0.9435514119931976,0.020077295183249574,38.21612136906048,,1.3478501268789915,0.00018774392634536395,,0.00025
635,0.02008535614923427,0.018288471392895047,23.958463367662933,,0.9452323148348623,0.020113044362935553,38.85170871906411,,1.3502500784628966,0.00019086636944922467,,0.00025
636,0.020148062588352906,0.01829682202323487,24.683205554359837,,0.9424895439634994,0.020054747996486457,36.65215324002145,,1.3463364653891319,0.0001800606370238443,,0.00025
637,0.01997758487337514,0.0182482259053933,23.05812002483167,,0.9433032128169315,0.020071996807924666,38.75086091334806,,1.3474944307661063,0.0001903709355242169,,0.00025
638,0.020139970865688826,0.01835344908268828,23.820291017231188,,0.94618797326036,0.020133396060471626,38.35524556271562,,1.3516163500575424,0.0001884274002676442,,0.00025
639,0.020133587874864276,0.01833262921948182,24.012780641254626,,0.9385242223452586,0.019970340688140437,37.49528313877687,,1.3406699450622994,0.00018420267216348734,,0.00025
640,0.02014342911149326,0.018283230203546975,24.802648945858603,,0.9412491656725162,0.02002812298378623,43.99001211797235,,1.3445490469934458,0.00021610925701357503,,0.00025
641,0.02059895731508732,0.018364885135700827,29.78763078388415,,0.9531509821489593,0.020281212870818577,49.641139841539534,,1.361539743859473,0.0002438714910942055,,0.00025
642,0.020500183203502706,0.018368829924025033,28.418044642398232,,0.9438491773342945,0.020083627570874174,38.34271878406416,,1.3482752393946646,0.00018836586009757372,,0.00025
643,0.020240798494533488,0.018338308424541826,25.366533580579254,,0.9408431726073119,0.02001966712291784,38.13738962892676,,1.3439813792353985,0.0001873571417766747,,0.00025
644,0.020210053183530505,0.018346247214235757,24.850744448210065,,0.9411723440620186,0.020026691366094092,37.513312436392134,,1.3444529381266699,0.00018429124449899074,,0.00025
645,0.020002181886842375,0.01815316453576088,24.653561341135127,,0.9389608878354883,0.01997962897751402,37.61716653566164,,1.341293496287522,0.00018480144740984144,,0.00025
646,0.019992952087992115,0.01820924289916691,23.78278973228053,,0.9391929401519984,0.01998455306430474,38.060935678319936,,1.3416240652683065,0.00018698154727997206,,0.00025
647,0.019932352398571215,0.018151286793382543,23.747540524131374,,0.93709352443466,0.019939855395124002,38.78558067763962,,1.3386233742625422,0.0001905415029349422,,0.00025
648,0.020058505041034597,0.01824264983205419,24.211402591906097,,0.9370754696386268,0.01993951480863452,37.394917779443325,,1.3386005096516036,0.00018370960834760786,,0.00025
649,0.020059236570408468,0.018220856687740275,24.511730997185957,,0.9387848290264721,0.019975873991922587,37.88839909399654,,1.3410414126398171,0.00018613392866723347,,0.00025
650,0.02000534916786771,0.01816186406894734,24.57980055558054,,0.9357854577187357,0.019912082010118872,36.81230870425221,,1.3367588621277475,0.00018084743104173988,,0.00025
651,0.019873161457086865,0.018081205651948328,23.892743863557513,,0.9349411279554217,0.019894076297390186,38.043926630002126,,1.3355500836561258,0.00018689798711216368,,0.00025
652,0.020061861331525602,0.018200812861323357,24.813977592869808,,0.9353679569896621,0.019903153809920162,38.2123623703948,,1.3361594847882803,0.00018772545955325265,,0.00025
653,0.019978149745025132,0.018147051334381104,24.41464434171978,,0.9400041918177634,0.0200017837496262,39.09750642822945,,1.34278081378372,0.0001920738971980442,,0.00025
654,0.019950360745975847,0.018137773302824872,24.167828911229183,,0.9355638363049567,0.019907276722276553,39.658093919004095,,1.3364362684830935,0.00019482788930419589,,0.00025
655,0.02023268657687463,0.018170446353523356,27.496533644826787,,0.9417610845099875,0.020039132098036906,40.30297523374905,,1.3452881224467959,0.00019799599076817642,,0.00025
656,0.019972772680615123,0.018000581252731775,26.29588538721988,,0.9315335892771442,0.019821510926586742,39.7644736823463,,1.3306785487530557,0.00019535050001763489,,0.00025
657,0.019910358774818872,0.018065172002503748,24.60248645983244,,0.9340089772750854,0.01987423407098493,38.24598101904027,,1.3342180144140399,0.00018789061752504612,,0.00025
658,0.01995508578654967,0.018087325519637057,24.90346998917429,,0.9327357000532348,0.019847066518027073,40.56061549973139,,1.332394173634342,0.0001992616973178565,,0.00025
659,0.019833019689509745,0.018048226931377462,23.79723478618421,,0.9321154877496107,0.019833963047348253,37.5486146991539,,1.3315144976393538,0.00018446467354365397,,0.00025
660,0.020106633536909755,0.018158420577253167,25.976171995464124,,0.9343396249664031,0.01988123295152267,39.432254167043475,,1.3346878706339491,0.00019371840879599662,,0.00025
661,0.02015781784920316,0.01813824004248569,26.927704760902806,,0.9346710507544532,0.019888315285007077,38.48553461980625,,1.3351633293049718,0.000189067469910029,,0.00025
662,0.019861606881022453,0.01806127427047805,24.00443468595806,,0.9360757669444342,0.019918161846466977,39.93255599079081,,1.3371670201051244,0.0001961762361574126,,0.00025
663,0.020109027133960473,0.018161874264478683,25.962038542094984,,0.9348680481747756,0.019892441978205364,40.5693629888953,,1.3354403668192454,0.00019930467101331439,,0.00025
664,0.019950566323179948,0.018125187164466632,24.33838643525776,,0.928024218407259,0.019746868393316054,38.621815904540895,,1.3256675675914398,0.00018973697750438646,,0.00025
665,0.019958003669192915,0.01812334260658214,24.46214434975072,,0.9298940996755055,0.01978668874682021,37.67048994519978,,1.3283408295041161,0.00018506340874746997,,0.00025
666,0.020042126115999724,0.018084857318746417,26.09691800569233,,0.9282237039225291,0.019751110068697474,38.72758401896705,,1.3259523242107374,0.00019025658337680734,,0.00025
667,0.019912142110498326,0.018127759330366786,23.791771336605674,,0.9336127594310194,0.01986583481460457,37.22112758942515,,1.3336541466881022,0.00018285583115972362,,0.00025
668,0.019807949662208557,0.017991115486151295,24.22445297241211,,0.9266531392240867,0.019717600434731152,41.54893818616464,,1.3237027201689113,0.0002041170194960354,,0.00025
669,0.019950236831056446,0.018096787953063062,24.71265180487382,,0.9299467535970255,0.019787803118953482,37.86459875595073,,1.328415640707892,0.0001860170050037901,,0.00025
670,0.02002324918775182,0.01806242911047057,26.144269742463763,,0.9295059131077457,0.019778475466086454,36.16504244676865,,1.3277894468911673,0.0001776676130953479,,0.00025
671,0.019781812927440592,0.018041867468702167,23.19927185460141,,0.9283404703354786,0.01975366841875389,36.38095176697536,,1.3261240740613358,0.00017872830847881458,,0.00025
672,0.0199938331191477,0.018099469573874222,25.25817961441843,,0.9257555559142564,0.019698565535285102,39.46340900705187,,1.322424849250577,0.0001938714628417317,,0.00025
673,0.01968302362059292,0.017876803874969482,24.082929310045746,,0.9247909941826954,0.019678129763365124,36.59960327163607,,1.3210529334858383,0.00017980247536220631,,0.00025
674,0.019790722547393096,0.018011741242126414,23.71974834642912,,0.9264075943163531,0.019712366752947925,41.82184967775209,,1.3233513671310055,0.0002054577488306685,,0.00025
675,0.019984474601714236,0.01800258134148623,26.425243076525238,,0.9246941506949186,0.01967604194054583,37.461220024617816,,1.3209127715653106,0.00018403533067076985,,0.00025
676,0.019750265992785756,0.017978921728698832,23.617924338892887,,0.9258788624543546,0.019701216828723542,38.59080042025123,,1.322602838674191,0.00018958460806998439,,0.00025
677,0.019770253939848197,0.017974399324310452,23.944727747063887,,0.9290553581917115,0.01976872091435725,41.48600631912585,,1.327134594050391,0.0002038078547931079,,0.00025
678,0.01998011365925011,0.018023262535663026,26.091347242656507,,0.9297473972830926,0.019783496316727902,39.92310085575367,,1.3281265119246963,0.00019612978601772272,,0.00025
679,0.0197689466570553,0.017904267450304406,24.86238620155736,,0.9281269010756714,0.019749014470505897,39.86469825777243,,1.325811640305728,0.00019584287220593427,,0.00025
680,0.01964987383077019,0.017906128183791514,23.249940370258532,,0.926701570728047,0.019718790597764074,36.46143889320526,,1.32378261944719,0.00017912371671380338,,0.00025
681,0.019607047305295344,0.017854205381713416,23.371225156282122,,0.9247808353874443,0.01967790096558246,37.00205112089041,,1.3210375735921087,0.00018177957656090166,,0.00025
682,0.019817067212180087,0.01802173055904476,23.937816218325967,,0.9240134873593087,0.01966150994565831,38.98156529551816,,1.3199371943785345,0.00019150431444866112,,0.00025
683,0.019685260951519012,0.017831816288985704,24.712593781320674,,0.9284638082303306,0.019756189226668663,39.690220384287755,,1.3262933035933397,0.0001949857166429178,,0.00025
684,0.02010803728511459,0.01793016787422331,29.038257900037262,,0.9288512566442253,0.019764274730204423,44.76906549173293,,1.32683610813285,0.00021993650410152328,,0.00025
685,0.020009574039201988,0.017980731631580153,27.051231685437653,,0.9276707084924719,0.019739369246547626,37.874444386062905,,1.325164126972021,0.00018606537352441397,,0.00025
686,0.019661569477696168,0.017846784407370968,24.197132311369245,,0.9240421834814531,0.01966206360956833,40.79843714754154,,1.3199743635272947,0.00020043004115627517,,0.00025
687,0.02000698055091657,0.017943518873500198,27.51282400833933,,0.9245466901117443,0.0196727839336414,41.29033976978757,,1.32069405161427,0.00020284660585126845,,0.00025
688,0.019826667089211315,0.017923303340610704,25.378181557906302,,0.9202849283293322,0.0195821879541042,38.323547330667274,,1.3146120668947436,0.00018827167670570832,,0.00025
689,0.01960276037846741,0.017789143382718687,24.181558508622018,,0.9229227623268584,0.019638321034959137,38.29940766621707,,1.3183804520014963,0.00018815308603710608,,0.00025
690,0.01959232966366567,0.017902621558230174,22.529442736977025,,0.9194935343243119,0.019565446429137552,35.163551004426665,,1.3134881572074832,0.0001727475969123663,,0.00025
691,0.019520931141941172,0.017799193235604388,22.956503817909642,,0.9209556862700864,0.019596421072865612,39.61207231976116,,1.3155675796146273,0.00019460179949107434,,0.00025
692,0.01962777266376897,0.017892364853698956,23.138771057128906,,0.9193790845352976,0.019562912857687156,38.29196790715479,,1.3133180708203624,0.0001881165368131823,,0.00025
693,0.01947336006713541,0.017738476983810727,23.131772894608346,,0.9184799278567026,0.019543776238446966,38.38227587232581,,1.3120333711416705,0.0001885601917774769,,0.00025
694,0.01948689061560129,0.0177495164894744,23.164985355577972,,0.9183209232562027,0.019540421749523588,37.45498876157344,,1.3118081740581131,0.00018400471841216977,,0.00025
695,0.0195820494309852,0.017809013198865086,23.640479740343597,,0.9184144524068433,0.019542344783335844,39.59893245452417,,1.3119372731894545,0.00019453724741716244,,0.00025
696,0.019890574738383293,0.017875344541512038,26.869736520867598,,0.9214717937689121,0.01960744903836659,38.16602255622795,,1.3163079206099677,0.0001874978064491142,,0.00025
697,0.02016906136352765,0.017936341562553457,29.769595296759356,,0.9266606755890003,0.019717557648148115,48.02674854914537,,1.3236998477749535,0.00023594048844312985,,0.00025
698,0.020134876335137768,0.01789458944021087,29.870493135954206,,0.9217473595113487,0.01961323691957726,40.59174499868197,,1.3166964787475535,0.00019941462687085077,,0.00025
699,0.019913967306676664,0.01789281125131406,26.948745928312604,,0.916267828660208,0.019496702658441552,38.40670994160272,,1.3088731779879692,0.00018868022876548885,,0.00025
700,0.019529838409078747,0.017682060697361043,24.63703275981702,,0.9199987076233137,0.019576082871035252,38.7824275472527,,1.3142022140279117,0.00019052601258537472,,0.00025
701,0.019650908383099658,0.01773234299923244,25.580869574295846,,0.915072202656349,0.019471265813360776,38.224290547995224,,1.3071655249123633,0.00018778405898241038,,0.00025
702,0.019916150718927383,0.017859093452754774,27.42742799457751,,0.9163260110807039,0.019497880440504205,40.330127867757355,,1.3089522460939114,0.00019812938321975748,,0.00025
703,0.0199696047133521,0.0178142880138598,28.737553044369346,,0.9385687298229809,0.019970267144858524,70.03924253823826,,1.3406650078772377,0.0003440810297151135,,0.00025
704,0.021100650786569242,0.018124919580785853,39.676415292840254,,0.9277364290854205,0.019740194207806747,56.162510386564726,,1.325219509140168,0.0002759089576767577,,0.00025
705,0.020163325102705704,0.017892150208353996,30.282332671316045,,0.9125283788384025,0.019417058680925376,40.62582540621114,,1.3035264346034379,0.0001995820533205207,,0.00025
706,0.019605815704715878,0.01768899365867439,25.55762401380037,,0.9145388747928754,0.019459941615249162,37.43160386070815,,1.3064052969173954,0.0001838898356624724,,0.00025
707,0.01943340074074896,0.01768308858338155,23.337494900352077,,0.9092008574819767,0.019346333161338634,37.97466027593266,,1.2987784145300911,0.00018655770304327443,,0.00025
708,0.019475062524801807,0.017651645270617383,24.31222835339998,,0.9109263177331257,0.01938302809146079,38.68734688004652,,1.3012418572284,0.00019005891081938343,,0.00025
709,0.019403110209264253,0.01765309965336009,23.333471398604544,,0.915172210736897,0.019473421645781926,37.34137399766184,,1.3073102525251146,0.00018344656438964164,,0.00025
710,0.01942338657222296,0.01763311288270511,23.870316957172594,,0.9115065969620336,0.019395486922114895,35.15885823696647,,1.3020782565702749,0.00017272454280439198,,0.00025
711,0.01934908957857835,0.017647908608380117,22.682411695781507,,0.9121879695288183,0.019409929379674166,36.974683810328024,,1.3030478228428248,0.000181645129470134,,0.00025
712,0.019304075131290836,0.01759639147080873,22.769115447998047,,0.9067374187007471,0.019294002433072763,35.088472043795974,,1.2952652929622184,0.0001723787573140562,,0.00025
713,0.0192807836360053,0.017669660578432837,21.481639661287005,,0.9137003907199066,0.019442077322080413,38.120370123279486,,1.305206012372623,0.0001872735302352569,,0.00025
714,0.01931760685616418,0.01759557190694307,22.960467187981855,,0.909719303665549,0.019357437902854303,35.667397842763705,,1.299523909733715,0.00017522283982863662,,0.00025
715,0.01939703612343261,0.017641078778787664,23.412765101382607,,0.9095308876343858,0.019353385893967793,37.02482051870223,,1.299251886005322,0.00018189143553540166,,0.00025
716,0.019480595267132708,0.017750510945916176,23.067792390522204,,0.9129664728912746,0.01942651494056096,36.36118600543658,,1.3041612621852057,0.00017863120543576479,,0.00025
717,0.019396148818103892,0.017614074051380157,23.760998073377106,,0.9168962121552863,0.01951004473176044,39.3550106321252,,1.3097688721067018,0.00019333893531698227,,0.00025
718,0.01978029712642494,0.017731509612579095,27.317161459671823,,0.9070100594237743,0.019299698305649673,38.4632707078742,,1.2956476742792933,0.0001889580942305464,,0.00025
719,0.01945578179469234,0.017667414179365886,23.844901837800677,,0.9132325619817416,0.0194320895247371,39.157950888524795,,1.3045355010416118,0.00019237084204475128,,0.00025
720,0.01943747503192801,0.017618978003922262,24.24662851032458,,0.9084304452839196,0.01932996731443687,37.072433545250746,,1.2976797252583696,0.00018212534353624453,,0.00025
721,0.019441298650283562,0.017617490240617803,24.317442341854697,,0.9052777343620403,0.01926286356177917,37.55074520776637,,1.2931748454571703,0.0001844751400702843,,0.00025
722,0.0196956447080562,0.01767620086473854,26.925917374460322,,0.9136157757404689,0.019440273745317847,38.215871765594834,,1.305084932757761,0.0001877427001211164,,0.00025
723,0.019151035794302038,0.017470105355115312,22.412403909783613,,0.905758645463001,0.01927308485768154,37.94451420699902,,1.293861032259383,0.00018640960477629378,,0.00025
724,0.019184927603131847,0.017550400703361158,21.793688924689043,,0.9052506310464907,0.019262375465793014,34.723947295020054,,1.293142078083335,0.0001705879605211442,,0.00025
725,0.019125478538243396,0.017574367554564225,20.68147809881913,,0.9018457718432837,0.019189945108709333,33.95757183875511,,1.2882796070635048,0.00016682299610143239,,0.00025
726,0.019225167502698145,0.017626354568882993,21.317503878944798,,0.9136240557930146,0.019440549100155812,35.05417154010455,,1.3051034181687637,0.00017221024960034913,,0.00025
727,0.01918846917779822,0.01750697597469154,22.41990751969187,,0.9071890704894847,0.0193035352672559,37.58133839608092,,1.2959052612271658,0.00018462543489581432,,0.00025
728,0.01929059810936451,0.017470665374084524,24.265767348440068,,0.9128173015231394,0.019423190960576323,41.13310035207255,,1.3039381132598578,0.00020207413746356923,,0.00025
729,0.019348180901847388,0.017560241645888278,23.839190232126338,,0.904701681525334,0.01925062537874731,36.911433851236566,,1.2923532588638715,0.00018133440207981783,,0.00025
730,0.01910359677123396,0.01741159079890502,22.56007987574527,,0.9000560966639485,0.019151792073151454,36.16658491253533,,1.2857182772953193,0.00017767519075024627,,0.00025
731,0.01930755768951617,0.01754245858051275,23.534651906866777,,0.9031081189319738,0.019216717549800897,36.82503669216187,,1.2900769227772384,0.00018090995969035806,,0.00025
732,0.019082544567553622,0.017387913883124526,22.59507400111148,,0.899759651640514,0.01914551128000125,35.290724712143906,,1.2852966284742435,0.00017337236181156045,,0.00025
733,0.01932424630381559,0.017538825932301973,23.805607645135176,,0.9099449291832244,0.019362050841800118,41.671607332564285,,1.2998335904096554,0.00020471965488553753,,0.00025
734,0.01928230031932655,0.017467331582386243,24.199581246627005,,0.9037628755538182,0.01923066279720817,36.435362804005926,,1.2910131098141722,0.00017899561299226824,,0.00025
735,0.019371655230459413,0.017560306740434545,24.151314283672132,,0.9050558901644352,0.019258164796351982,36.84884258709794,,1.2928594029874847,0.00018102691065307615,,0.00025
736,0.01917476197214503,0.017359451243751926,24.204141917981598,,0.90494444549128,0.019255746461881395,38.341881349743545,,1.2926970528106674,0.00018836174604303926,,0.00025
737,0.019325908175424525,0.017499589508301334,24.350915406879626,,0.8970942745212525,0.019088736864071455,37.07576380895684,,1.281485188585752,0.00018214170408675434,,0.00025
738,0.019107002470838397,0.017387276613398603,22.929678264417145,,0.901088020137165,0.019173797831799972,34.67645470618917,,1.2871955910627244,0.00017035464419337486,,0.00025
739,0.019002932564992654,0.017363866398993292,21.854213513826068,,0.8988305986738574,0.019125682674848318,37.160303210083946,,1.2839654736684154,0.00018255701988882677,,0.00025
740,0.019107603713085775,0.01748404078381626,21.647505609612715,,0.9002190725740559,0.019155303541637934,34.78308566311788,,1.2859540128962472,0.00017087848894283098,,0.00025
741,0.019197483301946993,0.017497187284262555,22.670610126696136,,0.9028735780732602,0.01921171618888281,37.15668228191888,,1.2897411661483458,0.00018253923139417136,,0.00025
742,0.019151577431904643,0.017461157845039117,22.538924367804277,,0.9021447024914048,0.019196298960361156,34.19045526823261,,1.2887061605248606,0.0001679670800080289,,0.00025
743,0.01940775946959069,0.017520596714396226,25.162168402420846,,0.9033518896043132,0.01922176614661484,41.24981568326342,,1.2904158504960435,0.00020264752360945408,,0.00025
744,0.019913155879629284,0.017605263053586607,30.771902987831517,,0.9061333725273663,0.019281046505962265,38.340925546796484,,1.2943955220174603,0.00018835705048023314,,0.00025
745,0.019816639980203228,0.0175978437458214,29.583947131508275,,0.9182640771029975,0.01953873508036261,52.66439265353458,,1.311694942807495,0.0002587237925032683,,0.00025
746,0.020204527205542513,0.017613118906554422,34.55211117393092,,0.9068789158392191,0.019296729130401372,44.15416299387811,,1.295448344479207,0.00021691567924721718,,0.00025
747,0.019552756591062797,0.01748685440734813,27.545359059383994,,0.8960246670492616,0.0190659787445499,36.986174713416915,,1.2799573665357857,0.00018170158070552567,,0.00025
748,0.019121141319996433,0.017398105297041565,22.973811802111175,,0.8977542483274897,0.019102760736991353,37.71901019807719,,1.2824266539934128,0.00018530177366929193,,0.00025
749,0.019053434462923752,0.01735239515179082,22.68052271792763,,0.8962760250962507,0.01907132487980743,37.07192469292624,,1.2803162689187713,0.00018212284370293044,,0.00025
750,0.019300858245084162,0.01746656931936741,24.457185142918636,,0.8954614647595102,0.01905387893907236,40.65390803375684,,1.2791450696502111,0.0001997200145413,,0.00025
751,0.01903699701161761,0.017280992414606244,23.413396132619756,,0.8931681758309274,0.019005256881177254,34.96395790857804,,1.2758809224478673,0.0001717670580679302,,0.00025
752,0.01887331442221215,0.017311582439824155,20.823087391100433,,0.8937176687107758,0.019016994712058612,33.53594290436304,,1.2766689188735971,0.0001647516641931225,,0.00025
753,0.018907924819933742,0.017317294976428935,21.208398517809417,,0.8951340414563491,0.01904709897998349,34.67500009147082,,1.2786899102955889,0.00017034749812337198,,0.00025
754,0.019112421199679375,0.017388379691462768,22.987218455264443,,0.8945244491157526,0.0190340783845147,36.226282009584004,,1.2778157979664895,0.0001779684640336102,,0.00025
755,0.019119466998075183,0.017310015465083876,24.126019226877315,,0.9018932731442096,0.01919083408355855,37.842466359868986,,1.288339286659405,0.00018590827542080366,,0.00025
756,0.01919933143807085,0.01737460425417674,24.329694346377725,,0.8959063835091212,0.019063464066569023,36.91090530500176,,1.2797885485249605,0.00018133180549644351,,0.00025
757,0.01902650130030356,0.017338307574391365,22.50925013893529,,0.8910819856422254,0.01896085593086882,35.20127846012178,,1.272900151085961,0.0001729329401761376,,0.00025
758,0.018852842775614637,0.017296037342595428,20.757405130486738,,0.8914732493834735,0.01896924686413812,33.13008575257422,,1.2734634600560406,0.00016275781415071947,,0.00025
759,0.018906783214525172,0.017306467224108547,21.337545896831312,,0.8946662375774312,0.019037126180461154,35.25123447608208,,1.2780204058140923,0.00017317835855573674,,0.00025
760,0.018819517210910196,0.017128804747603442,22.542832223992598,,0.889948916359631,0.018936706627442734,36.41056087451043,,1.2712789346128353,0.00017887376882133688,,0.00025
761,0.019016747607996588,0.017358376399466868,22.11161814237896,,0.8907563187223876,0.018953923177474394,35.286033245071124,,1.2724347341830857,0.0001733493140919853,,0.00025
762,0.018775894061515207,0.01718519750590387,21.20928834614001,,0.8921030954779292,0.018982582720121932,35.269025208924205,,1.274358736786086,0.00017326575889665792,,0.00025
763,0.018843918254500942,0.017238075207722813,21.41124092905145,,0.8919122066324294,0.018978593319740385,32.95229971078201,,1.2740909161577914,0.00016188440658501888,,0.00025
764,0.018964292775643498,0.01720135041365498,23.505898325066816,,0.8919005983627429,0.018978306176482548,34.231634901702634,,1.2740716393541693,0.000168169382748238,,0.00025
765,0.01890895819585574,0.01725735657505299,22.021357184962223,,0.8942589905978271,0.019028483478081892,34.5053563647484,,1.277440194814944,0.0001695140912208988,,0.00025
766,0.01894315851754264,0.017239163678727652,22.71992944416247,,0.8912118735987699,0.01896356404989066,36.982344777082304,,1.2730819553844919,0.00018168276541869507,,0.00025
767,0.01891500551841761,0.017271124512741442,21.918412158363743,,0.8979380158488776,0.01910662827197618,39.08955548153043,,1.282686293425539,0.0001920348366681432,,0.00025
768,0.019112949504664068,0.017284054701265535,24.385264848407946,,0.8884093001464521,0.018903935134991556,36.69487938642478,,1.2690788842646596,0.00018027053730142358,,0.00025
769,0.018868513111221164,0.017152893504029827,22.87492561340332,,0.8857681862720026,0.018847789132093763,34.905599770269596,,1.2653096316617156,0.0001714803626726957,,0.00025
770,0.01891971075613248,0.01728324817591592,21.81949906600149,,0.8919480374772658,0.018979248182370536,36.38341124022928,,1.27413487908562,0.000178740391106483,,0.00025
771,0.018778034142757718,0.01717467963891594,21.378060290687962,,0.885798778386167,0.01884848490625528,33.47766729837052,,1.2653563411055586,0.00016446537425350428,,0.00025
772,0.01882721630758361,0.017179751866742185,21.966192044709857,,0.8874282810929721,0.018883106034411647,35.206033960181806,,1.2676805631460446,0.00017295630246987701,,0.00025
773,0.018781011335943874,0.017158218414375658,21.637238151148747,,0.8852559074673839,0.018836879102269322,35.18903223483886,,1.2645772080484297,0.0001728727782775681,,0.00025
774,0.018667553992647874,0.017090784483834318,21.023591392918636,,0.889022835630843,0.01891706549301514,34.31924040396463,,1.2699603652891962,0.00016859976135221217,,0.00025
775,0.018753917201569204,0.01710548550870858,21.979086825722142,,0.8869592468406474,0.018873126263904198,35.16971521200272,,1.267010590681033,0.00017277787974829203,,0.00025
776,0.018834439057268594,0.017134635219056355,22.664053264417145,,0.8839941464766456,0.01881001761492565,35.55853225407656,,1.2627739143879104,0.00017468801702789653,,0.00025
777,0.018705082469080623,0.01707676317738859,21.710919932315225,,0.886694729548931,0.018867496240712597,35.20714280003048,,1.2666326300342492,0.00017296174985541538,,0.00025
778,0.01862247003928611,0.017041195772196118,21.083656311035156,,0.8859504137791336,0.018851644759407954,35.61090488473657,,1.2655684716955549,0.00017494530748440808,,0.00025
779,0.018821547101987034,0.017118377758092003,22.708921733655426,,0.8854472091101501,0.01884094552827742,35.32984249775992,,1.2648501996422141,0.0001735645353341051,,0.00025
780,0.018771872169485216,0.017160771855790364,21.481336392854388,,0.8832748163269522,0.01879474184114661,34.55866209751262,,1.2617484050531953,0.00016977596571803114,,0.00025
781,0.018756689405754992,0.017166698008383576,21.199885318153783,,0.88423811882577,0.018815187884557435,36.24054739861356,,1.263121010374476,0.00017803854545609126,,0.00025
782,0.018796704709529877,0.017172997082142455,21.64943454140111,,0.8928604569026145,0.018998673283291783,36.09367924170793,,1.2754389454203712,0.0001773170278492602,,0.00025
783,0.01880439949270926,0.017139668919538196,22.196408121209394,,0.8862945508731855,0.018858959654851442,35.873631503617794,,1.266059542960963,0.0001762360017049926,,0.00025
784,0.018867472284718564,0.017212319285853914,22.068706110904092,,0.8855228355910809,0.018842526469781486,36.234357141573824,,1.2649563330724096,0.00017800813464724692,,0.00025
785,0.018833178438638385,0.01712776249960849,22.73887855128238,,0.8834103421867173,0.018797623716314764,34.62482026628524,,1.2619418741323511,0.0001701009802386111,,0.00025
786,0.018785331398248672,0.017145729819802863,21.861353020918997,,0.8844051579762813,0.018818790247312586,34.71580409463256,,1.263362847985184,0.00017054795550862603,,0.00025
787,0.018625895443715547,0.01701288170328266,21.50684989126105,,0.8849750997962446,0.01883094288532451,33.9363487999083,,1.2641786916801032,0.00016671873390790415,,0.00025
788,0.018642926588654518,0.016946644963402497,22.617082896985504,,0.8853617561367005,0.018839080098141305,36.82898138948648,,1.2647249676215313,0.0001809293387622637,,0.00025
789,0.018838176699845416,0.017104938724323324,23.109841296547337,,0.8844268798576519,0.01881921328830131,35.965532461185916,,1.2633912480184117,0.00017668748254581664,,0.00025
790,0.01864534243941307,0.016949378787294814,22.61284717760588,,0.8805804994843958,0.018737438052540117,33.5870030008072,,1.257901426760604,0.0001650025065769799,,0.00025
791,0.018752091025051317,0.017108598282854808,21.913235814947832,,0.880680304489371,0.018739505236828963,35.39289097606289,,1.2580402031535678,0.0001738742729119296,,0.00025
792,0.01862674000623979,0.017027697084765685,21.320571096319902,,0.8861490814883571,0.018855940456498344,33.43926748701824,,1.265856854957118,0.00016427672791536398,,0.00025
793,0.01866739458943668,0.017027765806568295,21.861716722187243,,0.8876238934415172,0.018887286791538123,34.62621232360907,,1.2679612301368888,0.00017010781898357818,,0.00025
794,0.01870720093383601,0.017041303805614774,22.211957429584704,,0.8896658868990371,0.018930683538535442,36.42032015495479,,1.2708745862644248,0.00017892171313288108,,0.00025
795,0.018685836050855487,0.017066825230262782,21.586809861032588,,0.8802268450512414,0.018729905296683322,33.81321782901778,,1.2573957298604657,0.0001661138297182179,,0.00025
796,0.018666283080452366,0.01711999075977426,20.617228257028682,,0.8790489368246673,0.018704837565320022,33.8831827353502,,1.2557128565157145,0.00016645754555725826,,0.00025
797,0.018691898960816234,0.01705483543245416,21.827511536447627,,0.8803646731072967,0.018732846178761035,33.55998303172294,,1.2575931602536239,0.00016486976586693717,,0.00025
798,0.01861204599079333,0.016979303456058626,21.76989665784334,,0.8797918174885873,0.018720611882859804,34.96608876873881,,1.2567718346152725,0.0001717775263216081,,0.00025
799,0.01883793975177564,0.017058157607128744,23.730425985235918,,0.8750059483038839,0.018618746727589456,35.708412178753264,,1.2499333157210426,0.00017542433051370026,,0.00025
800,0.018729903490135546,0.01698659134930686,23.244164115504216,,0.8749666443750446,0.018617955267648596,34.276241255086205,,1.2498801825986787,0.00016838851989832461,,0.00025
801,0.018799701803608945,0.017080563120543957,22.92184879905299,,0.877061961215938,0.018662558566141536,33.77950825337115,,1.2528745382120328,0.00016594822505032873,,0.00025
802,0.018579299120526565,0.01691400406784133,22.20393311349969,,0.8788462893535679,0.018700438819270873,36.640264585627534,,1.2554175552629143,0.000180002231759916,,0.00025
803,0.018638493591233304,0.01701400512339253,21.65984535217285,,0.8846334937074644,0.01882358015180582,36.916290518706354,,1.2636844088986445,0.00018135826137759758,,0.00025
804,0.018629138995158046,0.017011203165901333,21.572476939151162,,0.8766061471930908,0.01865281049580268,35.325426548989014,,1.2522201204867798,0.00017354284115031333,,0.00025
805,0.01865530131678832,0.017030321796865838,21.66638795953048,,0.8805772342210924,0.018737319235074518,35.160032950595756,,1.2578934501813575,0.00017273031380734026,,0.00025
806,0.01873946493785632,0.016957063227891922,23.765355662295693,,0.883030300242179,0.01878949980514343,35.796024294067344,,1.2613964911709963,0.00017585474160554396,,0.00025
807,0.018712179931370837,0.016988989112800675,22.975877059133428,,0.8728500643868758,0.01857285921090888,36.0574768916645,,1.2468527466196988,0.00017713917695553802,,0.00025
808,0.018705249224838457,0.016954139610262292,23.34812575892398,,0.8773859195683568,0.018669375816278824,36.21834957927913,,1.2533322010285946,0.00017792949446899853,,0.00025
809,0.01844370453373382,0.016853762790560722,21.199220556961862,,0.8783495972508532,0.018689972071586493,33.36521386801574,,1.2547148905331467,0.00016391292550178708,,0.00025
810,0.018499378899210377,0.016954275877460054,20.6013731705515,,0.8725376704597911,0.018566308752515585,32.95847051187969,,1.2464129943474962,0.000161914721812867,,0.00025
811,0.018540869025807632,0.016869918541296533,22.279338033575762,,0.8758435175614817,0.018636620862279667,34.08512764686215,,1.2511332609571992,0.00016744963814108112,,0.00025
812,0.018555669113993645,0.016952571017961753,21.37464182000411,,0.8830849835889674,0.01879056002076251,39.09393877840407,,1.2614676666826206,0.00019205637044331228,,0.00025
813,0.018667494191935186,0.01690170644341331,23.543836392854388,,0.877114915512081,0.018663604002442602,36.375482595420785,,1.2529447215429135,0.00017870144013883848,,0.00025
814,0.018625821232011442,0.016883624325457373,23.22929352208188,,0.8728505630291189,0.018572877518123844,35.812077539817324,,1.246853975638936,0.0001759336062124093,,0.00025
815,0.018485629833058306,0.016852006414218954,21.78164421884637,,0.8724480045296432,0.018564367485557166,34.01715376486372,,1.2462826711693822,0.00016711570358576405,,0.00025
816,0.018969044285385234,0.016982467011793664,26.487694489328486,,0.8734185388035585,0.01858488460686989,38.33954907629762,,1.247660048167237,0.0001883502883084926,,0.00025
817,0.019762265054803146,0.01705233889975046,36.132345500745274,,0.8866592094130047,0.018866166750933687,53.49770880575054,,1.2665433773261112,0.0002628176157563705,,0.00025
818,0.018898692864336465,0.01695400094123263,25.929225218923467,,0.8761061551453597,0.018642174632382304,35.20366167394052,,1.2515061025013003,0.00017294464816490314,,0.00025
819,0.018503118404432348,0.01683590536643016,22.229503631591797,,0.8793943957644398,0.018712065446588932,37.817296220882,,1.2561980862539064,0.00018578462235108368,,0.00025
820,0.018586455893359687,0.01679693745743287,23.860244750976562,,0.876293669250817,0.018646117540889094,36.71299435488212,,1.2517708019880909,0.00018035953051114676,,0.00025
821,0.01853160452293722,0.01683364538966041,22.63945288407175,,0.8719219354859761,0.018553183018977532,33.69426865638849,,1.245531823778793,0.00016552946940364563,,0.00025
822,0.018584576190302248,0.016892821626051477,22.556726756848786,,0.8752665086534164,0.01862427033280293,36.37933557807884,,1.2503041322040327,0.00017872036864509315,,0.00025
823,0.01874776566891294,0.016947193071246147,24.00763632121839,,0.8700523082940602,0.01851336470903157,34.75282924404461,,1.2428586990564177,0.00017072984855991222,,0.00025
824,0.018407196002571208,0.01683357519734847,20.981610147576582,,0.8686009422103396,0.018482530920459185,33.13143323948943,,1.2407887326859415,0.00016276443393512194,,0.00025
825,0.018275940300602662,0.01670590268546029,20.93383246973941,,0.8739436016377553,0.018596197246174912,33.89284826958081,,1.2484195001842264,0.00016650502932279152,,0.00025
826,0.01828571085474993,0.016780805823050048,20.065400474949886,,0.8668863923290048,0.018445971240336267,35.509075818970565,,1.2383343697330353,0.00017444505293376004,,0.00025
827,0.018430130556225777,0.016782636705197786,21.96658084267064,,0.8733355151037632,0.018583141535799052,37.585500647573966,,1.2475430304842001,0.00018464588274373156,,0.00025
828,0.01871081147538988,0.01686591478554826,24.598621669568512,,0.877863541737604,0.018679194526402633,47.21719754904802,,1.2539913610182931,0.00023196341599594682,,0.00025
829,0.018782717224798705,0.01687647760110466,25.416525790565892,,0.8705747754008927,0.018524473516554018,35.04417672153969,,1.2436044672234912,0.00017216114816322645,,0.00025
830,0.018273471413474334,0.016740861887994566,20.434792769582646,,0.8678118234805887,0.018465765277950554,32.28424638743808,,1.2396632039144504,0.0001586024682448764,,0.00025
831,0.018320258020570402,0.016815506313976488,20.06335399025365,,0.8697837896784184,0.01850770433059399,33.043192183785344,,1.2424787005692888,0.0001623309330546229,,0.00025
832,0.018288800394848773,0.01679169832679786,19.96135942559493,,0.8677962200349724,0.018465392947425094,33.56903753935763,,1.239638208229454,0.00016491424784871768,,0.00025
833,0.018268062586062832,0.01678689485905986,19.74890186912135,,0.8683348027017168,0.018476812796133366,34.87731532934871,,1.2404048575410218,0.0001713414100055297,,0.00025
834,0.018420389804400895,0.01679046814771075,21.73229327954744,,0.8712765861430491,0.018539428224675827,34.39422065878213,,1.244608422440339,0.00016896811603954082,,0.00025
835,0.01834309081497945,0.016758732399658152,21.124780454133685,,0.8680473952099043,0.018470761276657865,32.82303900320021,,1.2399986005617616,0.0001612493889041499,,0.00025
836,0.018330803827235575,0.016754750554498873,21.014042101408307,,0.8677919274815973,0.018465279278481784,34.28087230173823,,1.2396305772862286,0.00016841127079115183,,0.00025
837,0.018667799861807572,0.016755883434885425,25.492218419125205,,0.8691670472045154,0.018494201022459435,45.13455962490071,,1.2415721822650885,0.00022173206317865841,,0.000125
838,0.01841082629796706,0.0167076607283793,22.708871640657122,,0.8645971196060385,0.018397370184279067,31.87452634251465,,1.235071632448194,0.00015658964100912767,,0.000125
839,0.018077689272008444,0.016693808824608202,18.451735295747454,,0.8635146670111179,0.01837435732956245,31.19170008521986,,1.23352670924681,0.00015323512783605562,,0.000125
840,0.017859595288571558,0.01651503719193371,17.92744009118331,,0.8598418111199222,0.018296211183542212,30.8366174827763,,1.2282805198638718,0.00015149071737336395,,0.000125
841,0.01801563211177525,0.016670154456637408,17.93969922316702,,0.8635522854968525,0.01837515641636765,31.23708581625793,,1.2335803543838637,0.00015345809382632066,,0.000125
842,0.017931268305370684,0.01660040123878341,17.744893877129805,,0.8589317885651666,0.01827682488133981,31.51554370189545,,1.226979058205579,0.00015482607087104872,,0.000125
843,0.018037213208644015,0.016657445187631407,18.396908810264186,,0.862899049681701,0.018361239201038444,31.764831672666183,,1.23264604922592,0.00015605074519032847,,0.000125
844,0.018131771173916365,0.016720001928900417,18.82359334042198,,0.8656744493395464,0.018420312730668614,31.32323385387117,,1.2366118356369122,0.00015388131235946967,,0.000125
845,0.017986000858639415,0.016622323052663552,18.182370537205745,,0.862244503884226,0.018347335994341393,30.9570619412665,,1.2317126845102246,0.0001520824235626215,,0.000125
846,0.017951271741798048,0.01660759952899657,17.91562983864232,,0.8631895582541689,0.018367446909392612,30.94306964326277,,1.2330627916414907,0.000152013683751471,,0.000125
847,0.018006339473159688,0.016651115821380364,18.069646734940378,,0.8627769783552266,0.018358668759991106,30.89752837580328,,1.2324734876701842,0.00015178995365910974,,0.000125
848,0.01793068534645595,0.01657842967267099,18.030076227690046,,0.8611266912227098,0.01832355609239007,30.73962193917702,,1.230116267085979,0.0001510142084148155,,0.000125
849,0.017876803188731794,0.016529023451240438,17.970394134521484,,0.8642895869506918,0.018390843061261226,31.329904530107388,,1.2346334467509947,0.0001539140833185074,,0.000125
850,0.017971533301629518,0.01661597952050598,18.074050250806305,,0.8603542201610129,0.018307111474430482,30.952083743321325,,1.229012289672637,0.000152057967223389,,0.000125
851,0.0178627899210704,0.01654361835435817,17.588952215094317,,0.8616241506313455,0.018334125946066183,31.24771010651718,,1.2308258536357812,0.000153510287662232,,0.000125
852,0.017968374892677132,0.016616516011325938,18.024783887361224,,0.8634799713114617,0.018373600828613838,31.77159515803324,,1.2334759230283345,0.00015608397209178,,0.000125
853,0.017903355391401993,0.016534452620697648,18.25203494021767,,0.8618675709833757,0.018339316567211814,30.9062677516723,,1.2311743158816097,0.00015183288749647152,,6.25e-05
854,0.017801669867415177,0.01649231105846794,17.458118739881012,,0.8604416331560012,0.018308983335219815,30.57780396984543,,1.229137953402705,0.00015021924702608225,,6.25e-05
855,0.017828040413166348,0.01654902041742676,17.053598905864515,,0.858833699003109,0.018274760403154573,30.78732388867383,,1.226840463481613,0.0001512485532664652,,6.25e-05
856,0.017857640981674194,0.016590096693682044,16.900587784616572,,0.8587451836356536,0.0182728984149956,30.09883316431407,,1.2267154625313648,0.0001478662123272742,,6.25e-05
857,0.01782718192982046,0.016556125673416414,16.947416707089072,,0.8582842127367725,0.018263086988056898,30.165893645513627,,1.22605679148412,0.00014819565962836026,,6.25e-05
858,0.0177556742963038,0.01648744808411912,16.909683227539062,,0.8594946193318735,0.018288850384330237,29.96490200007456,,1.2277863669383289,0.00014720825014446912,,6.25e-05
859,0.01779688522219658,0.01653197015586652,16.86553312602796,,0.8590314894640186,0.018278983801318892,30.325751282156954,,1.2271239930955216,0.00014898099051188646,,6.25e-05
860,0.017825786808603687,0.016545626481896954,17.068802733170358,,0.8610679595773175,0.018322299623337687,30.952524530850866,,1.2300319164821643,0.0001520601326755206,,6.25e-05
861,0.017837774008512497,0.016551351370780093,17.15230063388222,,0.8588224401620431,0.01827453874486355,30.2157275367416,,1.2268255828837558,0.00014844047804710704,,6.25e-05
862,0.01775661042254222,0.016485922871843764,16.9424981568989,,0.8589096947022031,0.018276389633072147,30.402656031076802,,1.2269498386604443,0.00014935879964058852,,6.25e-05
863,0.017848631269053408,0.01652836838835164,17.60350503419575,,0.8582902784732838,0.01826320594551253,30.488563131060676,,1.2260647774613247,0.0001497808345220502,,6.25e-05
864,0.017779279402212092,0.016505512703014046,16.98355739995053,,0.8580074387382279,0.018257190921216186,30.36990948995713,,1.2256609705148707,0.00014919792606200987,,6.25e-05
865,0.017793384919825354,0.016523111807672602,16.936970961721318,,0.8591366011525718,0.018281224720644446,30.19266670273317,,1.2272744328519583,0.00014832718733715427,,6.25e-05
866,0.017837131101834148,0.016568846706497043,16.910455904508893,,0.8570415188195384,0.018236626687332155,30.68063363176606,,1.2242804307062571,0.00015072441719464298,,6.25e-05
867,0.017734488178240627,0.016464965859133946,16.926963906539115,,0.857843457499326,0.018253710266831903,30.088753507321936,,1.2254273035587064,0.00014781669410532692,,6.25e-05
868,0.01782365241333058,0.016552598068588657,16.947388247439736,,0.8572625939213825,0.018241344349932298,30.25814650748238,,1.224597141800861,0.00014864886926612932,,6.25e-05
869,0.017859948308844315,0.016575930640101433,17.120235041568154,,0.8592198093925777,0.01828299229441503,30.290646405044164,,1.227393095476042,0.00014880853116156731,,6.25e-05
870,0.017887333015862265,0.016601839445923503,17.139912404512103,,0.859636729936912,0.018291851511747843,30.6964852245561,,1.2279878417850987,0.00015080229114319181,,6.25e-05
871,0.017849483968395936,0.01654885057359934,17.341779608475534,,0.8571913995511224,0.018239824079663725,30.426349819648667,,1.2244950814159494,0.00014947519985958303,,6.25e-05
872,0.017834637216047236,0.01655251209280993,17.09500257592452,,0.8575432760303918,0.018247329074904606,29.878929074851808,,1.224998914661181,0.00014678589188406795,,6.25e-05
873,0.017880433386093693,0.016609522416011283,16.945479744359066,,0.8578317903178933,0.018253445542718464,30.613269471425355,,1.2254095318206994,0.0001503934780123229,,6.25e-05
874,0.017861849873473768,0.016576737655620826,17.13482510416131,,0.8569684377940093,0.018235078460535695,30.460122268021443,,1.2241764935142698,0.00014964111340163427,,6.25e-05
875,0.017756404649270207,0.0164793255787931,17.02772125444914,,0.8570813806278741,0.018237487651583263,30.275151088444208,,1.2243382298651828,0.00014873240748720628,,6.25e-05
876,0.017745966483887873,0.016450037297449614,17.27905700081273,,0.8574229789975503,0.018244751482884965,30.443523308571653,,1.2248258730388406,0.0001495595678729749,,6.25e-05
877,0.017763861356989333,0.016495467016571445,16.911925667210628,,0.8575195614685824,0.018246807180213955,30.42914166665241,,1.2249638782771166,0.0001494889153361793,,3.125e-05
878,0.017634523983456586,0.016386470904475765,16.640707467731676,,0.8555773342040488,0.01820549408633283,29.889469695667206,,1.2221904041452079,0.00014683767467800693,,3.125e-05
879,0.017688540839835218,0.016445877716729517,16.568843239232113,,0.8556068212358175,0.018206107276745043,30.3449504049081,,1.2222315694898103,0.00014907530983468946,,3.125e-05
880,0.017689220803348643,0.016431061943110666,16.775451208415785,,0.8558105762753253,0.01821044815913656,30.184384818816117,,1.222522986178601,0.00014828650101555958,,3.125e-05
881,0.01772145623047101,0.016457329112056055,16.855028303045977,,0.8569024988166767,0.018233693363234802,29.8841242835256,,1.224083507703397,0.0001468114143295611,,3.125e-05
882,0.017740132238127683,0.016497122663024225,16.57345902292352,,0.8561264633597004,0.018217170853784395,30.161703336901333,,1.2229743011964531,0.0001481750739445366,,3.125e-05
883,0.017666224488302282,0.016422281384860214,16.585905978554173,,0.8567792295984388,0.018231064526345504,30.06601691897838,,1.2239070258564926,0.000147704996313547,,3.125e-05
884,0.017683318374972595,0.016446755463747603,16.487502248663652,,0.8561624501223649,0.018217935916345605,30.184822172018343,,1.2230256621821232,0.00014828864959590848,,3.125e-05
885,0.017648849538282343,0.01640570693110165,16.575234664113896,,0.8562797789716065,0.018220441375353284,29.906271499814302,,1.2231938612951294,0.00014692021671961806,,3.125e-05
886,0.017733509897401457,0.016474351679023943,16.78877659847862,,0.8564035644767902,0.018223059844091952,30.405281477223834,,1.2233696470964255,0.0001493716976414948,,3.125e-05
887,0.01776402129938728,0.01651895183481668,16.60092464246248,,0.8556262108496359,0.018206534681126783,29.87307105920983,,1.2222602624509338,0.00014675711327394696,,3.125e-05
888,0.017642336456399215,0.016406082499184106,16.48338518644634,,0.8579819656369304,0.018256652956929024,30.239314554936726,,1.2256248553297278,0.00014855635373642586,,3.125e-05
889,0.01771599191584085,0.016463972039912875,16.69359668932463,,0.8556272269929008,0.018206558553501038,29.801355757856953,,1.2222618650763062,0.00014640479828821083,,1.5625e-05
890,0.01766775715115823,0.016435767670995312,16.42652546732049,,0.8558723670970705,0.018211775834970557,29.776711976934656,,1.2226121171110784,0.0001462837310520655,,1.5625e-05
891,0.017670078595217905,0.016442027237070233,16.374017564873945,,0.855227446417782,0.018198045414488884,29.990346062312558,,1.2216903520615827,0.00014733324891398332,,1.5625e-05
892,0.017714931923700005,0.0164877456661902,16.362482572856702,,0.8557278808415527,0.01820870244862403,29.73722985909774,,1.2224057913017845,0.00014608976767855754,,1.5625e-05
893,0.017630294847645257,0.01640360081862462,16.355917679636104,,0.8554685881692324,0.018203178306411757,29.943566972046323,,1.2220349387684253,0.00014710343778289985,,1.5625e-05
894,0.017718811617477945,0.016488044571719672,16.410226621125872,,0.85531976246884,0.018200015996396986,29.795086354476485,,1.2218226432417751,0.0001463739986579939,,1.5625e-05
895,0.01757628205967577,0.016360906001768614,16.205014680561266,,0.8558072232364625,0.01821038963922936,29.77523699327259,,1.222519057558554,0.00014627648491577296,,1.5625e-05
896,0.017657070567733364,0.01643703608332496,16.267127288015264,,0.855083705038934,0.01819499315997101,29.78247398822442,,1.2214854448964676,0.00014631203802264317,,1.5625e-05
897,0.017718663635222537,0.01649981403821393,16.25132851851614,,0.8558814802223154,0.01821196722208369,29.857621066742595,,1.2226249655123378,0.00014668121226296278,,1.5625e-05
898,0.01760183382583292,0.01637125755415151,16.407684978685882,,0.855501546084649,0.018203881014894334,29.89976151736857,,1.2220821137344133,0.00014688823519922782,,1.5625e-05
899,0.017654097099837503,0.016424600672172874,16.39328630347001,,0.8549347216654335,0.018191818829330682,29.910294043850694,,1.2212723423885214,0.0001469399782282232,,1.5625e-05
900,0.017672186031153326,0.016447497580788638,16.329179763793945,,0.855463633736772,0.018203080247097714,29.708585247271508,,1.2220283557472729,0.00014594904560367818,,1.5625e-05
901,0.017671711938945872,0.01644053520928872,16.41569027147795,,0.8556166075995019,0.01820633367432824,29.766333826233634,,1.2222467682508213,0.00014623274642330117,,1.5625e-05
902,0.017656082581532628,0.016434400636506707,16.28908829939993,,0.8556679479489824,0.018207420334360663,29.952779841382743,,1.2223197190566548,0.0001471486977465006,,1.5625e-05
903,0.017612909898161888,0.01638600994881831,16.358663257799652,,0.8555291212181916,0.018204470581433114,29.811250760406182,,1.2221216931362622,0.00014645340936027252,,1.5625e-05
904,0.017732728958914156,0.016498861785389875,16.451561174894636,,0.8551405199529333,0.0181961987844956,29.890246057287577,,1.2215663821518898,0.0001468414887013471,,1.5625e-05
905,0.017674246018654423,0.016452911751050698,16.28445806001362,,0.855327131323631,0.01820017237711384,29.808679924652132,,1.2218331415567687,0.00014644077964325354,,1.5625e-05
906,0.017688349771656488,0.016467657969578317,16.27588819202624,,0.8549582764006719,0.018192321067272827,29.878402939206836,,1.2213060591550413,0.00014678330714317227,,1.5625e-05
907,0.017776362695976308,0.016544522227425324,16.42453770888479,,0.855027217704263,0.01819378756655532,29.89597748463357,,1.2214045097294806,0.0001468696454225148,,1.5625e-05
908,0.01769039319141915,0.01647086490533854,16.260377131010358,,0.8551881903224028,0.018197213581867183,29.877935944452997,,1.2216345085978857,0.00014678101294309315,,1.5625e-05
909,0.01769131088727399,0.01645897441592656,16.43115400013171,,0.8548861260928907,0.018190787900144792,29.80921174081707,,1.2212031329645765,0.00014644339229077827,,1.5625e-05
910,0.017664638298906778,0.016444780128566844,16.26477256574129,,0.8545649422155881,0.018183945695858423,30.048570152257685,,1.2207437948997955,0.00014761928577127238,,1.5625e-05
911,0.017688573975312084,0.016457558560528253,16.413536573711195,,0.8545594382739509,0.018183835919971244,29.8143275699223,,1.2207364253093145,0.00014646852476912298,,1.5625e-05
912,0.01764680861838554,0.016420368252224045,16.352536452443974,,0.8558866911294887,0.018212078536379846,29.843982353707244,,1.2226324383809104,0.00014661420950486427,,1.5625e-05
913,0.017668295749708227,0.01644636009280619,16.292478962948447,,0.8548664384834821,0.018190366961598953,29.8727298806351,,1.221174874074759,0.0001467554371696509,,1.5625e-05
914,0.01768674172068897,0.016454450884147695,16.430545907271537,,0.854914732499163,0.018191398012628018,29.765316291480666,,1.2212440916784082,0.0001462277475913195,,1.5625e-05
915,0.0176050423791534,0.0163844537578131,16.274516657779092,,0.8560946405805818,0.018216503146883625,29.859671158017427,,1.222929475993521,0.00014669128372420782,,1.5625e-05
916,0.0176127167712701,0.016389952237276656,16.303525171781843,,0.8550672062091246,0.018194641704255467,29.794128759088164,,1.221461850601197,0.00014636929428948103,,1.5625e-05
917,0.017654835540605218,0.01642550464327398,16.391077593753213,,0.854462304852426,0.018181765800335852,29.914744189890303,,1.2205974518575746,0.0001469618404125673,,1.5625e-05
918,0.017707533546184238,0.016476424901108993,16.414780466180098,,0.8544402115802312,0.018181300926770234,29.74687624835674,,1.2205662434757343,0.00014613715739079575,,1.5625e-05
919,0.01767304990636675,0.01645145991719083,16.287867244921234,,0.8549462759090245,0.018192071188768984,29.70340251192585,,1.221289284048134,0.00014592358443576932,,1.5625e-05
920,0.017640484889086924,0.016417767607459898,16.302896850987484,,0.8549744268347613,0.018192665074259495,29.8678632526301,,1.2213291533943995,0.0001467315289388575,,1.5625e-05
921,0.017571095083104938,0.01633988075742596,16.41618994662636,,0.8544584623701605,0.01818168421096019,29.90908433372072,,1.2205919745136729,0.00014693403529834428,,1.5625e-05
922,0.017601864853579747,0.01637730046518539,16.327524687114515,,0.8546934453657329,0.018186688997930626,29.768193677732896,,1.2209279611439203,0.00014624188329565718,,1.5625e-05
923,0.017657357219018434,0.01643061206529015,16.356602166828356,,0.8543323582305474,0.01817900323037635,29.830070593826623,,1.2204119921013454,0.00014654586535248055,,1.5625e-05
924,0.017669034435560827,0.016439084306751426,16.399332749216182,,0.8547982296711265,0.01818891389913748,29.9237212175308,,1.221077325555141,0.00014700594175921788,,1.5625e-05
925,0.017591604570809164,0.01637261434409179,16.253200280038936,,0.8540206465809378,0.01817236836169714,29.88546800997376,,1.2199665731089226,0.0001468180156399577,,1.5625e-05
926,0.01766980802150149,0.016436890061748654,16.43890697077701,,0.8549161542428024,0.01819141179979446,30.290379316316873,,1.2212450172529874,0.0001488072190376639,,1.5625e-05
927,0.017695860692152853,0.01646403865398545,16.424293819226715,,0.8542447892176568,0.018177135605211347,29.963434673111745,,1.2202866127216712,0.00014720104162316026,,1.5625e-05
928,0.017662921332215007,0.016436556991385787,16.35152324877287,,0.8545940359705618,0.01818457525473476,29.715289193174335,,1.2207860591093715,0.0001459819800062474,,1.5625e-05
929,0.017584611906817083,0.016361273629100698,16.311174794247275,,0.8544448070725494,0.018181396497002247,29.817677447141456,,1.2205726593972102,0.0001464849816747264,,1.5625e-05
930,0.017646587894935357,0.01641807881625075,16.38012113069233,,0.8545624144870159,0.01818390193675204,29.72875150822185,,1.220740857217376,0.00014604811617585788,,1.5625e-05
931,0.017555679341680126,0.01633556956719411,16.268132059197676,,0.8547321384112847,0.0181875078666606,29.911926841223877,,1.2209829343019836,0.0001469479996542284,,1.5625e-05
932,0.017703672282789882,0.016477345341914577,16.351023724204616,,0.855111327314196,0.01819558610626914,29.618184113647086,,1.2215252511918808,0.0001455049329317297,,1.5625e-05
933,0.017602905140895592,0.016375774811757237,16.361735243546335,,0.8539540286829541,0.018170952442146483,29.83159652525654,,1.2198715181063147,0.00014655336177932146,,1.5625e-05
934,0.017741745337843895,0.016513754662714507,16.373208849053633,,0.8545466031931676,0.018183566142513923,29.707534942680045,,1.2207183143249036,0.00014594388578366516,,1.5625e-05
935,0.017664059702503055,0.016437496891931483,16.35416979538767,,0.854940982462668,0.018191952100211576,29.90892373720331,,1.2212812892696667,0.00014693324633756918,,1.5625e-05
936,0.017608224463305976,0.01637891523147884,16.390792445132607,,0.8545124698397751,0.018182838029914307,29.763812306221418,,1.2206694339029733,0.00014622035897919402,,7.8125e-06
937,0.01763802100169031,0.016411795673009596,16.349668553001003,,0.8542235397608581,0.018176690193963625,29.747541452641634,,1.2202567109046547,0.00014614042533269548,,7.8125e-06
938,0.017623989303645334,0.016409338353887984,16.195343820672285,,0.8540096014910667,0.01817214016609382,29.66735084147633,,1.2199512536413308,0.00014574647378405933,,7.8125e-06
939,0.017669917917565295,0.016452385896914883,16.233759779679147,,0.853973470679434,0.01817136935320132,29.72984508871262,,1.2198995066183642,0.00014605348859691363,,7.8125e-06
940,0.017640466164601475,0.016421731414371414,16.24979445808812,,0.8542954121377431,0.018178221795647573,29.67806741126857,,1.2203595320020784,0.00014579912096063488,,7.8125e-06
941,0.017648562200759586,0.016427094312874896,16.286236210873252,,0.8540930164001523,0.018173915930762657,29.644387329462592,,1.2200704661454234,0.00014563366118681788,,7.8125e-06
942,0.017592801075232655,0.0163764568830007,16.217924067848607,,0.8541140286203143,0.018174359558433672,29.756182254101436,,1.22010024822549,0.00014618287490462267,,7.8125e-06
943,0.017569305571286303,0.016351035305936085,16.243602752685547,,0.8541267034129895,0.01817463105576853,29.699377755638096,,1.2201184746705311,0.00014590381205906083,,7.8125e-06
944,0.017598808399940793,0.016372814137292534,16.346588335539167,,0.8545939382543224,0.018184574602929316,29.669770432580403,,1.220786015351682,0.00014575836048312128,,7.8125e-06
945,0.01764067791794476,0.01642214095121936,16.247160208852666,,0.8540448696798422,0.018172890420820525,29.67506244009799,,1.2200016205318582,0.00014578435847124798,,7.8125e-06
946,0.0177351629949714,0.016509095010788816,16.347569967571058,,0.8545105733013804,0.018182800392594248,29.677069152511958,,1.2206669071947611,0.00014579421682563214,,7.8125e-06
947,0.017682031875378208,0.016461431686031192,16.27466748890124,,0.8540116836677177,0.018172181189839414,29.772074300923563,,1.219954007690629,0.00014626094759125763,,3.90625e-06
948,0.017590383263795,0.01637853579105515,16.157964505647357,,0.8544144529283408,0.01818075510045029,29.673216181230874,,1.2205296004883261,0.00014577528837526898,,3.90625e-06
949,0.017673374447775513,0.01645586477886689,16.233463688900596,,0.8539138206912052,0.018170101196462632,29.692306577525304,,1.2198143713844822,0.00014586907355878335,,3.90625e-06
950,0.01758836376431741,0.016375848778376455,16.16686815964548,,0.8540213228680182,0.018172388756170887,29.69404995409439,,1.219967942252215,0.00014587763822600895,,3.90625e-06
951,0.01762893511668632,0.01641983803557722,16.121296581469085,,0.8540329715970242,0.018172636332246084,29.70378835173532,,1.2199845627900574,0.0001459254799468305,,3.90625e-06
952,0.01761700065904542,0.016398616086103414,16.2451262725027,,0.8542704492852998,0.01817769058680532,29.67828291227358,,1.2203238703305783,0.0001458001796500927,,3.90625e-06
953,0.017560971508684912,0.01634450119576956,16.219603387933027,,0.8538816042605678,0.018169415545654363,29.69532727450947,,1.2197683415522522,0.00014588391330420467,,3.90625e-06
954,0.017576927417203,0.01636604445153161,16.14510847392835,,0.8541562461840714,0.018175260506874763,29.674197272522477,,1.2201607316451712,0.00014578010817185193,,3.90625e-06
955,0.01762196892186215,0.016406388512175334,16.207734208357962,,0.8539765095727834,0.01817143621955125,29.659709562375017,,1.2199039955605957,0.00014570893455481817,,3.90625e-06
956,0.017614886066631266,0.0164022530968252,16.168437104476126,,0.8538947839139817,0.01816969432432261,29.748909051760325,,1.2197870568154359,0.00014614714392210257,,3.90625e-06
957,0.017645561479424175,0.016426285630778262,16.25700985757928,,0.8538144098509848,0.01816798584856621,29.689588363014902,,1.219672361621486,0.00014585571981574116,,3.90625e-06
958,0.017560688876792005,0.016344336400690832,16.21803258594714,,0.8538173418764253,0.01816804615167977,29.75621375066763,,1.2196764099536201,0.00014618302963746295,,3.90625e-06
959,0.017561786268886766,0.01635078242734859,16.146716669986123,,0.8539172226450009,0.018170173854252042,29.683849785813564,,1.2198192491237287,0.00014582752796955638,,3.90625e-06
960,0.017640519495073118,0.01642788221177302,16.168494274741725,,0.8540806618618897,0.0181736521954677,29.67099235038632,,1.2200527607898202,0.00014576436338551785,,3.90625e-06
961,0.017649342158907337,0.01642995744355415,16.258462002402858,,0.8538659974007773,0.01816908403000048,29.67639727847976,,1.219746085894203,0.0001457909161173369,,3.90625e-06
962,0.017597351125196406,0.016388411486619396,16.11919197283293,,0.8540240405057288,0.018172446631309184,29.692627373693572,,1.2199718275869567,0.0001458706495306515,,3.90625e-06
963,0.017603550498422823,0.016401562447610655,16.026507628591435,,0.8539517296996814,0.018170908235294207,29.68126162293773,,1.2198685503653464,0.00014581481312977353,,3.90625e-06
964,0.017658270650396223,0.016443693716275066,16.194357370075426,,0.8540254053237675,0.018172476119579856,29.678427199149347,,1.2199738072246022,0.00014580088848666756,,3.90625e-06
965,0.017626729254659853,0.016418079012318662,16.115338476080645,,0.8540707943482574,0.018173441702307593,29.687426212969516,,1.2200386297412915,0.00014584509784458538,,3.90625e-06
966,0.017569905784177154,0.016357231002889182,16.16899891903526,,0.8539060035656092,0.01816993409428697,29.716414137689622,,1.2198031533052236,0.00014598750650900735,,3.90625e-06
967,0.017525965936089818,0.016311657467955036,16.190780689841823,,0.8540382598570726,0.01817275030857491,29.657754352545687,,1.219992214369011,0.00014569932921662483,,3.90625e-06
968,0.01754514843617615,0.0163378180739911,16.097740775660466,,0.8540920294915136,0.01817389422008633,29.667011838557055,,1.2200690086414332,0.00014574480836808233,,1.953125e-06
969,0.01744725089520216,0.016238317334730374,16.119114072699297,,0.8541265635105334,0.01817462908924189,29.667155621053922,,1.2201183426515934,0.00014574551472680043,,1.953125e-06
970,0.01758869688369726,0.016378620247307577,16.13435579601087,,0.8540074487466083,0.018172094436387013,29.664798221385247,,1.2199481836664883,0.0001457339335549309,,1.953125e-06
971,0.01759145506902745,0.016378113068640232,16.177892132809287,,0.8539633938770115,0.01817115656576013,29.67742777804587,,1.2198852215477416,0.00014579597864141595,,1.953125e-06
972,0.017643810838068787,0.016433652441360448,16.135444741500052,,0.853914464795668,0.018170116144657515,29.652709723158875,,1.2198153749024456,0.00014567454652036712,,1.953125e-06
973,0.017613293505028674,0.016398332032718156,16.199488890798467,,0.8539706075949643,0.018171309634490592,29.691363179265345,,1.2198954975189764,0.0001458644389363495,,1.953125e-06
974,0.017671308333152218,0.016464233104335636,16.094336760671514,,0.8539400380743096,0.018170659663363994,29.6741707810636,,1.2198518629727162,0.00014577997802754829,,1.953125e-06
975,0.017663212983231796,0.016447296758231363,16.212215523970755,,0.8539360471821793,0.018170575055314386,29.66406468020624,,1.2198461829760154,0.00014573032989511015,,1.953125e-06
976,0.01767840050160885,0.016477725909728753,16.008992897836787,,0.8538405066061103,0.018168541023479753,29.694571511268332,,1.219709632208526,0.0001458802004742995,,1.953125e-06
977,0.017569766821045624,0.016355037346090142,16.196394067061576,,0.8538802699187646,0.018169387899474743,29.671469948094813,,1.2197664855798034,0.00014576670967461768,,1.953125e-06
