epoch,loss_total,loss_data,loss_cont,loss_mom,val_score,val_data,val_cont,val_mom,norm_data,norm_cont,norm_mom,lr
1,6.572975397109985,0.22474039581261182,126964.703125,,18.31623168232704,0.388307039327538,46454.98805795805,,26.068237152895065,0.22821891766831737,,0.001
2,2.1192261168831275,0.3428625989901392,35527.271484375,,15.139982996392698,0.3214115374266526,24322.383941386444,,21.577337860844676,0.11948831267142224,,0.001
3,1.253728160732671,0.29508511643660695,19172.86107113487,,13.930781039244545,0.29588986710876813,17633.175763969146,,19.863990208077997,0.08662631196649005,,0.001
4,0.9232119478677449,0.2700214103648537,13063.811060855263,,13.181605418549964,0.2801175047986514,12216.703528673017,,18.80514336905715,0.06001686736653573,,0.001
5,0.7413937920018246,0.2564838834499058,9698.19831928454,,12.411902365786425,0.2637972731555429,10341.174964778122,,17.709516388924364,0.050802978464571366,,0.001
6,0.6445916263680709,0.24407133695326352,8010.4061472039475,,11.551101690448206,0.245499061257053,9723.528480985622,,16.48110155495735,0.047768673260210885,,0.001
7,0.5701997829110999,0.22948464045399114,6814.302991365132,,11.008332053989118,0.2340101610151813,7776.074956487194,,15.709816603106551,0.038201439381776066,,0.001
8,0.508877948710793,0.22064982746776782,5764.5625,,10.559618511945876,0.22448239525929514,7115.243491913337,,15.070188597155903,0.03495497978914725,,0.001
9,0.46842269207301895,0.20925941200632797,5183.2657277960525,,10.117921909115859,0.21510747331655194,6342.001713134693,,14.440821463053636,0.031156283261045224,,0.001
10,0.43033600010369955,0.2000927172209087,4604.8658640008225,,9.639538511712868,0.20495261401989812,5544.9498734808385,,13.759094753030844,0.027240615304260918,,0.001
11,0.4066508788811533,0.19254328310489655,4282.151945415296,,9.352662478219202,0.19883525011577147,5950.761734089187,,13.348417436236643,0.029234242845171197,,0.001
12,0.38792788354974045,0.18764703289458626,4005.6171618009867,,9.03338168331955,0.19208629449635214,4508.1051917708955,,12.895339439180333,0.022146919644393918,,0.001
13,0.35195794544721903,0.181926733569095,3400.6243575246713,,8.831896769397295,0.18780271386469746,4381.886991360349,,12.607769592486587,0.02152684885561663,,0.001
14,0.3353485229768251,0.17591856498467295,3188.5991981907896,,8.445705524790661,0.1795873811437188,4295.724932080413,,12.056249223370214,0.021103561438377223,,0.001
15,0.3212127669861442,0.16812533453891151,3061.7486765008225,,8.18330727999356,0.17401425757913233,3956.6818182877273,,11.682108422277285,0.019437947998198805,,0.001
16,0.3030425733641574,0.1633435048555073,2793.9814581620067,,7.963807099823976,0.16934893970663,3778.7365635523847,,11.368911389061912,0.0185637582687935,,0.001
17,0.2900856419613487,0.15963799231930784,2608.953041478207,,7.749078860067034,0.1647663132883538,4201.962084977927,,11.061265685647351,0.020642933712964138,,0.001
18,0.278460631245061,0.1561661394018876,2445.8898861533717,,7.552750622433807,0.1606118668928833,3457.1101352605565,,10.782365014509208,0.01698370759120618,,0.001
19,0.26325494364688273,0.15075195227798663,2250.059878700658,,7.320710386876635,0.15568008347538406,3266.94926928194,,10.451279335669268,0.016049506360493012,,0.001
20,0.2577867335394809,0.14864777891259445,2182.7791426809213,,7.262664157994179,0.15445505979728574,2942.264231366966,,10.369039755841197,0.014454429684472681,,0.001
21,0.24837895992555117,0.1454856740800958,2057.8657933285363,,7.052804570116895,0.1499937833516898,2799.6326336237294,,10.069540646605832,0.013753724976042816,,0.001
22,0.23797705691111715,0.1416781646640677,1925.9779052734375,,6.884608289520169,0.14641804685767099,2690.252862408664,,9.829490538104661,0.013216376156355968,,0.001
23,0.23091052786300056,0.13922371911375145,1833.7362317537006,,6.732238133489842,0.14318550134620037,2376.303265955472,,9.612479888113679,0.011674039367558139,,0.001
24,0.22349388662137484,0.1356173561591851,1757.5306267989308,,6.646408371727972,0.14136030514080988,2336.9046721511054,,9.489948894044963,0.011480486321662008,,0.001
25,0.21687587311393336,0.13278951652740179,1681.7271278782894,,6.503367138569982,0.13832202354948425,2158.5575235019633,,9.285979774151816,0.01060432221237073,,0.001
26,0.20921691703168968,0.1295520522092518,1593.2973247327302,,6.376449845993786,0.1356221660030968,2129.7096067770467,,9.104730093692389,0.010462601363713266,,0.001
27,0.20325548790003123,0.12776325721489756,1509.8446301912006,,6.2962825462031775,0.1339203145705702,1999.4606539192202,,8.990479610829842,0.009822728740959406,,0.001
28,0.19670137998304868,0.12619147685013318,1410.1980847810444,,6.1362395558472995,0.13051835865075645,1881.121675668245,,8.76209592287255,0.009241366121713493,,0.001
29,0.1914164298459103,0.12298910123737235,1368.5465794613488,,6.052939520688175,0.1287459290111168,1875.689634282732,,8.6431073094728,0.009214680190717566,,0.001
30,0.18629112918125956,0.12136119368829225,1298.5987259714227,,5.95615538001443,0.12668927212082162,1783.8315370952007,,8.50503765291649,0.008763409909621923,,0.001
31,0.18094243266080556,0.11874313534874666,1243.9859876130756,,5.862081427765907,0.12468871352941358,1742.1519072870456,,8.370734046447236,0.00855865084280727,,0.001
32,0.17515653920801064,0.11719204171707756,1159.2899619654606,,5.77088002647562,0.12275048187190489,1662.2127141758158,,8.24061463735106,0.008165934432927615,,0.001
33,0.1736769786006526,0.11545548274328835,1164.4299541272615,,5.667249429715437,0.1205474400448626,1592.4954723673297,,8.09271771303946,0.007823435292716828,,0.001
34,0.16733852264128232,0.11305560759807888,1085.658366956209,,5.583444053947057,0.11876453353788877,1578.24290938832,,7.973025755546952,0.007753416880635632,,0.001
35,0.1645335139412629,0.11198621517733524,1050.9460320723683,,5.502214679850949,0.11703805221319317,1512.6982320422787,,7.857121792821604,0.007431416252755369,,0.001
36,0.161583653406093,0.1097335560541404,1037.0019820363898,,5.451049252093079,0.1159488561243124,1525.8027824070407,,7.784000733774823,0.007495794835676211,,0.001
37,0.1575336377871664,0.10812753674231078,988.1220671001233,,5.37367246888123,0.11430603523818028,1406.739833468862,,7.673713151727417,0.00691087557346117,,0.001
38,0.15402643617830777,0.10703398679432116,939.8489829615543,,5.2963796459849375,0.11266103565384776,1414.1142063097257,,7.563279307017682,0.006947103575201799,,0.001
39,0.15241360978076332,0.10557561681458824,936.7598941200658,,5.2090829525074005,0.11080536066164422,1351.2132757308054,,7.438702178930507,0.006638090853486289,,0.001
40,0.14871050338996084,0.10400996514056858,894.0108096474096,,5.159498391944647,0.1097519980286708,1294.3905326008191,,7.367986729187689,0.006358938377547835,,0.001
41,0.14536819803087334,0.102400635418139,859.3512765984786,,5.08217535160502,0.10810779113604328,1255.9865066614784,,7.257606100292406,0.006170271334451245,,0.001
42,0.1432674056605289,0.10138403114519622,837.6675093801398,,5.034779392995212,0.10709990437017282,1234.1400498533262,,7.189943584357913,0.006062946482243259,,0.001
43,0.1404887218224375,0.10023638841352965,805.0467079564145,,4.965589227338213,0.1056287274681582,1196.8573240391456,,7.09117898703824,0.005879788038150637,,0.001
44,0.1385710772715117,0.09892534072461881,792.9147884971217,,4.909742358029983,0.1044413642862443,1163.645170763006,,7.011467671306363,0.005716627051764022,,0.001
45,0.13726333018980527,0.09743636179911463,796.5393773129111,,4.894228396685312,0.10411281861347806,1113.0486863103392,,6.9894113971577925,0.00546806224952571,,0.001
46,0.13411492619075274,0.09615783393383026,759.1418489155017,,4.785023018591202,0.10179280345767473,990.5174397810729,,6.833661696136335,0.004866104319226156,,0.001
47,0.13204686775019295,0.09475429865874742,745.8514115182977,,4.7645882772338535,0.10135836406723028,977.5771808148331,,6.804496453398841,0.004802532848882896,,0.001
48,0.1290758593302024,0.0938173983442156,705.1692537006579,,4.713738672055154,0.10027551314284211,1002.6530381394305,,6.731801364617892,0.004925722742099205,,0.001
49,0.12806486299163417,0.09358595860631842,689.5781185752467,,4.680234960508486,0.09956397323132463,957.7225870052239,,6.684033517840482,0.0047049934004964305,,0.001
50,0.12465375034432662,0.09164297267010338,660.2155633223684,,4.643715843937841,0.0987863276223798,974.6110208558567,,6.631827793756809,0.004787961026915702,,0.001
51,0.12443259436833232,0.0916394124689855,655.8636603104441,,4.600794270158202,0.09787407962586654,939.2071639994929,,6.570585800419414,0.004614032882042156,,0.001
52,0.12183284328172081,0.09052352607250214,626.1863660310444,,4.542503771394563,0.09663452301961384,912.1717362434682,,6.487370580751513,0.0044812162283497225,,0.001
53,0.12003263086080551,0.0892248106630225,616.1564298930921,,4.50488626679974,0.09583493777879344,883.3446166882968,,6.433691982192605,0.004339597549723254,,0.001
54,0.11917989701032639,0.08878323710278462,607.9332146895559,,4.463543183503923,0.09495529311411256,879.395110898919,,6.374638750067607,0.00432019485532471,,0.001
55,0.11756972223520279,0.0881383920970716,588.6266110068873,,4.436078762658728,0.09437126713933688,866.3621703846718,,6.335431303197036,0.004256168069342412,,0.001
56,0.11576714641169498,0.0873210379167607,568.9221625077097,,4.389973308824519,0.09339033889982641,860.5551606119598,,6.269578595448512,0.004227640035203985,,0.001
57,0.11495478608106312,0.08665312905060618,566.0331710012335,,4.336603745256294,0.09225592982734644,819.761284519965,,6.193422250765666,0.004027232401095991,,0.001
58,0.11326776562552703,0.08553220959086168,554.711136667352,,4.329235563289522,0.09209970787844537,801.5618324298747,,6.182934594349514,0.003937824149543437,,0.001
59,0.1117977911704465,0.08468574207080037,542.2410181949014,,4.289784901856234,0.09126114013927668,771.888644048454,,6.126638981652733,0.003792048997739995,,0.001
60,0.11077259402526052,0.08426585519000103,530.1347832930716,,4.243556260498983,0.09027744302136699,770.7842587255699,,6.060600390643161,0.0037866234959023247,,0.001
61,0.10939098659314607,0.08334359605061381,520.9478245785361,,4.216535513086923,0.08970356119983842,735.338506716622,,6.0220739517528195,0.003612489533165552,,0.001
62,0.10744012147188187,0.08233563170621269,502.0898180509868,,4.172236697250356,0.08876097831293275,732.6998760414142,,5.958795484603035,0.0035995267607702385,,0.001
63,0.10692394524812698,0.08205274139579974,497.4240931460732,,4.147530479823037,0.08823592282808708,710.8429082378809,,5.923546906773778,0.0034921502713088637,,0.001
64,0.10538239933942493,0.08083945865693845,490.85882568359375,,4.113704810221593,0.08751618681127953,708.7964010142891,,5.875228830423394,0.0034820964173936323,,0.001
65,0.10476569203953993,0.08079818518538225,479.35013620476974,,4.092695210418823,0.08706988234568074,684.1304936616152,,5.845267048963615,0.0033609204809729597,,0.001
66,0.10318246797511452,0.0798854557307143,465.94027228104443,,4.05990610067613,0.0863720622350307,686.6047093753301,,5.798420254308573,0.0033730755337642226,,0.001
67,0.10221042680112939,0.07929706847981403,458.26717979029604,,4.018763900146308,0.08549745934913072,658.1972912914391,,5.739705492187004,0.0032335187180188704,,0.001
68,0.10156030521581047,0.07873028752050902,456.60035946494656,,4.004293436268188,0.08518944719799092,660.9068902047258,,5.719027696039422,0.0032468301353102496,,0.001
69,0.10066598771434081,0.07850837746733114,443.15222328587583,,3.9560812354542647,0.08416446045119597,630.470126060928,,5.650217206174759,0.003097303773112995,,0.001
70,0.09964444566714137,0.0775664221299322,441.5604890522204,,3.9436667840210853,0.08390073534069768,616.0984246898378,,5.632512534285348,0.0030267000711408747,,0.001
71,0.09857815543287679,0.07670147795426219,437.53358700400906,,3.907328848118161,0.0831279556919417,600.7668492224003,,5.5806334769662,0.0029513808060715706,,0.001
72,0.09737694067390341,0.07623391794530969,422.8604591771176,,3.86904310725139,0.08231340599517507,595.6812823020935,,5.525950268789228,0.00292639699643558,,0.001
73,0.09639971820931685,0.07542772473473298,419.4398787649054,,3.853721822005767,0.08198793371986568,577.8214576600595,,5.504100321195821,0.0028386572289758254,,0.001
74,0.09540329638280366,0.07481866722044192,411.6925867984169,,3.8116703784202195,0.08109354829590296,563.2560654467742,,5.444057496892844,0.0027671019840969906,,0.001
75,0.09423677505631196,0.07413506272592042,402.0342391164679,,3.7847569716900473,0.08052102920252732,557.1912417784874,,5.405622542104173,0.0027373073904206615,,0.001
76,0.09346334008794081,0.07333968187633313,402.47315738075656,,3.769637157763175,0.08019921258099333,559.4702032301414,,5.384018009710375,0.002748503219709335,,0.001
77,0.09234114657891423,0.07291130819603016,388.5967728464227,,3.7401890434454574,0.07957306460104568,543.5547268430712,,5.3419827840231235,0.002670315430903939,,0.001
78,0.09179573623757613,0.07258609505860429,384.1928309390419,,3.711200313221729,0.07895655164911562,532.120095452941,,5.300594387184951,0.0026141406408784654,,0.001
79,0.09105530067494041,0.07209682543026774,379.16952354029604,,3.682342744674862,0.07834281686233092,521.0973096377855,,5.25939249705545,0.0025599891201572474,,0.001
80,0.09018136247208244,0.07141126378586418,375.40200163188734,,3.657643025698037,0.07781811642775965,492.3286651541549,,5.224167754835174,0.0024186577113826397,,0.001
81,0.08964334977300543,0.07114404792848386,369.98606471011516,,3.623165458165577,0.07708447124282768,491.4610887074852,,5.174915913560274,0.0024143955779513176,,0.001
82,0.08841017163113545,0.07037188112735748,360.7658209549753,,3.6080888707867325,0.07676361730533893,492.37420252614066,,5.153376009085759,0.002418881422337749,,0.001
83,0.08783223597626937,0.0702399529124561,351.8456597579153,,3.5756112347778055,0.07607308229077275,473.89873370769686,,5.107018285174128,0.002328117186387468,,0.001
84,0.08705390009440873,0.06949520189511149,351.17398874383224,,3.546924434845761,0.07546272208740655,471.14457124231683,,5.066042941132995,0.0023145868422154376,,0.001
85,0.08665293141415245,0.06928105985647753,347.4374341462788,,3.523377873637677,0.07496165773132377,471.16144242984944,,5.032404961028774,0.0023146697251160567,,0.001
86,0.08532792329788208,0.0681480365364175,343.5977478027344,,3.494246473672742,0.07434263326489128,443.0042690326779,,4.9908479585537435,0.0021763422837380838,,0.001
87,0.0847347061100759,0.06797127072748385,335.26872976202714,,3.466094538111476,0.07374309577682595,458.07539115410486,,4.950599176435336,0.002250382022469862,,0.001
88,0.0836640416007293,0.0670620701030681,332.0394351356908,,3.441647959815048,0.0732234325332141,440.45289866205405,,4.915712596224027,0.0021638081940978425,,0.001
89,0.08270900539661709,0.06644935298122857,325.1930381373355,,3.425558611085517,0.07288133896437705,431.4295409403853,,4.8927468104469565,0.0021194792421582987,,0.001
90,0.08204015069886257,0.06599015115123046,320.9999935752467,,3.400063680293127,0.0723386866547251,435.503136020186,,4.85631690404075,0.002139491548672536,,0.001
91,0.08156533421654451,0.06548014498854939,321.70378996196547,,3.368807407004058,0.07167382828149849,427.0267992816989,,4.811682931459738,0.002097849940803942,,0.001
92,0.08051115862633053,0.06470335431789097,316.1560845626028,,3.3530809528623315,0.07133939438799952,419.99991300108655,,4.789231363075103,0.002063329032531639,,0.001
93,0.08019622689799259,0.06484072184876392,307.11008814761516,,3.3223808373647374,0.07068628322720848,414.31866780307706,,4.7453860167321995,0.0020354188406598766,,0.001
94,0.07964197350175757,0.06432215771392773,306.3963109066612,,3.302340329143265,0.07025976350247853,416.34861956060803,,4.716752445334929,0.00204539136271595,,0.001
95,0.07870357483625412,0.06373578506080728,299.3558060495477,,3.286824024379858,0.06992982079585393,408.7072816039663,,4.694602384037938,0.0020078518443368493,,0.001
96,0.07742822170257568,0.06289255991578102,290.71325763903167,,3.2515865424127517,0.06918015162301165,403.1600068688973,,4.644274803529198,0.0019805998077101956,,0.001
97,0.07743973245746211,0.06299532910710887,288.8880695543791,,3.2370718382849666,0.06887134258713207,401.26103979683927,,4.623543510075938,0.001971270772702541,,0.001
98,0.07641876332069698,0.062221211038137735,283.9510666696649,,3.2141461210845312,0.06838385831816128,389.521355903247,,4.590817202683099,0.0019135973545408322,,0.001
99,0.0756119324972755,0.06152623734976116,281.71389690198396,,3.186948554506295,0.06780485195263396,397.50004414870233,,4.551946737507548,0.001952794170037135,,0.001
100,0.07515590912417362,0.0611988564855174,279.14107794510693,,3.172428100392258,0.06749616827005088,387.70266646876206,,4.531223859403819,0.0019046626986155067,,0.001
101,0.07435271143913269,0.06058478002485476,275.35862972861844,,3.1486143363063945,0.06698967805216523,379.4249568779552,,4.497221624630198,0.0018639968841882232,,0.001
102,0.07410660660580586,0.060485140665581354,272.42933413856906,,3.128399536367712,0.06655950425058464,379.7076089208436,,4.468342743897093,0.0018653854658239402,,0.001
103,0.073272928399475,0.059898740366885535,267.4837750886616,,3.1091533164124834,0.06615006966191028,375.9051285283041,,4.440856149848618,0.001846705061503145,,0.001
104,0.07233756545342897,0.05910654738545418,264.62035410027755,,3.079337835530227,0.06551569215534861,373.1288980525155,,4.398268450912872,0.001833066304054929,,0.001
105,0.0723391990912588,0.05945294389599248,257.7251088995683,,3.0727493695290766,0.06537589653533903,360.2159171593167,,4.3888835441090785,0.0017696288424062295,,0.001
106,0.07185926602074974,0.05906480060596215,255.88931194104646,,3.0467096337928634,0.06482181093238057,359.1880144755804,,4.351686085814375,0.0017645790760031476,,0.001
107,0.0718537671001334,0.05888761364315685,259.3230719315378,,3.0378647005098185,0.06463357861090731,359.65893172421386,,4.3390494753514215,0.0017668925460800396,,0.001
108,0.07041498312824651,0.05782303586602211,251.83896195261102,,3.0018359914061135,0.06386693771245264,358.40495731555893,,4.287582531083209,0.001760732159557715,,0.001
109,0.07017321237608005,0.05773049710612548,248.85431952225534,,2.980193533553146,0.063406456496301,356.3688381614879,,4.2566690210734945,0.0017507293389993268,,0.001
110,0.06980556347652485,0.05769361986925727,242.23888597990336,,2.9640216129351127,0.06306265997242555,345.6188710424414,,4.233588910725131,0.0016979180917373977,,0.001
111,0.06876332999060028,0.056698462092562726,241.29736890290914,,2.950963856263835,0.06278498764540094,339.4695657073462,,4.2149479196058115,0.001667708465889759,,0.001
112,0.06832667204894517,0.056539036333560944,235.75271767064146,,2.9301649320675662,0.06234253391302039,334.9674767079796,,4.185244649624268,0.0016455911019287563,,0.001
113,0.06753226310798996,0.05599698306698548,230.705616198088,,2.900156538103621,0.061703687722426494,343.78326834081264,,4.142356954285379,0.001688900346187402,,0.001
114,0.06763784606990061,0.05594089235130109,233.9390700490851,,2.8841079505891085,0.0613625042643411,333.3976258640913,,4.119452267021874,0.0016378789126575873,,0.001
115,0.06657224697502036,0.055258671900159435,226.27151408948396,,2.8698670082308477,0.06105945184300962,333.6973132383682,,4.099107432679676,0.0016393511835816699,,0.001
116,0.06612820570406161,0.054834493681004175,225.87425553171258,,2.853914318890326,0.06072003296816701,332.11531571273434,,4.076321207276993,0.0016315793214383909,,0.001
117,0.06599233338707372,0.054768156260252,224.48356708727385,,2.843057222729513,0.06048919862607137,325.6923345013444,,4.0608245930945595,0.0016000252110716304,,0.001
118,0.06552942469716072,0.05446873409183402,221.21382542660362,,2.821113876737331,0.06002233485327479,323.0104192970216,,4.029482602569657,0.0015868497952380254,,0.001
119,0.06528240148174136,0.05426388822103802,220.3702681692023,,2.7965304140142937,0.05949943122705914,315.83116698272187,,3.99437848558042,0.0015515803599990558,,0.001
120,0.0647581543185209,0.05407259907377394,213.71110695286802,,2.7777222093946157,0.059098958499520016,323.4748038179963,,3.9674935286328568,0.001589131172054365,,0.001
121,0.06433662929032978,0.05349070265104896,216.91851164165297,,2.774989212953426,0.059041284241737005,308.0710696478181,,3.9636216796133064,0.0015134574137061197,,0.001
122,0.06376072078158981,0.053140815739568914,212.39811144377055,,2.7692116408665903,0.05891825984013532,310.60227447367174,,3.955362675908147,0.0015258924362925516,,0.001
123,0.06335444748401642,0.052854015050750026,210.0086485210218,,2.7340335492258596,0.05816958638602311,313.6031892061447,,3.9051019410379455,0.001540634997659814,,0.001
124,0.06281944638804386,0.052543777384256064,205.51338035181948,,2.71401665437174,0.057743933810659426,304.00563160507306,,3.876526584025266,0.0014934851801796504,,0.001
125,0.06252489493865716,0.05232486207234232,204.0006641588713,,2.6985550859789065,0.05741470540946942,310.7277216370436,,3.85442447623306,0.0015265087192160036,,0.001
126,0.06177046777386414,0.05161948443243378,203.019675806949,,2.6852680300126246,0.05713205133494498,307.8411569160168,,3.8354490451935006,0.0015123279239138848,,0.001
127,0.061698332821068014,0.05157904621017607,202.38573897512336,,2.6783969659990254,0.05698637390115387,290.72604442626397,,3.825669274271839,0.0014282466957945337,,0.001
128,0.06106488563512501,0.051102824117008006,199.24123422723068,,2.673822514126431,0.05688884939347694,296.5142558532345,,3.8191221563036866,0.0014566823795030416,,0.001
129,0.06114723768673445,0.051053322459522044,201.8783167788857,,2.642317249137243,0.05621834606219623,299.0858998589232,,3.774109220452971,0.0014693160672111143,,0.001
130,0.06024371558114102,0.05050196655486759,194.8349794086657,,2.629974772345935,0.05595596097628228,290.8226537343249,,3.7564945085053516,0.001428721307297928,,0.001
131,0.06028798497036884,0.05035959321417307,198.56783656070107,,2.607845188903084,0.05548527972493663,283.49823224069297,,3.724896238989691,0.0013927387010008872,,0.001
132,0.05970979795644158,0.0502657509948078,188.8809356689453,,2.596771464066927,0.0552495756969915,285.36204999208286,,3.7090727079277586,0.0014018950583208486,,0.001
133,0.0595491803006122,0.05000638648083335,190.8558807373047,,2.579655972602976,0.05488531015948896,287.050838101466,,3.6846184501973616,0.0014101915494105395,,0.001
134,0.05867684063942809,0.04941016984613318,185.33342542146383,,2.56371764120518,0.05454626118645586,283.4163979639269,,3.6618570574325577,0.0013923366746340217,,0.001
135,0.05850717562593912,0.049299748908532295,184.14853628058182,,2.54886876968813,0.054230473246764256,277.30602100803503,,3.6406572488579796,0.0013623182918140915,,0.001
136,0.057926597563843975,0.04888226013434561,180.88673882735404,,2.5387176261066076,0.05401463429915264,271.74607539212496,,3.626167321292116,0.0013350040070880978,,0.001
137,0.05727285538849078,0.04813151139962046,182.8268874318976,,2.5215740310577983,0.05364896499197506,299.1261259496704,,3.601618824217358,0.0014695136854922964,,0.001
138,0.057514635159781106,0.04841027820580884,182.08714455052427,,2.5224380139635727,0.05366840312270927,265.55602586524174,,3.602923765283237,0.0013045942176898942,,0.001
139,0.05690922980245791,0.04819520660921147,174.28047983269943,,2.503247217206866,0.053259958828706745,267.78292823622365,,3.5755036527397106,0.001315534296895693,,0.001
140,0.0568020051639331,0.04789071941846296,178.22570559853003,,2.489308792210326,0.0529633143525828,269.0243353278159,,3.5555890033244255,0.0013216329440953326,,0.001
141,0.05645250685905155,0.04764417598122045,176.1666259765625,,2.4733756568322613,0.05262463431920549,257.15162914597335,,3.5328523786051838,0.0012633060287760662,,0.001
142,0.05521350099067939,0.04681945121602008,167.881003931949,,2.4449846190839444,0.05202034750783144,261.4231096406689,,3.4922847599121365,0.0012842904848289777,,0.001
143,0.05522058806137035,0.04650859103391045,174.23994285181948,,2.436734810956854,0.051844620901081336,266.9437982468378,,3.4804876962617626,0.001311411912067572,,0.001
144,0.055414418248753795,0.0468998600385691,170.29116178813734,,2.4245535114071517,0.05158570589845253,257.396219161197,,3.4631059416001455,0.0012645076234999134,,0.001
145,0.055136245528334064,0.04650070165332995,172.7108820865029,,2.4149171414870927,0.05138059183162656,259.14921759895424,,3.4493360080272857,0.0012731195599757139,,0.001
146,0.054558623189988886,0.04608321601622983,169.50814658717104,,2.395584774600551,0.05096955253128883,248.06186368771418,,3.4217416847852444,0.001218650836266822,,0.001
147,0.05401570193077389,0.04578923983009238,164.52925190172698,,2.393306211710507,0.050920903821217396,253.21357095249843,,3.418475748340928,0.0012439595728581697,,0.001
148,0.05376743329198737,0.04570072124663152,161.3342469867907,,2.3683134551457385,0.05038914474703017,250.68312382662506,,3.3827771380913623,0.0012315282726162403,,0.001
149,0.05334682252846266,0.04515329219008747,163.8706183182566,,2.3544413297962046,0.0500941024642304,245.82302284259686,,3.3629700488058436,0.0012076521070481894,,0.001
150,0.05348217467728414,0.045530071580096296,159.04206767835115,,2.350696739573505,0.05001440913874653,246.12778619814966,,3.3576199925415686,0.0012091493146906163,,0.001
151,0.053085052261227055,0.045049275810781275,160.71552718313117,,2.337292816599528,0.04972931309736016,241.80865665704667,,3.3384806248106047,0.0011879307736824903,,0.001
152,0.052747231172887904,0.044790160303053106,159.1414216694079,,2.3174730751657955,0.049307703360795194,237.07451935982488,,3.310176675910326,0.0011646734285569848,,0.001
153,0.052235940961461315,0.04437810025717083,157.1568250154194,,2.305515992542599,0.04905338430350741,233.1172499337648,,3.2931034610920737,0.0011452325938244347,,0.001
154,0.05199504702499038,0.04418770478744256,156.1468465704667,,2.2969831417356215,0.04887152570745606,242.11107715819438,,3.2808947382773415,0.001189416471609407,,0.001
155,0.051927308306882254,0.0440957850139392,156.6304722836143,,2.2902176062093402,0.04872779370995613,234.5673230181917,,3.2712455704338326,0.0011523563521914583,,0.001
156,0.05168128248892332,0.04373221138590261,158.9814244320518,,2.27498935229497,0.04840376960041983,233.65509218268465,,3.2494928426304024,0.0011478748456267953,,0.001
157,0.05105935880228093,0.04347350232695278,151.71713578073602,,2.2576065229808853,0.04803402717437739,228.58473425976194,,3.22467090464995,0.0011229657530678495,,0.001
158,0.050223223865032196,0.04280220070167592,148.42046235737047,,2.251363292930435,0.04790114652421368,229.43191787108404,,3.21575022088512,0.0011271277028373993,,0.001
159,0.05052524158044865,0.04312866200741969,147.9315912347091,,2.242624037220829,0.047715176637200665,229.46769004887764,,3.203265494555286,0.0011273034404285598,,0.001
160,0.050151326742611434,0.042758240511542873,147.86173689992805,,2.2219155472237886,0.04727462465014819,225.6883687695235,,3.1736898945441414,0.0011087368096327677,,0.001
161,0.04995756498292873,0.04258637385148751,147.42383173892372,,2.210527073997718,0.04703239536016383,222.05224220434397,,3.1574283027181855,0.0010908736499614107,,0.001
162,0.04933059411613565,0.042140418173451176,143.8035206041838,,2.197067757565516,0.04674594181173423,223.4326771274335,,3.1381978013945866,0.0010976552976859992,,0.001
163,0.04896432318185505,0.04176318939579161,144.02268058375307,,2.191059668391054,0.046618060395232676,224.4231645959736,,3.1296127314494635,0.0011025212547658338,,0.001
164,0.049302566992609126,0.04194179216497823,147.21549706710013,,2.1791140819243786,0.04636415027697478,215.2269644801239,,3.112566969956885,0.00105734318186477,,0.001
165,0.048699397201600825,0.041516170493866265,143.6645383332905,,2.1589733674311233,0.045935382247148895,220.95389904640746,,3.0837824629738613,0.0010854778314021648,,0.001
166,0.04799061699917442,0.04101982987240741,139.41575140702096,,2.1469638815882472,0.0456800604805177,213.4121964345906,,3.066641933215852,0.0010484277905045585,,0.001
167,0.047666580073143304,0.040726413460154286,138.80334392346833,,2.144485637259133,0.04562735957009191,212.28368312381753,,3.063103960189321,0.0010428837553616024,,0.001
168,0.04797483137563655,0.041092550480052045,137.64562305651214,,2.1333368574496703,0.04539010524957148,212.6535048165773,,3.0471763532533607,0.0010447005743939655,,0.001
169,0.047686450575527395,0.04085784542717432,136.57210339997945,,2.1132988782281568,0.04496375345140296,211.04499042502263,,3.0185540552788823,0.0010367984431301166,,0.001
170,0.04744918036617731,0.040521641899096336,138.55077803762336,,2.0968092947086543,0.04461289593622715,209.89956066762255,,2.994999919025474,0.0010311713027426777,,0.001
171,0.047575959249546655,0.04068154665200334,137.88826269852487,,2.111184854359321,0.04491889208943342,207.07721983631535,,3.015542375076409,0.0010173060194493438,,0.001
172,0.04675483468331789,0.03998110031611041,135.47468847977487,,2.0861288640127285,0.0443852623062267,221.29028662531687,,2.9797181784186013,0.0010871303990248277,,0.001
173,0.046894391704546776,0.039958764063684565,138.71255011307565,,2.0676635601136955,0.043992882160978554,203.5607802393612,,2.953376501228999,0.0010000308446530086,,0.001
174,0.04641287538566088,0.03960672824790603,136.12294929905943,,2.0669281388645686,0.04397729829210021,201.46663898695937,,2.952330308529573,0.0009897429795593517,,0.001
175,0.04632472286098882,0.039544024749806055,135.61396307694284,,2.052533831768589,0.04367027292106768,224.38573208778655,,2.93171875794349,0.0011023373604874972,,0.001
176,0.04651759349201855,0.039478699235539684,140.77788302772925,,2.043859108721844,0.04348611575535129,210.40827099240457,,2.91935572512901,0.0010336704384562335,,0.001
177,0.04583295611174483,0.039112121062843425,134.4166926333779,,2.0395520400617366,0.04339476688942292,200.70627795214776,,2.913223196847286,0.0009860075621228996,,0.001
178,0.045646572583600095,0.03893424433312918,134.24657078793174,,2.025838952399036,0.04310321030212996,192.61231973240206,,2.8936501129438787,0.0009462444610699329,,0.001
179,0.04516995658999995,0.03891069383213395,125.18526298121402,,2.002628956886381,0.04260934602744371,191.41551885804904,,2.8604954962875366,0.0009403649503515451,,0.001
180,0.04437237115282761,0.03811902572449885,125.06690818385074,,1.995740371173997,0.0424627863431394,190.54271261653412,,2.850656497195183,0.0009360771245636195,,0.001
181,0.04457339899320351,0.03838958061839405,123.67637272884971,,1.9836577063308696,0.04220569460772297,189.78438632660564,,2.833397144028444,0.00093235170319636,,0.001
182,0.04443234166032389,0.038058362313007056,127.47959618819387,,1.9886454516109735,0.04231166179794738,195.22238718319727,,2.8405110450537245,0.000959066911221435,,0.001
183,0.044006705480186564,0.03779442177007073,124.24568095960115,,1.9751997584010033,0.04202556626032214,194.43101183971598,,2.8213045780885224,0.0009551791301260364,,0.001
184,0.04408903184689974,0.03796831390967494,122.41436285721629,,1.9724818008099525,0.04196791983389075,188.34394523483323,,2.817434597472583,0.0009252752638155311,,0.001
185,0.044182512124902325,0.037619547624337044,131.25929260253906,,1.960763047092176,0.04171842380947806,192.31136426917126,,2.800685167577215,0.0009447659604189542,,0.001
186,0.0437646961133731,0.037542465878160375,124.44460939106189,,1.9381112565750998,0.041236489798637754,189.46201895965902,,2.7683314659590637,0.0009307680125174525,,0.001
187,0.04317231672374826,0.03711469334207083,121.15247666208367,,1.9308310445087356,0.04108163511386294,187.35549730770583,,2.7579355981583213,0.0009204193263687478,,0.001
188,0.04326369025205311,0.03718291085801626,121.61559657046669,,1.9162103624587528,0.04077063935072501,183.2739184848214,,2.737057503027559,0.0009003677982061646,,0.001
189,0.04260782779831635,0.03681610112911776,115.83453690378289,,1.905459631073046,0.040541892766638464,182.45172335454703,,2.721701046414747,0.00089632860907734,,0.001
190,0.04221729424438978,0.03633717761227959,117.60234310752467,,1.8930910275350383,0.040278247204550054,196.65206212605878,,2.7040017148529727,0.0009660904598588879,,0.001
191,0.04258173390438682,0.036464250009310875,122.34967402407997,,1.90210370008908,0.04047037871801328,185.66688077513083,,2.7169000899794646,0.0009121236781825876,,0.001
192,0.042088597424720466,0.036088636831233374,119.99921457391036,,1.8864939780740773,0.04013819790778855,186.00369740527955,,2.6945997779542816,0.0009137783536006359,,0.001
193,0.04198093849577402,0.03603660217241237,118.88672637939453,,1.8775966200352034,0.03994880013967061,188.06453702937824,,2.6818849274996572,0.0009239026181449084,,0.001
194,0.0428303884048211,0.036087655315273685,134.8546825208162,,1.8786314193493316,0.039971046448227944,180.85564217746156,,2.683378390116903,0.0008884875583318148,,0.001
195,0.04189450176138627,0.03590168078479014,119.8564224243164,,1.8556851293820096,0.03948282043577627,178.80792520600625,,2.650602287219456,0.0008784277613013316,,0.001
196,0.0416191722217359,0.03576662558081903,117.05093464098479,,1.8539195442895218,0.03944532150956885,176.50578807326812,,2.6480848698091335,0.0008671180770947175,,0.001
197,0.04126789793372154,0.03545105918065498,116.33677833958676,,1.833051636022224,0.039001405635373305,171.81816593772766,,2.618283441783248,0.0008440892465011893,,0.001
198,0.04082705119722768,0.03522693748144727,112.0022860075298,,1.8254223561820893,0.03883917168270156,168.15592849599471,,2.6073921811977523,0.0008260978122088388,,0.001
199,0.040998773159165135,0.03520844798339041,115.80650249280427,,1.817926012772799,0.03867935434832631,177.6378535327481,,2.596663155577067,0.0008726795628402283,,0.001
200,0.04116203655537806,0.035166235934746895,119.91601160952919,,1.8149303338325997,0.03861553803158868,179.84302264618486,,2.592378971386583,0.0008835128733066149,,0.001
201,0.040393516617385966,0.03480765870527217,111.7171630859375,,1.8184776804206164,0.038691393980681034,168.06234562061618,,2.5974714128571827,0.0008256380686285686,,0.001
202,0.04003268284232993,0.03450766352838591,110.50038628829152,,1.7939402390776393,0.03816891647301276,178.5222665157407,,2.5623959025070815,0.000877024408941546,,0.001
203,0.039906415892274755,0.03438136677600836,110.50097977487664,,1.782171898211877,0.03791907433250432,159.88016322138105,,2.5456232367814233,0.0007854415496027003,,0.001
204,0.039734336890672385,0.03433756255789807,107.93549547697368,,1.7805984307984815,0.0378854312702609,164.9864155774752,,2.543364675291964,0.0008105269803554797,,0.001
205,0.03968378764234091,0.034215563418049565,109.36448428505345,,1.7729671896567454,0.037722884646519385,169.96309422417988,,2.532452424142888,0.000834975855746793,,0.001
206,0.0397016947206698,0.03389926519440977,116.04858679520457,,1.7608153334721794,0.03746369861504088,189.0351838126004,,2.515052474487069,0.0009286711041044532,,0.001
207,0.040975617342873624,0.03406669630816108,138.17841901277242,,1.7899794175019663,0.03808470259533806,176.25109971134904,,2.5567423677718097,0.0008658668723322199,,0.001
208,0.03973038631834482,0.03391494435307227,116.30883387515419,,1.7436097821293102,0.037097995901353105,175.44214407214233,,2.4905017347312826,0.0008618927247080486,,0.001
209,0.04046508395358136,0.034032492457251796,128.65182976973685,,1.7650773299469444,0.037554426980707156,187.9400141551322,,2.5211433466916495,0.0009232908759666534,,0.001
210,0.03986918259608118,0.03378142975270748,121.75505949321546,,1.7279458381996773,0.03676479317352305,171.57298167466004,,2.4681328182570725,0.0008428847324223829,,0.001
211,0.03893327967900979,0.03344626156123061,109.74036246851871,,1.7283406745410872,0.03677350136457256,161.8099133508297,,2.468717425710609,0.0007949218122036422,,0.001
212,0.038222554482911765,0.033080376586631724,102.84356609143708,,1.7192345842193495,0.03657990380883134,156.1553001384847,,2.455720630689785,0.0007671424549999701,,0.001
213,0.0381195015813175,0.033017636914002266,102.03729087428043,,1.7097125221748222,0.03637721421307605,158.1623167285792,,2.442113459262443,0.0007770023037069004,,0.001
214,0.03766832500696182,0.03255123233324603,102.34186152407997,,1.7076061155560915,0.03633245502012792,156.10524931863188,,2.4391086379783258,0.0007668965708783128,,0.001
215,0.03834995313694602,0.03306186032530509,105.76185848838405,,1.702456396029924,0.036222395834604945,171.24080779540844,,2.4317200288147216,0.0008412528653964802,,0.001
216,0.038560107350349426,0.032772597513700784,115.7501903333162,,1.692193136357404,0.03600462011008557,151.36360668891916,,2.4171000795015543,0.0007436023543870094,,0.001
217,0.037939642605028655,0.032594027978024985,106.9122872603567,,1.6791268420853955,0.0357264936709513,153.90102498196433,,2.398428602449791,0.0007560679018065476,,0.001
218,0.03743322252442962,0.03241971331207376,100.27017854389392,,1.6725020588908222,0.03558574666461054,146.6817586860691,,2.388979826176755,0.0007206018903127328,,0.001
219,0.03715546527191212,0.03215226158499718,100.06407767847965,,1.6669550751853395,0.03546749199745681,153.58503984208016,,2.3810410293083315,0.0007545155650255401,,0.001
220,0.036940328188632666,0.03203185863400761,98.16940227307771,,1.6584576974779965,0.03528692713521183,145.39648503789797,,2.368919158794129,0.000714287740354772,,0.001
221,0.03674381520403059,0.03183700359965626,98.13622565018504,,1.6574930628717783,0.035266346216960245,147.11130319427147,,2.36753749891298,0.0007227121089749357,,0.001
222,0.03646662272512913,0.031645144188874645,96.4295674374229,,1.6350996584447552,0.03478968447737765,151.47153471459308,,2.3355377409619797,0.0007441325712320692,,0.001
223,0.03648707113767925,0.0314098014251182,101.5453916850843,,1.6242794782977152,0.03455911019306105,161.8045377882068,,2.320058585252278,0.0007948954037352528,,0.001
224,0.03671317978909141,0.03155527557981642,103.15808587325246,,1.6269690186082069,0.03461634263267383,161.81025002564218,,2.3239007736690747,0.0007949234661823541,,0.001
225,0.036404989855854136,0.03132239837003382,101.65183378520764,,1.6253809824003123,0.034582992650302576,147.68634413345538,,2.321661887526283,0.0007255371063808503,,0.001
226,0.036298901430870355,0.03144380822777748,97.10187048661082,,1.630071114658751,0.03468286201694114,145.62189548946372,,2.3283664230359973,0.000715395111843562,,0.001
227,0.03612551759732397,0.03126843616758522,97.14162806460732,,1.6065809518221739,0.03418224191737348,169.7405452392651,,2.294758267228068,0.0008338825417542877,,0.001
228,0.03688042532456549,0.03128507047107345,111.90709766588714,,1.6094117958355085,0.03424287956859426,157.0458992793956,,2.29882905789711,0.0007715176917724224,,0.001
229,0.036506187562879766,0.031108256037298002,107.95863623368113,,1.6052869014121403,0.03415539179292442,147.8388776148701,,2.292955736393358,0.0007262864559661568,,0.001
230,0.03572699466818258,0.03086013729242902,97.33714856599507,,1.5811830250855092,0.03364220989373821,156.0835900614354,,2.258504268622579,0.0007667901656796135,,0.001
231,0.03678525190212225,0.030934518399207217,117.0146628931949,,1.5973182212967838,0.03398518036458042,168.25465043110881,,2.281528923508666,0.0008265828023923203,,0.001
232,0.03533738616265749,0.030576077632998164,95.22616456684314,,1.5943241567121895,0.033922425898900974,137.69748030686333,,2.2773160246218267,0.0006764649230364715,,0.001
233,0.03489869695745016,0.03036754421497646,90.6230573152241,,1.561824144019886,0.033230649920104334,143.60792157872555,,2.230874990992416,0.0007055010839827119,,0.001
234,0.03500961600557754,0.030277747954977185,94.63737086245888,,1.5756500247492802,0.03352443340068452,157.227953479925,,2.2505975730414822,0.0007724120674754138,,0.001
235,0.03661266341805458,0.030608199732868296,120.08927194695724,,1.5726061180117534,0.033459622466619876,158.42375774404402,,2.246246617153009,0.0007782866821574781,,0.001
236,0.03558681709201712,0.03051699923449441,101.39635467529297,,1.5607205382398894,0.0332068943419766,152.2544854059171,,2.2292802065007153,0.0007479789646298826,,0.001
237,0.034466389860761795,0.029753521672989194,94.25736477500514,,1.562698106127448,0.033249399912429624,138.7505304731139,,2.232133735225838,0.000681638231205065,,0.001
238,0.03451276492131384,0.02989163328158228,92.42264958431846,,1.5579470688915147,0.03314811808858646,144.52701110566795,,2.2253343771513783,0.0007100162851666491,,0.001
239,0.03526935295054787,0.030106148241381896,103.26409430252879,,1.561629066381071,0.03322571509815208,168.59432259519906,,2.230543701327461,0.0008282515061610958,,0.001
240,0.03663485301168341,0.030246893924317862,127.75918137399773,,1.5434759310962167,0.032839775291360486,157.32217901897118,,2.204634383722483,0.0007728749682625371,,0.001
241,0.03464483822646894,0.029802554826203146,96.84567019813939,,1.5278062343035392,0.03250719052101061,129.84569932660972,,2.1823069526207033,0.0006378915634900967,,0.001
242,0.03397745384197486,0.02950670089768736,89.41506275377776,,1.5261624341107027,0.03247210986038979,133.06871867329193,,2.179951880762806,0.0006537252557947029,,0.001
243,0.034016348029437815,0.029464507377461382,91.03681945800781,,1.5144294028638166,0.032221613359808006,159.24935168273785,,2.1631352858474915,0.0007823425685756849,,0.001
244,0.034855137039956297,0.029452522530367498,108.05228624845806,,1.525967341154066,0.03246746799313343,148.7037050645576,,2.179640258041053,0.00073053508442972,,0.001
245,0.03426070099598483,0.02941429124850976,96.9281997680664,,1.4993523045674855,0.03190141815467388,138.81175767712926,,2.1416396040872243,0.0006819390214283841,,0.001
246,0.03392038994321698,0.029268319767556693,93.04141235351562,,1.5040150766284384,0.03200084432324046,132.31461823817358,,2.148314386357167,0.0006500205947386888,,0.001
247,0.03360246004242646,0.029073412579141165,90.5809555053711,,1.4917429060876308,0.03173992924969219,124.88306703310575,,2.130798360827987,0.0006135116934663158,,0.001
248,0.03431648868871363,0.029122932568976755,103.87111784282483,,1.5002470754709103,0.03192015051343994,148.6357025258737,,2.142897164525975,0.000730201009093014,,0.001
249,0.034026443272044786,0.028992256835887308,100.68372907136616,,1.4828278213560624,0.03154948354137739,148.33022795663058,,2.1180131589483127,0.0007287003074787786,,0.001
250,0.033776906564047464,0.02889956906437874,97.54675172504626,,1.46894513239714,0.031254342370063366,139.4556740369151,,2.0981994309748995,0.0006851023823685678,,0.001
251,0.033511052692407055,0.028882473315063276,92.57158379805715,,1.4774676310853891,0.031435747850971106,137.8856039421733,,2.110377734786562,0.0006773891159861006,,0.001
252,0.03280645197159365,0.028569074347615242,84.7475606014854,,1.4832348700958897,0.03155871465667388,130.1797286148443,,2.118632871903172,0.0006395325455636538,,0.001
253,0.03345549459520139,0.028569544224362625,97.71900498239617,,1.4969467116075093,0.03184830579724863,200.09750188426855,,2.1380740093673642,0.0009830168345149098,,0.001
254,0.03592239859464921,0.02919987216591835,134.4505302027652,,1.5035608454604081,0.03198924696013496,193.90024204483586,,2.147535819962115,0.0009525716230921857,,0.001
255,0.03462354074183263,0.028792522651584523,116.62036694978413,,1.4586512891454508,0.031035232479061044,141.3676860463087,,2.0834899149921733,0.0006944955030988591,,0.001
256,0.03297078393791851,0.028294612604536508,93.52342866596423,,1.4513420358269575,0.030880163925070214,126.37557636931848,,2.0730796894979613,0.0006208439279487651,,0.001
257,0.03226380510941932,0.028198125919229107,81.31358337402344,,1.4486872824999453,0.030823539204407384,130.59590218249437,,2.0692782991098,0.0006415770769507411,,0.001
258,0.03210012761777953,0.027945270761847496,83.09713785271896,,1.4412934858940414,0.030666343861853275,126.05372391027703,,2.058725295805694,0.0006192627668523573,,0.001
259,0.03242038327612375,0.02815775220331393,85.2526192916067,,1.4498403495069043,0.030848237485780857,125.45091269250679,,2.070936370148707,0.0006163013426990197,,0.001
260,0.032320270706948484,0.027843419266374486,89.53703308105469,,1.440626226074246,0.030652089862726783,127.80450838253766,,2.0577683813231498,0.000627863826803795,,0.001
261,0.031950198898189945,0.027777246934802907,83.45903537147923,,1.4240690137364935,0.03029987725515064,123.97977549978322,,2.0341232735794557,0.0006090741029148635,,0.001
262,0.03163397116096396,0.027512246938912494,82.43448679070724,,1.4217586652881133,0.030250276613972015,137.9173502510117,,2.030793431093419,0.0006775450757343632,,0.001
263,0.03166502096543187,0.027449764801483405,84.30512960333573,,1.4095311529364096,0.029990685186915018,118.58185567608386,,2.0133662659946365,0.0005825558005468148,,0.001
264,0.03160689437859937,0.027388590927186766,84.36607481303967,,1.403168592455069,0.02985521714765149,120.96187272770099,,2.0042718828995607,0.0005942480845890481,,0.001
265,0.031479144370869586,0.02733119479135463,82.9589907997533,,1.3998092703151517,0.029783505236818678,128.18502502714455,,1.9994576433701552,0.0006297331868104884,,0.001
266,0.031161443869534292,0.027088218613674764,81.46450604890522,,1.3958401790004804,0.029699144825874095,124.9750099489307,,1.9937942714090715,0.0006139633804350146,,0.001
267,0.03173682858285151,0.02729046138885774,88.92733804803146,,1.4104633500499424,0.030010059822170383,133.32070733842207,,2.0146669444151524,0.0006549631977859684,,0.001
268,0.031453778379057586,0.02729430961373605,83.18937803569592,,1.3940500800305455,0.029661430978673697,112.89271293448245,,1.9912624256962803,0.0005546068104980181,,0.001
269,0.03085483777287759,0.026997778074521767,77.14119439376027,,1.3877259022327186,0.02952656994952171,121.96110616733829,,1.9822087930433527,0.0005991570079065506,,0.001
270,0.030902790297803125,0.026789646399648565,82.26287641023335,,1.3948799792332633,0.029678665013386295,126.47512014927358,,1.9924193990665475,0.000621332955600513,,0.001
271,0.03148440644145012,0.026874046184514697,92.20720833226254,,1.3787472691189757,0.029335524954619493,121.39831793717117,,1.9693833592252863,0.000596392204251775,,0.001
272,0.031117411918546025,0.02680169712556036,86.31430294639186,,1.36402765299568,0.029022336762406998,120.09529006826035,,1.9483580796366893,0.0005899908333255039,,0.001
273,0.03077359595581105,0.026605822930210514,83.35546553762336,,1.3635973111674131,0.02901337191037362,113.95112910670306,,1.9477562417476533,0.0005598064801861358,,0.001
274,0.030586266792134234,0.02648745075260338,81.97632639031661,,1.3751646247486238,0.029259108242122633,127.10916888726872,,1.9642532719951848,0.0006244478399817916,,0.001
275,0.03056491450651696,0.026603668536010542,79.22492218017578,,1.3579162343355322,0.028892597122293234,110.22565065955224,,1.9396482614668362,0.0005415043624900846,,0.001
276,0.030187581028593213,0.026375733708080492,76.2369489167866,,1.3665410363963846,0.029075875856854092,118.34023321545945,,1.9519523225157653,0.0005813687844963691,,0.001
277,0.030305762432123486,0.026419676448169508,77.72172425922595,,1.3498887533842008,0.028721624462226356,115.01646517844522,,1.9281703447723484,0.0005650401451898309,,0.001
278,0.030987560552986043,0.026492285885308917,89.90550151624177,,1.3485743837301378,0.02869328648445976,126.76890514968036,,1.9262679298016272,0.0006227762299962867,,0.001
279,0.030269917296735865,0.026203020034652007,81.33794925087376,,1.354372538833093,0.028816611772414787,128.60965911625559,,1.9345471329263715,0.0006318192821099013,,0.001
280,0.030707065016031265,0.026436204482850275,85.41720621209396,,1.343191533673612,0.028578957855162224,119.85545836662082,,1.9185926998417098,0.0005888126147173656,,0.001
281,0.029995489963575414,0.026023968466018375,79.43043598375823,,1.3482478483014226,0.028686725726799815,114.40307548167229,,1.925827486108208,0.000562026752257047,,0.001
282,0.03007894636769044,0.02608682274034149,79.84247308028371,,1.3407127976235014,0.02852611267056495,122.9935661177119,,1.9150450412495403,0.0006042291627441792,,0.001
283,0.029693158147366422,0.025896653238880008,75.93009627492805,,1.3302003768542185,0.02830281497590086,110.12787060387294,,1.9000543852205407,0.0005410239994675209,,0.001
284,0.030291160176459112,0.025854625003902537,88.7307044581363,,1.3529687914669661,0.02878586574166773,156.50007112273425,,1.9324830580066572,0.0007688362076874254,,0.001
285,0.03195190664968992,0.02630394226626346,112.95929115696957,,1.348344072067241,0.02868787189889101,143.14601832889565,,1.9259044321402528,0.0007032318968803034,,0.001
286,0.030795644184476452,0.02608410229808406,94.23084178723786,,1.329845785105956,0.02829428360522392,141.55948465151795,,1.8994816482584944,0.000695437750033387,,0.001
287,0.032447701123984235,0.026362414324754162,121.70574389005962,,1.333878096968975,0.028380010828845413,144.0840181266708,,1.9052367785278155,0.0007078399983473466,,0.001
288,0.03252490953003105,0.026276151600636934,124.97515828985917,,1.335222900464539,0.028408704404254855,141.6429702951439,,1.9071630658540333,0.0006958478890523743,,0.001
289,0.030491067488726816,0.025917254780468187,91.47625611957751,,1.3253682516438108,0.028199658342959785,120.66426077627592,,1.8931291654870561,0.0005927860095723751,,0.001
290,0.03011192371578593,0.0257623883846559,86.9907061928197,,1.3214024686800603,0.028114210313162163,154.3783354614634,,1.8873927783515834,0.0007584127798396044,,0.001
291,0.03008309741945643,0.025558345313919217,90.49504651521382,,1.309989014429101,0.027872507872700823,116.99332247539809,,1.8711665555427173,0.0005747518306633571,,0.001
292,0.029314056234924418,0.02539352582473504,78.41060839201275,,1.2961630426309263,0.027578694387220083,104.26822176101916,,1.8514419591730644,0.0005122373659382199,,0.001
293,0.028901602582711922,0.025324069845833276,71.55065777427272,,1.2964333082713435,0.027584436337997502,104.5622625232442,,1.8518274338604284,0.0005136818968123133,,0.001
294,0.029174732240407092,0.02511044101495492,81.28582562898335,,1.2976199607202306,0.02760929881730899,116.96995798367513,,1.8534965280082532,0.0005746370481774326,,0.001
295,0.02958781781949495,0.02539408912784175,83.87458058407432,,1.3050493755523225,0.027767455351792363,115.03150502459076,,1.8641140590613408,0.0005651140312794141,,0.001
296,0.02909552786303194,0.025181105948592488,78.28843588578074,,1.29393386900541,0.027530988113746716,112.88117797863698,,1.848239291375081,0.0005545501428451254,,0.001
297,0.02887818991745773,0.025079267687703435,75.978448365864,,1.2852725523650423,0.027346573086020867,116.22223646871399,,1.835858947496586,0.0005709637247735207,,0.001
298,0.028938960872198407,0.024942252098729734,79.93418000873767,,1.2833347290408845,0.02730522803367458,119.68971732701135,,1.8330833278953336,0.0005879983805036855,,0.001
299,0.028979698392121417,0.025068590711606175,78.22215793007298,,1.3012581937602843,0.02768652201089936,123.26176129834222,,1.8586807567765595,0.0006055467223089552,,0.001
300,0.030790617493422406,0.02554967930834544,104.81877136230469,,1.2994731783510427,0.02764821423672992,133.56642385396134,,1.8561090389329227,0.0006561703266557389,,0.001
301,0.030084462150147085,0.025346942245960236,94.7504075702868,,1.2705390755334574,0.027032822990855375,123.43109406940458,,1.8147959456471179,0.0006063786015829184,,0.001
302,0.029140891703335864,0.024878195830081638,85.25392351652447,,1.2869271349851847,0.027381171236924427,135.70034298402365,,1.8381816270039357,0.0006666536080989921,,0.001
303,0.02955762198881099,0.02498706243932247,91.41119344610917,,1.2685138596681145,0.026990048591396018,113.17694149212639,,1.8119243696099947,0.000556003137060733,,0.001
304,0.029262326559738108,0.025088645223724216,83.47363120631168,,1.2840149913898131,0.027319738183080564,118.59385174346356,,1.8340574385282342,0.0005826147334973573,,0.001
305,0.02927380417914767,0.024897019721959766,87.53569030761719,,1.2617338030673277,0.026845254589885827,129.6430011039724,,1.8022039061947013,0.0006368957701228514,,0.001
306,0.030982512784631627,0.02511535839814889,117.34309788754112,,1.2747082562555585,0.027121273670184444,131.9843223443597,,1.8207339098135102,0.0006483979536715456,,0.001
307,0.028856702541050158,0.02456278304912542,85.87839026200145,,1.2419634802719326,0.02642521419639153,108.40078640164266,,1.774005312086371,0.0005325393715764688,,0.001
308,0.027898636695585753,0.024418622941563006,69.60027514005962,,1.2370155067810016,0.026320265053677648,97.4875377143445,,1.766959755698837,0.00047892597271921274,,0.001
309,0.027411160990595818,0.02414431432752233,65.3369325336657,,1.2395508696813953,0.02637415287329397,99.52660781264198,,1.7705774095632723,0.0004889432903494034,,0.001
310,0.027321902838976758,0.02405763192004279,65.28541866101716,,1.2439399138011442,0.026467300697795227,107.48939893392412,,1.7768307074266851,0.0005280620082156238,,0.001
311,0.027282530441880226,0.0239891139300246,65.86833210995323,,1.2361570073573338,0.026301892235977346,100.81017195537297,,1.7657263323496033,0.0004952490420384677,,0.001
312,0.027982392691467937,0.024123004098471842,77.18777626439145,,1.232727647884853,0.02622869925356632,107.73672325163858,,1.760812663963054,0.0005292770357177604,,0.001
313,0.027875045216397235,0.024126409405940456,74.97271527742085,,1.2312287546917822,0.026196753503800102,109.3229632970649,,1.7586680482425279,0.0005370697400421634,,0.001
314,0.027765512466430664,0.023995063806834974,75.40897951628033,,1.2230193929553068,0.02602204703848551,109.75936532639192,,1.746939469801478,0.0005392136475742676,,0.001
315,0.02773560691428812,0.024016725193513066,74.37763495194285,,1.2233572350520543,0.02602956537462831,99.26402346729249,,1.7474441986621885,0.0004876532950744603,,0.001
316,0.02773528967640902,0.02397247550911025,75.2562793932463,,1.247671175760603,0.02654596718491303,130.8825138075734,,1.78211182889624,0.000642985110783084,,0.001
317,0.056969046004508674,0.03353675562692316,468.6458085712634,,2.089326711225998,0.044440758719081874,621.5440257400769,,2.983443822058616,0.003053452616555126,,0.001
318,0.052005820172397715,0.033680249299657974,366.5114344546669,,1.535027944116722,0.03265610016391343,281.8184870943562,,2.1923037116088127,0.0013844866351780027,,0.001
319,0.036628974895728264,0.02793063468446857,173.9668137399774,,1.3757047243557283,0.029269341186454845,167.29181088414293,,1.9649402407920586,0.000821852670957938,,0.001
320,0.03224703934239714,0.026133087316625996,122.27904510498047,,1.30359403444237,0.027735224617133142,155.2553867044666,,1.861950311434814,0.0007627214600004543,,0.001
321,0.030562397876852436,0.025359467260147397,104.05861382735402,,1.2750170607282183,0.027127697067995386,136.69922643476244,,1.8211651321208706,0.0006715608120298162,,0.001
322,0.029123061091492052,0.024743403945314258,87.59314567164371,,1.2547539284067453,0.02669731267881697,110.90233262787639,,1.792272113999344,0.0005448286906811484,,0.001
323,0.028301997404349476,0.024392471697769667,78.19051802785773,,1.2328817244953305,0.026232221465732244,99.97234754887569,,1.7610491208199863,0.0004911330711332905,,0.001
324,0.027714252079788008,0.02419832848796719,70.31847542210629,,1.2349219727065188,0.026275661866287905,99.19036189063262,,1.7639654075441797,0.00048729141864306216,,0.001
325,0.02735136910096595,0.023996032382312574,67.10673783954822,,1.2206202343033865,0.025971473996916447,94.44340443537669,,1.7435443471082386,0.0004639710920657642,,0.001
326,0.026935514944948648,0.023794558977610188,62.819116291246914,,1.2108232577020797,0.025762935487629583,96.4125868693677,,1.7295445202572612,0.00047364507332298047,,0.001
327,0.026883962809255247,0.023667228359140847,64.33469330637078,,1.2053164371058012,0.025645886737201855,92.11582366855377,,1.7216866802606334,0.0004525364111930195,,0.001
328,0.02671424230854762,0.02343456898080675,65.59347333406147,,1.1951580783426752,0.025429446766089464,100.82423323363832,,1.7071564041520813,0.0004953181207282038,,0.001
329,0.0267813221404427,0.023402546777536993,67.57551112927888,,1.2012087794116901,0.025558132994173772,103.0846966338544,,1.7157955035560548,0.0005064230748395371,,0.001
330,0.026855381989949627,0.023556759875071675,65.97244363082082,,1.1926787352117978,0.02537690442844667,93.89398622726135,,1.7036290766006368,0.0004612719711737964,,0.001
331,0.026769049759758145,0.023453726678302412,66.30646294041684,,1.1965155274917103,0.02545831830623444,101.28894777693323,,1.7090946387943684,0.0004976011188416286,,0.001
332,0.026561030137695764,0.023353588718332742,64.1488306145919,,1.1942383064734698,0.025409988502714715,97.18262477745438,,1.7058501115205729,0.0004774280302301669,,0.001
333,0.02683216852969245,0.023304931133201246,70.54475021362305,,1.1950452784176648,0.025427121889038368,98.4177721658584,,1.7070003280571842,0.00048349592545361914,,0.001
334,0.026562843079629698,0.023310310746494093,65.0506477355957,,1.19136393423868,0.0253487256878602,100.27640486877544,,1.7017373517080103,0.0004926268102419967,,0.001
335,0.026771673932671547,0.023385516024733845,67.72315958926552,,1.1927081641404622,0.025377342449850206,99.89540308372011,,1.70365848231485,0.0004907550668910664,,0.001
336,0.02655612638122157,0.023177043093662513,67.58166784989207,,1.1840412934503142,0.02519311738045034,93.41102998215679,,1.6912908909187707,0.0004588993572490785,,0.001
337,0.0263455804241331,0.023018614143917437,66.53932531256424,,1.1676473735463648,0.024844271572402488,93.03041305413053,,1.6678718067071294,0.0004570295045811148,,0.001
338,0.025974325345535027,0.022898056691414433,61.5253761693051,,1.1786268793162133,0.025077940088988702,92.14094178028829,,1.6835586876765898,0.00045265980866901863,,0.001
339,0.025896913322963212,0.02285355466761087,60.86717565436112,,1.1755378991341363,0.025011956073267463,100.15808997802249,,1.6791289792347845,0.0004920455659571419,,0.001
340,0.026144478372053095,0.022757536192473612,67.73884542364823,,1.1629744965123379,0.024744834250926332,93.0267932739015,,1.6611962757083143,0.0004570117217259124,,0.001
341,0.0260184971909774,0.022799112098781688,64.38769952874435,,1.1661307465107427,0.024811896723560385,96.26603434860665,,1.6656983842554876,0.00047292510633842495,,0.001
342,0.026521774204938037,0.022852397670871334,73.38753268593236,,1.1652222018692142,0.024792299999674267,104.65715773487935,,1.6643827963470947,0.0005141480874927255,,0.001
343,0.027599844395330076,0.023082109070137927,90.35470380281147,,1.21163187396521,0.025779199131808636,126.4956349290286,,1.7306363483481557,0.0006214337383372571,,0.001
344,0.026487446145007486,0.022946914755984357,70.81062879060444,,1.160420864153986,0.02469045332753228,94.31450637831036,,1.6575455182817054,0.00046333785597416245,,0.001
345,0.026120515736310107,0.022705815928547007,68.29399430124383,,1.1553215914668693,0.024581970799003636,93.4064285926049,,1.6502627549160764,0.0004588767520523665,,0.001
346,0.0255671757224359,0.022507507255987116,61.19337242528012,,1.1471275609788476,0.024407854505369923,85.42736481771708,,1.6385737965019125,0.0004196780916966798,,0.001
347,0.02603350246423169,0.022655312658140535,67.56380000867341,,1.1770956170549227,0.025044499133465504,119.43973946052276,,1.6813136942283438,0.0005867703169411702,,0.001
348,0.02716147419261305,0.022765180880301876,87.92586677952816,,1.1446160272718338,0.024353811019430318,104.5202661467447,,1.6349456922819052,0.000513475581667452,,0.001
349,0.026402561680266733,0.022595798302637905,76.13527217664216,,1.135177918278786,0.024153222746644155,96.48885184133583,,1.621479589081369,0.00047401973942636763,,0.001
350,0.025725844071099634,0.02247933945373485,64.93009527106034,,1.1387016465551274,0.024228378621140464,91.0050586374679,,1.6265250324068257,0.0004470795678318294,,0.001
351,0.026226297118946126,0.022708689499842494,70.352152974982,,1.142248618977752,0.024303815937078383,92.31885265604807,,1.6315893697555721,0.0004535338295052023,,0.001
352,0.02550855014277132,0.02231352413563352,63.90052273398951,,1.1341643844628666,0.02413185394375269,90.14695659273009,,1.620045036098727,0.00044286397919246294,,0.001
353,0.025293369238313875,0.022230327325431926,61.260843778911386,,1.142895537642367,0.024317772806250724,86.24044081766334,,1.632526336997079,0.00042367248137251644,,0.001
354,0.025433699453347607,0.022209892245499713,64.4761464972245,,1.1317044523410134,0.024079409956884665,93.25140205350687,,1.6165243111350835,0.00045811515484952837,,0.001
355,0.025612741022517805,0.02222316565090104,67.79151053177684,,1.1420654496256117,0.024299968855822345,90.70199581547847,,1.63133110344471,0.000445590714382257,,0.001
356,0.026144087510673625,0.022383622923179677,75.20929457011975,,1.1523628219073894,0.024518265293264663,117.12189686455989,,1.645986009806267,0.000575383476675143,,0.001
357,0.026523326180483166,0.022305336927897053,84.35979080200195,,1.131910427848102,0.02408326196334556,110.18553438612334,,1.6167829080899856,0.0005413072837072548,,0.001
358,0.025344259644809523,0.021972272250997394,67.43974866365132,,1.1182075725748606,0.02379202990442624,98.68664066122426,,1.5972316107671705,0.000484816792804418,,0.001
359,0.025132776973278897,0.021868904660406866,65.27744634527909,,1.1245865159830655,0.02392802020613201,90.77006073104232,,1.6063610549345977,0.00044592509615718693,,0.001
360,0.02522718906402588,0.021958550830420694,65.37276920519378,,1.1189960904765022,0.023808728152844738,101.2750541754515,,1.598352615167619,0.0004975328638958149,,0.001
361,0.024822583127962917,0.021879374784858602,58.864167865953945,,1.1127781267367927,0.02367683870728808,87.6607058857198,,1.5894984739944669,0.00043064980221973255,,0.001
362,0.024857647520931142,0.021818908617684717,60.7747812773052,,1.121360393178513,0.023859341089350884,91.66865805620132,,1.6017504161297944,0.00045033962552293717,,0.001
363,0.024915239920741634,0.021852311237077964,61.25857664409437,,1.1132272850588192,0.023686295692427563,90.88020604201203,,1.5901333502815265,0.0004464662058357512,,0.001
364,0.025870379354608685,0.021893465989514402,79.53826723600689,,1.1130973882637305,0.02368314032710349,103.3538364380441,,1.5899215209731667,0.000507745275046262,,0.001
365,0.026260773602284883,0.022112342872117694,82.9686194971988,,1.1247640582944556,0.023931262658218086,107.84781889361314,,1.6065787306431893,0.0005298228140771795,,0.001
366,0.026204282515927366,0.022132208570837975,81.44147933156867,,1.1383437237561194,0.024220581248940335,96.77256051478892,,1.6260015710036166,0.0004754135119596378,,0.001
367,0.0254313848716648,0.02186160142484464,71.39567465531199,,1.1015473562295899,0.023437607252363157,95.44062439368346,,1.5734381359892249,0.00046887012377529945,,0.001
368,0.024691167238511537,0.02157467250761233,62.32989682649311,,1.1098847867939488,0.023614997922846805,96.31348890802687,,1.585346913318853,0.00047315823583951957,,0.001
369,0.026035024833522345,0.022030119048921687,80.0981176275956,,1.119054001534805,0.023810086757587574,97.24871838762385,,1.5984438224521809,0.00047775272759439507,,0.001
370,0.02522700623069939,0.021806426052200168,68.41160724037572,,1.1052608028676907,0.02351644353961267,101.33160601004488,,1.5787306566600658,0.0004978106854823139,,0.001
371,0.02528575288229867,0.021577808221704083,74.15889278211091,,1.0993876152926565,0.023391754542833793,92.0627980917227,,1.5703599035982172,0.0004522759130149115,,0.001
372,0.024657149063913447,0.021588581957315143,61.37134491769891,,1.0976852038911913,0.023355674149324292,87.39426470357483,,1.5679377166190571,0.0004293408595043555,,0.001
373,0.024192563895332187,0.021367150996076435,56.50825821725946,,1.094650844314355,0.023291101326823577,87.47564286405398,,1.563602745886887,0.0004297406451136687,,0.001
374,0.0254097909323479,0.02155508424498533,77.09413648906506,,1.1011400470686545,0.023427868740602948,129.5930388136144,,1.5727843599605413,0.0006366503209190866,,0.001
375,0.025306051891101033,0.02159167816372294,74.28748120759663,,1.1280673849741798,0.024001777903518023,100.78724386137657,,1.6113126343616402,0.0004951364034389371,,0.001
376,0.024582564732746073,0.021390004769751902,63.85120492232473,,1.0864182972916065,0.023115960140611177,86.0417946522439,,1.551844983304651,0.00042269659450296375,,0.001
377,0.024094581996139727,0.02119074663833568,58.07671115272924,,1.0822576380073365,0.023027440579149783,85.46683440685794,,1.5459023948704005,0.00041987199352059814,,0.001
378,0.024048819843875736,0.021049288640681067,59.99062789113898,,1.0911651489880696,0.023217013243703222,84.71824935501998,,1.5586289866567442,0.000416194427828406,,0.001
379,0.02406519690626546,0.02112289469100927,58.84604825471577,,1.0746200520177716,0.022864940165080894,84.66501782170133,,1.534993245917738,0.00041593291785008786,,0.001
380,0.024147022123399534,0.021039705331388273,62.146338613409746,,1.0810699930025125,0.023001807544334875,96.95525996079915,,1.5441815709789237,0.00047631105755312794,,0.001
381,0.024336677142664007,0.021185716320025295,63.01921703940943,,1.0779427995630635,0.022935463100203654,90.53659727720584,,1.5397276658774743,0.000444778162771192,,0.001
382,0.024461483778922183,0.021131641084426327,66.59686339528938,,1.0817225929090233,0.023016159908309207,82.12108718776504,,1.5451450889940375,0.0004034353773238502,,0.001
383,0.02402364923373649,0.02111885971144626,58.09579206767835,,1.062668089192225,0.022610573437483746,85.70160190238312,,1.5179168308460682,0.00042102533325810086,,0.001
384,0.024354618238775355,0.02107353047712853,65.62176071970086,,1.0789865149042879,0.02295770438948876,89.53740284994922,,1.5412207915356502,0.0004398694311093902,,0.001
385,0.024974954755682694,0.021269810729120906,74.10287997597142,,1.0774611473605338,0.02292509924593355,94.18553153505523,,1.5390319086967674,0.00046270424265588105,,0.001
386,0.024471714504455264,0.02103621865573682,68.70991917660362,,1.0594946296331949,0.02254209173960849,116.03819139819814,,1.5133194453751875,0.0005700595685450676,,0.001
387,0.0254353145627599,0.02131249392895322,82.45641286749589,,1.11061008731328,0.023629593018426466,123.06814239953998,,1.5863267266477554,0.0006045955328377697,,0.001
388,0.02519123530701587,0.021204028572691113,79.74413721184982,,1.0679227292192495,0.02272217671009795,92.52211334231549,,1.5254090992906075,0.0004545323860814433,,0.001
389,0.0244150273501873,0.02100025980096114,68.29534851877312,,1.0716032923943346,0.022800470554490297,93.39726006348312,,1.5306652041162274,0.00045883170991845886,,0.001
390,0.024351917011173146,0.020967479108979826,67.6887610586066,,1.0643011128860453,0.02264502787232423,95.13411894753814,,1.5202298622553005,0.00046736435778325014,,0.001
391,0.024598190953072748,0.020950161606857653,72.96058413856908,,1.0713306125078952,0.022794743123790095,91.00213651716834,,1.5302807042059805,0.00044706521236302096,,0.001
392,0.023670470832209838,0.020778430429728406,57.84080726221988,,1.0524939930757637,0.022394185760425567,82.06455646351444,,1.5033900653970427,0.0004031576594459039,,0.001
393,0.024304772580140514,0.020782202776325375,70.45139714291221,,1.059627006612878,0.02254522871809364,105.8336779158968,,1.5135300403189105,0.0005199279654681916,,0.001
394,0.02428211663898669,0.02099076883965417,65.82695047478927,,1.0645507935473655,0.022650524889430892,89.27078701618095,,1.5205988937975004,0.00043855963038487135,,0.001
395,0.02410383983270118,0.020673876628279686,68.59926243832237,,1.086897349054983,0.023124954886441913,124.28319737128821,,1.5524488280555773,0.0006105647202631098,,0.001
396,0.02484289017554961,0.020813895193369764,80.57990003886975,,1.1692200327325903,0.024876080437841397,145.86013816395862,,1.67000723296482,0.0007165655240552236,,0.001
397,0.025930359567466536,0.021442307845542307,89.761036119963,,1.0929076290759328,0.023252674206337313,129.94777136610307,,1.5610230159606062,0.0006383930116951487,,0.001
398,0.02476433272424497,0.020991091469400806,75.46482568038137,,1.0588224949282308,0.0225286847453567,87.47407786278971,,1.5124193929160088,0.00042973295674887495,,0.001
399,0.02433211630896518,0.020761423303108466,71.41386232878033,,1.048695020221309,0.022313137201069956,88.68226389093775,,1.4979490281450745,0.0004356683991892415,,0.001
400,0.02358520991708103,0.020621305625689656,59.27809022602282,,1.0434257872106776,0.022201191582461928,82.87608399217201,,1.490433776968698,0.00040714444196357903,,0.001
401,0.02347295799929845,0.02044165477548775,60.626067312140215,,1.0447896231053138,0.022230195453554726,83.45485636742123,,1.4923808953915532,0.000409987770755116,,0.001
402,0.02355906367301941,0.020469165260070248,61.79797102275648,,1.0439035609131644,0.022211299359039968,84.76070700460666,,1.4911123428720643,0.0004164030090645765,,0.001
403,0.023333206478702396,0.020480273781638397,57.05865498592979,,1.040467618440039,0.022138444054436643,76.45355136399952,,1.4862213438277645,0.0003755925353467419,,0.001
404,0.02306031994521618,0.020235049881433185,56.50540502447831,,1.0379342437346706,0.022083873218268924,97.54185900871624,,1.482557836976806,0.0004791928363548765,,0.001
405,0.02481328999917758,0.020798242797977047,80.30094688817074,,1.0433695068435958,0.022199880536554917,86.49242866213486,,1.4903457624539946,0.0004249104193321412,,0.001
406,0.02436594468982596,0.02057103802891154,75.89813413118061,,1.0542754934142649,0.022431812944167153,91.07586496840273,,1.5059160931272375,0.00044742741732841843,,0.001
407,0.024537218244452225,0.020720703233229488,76.33030439677991,,1.0408540485845528,0.022145811101351904,103.74986905413577,,1.4867159161807049,0.0005096908601983457,,0.001
408,0.023657763474865964,0.02038119007882319,65.53147085089432,,1.0261255720358176,0.02183302337284685,83.66590448036881,,1.4657175209435087,0.0004110245845382289,,0.001
409,0.023189608889975045,0.020330479760703287,57.18258626837479,,1.052538904422265,0.022395186623604138,80.62450725746174,,1.5034572563981168,0.0003960831452778141,,0.001
410,0.022978872943081353,0.020159002883653892,56.39740833483244,,1.0569508401533674,0.022488360262563588,103.29649201713673,,1.5097122872649265,0.0005074635597295457,,0.001
411,0.023657420944226414,0.020270765023796183,67.73312116924085,,1.0360983160199542,0.022044837207804972,96.52197224212837,,1.4799372304072227,0.00047418244966131986,,0.001
412,0.024668412283062935,0.020588587871507594,81.59648714567486,,1.1348950995429194,0.024145976474092192,135.64347281125586,,1.6209931246801925,0.0006663742226159846,,0.001
413,0.024961883986466808,0.02074275126582698,84.3826500742059,,1.0257711211907174,0.021825247213210365,91.11280494945544,,1.4651954836044645,0.0004476088919740263,,0.001
414,0.025223993647255395,0.020779426062577648,88.89135380795128,,1.0470777718589177,0.022277962946743054,112.90538530343095,,1.4955876730559219,0.0005546690659079671,,0.001
415,0.023951395561820583,0.020328212431386897,72.46366059152703,,1.0268225733983596,0.02184773778215307,87.41477179401662,,1.4667053441671711,0.00042944160446589354,,0.001
416,0.02334588609243694,0.020107094002397435,64.77583794844777,,1.020074585590936,0.0217043200582014,81.75662365162606,,1.457077274466516,0.000401644881249598,,0.001
417,0.0227290878170415,0.020050305382985818,53.57564665141859,,1.0195041313827278,0.02169215095913935,82.71328545052816,,1.456260325691042,0.000406344663327847,,0.001
418,0.022518213936372808,0.019788022594232308,54.60383023713764,,1.0200265231876826,0.021703451082298538,76.8533354016964,,1.4570189374609464,0.00037755655006719386,,0.001
419,0.022259054313364782,0.01967046233384233,51.77184355886359,,1.014635309336356,0.021588810108944985,74.22418998508167,,1.4493227388908805,0.00036464037579923717,,0.001
420,0.022206945344805717,0.019701989171536344,50.09912812082391,,1.0030549258779962,0.021342280900318967,77.47935679627527,,1.4327724803977353,0.0003806319986052443,,0.001
421,0.022153124017150777,0.019677623420169477,49.51001679269891,,1.0046054347585245,0.021375227415122596,79.0051927704,,1.4349842805308202,0.00038812795650151324,,0.001
422,0.02217794582247734,0.01958312653005123,51.89638639751234,,1.0083634700004285,0.021455164738788272,80.04306076084694,,1.4403507171380299,0.00039322667935915085,,0.001
423,0.0223852977352707,0.01974705812570296,52.76479721069336,,0.9977031437689514,0.021228519417304786,73.56220807383532,,1.4251353246994651,0.0003613882644196764,,0.001
424,0.02191775596063388,0.019531887122674993,47.71738012213456,,1.0092117449590272,0.021473452834373016,72.48438469696879,,1.4415784528329674,0.0003560932531670806,,0.001
425,0.02226414227564084,0.019490452287228482,55.47380186382093,,1.0023254454416115,0.021326668226454626,80.33460892122585,,1.43172435393165,0.0003946589648550991,,0.001
426,0.02368715268216635,0.020015589108592587,73.43127702411853,,1.0201661791267662,0.021705597148378063,103.18349096895699,,1.4571630094293653,0.0005069084207016594,,0.001
427,0.024940509937311475,0.020372405844299418,91.362085442794,,1.0248054363617514,0.021804438086763765,99.3915747522964,,1.4637985034104048,0.00048827991489350925,,0.001
428,0.02374267274219739,0.020036456812369197,74.1243233931692,,0.9932286085233162,0.02113308073777436,80.63757503368068,,1.4187282347433656,0.0003961473432007862,,0.001
429,0.022403085212174215,0.019596112401861893,56.13945469103361,,0.9863188257917267,0.020986168289699497,76.63033961064654,,1.4088655535420147,0.00037646104105501857,,0.001
430,0.021988660685325925,0.019381265106954072,52.147910268683184,,0.9985201921593307,0.021245802071888767,76.87487500125602,,1.4262955620701474,0.00037766236742511395,,0.001
431,0.0219929869237699,0.01937006021800794,52.45853785464638,,0.9918401840464439,0.02110366798912878,76.41236581033475,,1.4167536671219818,0.00037539020352245596,,0.001
432,0.021936530051262754,0.01944976162753607,49.735372041401114,,0.9870047859685284,0.021000906412502397,72.13147886454294,,1.4098549687251125,0.00035435953649892477,,0.001
433,0.022071260860876032,0.019374179212670577,53.94163352564762,,1.0039002469601628,0.021360205044781595,79.52121251553092,,1.4339757829426074,0.00039066300112540454,,0.001
434,0.023079050018599157,0.01959228005848433,69.73539974814967,,0.9917493472610787,0.021100954335686203,101.30457316602553,,1.4165714912808889,0.0004976778815217168,,0.001
435,0.022549638622685483,0.019480280382068532,61.38716446725946,,0.9934227649025876,0.021137456568047806,72.8498420491585,,1.419021997590175,0.00035788863155070236,,0.001
436,0.022107629105448723,0.01936844255971281,54.78373477333471,,0.9921624638448305,0.021110322017184498,82.91670868560065,,1.4172003723418483,0.0004073440184558456,,0.001
437,0.022526188508460398,0.019649306802373184,57.537632390072474,,0.990375623261616,0.021072313754651475,82.43287041225446,,1.4146487616288512,0.0004049670714005194,,0.001
438,0.021670257280531683,0.019162734088144805,50.150468123586556,,0.9799371356775375,0.020850561042200063,70.46934472340122,,1.3997618249730233,0.00034619398807089237,,0.001
439,0.021773026373825576,0.019189248841844107,51.67555015965512,,0.9783250528572836,0.020816065521396195,76.55557311350337,,1.3974460353376226,0.00037609373649270594,,0.001
440,0.022148865422135906,0.019246960745046015,58.03809537385639,,0.9783590272780639,0.020816533872491976,84.67409569611073,,1.3974774771766805,0.0004159775146255699,,0.001
441,0.022832937342555898,0.01946932998927016,67.27215114392732,,1.0409113440982676,0.022146822714505774,110.36989427174592,,1.4867838288604434,0.0005422129865244798,,0.001
442,0.023243781277223638,0.019836839386507085,68.13883891858552,,1.0641348494290117,0.022640766266880434,118.20549683912645,,1.519943767670064,0.0005807068665568165,,0.001
443,0.022862881029907026,0.01952728648719035,66.71189137508995,,0.9854746581413806,0.020968008248330065,82.89280702428061,,1.407646414517534,0.0004072265970226482,,0.001
444,0.022193493419571927,0.019190464364854914,60.06058281346371,,0.9865803280257691,0.020991542976998064,82.68867522710975,,1.409226372710692,0.0004062237609492883,,0.001
445,0.02173269706729211,0.018978026156362734,55.093419325979134,,0.9722033080624432,0.020686027768435304,69.18498810281667,,1.3887162039421255,0.0003398843431844434,,0.001
446,0.02134944067189568,0.01893366706606589,48.315473656905326,,0.9709257308630932,0.020658794486824283,70.67781750498597,,1.386887950597254,0.00034721815005145764,,0.001
447,0.021549810312296216,0.01917115981249433,47.573012703343444,,0.9769454387762595,0.0207869307866585,69.4437236495776,,1.3954901316387245,0.0003411554305081648,,0.001
448,0.02188806451464954,0.01903557375465569,57.04981693468596,,0.983167150329234,0.020918868172134956,84.07242882532609,,1.4043474911650657,0.00041302171229329847,,0.001
449,0.021791576947036543,0.019063835473437058,54.554833261590254,,0.9620266343227317,0.02046933114411627,73.64993957449752,,1.374168697920182,0.0003618192620146293,,0.001
450,0.021285741638980414,0.01880700670574841,49.57469478406404,,0.978764714554758,0.020825305963065636,80.23607839145768,,1.3980663744003745,0.0003941749149865915,,0.001
451,0.021834873153190864,0.018979536075341075,57.10674386275442,,0.9681242868504728,0.020599036639624247,75.26777107078733,,1.3828762238583963,0.00036976716531819556,,0.001
452,0.021399221334018205,0.018850487313772504,50.97468446430407,,0.97041497818975,0.020647793545325005,74.89552158545709,,1.386149423805659,0.00036793841929551514,,0.001
453,0.021130406248726342,0.01871301400426187,48.34784678408974,,0.9566543223787449,0.02035501238856013,73.57193061653408,,1.3664941308146714,0.0003614360282500949,,0.001
454,0.021344075371560297,0.018750075348897985,51.87999986347399,,0.9812588081239318,0.020878217480347138,85.40322373266284,,1.4016184861081673,0.0004195594940490915,,0.001
455,0.02151556175790335,0.018847893237283354,53.3533666510331,,0.9678343195344289,0.02059290770121687,73.94516072290794,,1.3824647695098589,0.0003632695917591761,,0.001
456,0.02177175644196962,0.018963631732683433,56.162497871800475,,0.9659469372657913,0.02055276064801221,73.43879454950533,,1.379769575248788,0.0003607819721327624,,0.001
457,0.021855010111865244,0.018828910040227992,60.52200759084601,,0.953644454472623,0.02029085448244147,77.04143831803128,,1.3621870146860768,0.000378480641230938,,0.001
458,0.02136646466035592,0.0187158414995984,53.01246422215512,,0.9701963899720452,0.020642944047297312,81.20904187495316,,1.3858238621962755,0.00039895478217452624,,0.001
459,0.020982197044711364,0.018478087394645338,50.082194679661804,,0.9537131316041768,0.020292722769781543,64.06853545253658,,1.3623124385195855,0.0003147488015566787,,0.001
460,0.022985217014425678,0.019415786587878278,71.38860963520251,,0.969031493254986,0.020618030454217944,85.19272745725755,,1.3841513366251492,0.0004185253912723074,,0.001
461,0.023568020153202508,0.01939832899523409,83.39382753874126,,0.9933895133669205,0.02113617584442616,91.12475168478632,,1.4189360187030702,0.00044766758257154586,,0.001
462,0.022776502625722634,0.019290186366752574,69.72632096943103,,0.9777255095786023,0.020802889386632117,89.88475012426076,,1.396561481180728,0.00044157584030918426,,0.001
463,0.02131445137293715,0.018660137625901324,53.0862768072831,,0.9451785968761911,0.020110774972674293,74.76402162574065,,1.3500977273656167,0.00036729240086488997,,0.001
464,0.02077027684763858,0.01846813508554509,46.04283563714279,,0.9454008423141931,0.020115796560300298,65.44480890080071,,1.3504348418751693,0.00032151000524887675,,0.001
465,0.022182963886543325,0.019004187203551594,63.57552980121813,,0.985958157539628,0.020977896405731142,95.66507851327316,,1.4083102367149962,0.0004699727971023283,,0.001
466,0.022065951930064904,0.018779811498365905,65.72281084562603,,0.9548234420117568,0.020315719593047076,84.16447723749701,,1.3638562854807101,0.00041347391753275575,,0.001
467,0.02210179167358499,0.01890487214060206,63.93839063142475,,0.9613620734307855,0.02045510942861697,76.20260592129847,,1.373213950736101,0.0003743597183830268,,0.001
468,0.022428982940159346,0.018797631914678373,72.62702219109786,,0.9565749126946043,0.02035301900494228,83.25139897414094,,1.366360308886084,0.00040898824781845927,,0.001
469,0.021172957102719107,0.01845934340044072,54.27227441888107,,0.940740913832585,0.0200162050516548,79.14331875042717,,1.3437489598209027,0.00038880652651049374,,0.001
470,0.021112099878097836,0.018452755910785573,53.186884227551914,,0.9559590711314163,0.0203402843354106,71.44558416833601,,1.3655053916381494,0.00035098994903917793,,0.001
471,0.020896593304841143,0.018471133650133486,48.5091936211837,,0.9329031718360014,0.01984978616326523,67.47535214233095,,1.332576751722967,0.0003314854330819997,,0.001
472,0.02075757576446784,0.01840438213395445,47.06387590107165,,0.9260341166849326,0.019703573370557004,68.79349590331474,,1.3227610405226091,0.0003379610636878595,,0.001
473,0.021239366480394414,0.018570869670886742,53.36993649131373,,0.9556403886190038,0.020333307814021533,77.66493072570442,,1.3650370364561588,0.0003815436656423543,,0.001
474,0.021136961681278127,0.018386469369656162,55.009848745245684,,0.9353331404099512,0.019901339649466755,72.43429227154515,,1.3360376946579373,0.0003558471646501855,,0.001
475,0.021651103798496097,0.018620850518345833,60.60507262380499,,0.9391512415796964,0.019982655598301573,70.26957351088417,,1.3414966825820545,0.00034521257419462475,,0.001
476,0.02063015877808395,0.018193713683438927,48.728899905556126,,0.9348485812769755,0.019891203618974593,66.8465444108034,,1.3353572319830493,0.00032839629613654086,,0.001
477,0.020598142358817552,0.01820488774070614,47.865091825786386,,0.9475232098936957,0.020160731532954355,72.72679530537286,,1.3534514637876471,0.0003572841411426038,,0.001
478,0.02066809586004207,0.01823590793891957,48.643758271869864,,0.9173779211977199,0.01951947661053946,65.46119310860843,,1.3104020629271274,0.00032159049576946554,,0.001
479,0.02029272815898845,0.01808930737407584,44.06841559159128,,0.9348837438847184,0.01989203902763796,64.0674376911998,,1.3354133155173422,0.000314743408596426,,0.001
480,0.020308914545335267,0.018082128445568838,44.53572403757196,,0.9265066068596512,0.019713725012900495,65.69448203748519,,1.323442551268744,0.0003227365717685774,,0.001
481,0.020248922960538613,0.018050969823410635,43.95906629060444,,0.9253241334622725,0.019688679203679945,61.96791049734666,,1.3217611496243695,0.00030442908404642146,,0.001
482,0.020193061252173624,0.018038597938261534,43.08927034076891,,0.9272365094271457,0.019729297853675203,64.3957521283303,,1.3244880036179014,0.00031635631538273973,,0.001
483,0.020459810958096857,0.01809693921945597,47.25743444342362,,0.927213801121017,0.019728358123921437,78.9516245963998,,1.3244249166902906,0.0003878647927121578,,0.001
484,0.022292332037499075,0.018527554691229995,75.29555190236945,,0.9516440523752936,0.020247682758310417,96.2927148934446,,1.359288765030607,0.0004730561795626419,,0.001
485,0.020909225568175316,0.018153320311715727,55.11810864900288,,0.9290518529681822,0.01976769546033706,71.80482376497585,,1.3270657521910365,0.00035275478152232184,,0.001
486,0.02107474080433971,0.018301424129228843,55.46633108038651,,0.9398328440228579,0.019997181089948454,69.59378620226964,,1.3424718231864305,0.00034189264118864536,,0.001
487,0.02044709869905522,0.018052956677581136,47.88284442299291,,0.9316696225138923,0.019823485373404833,69.10874569061701,,1.3308110993964561,0.00033950978791018696,,0.001
488,0.02032654448167274,0.01806374511828548,45.255992688630755,,0.9375685378512914,0.01994915668690509,64.51251867142429,,1.3392477983790805,0.00031692995311678745,,0.001
489,0.020472219998114986,0.018132927484418217,46.785853134958366,,0.9204055372507116,0.019583949537190237,63.98946682787496,,1.3147303273458828,0.0003143603619790109,,0.0005
490,0.01968024612257355,0.017710742295572634,39.390078494423314,,0.9052794688857987,0.019262333355828467,55.63355332338641,,1.2931392511128423,0.0002733103560303434,,0.0005
491,0.019202400391039095,0.0175206727397285,33.634550496151576,,0.9053737531275603,0.019264417540017956,53.15146945430408,,1.2932791687610417,0.0002611166494372595,,0.0005
492,0.01921889685878628,0.017532177367492727,33.734392166137695,,0.9056795427760934,0.019270942561333597,52.58044891706316,,1.2937172133645551,0.0002583114030165109,,0.0005
493,0.019312419095321706,0.017587499840087013,34.49838317067999,,0.9087172872972865,0.01933555449253108,53.548804036167084,,1.2980548095829483,0.00026306863074251424,,0.0005
494,0.01916417283447165,0.01752435685576577,32.7963164480109,,0.9024490158058557,0.01920223412330694,51.42567774310644,,1.2891046061350142,0.00025263837115293197,,0.0005
495,0.019033018597646764,0.017373568084287017,33.189012929012904,,0.9063873664222527,0.019285913569776235,55.49059377189232,,1.2947222628717094,0.0002726080401870668,,0.0005
496,0.019295250016607736,0.017554737578489278,34.810250533254525,,0.9009398704058624,0.01917003141183753,54.24900647975043,,1.2869427397907816,0.0002665085077181349,,0.0005
497,0.01911175358844431,0.01739566532993003,34.321766200818516,,0.9069835454643713,0.019298633108163096,54.43755784126219,,1.2955761643196932,0.000267434801953652,,0.0005
498,0.019204579979965563,0.01748301314288064,34.43134036817049,,0.8998367951479499,0.01914651339938667,55.680625517333475,,1.285363903808319,0.00027354160708871136,,0.0005
499,0.019264790572618182,0.017445251933838193,36.39077527899491,,0.8979368871328829,0.01910615343356455,53.46418809080138,,1.2826544160731603,0.0002626529389023883,,0.0005
500,0.01904529411541788,0.017327343947009036,34.359004171271074,,0.8997790556076524,0.019145314933241262,54.717231781585326,,1.2852834471167476,0.0002688087530970889,,0.0005
501,0.01905739748556363,0.017380646577006893,33.535016913163034,,0.8992793502972906,0.01913472628053335,53.28468303792293,,1.2845725985305425,0.00026177108636950627,,0.0005
502,0.019175527715369275,0.017413381732216005,35.242918516460215,,0.89903120664223,0.01912947359343672,52.400300320698214,,1.2842199696079197,0.0002574263889544993,,0.0005
503,0.018966016016508404,0.017346068285405636,32.39895860772384,,0.8961836375477317,0.01906881905415919,54.28521269947981,,1.2801480451920644,0.0002666863776224214,,0.0005
504,0.019046623553884656,0.017351400597315086,33.904461910850124,,0.8973180548898271,0.01909293673465178,54.99892347415265,,1.2817671387211116,0.0002701926168301646,,0.0005
505,0.019215958585080347,0.017414330847953494,36.032554024144225,,0.8987306531312872,0.019122967419297598,55.923166217570724,,1.283783190272911,0.00027473313416497713,,0.0005
506,0.019068103577745587,0.01728362678305099,35.689534639057364,,0.8936308188612441,0.01901437304317744,58.200367827528765,,1.2764929182369638,0.0002859203178983749,,0.0005
507,0.019237231855329714,0.017461837122314854,35.50789602179276,,0.8977599250952303,0.019102233524160864,58.381252730623935,,1.2823912605863834,0.00028680894920650083,,0.0005
508,0.019099176910362746,0.01736315065308621,34.72052614312423,,0.8982879126802333,0.019113532347782954,56.35955986586488,,1.2831497851143947,0.00027687700052367184,,0.0005
509,0.019197620157348484,0.017415709842584635,35.63820537767912,,0.90207431992518,0.01919412271828215,55.82550097635316,,1.2885600627494613,0.0002742533351901786,,0.0005
510,0.019347460842446276,0.01746426444304617,37.66393380416067,,0.9131299475430706,0.019429213007335598,61.25185045696819,,1.3043423916456898,0.0003009113036264411,,0.0005
511,0.01963178156629989,0.01754970667197516,41.64149695948551,,0.9150097302134068,0.019469166593945562,62.77056369388989,,1.3070245979035546,0.00030837226972864725,,0.0005
512,0.019827002855507952,0.017512714294226545,46.28577362863641,,0.9146357143195016,0.019461025438446543,68.58037835255877,,1.306478057277831,0.0003369140833999953,,0.0005
513,0.01961928860921609,0.01755004165400016,41.384942506489004,,0.9052909254346649,0.019262354790598513,62.72353423486731,,1.2931406900944014,0.0003081412286136809,,0.0005
514,0.0195136354549935,0.017446631712740975,41.34007724962736,,0.8913537315257113,0.01896593547214605,57.620976803873745,,1.273241156201068,0.0002830739498795021,,0.0005
515,0.01905255745116033,0.0172832403331995,35.386343705026725,,0.892341318026663,0.018987087936738055,53.255294898405076,,1.2746611857331298,0.0002616267115741736,,0.0005
516,0.01884742032148336,0.017231600996302932,32.316384064523795,,0.8863418757232899,0.01885943761081887,52.744364109602465,,1.266091629604381,0.0002591166674110264,,0.0005
517,0.018777343885678994,0.017111551555755892,33.31585221541555,,0.8891434499143681,0.018918997176952206,54.565039210248884,,1.2700900451298271,0.0002680610782970389,,0.0005
518,0.01899267007645808,0.01727795321494341,34.294334512007865,,0.8922279092524648,0.018984571652945592,56.538829514112585,,1.2744922599192698,0.00027775769658676906,,0.0005
519,0.01908486748212262,0.01730781764184174,35.540995146098886,,0.8974952542827007,0.019096550867679946,59.9927554587055,,1.2820097665061845,0.00029472576123890245,,0.0005
520,0.01901809763359396,0.017252996465877482,35.302025845176296,,0.8937088166244286,0.019016098881771602,56.09370982489324,,1.2766087790512262,0.00027557096190114694,,0.0005
521,0.019010749498480244,0.01720761885180285,36.062617653294616,,0.8900313562719246,0.018937916804976463,53.7601036089222,,1.2713601775256627,0.0002641066798695055,,0.0005
522,0.01891594801686312,0.017128848176645606,35.74199736745734,,0.8874280920332077,0.018882462158036264,55.608105664888924,,1.2676373377590424,0.0002731853395935241,,0.0005
523,0.01892571121846375,0.01718536833007085,34.806855854235195,,0.8893759845361635,0.018923941024187745,54.7059870984519,,1.2704219406896062,0.00026875351146381086,,0.0005
524,0.018889013873903376,0.01718468473930108,34.086584291960065,,0.8997043732253055,0.019143673407532535,56.38506280808222,,1.285173246483914,0.00027700228855222404,,0.0005
525,0.01884000189602375,0.0171661865162222,33.476311231914316,,0.8823963956667844,0.018775531380867932,51.073131758100835,,1.2604587482001335,0.00025090642230330773,,0.0005
526,0.018831160899839904,0.01718467733773746,32.92967364662572,,0.8804298099938883,0.018733645248900754,52.277548061378056,,1.2576468042718731,0.000256823345257051,,0.0005
527,0.018895431568748074,0.017251043237353627,32.88776648672003,,0.8885221281767097,0.018905743351053418,55.59442947422585,,1.2692002753298486,0.000273118152719489,,0.0005
528,0.019166891512117888,0.01731735864948285,36.99066423114977,,0.8940404814597052,0.01902308800781872,58.281157698661154,,1.2770779804223968,0.0002863172134249735,,0.0005
529,0.019104176740113058,0.0172177526707712,37.72848149349815,,0.8805152515802585,0.018735467149173422,52.15865645089601,,1.2577691139999148,0.00025623926772741734,,0.0005
530,0.018859037149109338,0.017168224299032437,33.816257878353724,,0.8839267518645929,0.018808008861661445,53.880476925337284,,1.2626390606480358,0.00026469803655985964,,0.0005
531,0.0189558431310089,0.017148771960484355,36.14142528333162,,0.8872501899165195,0.01887862230404339,57.33470186422568,,1.2673795566364232,0.00028166757007803636,,0.0005
532,0.01893394342378566,0.017097557159630877,36.727724175704154,,0.8878080328279904,0.01889059119995338,54.20467336510365,,1.268183065163027,0.0002662907129050369,,0.0005
533,0.01934080061159636,0.017288447406731154,41.047067842985456,,0.894300300768574,0.01902817886458653,72.24769557244096,,1.2774197451809357,0.0003549304730635488,,0.0005
534,0.01949122891222176,0.017285919258076893,44.106196554083574,,0.8827388152681054,0.018782720063816826,54.194868443298795,,1.26094134643542,0.00026624254437167434,,0.0005
535,0.019347687202848886,0.017196569199624815,43.02236406426681,,0.8799177611804585,0.018722427520245086,62.52817909930167,,1.2568937238965618,0.000307181509550916,,0.0005
536,0.019095393780030702,0.017200160085370664,37.9046745300293,,0.8913856416935118,0.018966652434428508,56.411768637851615,,1.2732892880681626,0.00027713348599345044,,0.0005
537,0.01897850064070601,0.017086061060820754,37.84879483674702,,0.8805757740418277,0.018736641965891664,55.76437899298193,,1.2578479830332328,0.00027395306188318045,,0.0005
538,0.018749029424629714,0.01697054338690482,35.569721021150286,,0.8782758773955186,0.018687820754769734,51.94110317137313,,1.2545704660667054,0.0002551704960827887,,0.0005
539,0.01861407156837614,0.016960866063048963,33.06410869799162,,0.8751271679706435,0.01862086714623593,50.34706280574918,,1.2500756658989725,0.00024733947120966993,,0.0005
540,0.01867901200526639,0.01696690500370766,34.24214222556666,,0.8900494969715643,0.01893797351575322,64.26058628587792,,1.2713639846932594,0.00031569228760962477,,0.0005
541,0.019071009010076523,0.017096861314616706,39.482954125655326,,0.8763150581777415,0.01864595296038573,56.473441898639095,,1.2517597531963929,0.0002774364675550523,,0.0005
542,0.018882899692184048,0.017001453345935596,37.62892652812757,,0.8703687076547039,0.01851941257950764,56.59487396097643,,1.2432647110672048,0.00027803302553505396,,0.0005
543,0.01883033172864663,0.016988700991006273,36.83261489868164,,0.8808670660424183,0.018742886333857726,54.30527285636449,,1.2582671865204813,0.0002667849269383047,,0.0005
544,0.01886800755011408,0.017011208949904693,37.135973378231654,,0.8740573573514103,0.018597990280354824,53.905928100834714,,1.2485398720433256,0.0002648230702746066,,0.0005
545,0.018519317927329165,0.016774739138782024,34.891577770835475,,0.874788122573931,0.018613454177405325,56.66625300694773,,1.2495780106676433,0.00027838368860261183,,0.0005
546,0.018628018270981938,0.01691005075056302,34.35935411955181,,0.8777890153382548,0.018677381612527133,54.45567113654681,,1.2538696545745311,0.00026752378694359767,,0.0005
547,0.01869117056852893,0.01688945759087801,36.03425648337916,,0.8768383927583481,0.01865713850540709,54.90656608212171,,1.252510672986068,0.0002697388936686889,,0.0005
548,0.01882467722814334,0.016987522426796586,36.74309399253443,,0.8664081038119615,0.018435249950406043,52.837353338599385,,1.2376146168051203,0.00025957349459113484,,0.0005
549,0.01874844259337375,0.01693281619564483,36.312524895919,,0.8750618820287492,0.018619152217605666,60.731012115493684,,1.2499605375038976,0.00029835258673638023,,0.0005
550,0.01877788444490809,0.0169499819902213,36.55804704364977,,0.8721260207373855,0.018556905997588746,53.45995794459903,,1.24578175870019,0.0002626321575088666,,0.0005
551,0.0184838249299087,0.01681252235644742,33.42605159157201,,0.8665891771142195,0.018439103789699398,52.816525152964694,,1.2378733368036614,0.0002594711721887135,,0.0005
552,0.018644851779467182,0.01690167026888383,34.863628788998255,,0.8695063067569524,0.01850109536932932,55.497223136273085,,1.242035020820706,0.00027264060819379886,,0.0005
553,0.01893598400056362,0.016997578014668665,38.76812252245451,,0.8743147911030976,0.018603520947287695,52.230241147314466,,1.2489111626011002,0.00025659094109170387,,0.0005
554,0.01844481202332597,0.0168029150288356,32.83793680291427,,0.8647514952229471,0.018399981393164296,53.3608705585289,,1.2352469308733625,0.0002621453719784238,,0.0005
555,0.018729985544556065,0.016896105322398637,36.67760648225483,,0.8644088658474317,0.018392328131443605,64.9101480365878,,1.2347331440466451,0.00031888338260077615,,0.0005
556,0.01905642498872782,0.01698791186668371,41.37026284870348,,0.8714224016060608,0.018541864160856063,55.66103839504516,,1.2447719542736677,0.00027344538164477626,,0.0005
557,0.01862426935450027,0.01683819519453927,35.721484636005606,,0.8671447361918294,0.018450844971082927,55.39768375617062,,1.2386615581588318,0.0002721516021571593,,0.0005
558,0.018576603284791895,0.01684280881952298,34.67589006925884,,0.8652033112113972,0.018409574909322907,54.03027078894192,,1.2358909729046013,0.0002654339272543649,,0.0005
559,0.018677842656248493,0.016821141403756644,37.13402497140985,,0.8784857105206187,0.0186918240178679,66.6697863207054,,1.2548392173414935,0.00032752793857801656,,0.0005
560,0.01873240786555566,0.016800814994463797,38.63186003032484,,0.8646414875968849,0.01839770001486775,51.462044565800184,,1.2350937749826714,0.00025281703004966546,,0.0005
561,0.0185656853412327,0.016841761032609565,34.47848892211914,,0.8635929697033571,0.018375373050942313,51.93441811597706,,1.233594897724303,0.00025513765448340785,,0.0005
562,0.018736748514991058,0.016884069987817815,37.053573206851354,,0.8683623158705185,0.018476661478018994,58.37027433300388,,1.2403946990939902,0.0002867550157511858,,0.0005
563,0.018697621300816536,0.016832485598953145,37.30271339416504,,0.8629580438421446,0.018361816230321786,53.394359398627685,,1.2326847869635318,0.0002623098922411731,,0.0005
564,0.01846440048202088,0.016772088741785603,33.84623708223042,,0.869928453742212,0.01851007883559284,55.48753520534389,,1.2426381083398457,0.0002725930144002465,,0.0005
565,0.0185323342876999,0.016765133967917217,35.34400688974481,,0.8675771370688429,0.01846006346209313,54.85152221491588,,1.2392804236068082,0.00026946848025727403,,0.0005
566,0.01842316142038295,0.016699120941522875,34.480813578555455,,0.8641539273327646,0.01838724131068471,54.12661190850204,,1.2343916502377077,0.0002659072212310103,,0.0005
567,0.018362117637144893,0.016701388074771353,33.214591578433385,,0.8702453241763538,0.018516729285384826,58.4356381728903,,1.2430845733399423,0.000287076127980833,,0.0005
568,0.018806780541413708,0.01681818813085556,39.77185038516396,,0.8637412994372606,0.018378299069633917,59.280656545509906,,1.23379133029297,0.00029122744060561484,,0.0005
569,0.01833557063027432,0.01667395670359072,33.23228053042763,,0.8610319395300785,0.01832093170111015,50.129332925728434,,1.2299400836864058,0.00024626983198168447,,0.0005
570,0.018285698208369706,0.016622736020699927,33.259245119596784,,0.8589636425551528,0.01827686903449221,51.72110639906437,,1.2269820223415107,0.00025408972031756437,,0.0005
571,0.018249317415450748,0.016630114301254873,32.38406271683542,,0.8590429388739602,0.018278489780199077,53.8464822591874,,1.2270908279493729,0.0002645310313309369,,0.0005
572,0.018391301365275132,0.016703366645072635,33.758692289653574,,0.8644723709290173,0.018394122971420866,50.76984112977816,,1.2348536371344339,0.00024941644971202454,,0.0005
573,0.018325277163009895,0.01658664418286399,34.77266080755936,,0.8581278818899365,0.01825895726988882,55.77139843414455,,1.2257795508943883,0.00027398754621590205,,0.0005
574,0.018381408660819654,0.016648447092034314,34.65922767237613,,0.8589506089671912,0.01827645660052599,56.028304749566665,,1.22695433439009,0.0002752496470945987,,0.0005
575,0.018101902286473074,0.0164340499200319,33.35705074511076,,0.8573707639691504,0.018242918819304618,53.45032705778582,,1.2247028407370912,0.0002625848439553262,,0.0005
576,0.01827619646332766,0.01661463763172689,33.23117406744706,,0.8491300440018712,0.01806760643120847,51.929879361941545,,1.2129335848496752,0.0002551153569955201,,0.0005
577,0.018715423286745424,0.016708146290559518,40.145539233559056,,0.8642335074599321,0.018388283373522277,74.89617687149116,,1.2344616070976837,0.0003679416385121313,,0.0005
578,0.020536950054137332,0.017404827632402118,62.642453243857936,,0.8724776808185254,0.018563640181048155,77.34346449954667,,1.2462338449970416,0.0003799644019880593,,0.0005
579,0.01880073145424065,0.01665373043598313,42.940018704063014,,0.8551605176606509,0.01819587931872445,53.64533225830394,,1.2215449354392602,0.0002635428438959658,,0.0005
580,0.018292103747003956,0.01657395844200724,34.362910421271074,,0.8552840461900709,0.01819852721129394,53.03178533032064,,1.2217226965521577,0.00026052867853511427,,0.0005
581,0.018325440781681163,0.016507960708909912,36.34960696571752,,0.8595935027780777,0.018290117387817707,56.65970251605008,,1.2278714247509352,0.0002783515080767877,,0.0005
582,0.01811107865681774,0.01646565547899196,32.90846583717748,,0.8520097708434496,0.018128935405426226,50.35975271987801,,1.2170507861422937,0.0002474018128136366,,0.0005
583,0.018006214577900737,0.01639742021890063,32.1758898684853,,0.851534478109501,0.018118845897547375,49.575996589300374,,1.216373446672483,0.00024355146254310852,,0.0005
584,0.018261013454512545,0.01648966821008607,35.426905381052116,,0.8690334196125319,0.01849107997950627,53.98240071232317,,1.2413626571222829,0.00026519875644642066,,0.0005
585,0.018495208926891025,0.01654645354536019,38.97511050575658,,0.8507189224031169,0.018101308119647816,55.410885081303995,,1.215196082094668,0.0002722164561644398,,0.0005
586,0.018861468979402593,0.016677409361459707,43.68119229768452,,0.8678433492091563,0.0184652934222895,68.72030299173719,,1.2396315268032252,0.00033760148966234516,,0.0005
587,0.018473461368366292,0.016623733614228274,36.99455441926655,,0.8529161517329944,0.018148062505344235,55.47470909943103,,1.2183348467598227,0.00027253000372837465,,0.00025
588,0.01783768734649608,0.016354120042371124,29.671342849731445,,0.8439624393955366,0.017957839254522812,45.61928053553553,,1.2055645791308995,0.00022411334635665138,,0.00025
589,0.01779077760875225,0.016359443090071802,28.626693022878545,,0.8448153424889748,0.017975884648500088,48.9395373581726,,1.2067760215258962,0.00024042473615827403,,0.00025
590,0.01775857100361272,0.01631746328386821,28.822159014250104,,0.8472013032047301,0.018026708928476166,47.289626030031215,,1.2101880106204952,0.00023231923461154358,,0.00025
591,0.017590487718974288,0.01618760745776327,28.057605341861123,,0.8419059016981547,0.017914089344153762,45.21749563887456,,1.202627514067919,0.00022213950203799516,,0.00025
592,0.017558363070221322,0.01618270526983236,27.51315658970883,,0.8407174332392935,0.017888793769384286,45.38709652372899,,1.2009293448996456,0.00022297269847168654,,0.00025
593,0.01755613706221706,0.016206807358876654,26.986597161543997,,0.837707868839194,0.017824751338376618,45.38055032839511,,1.1966299809678278,0.00022294053904863212,,0.00025
594,0.017695574187918714,0.016314879746029253,27.613894914325915,,0.8443345994855331,0.017965720152257034,46.848736738824435,,1.2060936478582374,0.00023015328255650852,,0.00025
595,0.01776200385862275,0.016297131923860626,29.297441884091025,,0.8408125706997316,0.017890771121551057,46.890332004021126,,1.2010620905879739,0.0002303576271662084,,0.00025
596,0.017636131201135486,0.01625231481892498,27.676325848228053,,0.8417496467766556,0.017910733332375858,46.20446404292979,,1.2024022147504876,0.00022698817104777495,,0.00025
597,0.017622878971068484,0.016235062558400005,27.756330690885846,,0.840579711215485,0.017885794414433064,47.576715453622214,,1.200727989043956,0.00023372961571947146,,0.00025
598,0.01759895755860366,0.01620935428103334,27.792062759399414,,0.8381074294445319,0.017833210078669608,46.776840241816444,,1.19719784203044,0.0002298000774128362,,0.00025
599,0.017559212240341463,0.016182950354720418,27.525239542910928,,0.8418606169100254,0.017913126997491903,45.17603882341075,,1.2025629087982126,0.0002219358375888014,,0.00025
600,0.017711827335389035,0.01626323717401216,28.971803665161133,,0.841084571684664,0.017896617600070823,45.02890562980357,,1.201454582541832,0.00022121301793903158,,0.00025
601,0.017650604248046875,0.01622526700559415,28.506743882831774,,0.837468890558914,0.017819648720964736,45.929957674160924,,1.1962874266813441,0.00022563960657725284,,0.00025
602,0.017580727556426274,0.016182861339889075,27.95732387743498,,0.8365903442122965,0.017800953412893835,45.93323632928697,,1.1950323535688847,0.00022565571359084931,,0.00025
603,0.017619190051367407,0.016217752065705627,28.028763218929893,,0.841206684484791,0.017899183537364777,46.067954070526135,,1.201626841746852,0.00022631753998197796,,0.00025
604,0.017556025303508107,0.016178795087494348,27.544603950098942,,0.842654613973454,0.017929987862479534,46.297027276540945,,1.203694830145458,0.0002274429054449566,,0.00025
605,0.017570648195320053,0.016192439747484105,27.564167825799238,,0.8362915604626866,0.01779459757582783,45.86333176487423,,1.1946056668206126,0.00022531229419290552,,0.00025
606,0.017464574622480494,0.016120911967989645,26.87325577986868,,0.8413949729153768,0.01790315512790335,47.18813564597476,,1.2018934667460102,0.00023182064389886902,,0.00025
607,0.01755577198376781,0.016208444329860964,26.946554886667354,,0.8365416383964753,0.017799922732208772,45.74942872225379,,1.194963160827559,0.00022475272394668064,,0.00025
608,0.017495512766273397,0.01611221498368602,27.66595448945698,,0.8393496849479211,0.01785965943906224,46.313468376392514,,1.198973468350405,0.0002275236754584742,,0.00025
609,0.017473171710183744,0.016091247040190194,27.638490978040192,,0.837350304099089,0.01781713735311853,45.54360725348981,,1.1961188308899662,0.00022374158704195008,,0.00025
610,0.01759179877607446,0.01620467414001101,27.742494783903425,,0.8346222924485465,0.017759058622654277,46.41896175525217,,1.1922198283843635,0.00022804193164044733,,0.00025
611,0.017476326834998633,0.01608741219694677,27.7782924049779,,0.8361254767969011,0.017791039466217955,46.62534996917843,,1.1943668000586638,0.0002290558527880103,,0.00025
612,0.017582640443977556,0.01616357992354192,28.38121273643092,,0.8361187801646931,0.01779083222282645,48.689653803712275,,1.194352887177024,0.0002391971359214405,,0.00025
613,0.017476225909041732,0.01612053777238256,27.11376109876131,,0.8351988715235195,0.0177713553985511,45.54706801670377,,1.1930453484955867,0.0002237585886959815,,0.00025
614,0.017492406364334256,0.016124231250662553,27.363500695479544,,0.835255057968401,0.017772518964588955,46.56947229045773,,1.1931234622363789,0.0002287813431197795,,0.00025
615,0.01764514414887679,0.016201796353255447,28.866955606560957,,0.8411890193335418,0.01789875810506484,47.64702623532086,,1.2015982811776014,0.00023407503073668464,,0.00025
616,0.017588072505436446,0.016143357528275566,28.89429925617419,,0.8345077367372935,0.017756633184615418,46.02761565839003,,1.192057001323319,0.00022611936990072265,,0.00025
617,0.01747632546252326,0.016080373260927826,27.919044595015677,,0.8335641888376689,0.017736552636661188,46.09549911966238,,1.1907089328279925,0.00022645286024711614,,0.00025
618,0.017512936341135127,0.016121335915829007,27.83201026916504,,0.8365480945804326,0.017799996029582266,47.79291943615433,,1.1949680815040378,0.00023479175868735896,,0.00025
619,0.01752092924557234,0.016132329002414878,27.77200668736508,,0.8359273134575677,0.017786832150241846,46.321129572961546,,1.1940843500911527,0.00022756131253604374,,0.00025
620,0.017526715307643537,0.016093916112655086,28.655981766550166,,0.8375090127697783,0.01782045176045145,47.54812505608086,,1.1963413371739766,0.00023358915998252338,,0.00025
621,0.017538074600069148,0.016150885163561293,27.74378726356908,,0.8374770824664286,0.017819827183072262,45.79792760766895,,1.1962994073875137,0.00022499098389680179,,0.00025
622,0.017478576420169128,0.016081148219343862,27.94856653715435,,0.8355066507258669,0.017777851302680753,47.25440705160294,,1.1934814383735026,0.00023214621471692523,,0.00025
623,0.017451881921212924,0.01603373458707019,28.362945355867083,,0.8323086496221932,0.017709825223104204,46.41155074692493,,1.188914639950136,0.00022800552365994883,,0.00025
624,0.017419339500759776,0.01604298154186261,27.527158636795846,,0.8298422132130265,0.017657380771084114,45.11757129404106,,1.185393883759414,0.0002216486047892828,,0.00025
625,0.01743944479446662,0.016017664321943334,28.435602388883893,,0.8363035968223699,0.017794727341032417,49.892547658238996,,1.1946143783550038,0.0002451065795576644,,0.00025
626,0.017327332526053254,0.01595627673362431,27.421119388781097,,0.8323032951171516,0.017709760364389097,44.846494454917526,,1.18891028578656,0.00022031688853197716,,0.00025
627,0.017380034796109323,0.01601793273891273,27.242039329127262,,0.832526622537973,0.017714469026148656,46.239236295620245,,1.189226392627254,0.00022715899631769006,,0.00025
628,0.017474618593328876,0.01608899338661056,27.712504537482012,,0.8364019678920046,0.017796975803524566,44.9453339891958,,1.1947653245072452,0.00022080245644360134,,0.00025
629,0.01743313650551595,0.016060494229589637,27.452845422845137,,0.8281395501313565,0.017621128066140242,45.77251376076097,,1.1829601289875527,0.00022486613356581276,,0.00025
630,0.017358666187838503,0.01592762376132764,28.620847099705745,,0.8327861356152231,0.017720008870205854,45.68178529224572,,1.1895982992734049,0.0002244204127992845,,0.00025
631,0.01749148778617382,0.016045165395266132,28.926443099975586,,0.8383487489365197,0.017838221554793376,50.722070161338024,,1.1975342777239746,0.00024918176579175803,,0.00025
632,0.017584165950354776,0.016041660436282034,30.850113115812604,,0.8309268900466635,0.017680458484515837,45.24152117034339,,1.1869431611243737,0.00022225753200673352,,0.00025
633,0.017505452821129246,0.01610204513723913,28.068155188309518,,0.8263459798908953,0.017582991293128104,44.82012921705056,,1.1803998909737163,0.00022018736431290815,,0.00025
634,0.01730524209377013,0.015950129220360203,27.10225968611868,,0.8357344771650006,0.01778274943354187,45.65847404283538,,1.1938102648534825,0.00022430589187629369,,0.00025
635,0.01732110266426676,0.015954599029531603,27.330077422292607,,0.8340482533212487,0.017746843196150205,46.42037807168419,,1.1913997695062568,0.000228048889562873,,0.00025
636,0.017407320537849477,0.015987018221303037,28.40605173612896,,0.8379825651245304,0.017830505512357764,48.2911065937167,,1.1970162762361787,0.00023723919735106695,,0.00025
637,0.017393263449010096,0.015957761850011975,28.710032011333265,,0.8316667835032002,0.01769612971828453,47.58444478343763,,1.187995218895637,0.000233767587514504,,0.00025
638,0.017447406916241897,0.016030364375757545,28.34085374129446,,0.8385600224431411,0.01784279526690269,48.238994000718634,,1.1978413249826108,0.00023698318437876634,,0.00025
639,0.017447405886885366,0.01602466482865183,28.454824447631836,,0.8267059569357835,0.017590609005898553,46.17500350797422,,1.180911291290864,0.00022684344059615793,,0.00025
640,0.01726074041308541,0.015914953117699998,26.915749499672337,,0.8266578135901219,0.017589559479888692,46.973733868036256,,1.1808408334053448,0.00023076735460200723,,0.00025
641,0.017407067218109182,0.015968022819020246,28.780894028513057,,0.832718123219338,0.017718501880843476,47.5855369825749,,1.189497130476276,0.00023377295314939932,,0.00025
642,0.017397115448195683,0.01598604033259969,28.22150822689659,,0.8285075490552466,0.017628977969414743,45.16683167820601,,1.1834871169621755,0.00022189060574608047,,0.00025
643,0.01744034690292258,0.01602354866305464,28.33596962376645,,0.8255456142693368,0.017565907561787317,46.48419448961758,,1.1792530079277144,0.00022836239978941866,,0.00025
644,0.017389830201864243,0.015981410139877545,28.16840242084704,,0.8336013028676108,0.017737374842190602,45.06145081641909,,1.1907641299955902,0.00022137290232551428,,0.00025
645,0.01747199843980764,0.015953682755169115,30.366314938193874,,0.8271260577967819,0.017599421734319363,50.221059379194614,,1.181502916657315,0.00024672045553809327,,0.00025
646,0.01737584908934016,0.015891965184556812,29.677678861116107,,0.8255678627262543,0.01756641814172807,45.29998473901139,,1.179287284718071,0.00022254474534855577,,0.00025
647,0.017169624763099772,0.015818749750523192,27.017500425639906,,0.8245490205587803,0.01754474624301096,45.02067004730076,,1.1778323839872227,0.00022117255908189415,,0.00025
648,0.017301741301229124,0.01593044645300037,27.425898903294613,,0.8288537385505294,0.017636334445971548,45.49630671166582,,1.1839809796946785,0.00022350921418143552,,0.00025
649,0.017337585456277196,0.01593813393265009,27.989030838012695,,0.8253420935553056,0.017561614970401714,45.26396820177578,,1.1789648331615958,0.000222367807295406,,0.00025
650,0.017211135378793666,0.015865143584577662,26.919833434255498,,0.8247360232770955,0.01754874581081669,44.376406036962486,,1.1781008871857468,0.00021800749024259943,,0.00025
651,0.0171803486484446,0.015794130385314162,27.72436443128084,,0.8221336396223357,0.01749327641900046,47.2920459857671,,1.1743770575505788,0.00023233112310192832,,0.00025
652,0.017260447536644182,0.01587732101937658,27.66253009595369,,0.8237289486602042,0.017527236193137043,46.90713105399396,,1.17665688087643,0.0002304401556774174,,0.00025
653,0.017234673037340765,0.01582631140359138,28.167233115748356,,0.8240152225787162,0.01753338452645971,45.10529823693832,,1.1770696372648486,0.00022158831107432208,,0.00025
654,0.017212163362848133,0.01585487379251342,27.145788795069645,,0.8209420286327028,0.017467944390900696,46.491727028609816,,1.1726764411589417,0.00022839940481230142,,0.00025
655,0.017263688784288734,0.015849508002008263,28.283618425068102,,0.8230675410486828,0.01751325251550321,44.009377508848914,,1.1757181139010497,0.00021620439316000044,,0.00025
656,0.017009980143292955,0.01567566507544957,26.686300980417354,,0.8218782764556307,0.017487896599104394,45.56281536613121,,1.17401589381496,0.00022383595052928975,,0.00025
657,0.017108957234181855,0.0157558142060512,27.062863400107936,,0.8276285778206591,0.01761026676395729,45.388714364940455,,1.1822309766096177,0.00022298064642271775,,0.00025
658,0.017195316325677067,0.01582717395534641,27.36285370274594,,0.8274005194273788,0.017605216785760224,51.66899864582836,,1.1818919561543462,0.00025383373112151047,,0.00025
659,0.017260165983124784,0.01581683357883441,28.8666521373548,,0.8206266350839959,0.01746123387501531,46.46095334280674,,1.1722259437385976,0.00022824822325871063,,0.00025
660,0.017179653930820916,0.015813724971131274,27.318581631309108,,0.8249761023177075,0.017553857733491923,44.277177665233374,,1.1784440661629707,0.00021752001209343375,,0.00025
661,0.0171790591097976,0.01580490098383866,27.483164034391706,,0.8215086792159371,0.017480008693350653,46.295746098764965,,1.1734863546178744,0.00022743661141674568,,0.00025
662,0.017203436919340964,0.01581104300720127,27.847878707082646,,0.8241790126301093,0.017536793088569876,47.555432350832966,,1.1772984644465345,0.00023362505845046246,,0.00025
663,0.017403067432736095,0.015901400070441395,30.033347983109323,,0.8291604844142365,0.0176427791418956,48.135311712243585,,1.1844136318094005,0.00023647382552094835,,0.00025
664,0.01729025348628822,0.015870567901354087,28.393714704011614,,0.8215224667458777,0.01748032456308156,45.579112332316846,,1.173507559917343,0.00022391601245890476,,0.00025
665,0.017231329197162075,0.015813267397645273,28.361238881161338,,0.8202800147615004,0.017453834180054365,47.21719811524178,,1.1717291796226674,0.0002319634187774808,,0.00025
666,0.017192349475073188,0.01578758397188626,28.095315029746608,,0.8171604935421448,0.01738755461982164,43.93539317899272,,1.1672796303754316,0.00021584093114246358,,0.00025
667,0.017204392897455317,0.01584204462798018,27.246958582024824,,0.8215965884181657,0.017481929576945644,44.69503132127746,,1.1736153093985657,0.00021957279723261311,,0.00025
668,0.01714396790454262,0.015732594520637865,28.2274707994963,,0.8248533858747602,0.017551142393132425,47.59234725098118,,1.178261777073994,0.00023380640988138196,,0.00025
669,0.017242085188627243,0.015825680996242323,28.328088258442126,,0.820164044150386,0.01745137731795674,46.86779459054433,,1.1715642429686122,0.00023024690785864338,,0.00025
670,0.01730887292835273,0.01584459007962754,29.28565105639006,,0.8190531439170501,0.017427711414554885,47.70563452091401,,1.1699754786150596,0.0002343629550277807,,0.00025
671,0.017189410122993746,0.01580581676803137,27.67186957911441,,0.8197462277590013,0.017442546764138513,44.940158211434735,,1.1709714209288065,0.0002207770294561431,,0.00025
672,0.017248088003773438,0.015850110910832882,27.959543629696494,,0.8160343854042184,0.01736354114450177,45.53696299665834,,1.165667532457795,0.00022370894587323646,,0.00025
673,0.017155306609837634,0.015703588675119375,29.03435626782869,,0.8154131653408254,0.017350328470857945,45.32317854132967,,1.1647805253343404,0.00022265868929048695,,0.00025
674,0.017166119559030784,0.015762388902275187,28.074615578902396,,0.81920769073595,0.017431068624025287,45.52150378979536,,1.1702008583372452,0.00022363299959478995,,0.00025
675,0.017169179345824216,0.01578224670926207,27.738656194586504,,0.8160241598935838,0.01736339819912456,43.156692393009294,,1.1656579360981731,0.00021201541620867679,,0.00025
676,0.017171891994382207,0.015757017033664805,28.297496293720446,,0.8137705712942411,0.01731532884965195,46.780600002738964,,1.1624308938997947,0.00022981854794967843,,0.00025
677,0.017133600911811778,0.015710773044510892,28.45655501516242,,0.8187956155522714,0.017422212964587284,48.28986945390725,,1.1696063508805303,0.0002372331196676982,,0.00025
678,0.01721051104954983,0.01576841058895776,28.842011301141035,,0.8177855393334506,0.017400803505701813,45.59034440104774,,1.1681690685368773,0.00022397119212154383,,0.00025
679,0.017039949662591283,0.015674778015205736,27.303434472335013,,0.8237058933348105,0.01752671263152805,47.95779605224197,,1.1766217325870478,0.00023560174625694762,,0.00025
680,0.017053281202128057,0.015701290857242912,27.03980967873021,,0.8162733920523487,0.017368634861065955,45.29061207675071,,1.166009489203196,0.0002224987003719833,,0.00025
681,0.016971041497431304,0.01563735816039537,26.673666100752982,,0.8200160302568795,0.017448315714474926,44.05905405528646,,1.1713587081790025,0.00021644843859269612,,0.00025
682,0.01714447356368366,0.015789962716792758,27.09021578337017,,0.813446481197373,0.017308509429298822,44.32156661424524,,1.1619730853900172,0.00021773808120341358,,0.00025
683,0.01702415472582767,0.01565772804774736,27.328534377248662,,0.8197568824522801,0.017442736683948717,46.11383010336367,,1.1709841708255404,0.00022654291467259321,,0.00025
684,0.017203682053245996,0.015686744088797194,30.338759572882402,,0.8218216961830792,0.017486574920250793,49.31470701189399,,1.1739271654780872,0.00024226782806064347,,0.00025
685,0.017208200389225232,0.015737833749306828,29.407330964740954,,0.8191815724440337,0.01743053010755522,44.970743993343326,,1.1701647060823783,0.0002209272878963026,,0.00025
686,0.017012825480809336,0.015611027220362112,28.035966572008636,,0.8144556915736432,0.01732990022432805,47.0287118030597,,1.163409114772015,0.00023103744410910248,,0.00025
687,0.017162631167785117,0.015719043188973478,28.87176503633198,,0.8150225732832552,0.017341948831228936,47.490014784733575,,1.1642179745408159,0.00023330368228062956,,0.00025
688,0.017091630026698112,0.015678496001974532,28.26268105757864,,0.8189758025995086,0.017426175544656333,44.200444627369905,,1.1698723709793577,0.00021714304652778224,,0.00025
689,0.017046561807786163,0.015643668164940255,28.05787648652729,,0.8125644665457477,0.01728950826708016,51.72387563339675,,1.160697479354766,0.0002541033247051345,,0.00025
690,0.01704792114660928,0.015672292070169198,27.512584184345446,,0.817509464287118,0.017394902716604755,46.419181544615526,,1.1677729305481412,0.00022804301139727685,,0.00025
691,0.016965720851562525,0.015632904330758673,26.656332718698604,,0.8133328761667371,0.01730605772868553,45.41266818055576,,1.1618084952421643,0.00022309832407375774,,0.00025
692,0.017015123837872556,0.015674452150338573,26.813432894254987,,0.809324318995867,0.01722076283168788,45.22107811668116,,1.156082388379108,0.00022215710163799016,,0.00025
693,0.01689616316243222,0.015555225900913539,26.818743956716435,,0.8114156631676404,0.017265211597110183,46.956201270627076,,1.1590663697156005,0.0002306812224002371,,0.00025
694,0.01718673884476486,0.015611113539259685,31.512508392333984,,0.8199002432940933,0.017445679357750703,49.55754335363434,,1.1711817215026197,0.00024346080753172574,,0.00025
695,0.01711362208190717,0.015657307727164345,29.126293483533356,,0.810583646416892,0.017247546504572286,45.681521268473524,,1.157880458117389,0.00022441911573255283,,0.00025
696,0.017063548886462263,0.015633922903553435,28.59252216941432,,0.8090352123923092,0.017214609739444806,45.25263241302281,,1.1556693125098325,0.00022231211808853562,,0.00025
697,0.016952270347821086,0.015623791486416993,26.5695743560791,,0.8075788593378056,0.01718364306848238,44.48452983294558,,1.1535904253387883,0.0002185386688463409,,0.00025
698,0.016913951766726217,0.015556340743052332,27.1522216796875,,0.8080288465466019,0.017193167225505596,46.12462972331348,,1.1542298110794962,0.00022659596984878012,,0.00025
699,0.016984573320338602,0.015608420791594605,27.5230511113217,,0.8085436642580802,0.017204143829108207,45.44114220764543,,1.154966703993778,0.00022323820811884573,,0.00025
700,0.016890116428074083,0.015497232150090369,27.85768579181872,,0.8082221970325927,0.017197297868422643,45.608019473740185,,1.1545071137504497,0.00022405802426009796,,0.00025
701,0.016895727548552186,0.01554451387767729,27.02427020825838,,0.8087114078374306,0.01720776587379525,43.76679524134329,,1.155209862912668,0.00021501266187666464,,0.00025
702,0.01720956458072913,0.015689780298424393,30.395685697856702,,0.811364687197765,0.017264084065173206,48.320215392650766,,1.1589906750540218,0.00023738219983293328,,0.00025
703,0.01719816475126304,0.015613623551632228,31.690824609053763,,0.8110535599425946,0.01725751183944095,46.77472846272665,,1.1585494614738931,0.00022978970289852944,,0.00025
704,0.017050274794823246,0.015621897862537912,28.56753871315404,,0.8106917438472068,0.017249844179115875,45.76463600247432,,1.1580347080249007,0.00022482743258783405,,0.00025
705,0.01698794039456468,0.015604461543262005,27.669576845671003,,0.804464871687033,0.01711733025432119,46.017653973726645,,1.1491386436538014,0.00022607043124015956,,0.00025
706,0.016817165685719566,0.015493481419980526,26.473683909366006,,0.8051941399211828,0.017132924219147326,43.61496739890469,,1.1501855141250286,0.00021426677887632844,,0.00025
707,0.016909438479495675,0.015552690938899391,27.134951942845394,,0.8071296499942885,0.017174070427504032,44.918160724573525,,1.1529477847221379,0.00022066896264022603,,0.00025
708,0.016950181685388088,0.015541382673147478,28.175979313097503,,0.8053140851965483,0.0171354437830766,44.661957946801614,,1.1503546601444876,0.00021941031802333855,,0.00025
709,0.016862353113921064,0.015483658711769079,27.573891087582236,,0.8112514443281486,0.01726180986377304,43.99738882208738,,1.1588380009702974,0.00021614549646814106,,0.00025
710,0.01695179297147613,0.015501560496264383,29.004654532984684,,0.8154297490486634,0.017350530972735215,50.11858966651808,,1.1647941199036527,0.0002462170536882931,,0.00025
711,0.01695961015004861,0.015540761186888344,28.37698123329564,,0.8098906929294807,0.01723281667562327,45.17086174450382,,1.1568915997260256,0.00022191040420921793,,0.00025
712,0.016774831927920644,0.01544640762241263,26.568486665424548,,0.8044921968532781,0.017118004465943977,43.060581697243464,,1.1491839055385833,0.0002115432542325148,,0.00025
713,0.016848949225325333,0.015535713124432061,26.264724329898232,,0.8141748217859966,0.017323736732084764,52.98067900773983,,1.162995340718971,0.00026027760905661504,,0.00025
714,0.017071067404590155,0.015516012808994242,31.101092489142168,,0.8125031191095312,0.017288288143958306,49.00301495749358,,1.1606155687642414,0.00024073658187428505,,0.00025
715,0.017076895768313033,0.015561016276478767,30.31758609570955,,0.8109942704200219,0.01725623221722236,47.347354427011126,,1.1584635565273385,0.00023260283628336072,,0.00025
716,0.017025692388415337,0.01558286976069212,28.85645213880037,,0.809096325432385,0.017215737651354725,50.75465688867566,,1.155745032680155,0.0002493418542548972,,0.000125
717,0.01671866121652879,0.015396145711603918,26.450314873143245,,0.8032800020111248,0.01709222387830215,42.596377103012756,,1.1474531759753182,0.0002092627613403453,,0.000125
718,0.016639814221937405,0.015435301796778253,24.09025021603233,,0.7999076079791121,0.017020502830712502,41.24138497059548,,1.1426383230675294,0.0002026061061384637,,0.000125
719,0.01661283660091852,0.015421449010701556,23.82775136044151,,0.8004075477928164,0.017031156116596023,40.77218347563281,,1.1433535106761552,0.00020030106502608318,,0.000125
720,0.01658693063808115,0.015379313036407294,24.152355194091797,,0.7989426409818621,0.016999972700696423,41.11126006229081,,1.1412600727556996,0.0002019668429080452,,0.000125
721,0.016593047319666335,0.01539607689176735,23.939410360235918,,0.7990380879753461,0.017002004383439063,41.09215813050961,,1.1413964658214713,0.00020187300105426966,,0.000125
722,0.016600924249934524,0.015407287368648931,23.872740093030426,,0.7989241098860013,0.01699955257357429,41.93361730828699,,1.1412318683392328,0.00020600682846102388,,0.000125
723,0.01653066282405665,0.015323669943762453,24.139859852037933,,0.8008574961542676,0.01704071464969003,41.28982497641054,,1.1439952041874546,0.0002028440768314099,,0.000125
724,0.016541684683608383,0.015347490087151527,23.883895472476357,,0.8010312040100629,0.017044400249110952,41.635851506507116,,1.144242629729679,0.00020454399762537585,,0.000125
725,0.016562684880275475,0.015388556118858488,23.482576169465716,,0.8004095856376804,0.017031183587973273,41.278951854802514,,1.1433553549135873,0.0002027906605644212,,0.000125
726,0.01662705127934092,0.015437622358532329,23.788580241956208,,0.8003215181275929,0.01702930703048133,41.35889025243616,,1.1432293758795329,0.00020318337306636674,,0.000125
727,0.016540447642144403,0.015350855543817344,23.79184281198602,,0.7998238287598168,0.01701871465951966,41.41274736538857,,1.1425182776756,0.00020344795632298932,,0.000125
728,0.016432322757808787,0.01525343684969764,23.57771200882761,,0.7978900845972863,0.01697754793595706,41.961889462082766,,1.139754629830081,0.00020614572076536316,,0.000125
729,0.016519161921582724,0.015323589016732416,23.91145896911621,,0.8004902007853923,0.017032867631024948,42.28090233920832,,1.1434684098654697,0.0002077129318783876,,0.000125
730,0.01644815543764516,0.01526258292755014,23.711455495733965,,0.7970907037454773,0.016960536234302256,41.99742971887313,,1.1386125823568245,0.00020632031900071803,,0.000125
731,0.016509631256523886,0.015328379004801574,23.62504758332905,,0.7981312765376174,0.016982705993125093,41.14675662773293,,1.1401009059566671,0.00020214122650138585,,0.000125
732,0.016432055762331737,0.015243963926638427,23.761838511416787,,0.7979194000610135,0.016978173802503712,41.896773177428585,,1.1397966461622917,0.00020582582469762942,,0.000125
733,0.0165641114213749,0.015369288231197157,23.89646389609889,,0.8008200493354435,0.017039946069971848,40.38818260812537,,1.1439436070842985,0.00019841458811520966,,0.000125
734,0.016561685179017092,0.015333023951633981,24.57322261207982,,0.7981091055988427,0.016982211067995575,41.88440135383549,,1.1400676801215868,0.0002057650457735992,,0.000125
735,0.01660962054800046,0.015384700051263758,24.498412383230107,,0.7984549147160844,0.016989579699983156,41.56820159731595,,1.1405623588852716,0.00020421165464776694,,0.000125
736,0.01644008386095888,0.015231353917012089,24.174600400422747,,0.7968299995885636,0.0169550137453056,41.19333966781657,,1.1382418408088772,0.00020237007449885655,,0.000125
737,0.016568493637207308,0.015354965764440988,24.270557905498304,,0.7985902883005991,0.016992440482208774,42.20359877220311,,1.1407544119307929,0.00020733316348038868,,0.000125
738,0.016433346722471088,0.015231516702394737,24.036599510594417,,0.7970295299183348,0.016959242466794578,41.742557063350645,,1.1385257277938237,0.0002050682088610271,,0.000125
739,0.016502140236920433,0.015277674323634097,24.489321056165192,,0.7969205013897425,0.01695690883999613,42.17403555328797,,1.1383690643016717,0.00020718792857439352,,0.000125
740,0.016592079136324555,0.015386441869563177,24.112747895090205,,0.7972354160643113,0.016963640452897836,41.207196007074494,,1.138820978029136,0.0002024381463869462,,0.000125
741,0.016573502731166388,0.015375544758219468,23.959156136763724,,0.7973764709951716,0.016966658085066158,40.696225426189706,,1.1390235608902148,0.00019992790673766702,,0.000125
742,0.016510542335086746,0.015317628111102079,23.858283695421722,,0.7975969718873566,0.016971345352052823,40.85330924870231,,1.1393382314344804,0.00020069961073449727,,0.000125
743,0.01651865734081519,0.015324033992855172,23.892466394524824,,0.7958862880221323,0.01693492288475234,41.47899562457599,,1.1368930799972907,0.00020377341342977623,,0.000125
744,0.016588263507736355,0.01534787192940712,24.807832617508737,,0.8010465688464025,0.01704468260863534,43.05793512558437,,1.1442615853866684,0.00021153025244853381,,0.000125
745,0.016539183200189943,0.015322514123430378,24.33338165283203,,0.795177919098241,0.01691984148787355,41.71866751470887,,1.1358806197773728,0.00020495084693365325,,0.000125
746,0.016512435223711163,0.015306838003820494,24.111942391646537,,0.7991325262610107,0.01700399539018912,41.68560915365882,,1.1415301281836665,0.00020478844148067327,,0.000125
747,0.016516130025449553,0.01527576952388412,24.807206204063014,,0.7955152469135772,0.016927036001888725,41.199624255466965,,1.1363636094699425,0.0002024009487246722,,0.000125
748,0.016472309778787587,0.015275774915751657,23.93069879632247,,0.7972018546913545,0.016962904032741605,41.91646168101366,,1.1387715398955651,0.00020592254819636519,,0.000125
749,0.01643229741603136,0.015226976896979307,24.106409574809827,,0.7952099801992398,0.016920554276379122,40.74495295528295,,1.1359284714460813,0.0002001672899431139,,0.000125
750,0.016584480916591066,0.015365001402403178,24.38959392748381,,0.8001674271103364,0.017026023507245622,41.502763205677205,,1.1430089429392656,0.000203890176168532,,0.000125
751,0.016372667625546455,0.01520053282576172,23.442700335853978,,0.7929776090183879,0.01687301613945221,41.827193838427256,,1.1327370911678265,0.00020548400303104866,,0.000125
752,0.016439856373165782,0.015252126233750269,23.754602833798057,,0.795197532146631,0.016920283989328457,40.917013415404774,,1.1359103262511134,0.0002010125695056342,,0.000125
753,0.01646432510920261,0.01525207633446706,24.24497514022024,,0.7975759332788273,0.016970866791683987,41.83745766197999,,1.1393061042157506,0.00020553442600606742,,0.000125
754,0.016466422496657623,0.015249778712658505,24.332875000803096,,0.7946846702666762,0.0169093730284592,40.83450739013235,,1.1351778401339458,0.0002006072430471429,,0.000125
755,0.016485231340323623,0.01525200677937583,24.66448964570698,,0.7925193540314212,0.016863285847477084,41.15000846658766,,1.1320838669584126,0.0002021572017749761,,0.000125
756,0.016440984351854575,0.015244040589191411,23.938873391402396,,0.7983818593181226,0.016987976920774767,43.10451251548663,,1.1404547594233088,0.00021175907268841952,,0.000125
757,0.016544919902164685,0.015296759819121738,24.96320212514777,,0.7951659707253298,0.016919569516868713,42.28346195063566,,1.1358623615334196,0.0002077255064537781,,0.000125
758,0.01645719068811128,0.015273329605789561,23.677222603245784,,0.7945764318302876,0.016907056882267908,41.2446965434606,,1.1350223501683252,0.00020262237486668106,,0.000125
759,0.016445767134428024,0.01525897929739011,23.735757325824938,,0.7930702165515797,0.016875020960774166,40.737966630956336,,1.1328716809444126,0.00020013296830311456,,0.000125
760,0.016245438619271704,0.015057925330965142,23.750267530742445,,0.792847787528194,0.016870286389378007,40.7809439136821,,1.132553834710705,0.00020034410233539033,,0.000125
761,0.01643448597506473,0.01526992032794576,23.291314777575042,,0.7954969719499181,0.016926658151756285,40.84774602565202,,1.1363382432368765,0.00020067228034875484,,0.000125
762,0.016353432922378966,0.015175086838242254,23.566924044960423,,0.7950129182000878,0.016916361668985327,40.719017178984565,,1.1356470089106103,0.00020003987553525056,,0.000125
763,0.0164340100692291,0.015248013954413565,23.719921915154707,,0.7953746238461833,0.016924049864514873,40.99939187263468,,1.1361631409505781,0.000201417269261982,,0.000125
764,0.01636568304935568,0.015138576150332627,24.542136945222552,,0.7918153257902191,0.01684828993340043,41.609232636211004,,1.1310771454600035,0.00020441322738901386,,0.000125
765,0.0164300048429715,0.015239474412642028,23.81061363220215,,0.7943343819064942,0.01690192664423014,40.59064648836149,,1.1346779416248927,0.00019940923023107393,,0.000125
766,0.016430402713778772,0.01518834308770142,24.84119274741725,,0.7932167805975283,0.016878096959527272,42.103962717076186,,1.1330781821325364,0.00020684368250940152,,0.000125
767,0.016471857940287965,0.015253423419045774,24.368692197297747,,0.7966612710017419,0.016951387901629804,42.320477125480906,,1.137998426852273,0.00020790735050311778,,0.000125
768,0.016492318411014582,0.015277180428567686,24.302763386776572,,0.7953235623075278,0.016922944744315414,41.59073574294839,,1.1360889508573677,0.0002043223579014283,,0.000125
769,0.016420223799191024,0.015201211416799771,24.38024822034334,,0.7927227735773911,0.016867598267450806,41.66934529255299,,1.1323733728781933,0.00020470854218602598,,0.000125
770,0.016506280995121126,0.015299497711423197,24.135664889686986,,0.798876957469075,0.016998514203066403,43.04900838205527,,1.1411621593566221,0.00021148639813209371,,0.000125
771,0.01646479728974794,0.01523595175852901,24.57691062124152,,0.7928372675170037,0.016870053003403523,41.08459834216283,,1.1325381667976495,0.0002018358621637774,,0.000125
772,0.01651098799744719,0.015272063399223905,24.77848986575478,,0.7965590773198138,0.016949173181179517,43.598107470398524,,1.137849745906325,0.00021418395128780678,,0.000125
773,0.01644072593434861,0.015220735614237032,24.399802258140163,,0.7930075208148214,0.016873670655810722,41.25318326911202,,1.1327810308493826,0.00020266406751204993,,0.000125
774,0.01638148921100717,0.015182134842402056,23.9870884543971,,0.7950510606794305,0.01691717235718668,40.750023552598506,,1.13570143288481,0.00020019220021173448,,0.000125
775,0.016381838113853808,0.01515863487791074,24.464067057559365,,0.7909513589510502,0.01682988803814095,42.14929735036005,,1.1298417700454408,0.00020706639747228184,,0.000125
776,0.016370677536255436,0.01517133101036674,23.98693185103567,,0.7901156910064905,0.016812121750216014,41.62389801136126,,1.1286490648919212,0.00020448527381898638,,0.000125
777,0.016317858507758694,0.015144468677279196,23.467795522589434,,0.7926610345601671,0.016866304324029725,41.03659178099275,,1.132286506505589,0.00020160002084965322,,0.000125
778,0.016262631863355637,0.01508890876644536,23.474463312249433,,0.7902872648682647,0.016815823310352317,40.0130614070132,,1.1288975619257016,0.00019657173424544974,,0.000125
779,0.01641666928404256,0.01521079232426066,24.117537849827816,,0.7934947481068996,0.016884024050825574,41.72053002140277,,1.1334760858683495,0.00020495999685015526,,0.000125
780,0.01641470870297206,0.01522950068312256,23.704159887213457,,0.7894302640973226,0.016797577256588828,40.310616316597674,,1.1276726486265896,0.00019803352903328912,,0.000125
781,0.016398033029154727,0.015218925172168957,23.5821590423584,,0.7905252741013312,0.016820873049677502,40.49218779997271,,1.1292365663447745,0.00019892553329693425,,0.000125
782,0.01637491760285277,0.015184365654070126,23.81104148061652,,0.7917749518606292,0.016847444724323785,41.16487083962191,,1.1310204039940441,0.00020223021599432385,,0.000125
783,0.01639367277292829,0.015182499577732463,24.22346315885845,,0.7908156856880783,0.016827045622385333,40.72493886980815,,1.1296509499971283,0.00020006896696174792,,0.000125
784,0.016447659189763823,0.015228157764986941,24.39002769871762,,0.7945144728447489,0.01690571098587944,42.11924010672239,,1.1349319960343942,0.00020691873557637257,,0.000125
785,0.016376693340900698,0.015170152691241941,24.130816208688838,,0.7880138410669042,0.016767421224572,40.78796658779971,,1.1256481821230557,0.00020037860255061498,,0.000125
786,0.016395092059515025,0.015198142904984323,23.93898572419819,,0.7909860326996339,0.016830662974073204,40.96669857496532,,1.1298937938606548,0.00020125665725192614,,0.000125
787,0.01635608866222595,0.015132057970683826,24.480616820485967,,0.7923612751054657,0.016859934728313763,40.74335877550965,,1.1318588960971367,0.0002001594582333742,,0.000125
788,0.016266462981308762,0.015048972870174208,24.349800611797132,,0.7890264322082914,0.01678895989203503,41.07401793400565,,1.1270941386330275,0.00020178388390699458,,0.000125
789,0.016367279728384393,0.015155615677174768,24.23328279194079,,0.7882031349064407,0.0167714279918651,41.468703099967634,,1.1259171686451488,0.00020372284945539178,,0.000125
790,0.016217730351184543,0.015040946879277104,23.535675149214896,,0.7872484128158335,0.016751099149738654,41.87172625062242,,1.1245524314039346,0.0002057027769310583,,0.000125
791,0.01635711409739758,0.015160431791292993,23.93364795885588,,0.7864235652783745,0.016733570407862358,41.11384936836228,,1.1233756734419504,0.00020197956336399293,,0.000125
792,0.01629924284000146,0.015112033456956086,23.744187606008428,,0.7876036759179899,0.016758682578283626,41.121291007278856,,1.1250615301163471,0.0002020161218230566,,0.000125
793,0.016285133253979057,0.01510739527446659,23.55476068195544,,0.7891753391735449,0.016792109558135287,41.68079613240863,,1.1273055853350915,0.00020476479660320475,,0.000125
794,0.016317265010193774,0.015146393770057904,23.41742706298828,,0.7883746389132805,0.0167750840596851,41.261016346254245,,1.1261626116408356,0.0002027025489854534,,0.000125
795,0.01639929580453195,0.015146995796576926,25.04600053084524,,0.7943792466613199,0.01690272168243473,45.68182638433608,,1.1347313149670262,0.0002244206146719526,,0.000125
796,0.016431069981894995,0.015215776958747915,24.30586132250334,,0.7874440127366555,0.0167553092258886,40.34861906381378,,1.1248350666703428,0.00019822022471873977,,0.000125
797,0.01633589087348235,0.015146240886104735,23.793001074539987,,0.7890002762689106,0.016788405452995012,41.00541364929764,,1.127056917447424,0.00020144685237910055,,0.000125
798,0.016338365593631016,0.015135450141602442,24.058306844610918,,0.7855412010374639,0.01671480474072726,40.7700668313724,,1.122115876910687,0.00020029066661070532,,0.000125
799,0.016277088783681393,0.01508404309616277,23.86091302570544,,0.7878169122908795,0.016763208415653683,41.496561398739864,,1.1253653633975629,0.00020385970861863054,,0.000125
800,0.016313447567977403,0.015126385039796955,23.741255208065635,,0.7870472787320218,0.016746844240484733,41.06934893075557,,1.1242667863543692,0.00020176094654519836,,0.000125
801,0.016394307542788356,0.015178816049898925,24.30982870804636,,0.7877037801922008,0.016760797537689193,41.606901833807,,1.1252035137987664,0.00020440177688123897,,0.000125
802,0.016272306295209808,0.01506400118140798,24.166100351434004,,0.7859811247460617,0.01672412988488403,41.92756529429855,,1.1227419023100322,0.00020597709679732326,,0.000125
803,0.01627322580469282,0.015092401716269944,23.616484089901572,,0.7898891950016832,0.016807270454908887,42.62917333190111,,1.128323382625682,0.00020942387901948806,,0.000125
804,0.016351765070698764,0.015146750270536071,24.10029541818719,,0.7834102096819354,0.016669428026193842,41.72190124218952,,1.1190695995170943,0.00020496673323169184,,0.000125
805,0.01636360742543873,0.01514402987729562,24.391552473369398,,0.787254530297197,0.016751263665802166,40.7768441797642,,1.1245634758695886,0.0002003239616168887,,0.000125
806,0.016243061295857553,0.015066270716488361,23.53581478721217,,0.7857691718209082,0.016719674366581023,40.18097140635206,,1.12244278976249,0.00019739662388414676,,0.000125
807,0.016315083362554248,0.015115383620324888,23.993996268824528,,0.7872733753344864,0.01675163536785386,41.71156085088578,,1.1245884293632222,0.00020491593410311039,,0.000125
808,0.016265504356277615,0.015074187742644235,23.826336810463353,,0.7876738475224584,0.016760171669290818,41.253293618872405,,1.1251614973422437,0.00020266460962612491,,0.000125
809,0.016227974850488335,0.015034374682918974,23.872001146015368,,0.785508628408162,0.016714069348645975,42.11742917789073,,1.1220665077949261,0.00020690983904587685,,0.000125
810,0.0163298400216981,0.015123094971242704,24.134900845979388,,0.783093791735631,0.01666272409613581,40.78606569521683,,1.1186195442234488,0.0002003692640561711,,0.000125
811,0.016172738059570913,0.015007917818270232,23.296403684114154,,0.7858227661625141,0.016720793538002196,40.86014142838988,,1.122517923157116,0.00020073317510979467,,0.000125
812,0.016348591515500294,0.01511946021530189,24.582629856310394,,0.7884147484945496,0.016775908949467826,42.17390567837563,,1.1262179890105541,0.0002071872905393156,,0.000125
813,0.016283682498492692,0.015039519848007905,24.883257614938838,,0.7878578184822764,0.016764081432009588,41.41542045827627,,1.1254239716510817,0.00020346108839752345,,0.000125
814,0.016304705929207176,0.015071240939984196,24.669302589014958,,0.7851760868655544,0.01670702589646712,41.06734074957507,,1.1215936593446598,0.00020175108097522074,,0.000125
815,0.016193511650750513,0.015003356494401631,23.80310901842619,,0.7851460795933453,0.016706363680656842,41.82207081756152,,1.1215492027753982,0.00020545883522181982,,0.000125
816,0.016248984605466064,0.015074059269145915,23.498505943699886,,0.7825570947763765,0.016651277702280632,41.60367531060153,,1.1178511128551198,0.00020438592597556518,,0.000125
817,0.016111104258973347,0.01494061339058374,23.40981634039628,,0.7854515489659506,0.01671287963706239,41.32277789041481,,1.1219866388238198,0.00020300596425582788,,0.000125
818,0.016238373704254627,0.015058827733522967,23.59092260661878,,0.7829286159492982,0.01665919288572171,41.306398112039844,,1.1183824832866422,0.0002029254954956655,,0.000125
819,0.016187268946515888,0.015031975399898855,23.105872003655683,,0.7841603511990158,0.0166854026757654,41.343708321616575,,1.1201420265176116,0.0002031087889589413,,0.000125
820,0.01608388557245857,0.014919448938024672,23.2887319263659,,0.7833721666650195,0.01666860779311657,42.06272522452006,,1.1190145347662313,0.00020664109552548553,,0.000125
821,0.016223954281916742,0.015019404309752741,24.09099809746993,,0.7830270945747022,0.016661277107686286,41.66906200416141,,1.1185224034707983,0.00020470715047820693,,0.000125
822,0.016265037273497956,0.015056181306901732,24.177119204872533,,0.7862405676928809,0.01672967415640375,41.18135766881588,,1.1231141061852605,0.00020231121066188753,,0.000125
823,0.016245373230623573,0.01504274599842335,24.052546450966283,,0.7807414279775153,0.016612648006588984,41.375554475861094,,1.1152577834367863,0.00020326523921665132,,0.000125
824,0.0161966634914279,0.01501717761551079,23.589718467310856,,0.783010820252427,0.01666097059210414,40.400107688915185,,1.1185018261438968,0.0001984731723306994,,0.000125
825,0.016077007902295964,0.01491278753076729,23.284406260440225,,0.7839993029436133,0.016681973838432253,41.40041054151963,,1.1199118381983013,0.00020338734934172565,,0.000125
826,0.016213101628971726,0.015008260054807914,24.09682946456106,,0.7805621767910408,0.016608860873656952,40.505746622803265,,1.1150035416399529,0.00019899214357928723,,0.000125
827,0.016161045990884304,0.015003502761062822,23.15086555480957,,0.7813726481681734,0.01662609468986659,40.913049739401906,,1.116160500341449,0.000200993097197381,,0.000125
828,0.016179278590961507,0.015016662201991207,23.252328671907122,,0.7801854311793601,0.01660082968773502,40.95696649267916,,1.1144643836077046,0.00020120884655647968,,0.000125
829,0.016307332896088298,0.015049447305500507,25.157711430599814,,0.790320638071783,0.01681634854110172,45.9100100840284,,1.1289328222695756,0.00022554161026683604,,0.000125
830,0.01648178681927292,0.015093092904671243,27.773883217259456,,0.7827583162582259,0.016655518389213912,42.91884000956248,,1.118135803116876,0.00021084692137562813,,0.000125
831,0.016317015072624935,0.015109369629307798,24.152911939119036,,0.78237249731451,0.01664732809388053,42.286958847098994,,1.1175859635840346,0.00020774268561923314,,0.000125
832,0.016225307150498816,0.01501069286544072,24.29228852924548,,0.784297578828525,0.01668832447957194,41.291396249797096,,1.1203381761281748,0.00020285179600919103,,0.000125
833,0.016152359202112023,0.014997830663464572,23.090566032811214,,0.7822028779698252,0.01664375370950357,41.16889574381025,,1.11734600424728,0.00020224998909762194,,0.000125
834,0.01619496887647792,0.015014321837378176,23.612939834594727,,0.7807238782588243,0.016612290123923658,40.87909219212602,,1.1152337576807538,0.00020082627432194933,,0.000125
835,0.016177739948034286,0.01498440971696063,23.8666050559596,,0.7804325804308502,0.016606115190272826,40.12029311448137,,1.1148192155310879,0.00019709853029558713,,0.000125
836,0.016187768821653566,0.015011433560989405,23.526702680085833,,0.7829070042845396,0.016658767685627462,40.20029763505122,,1.1183539383060686,0.0001974915676389666,,0.000125
837,0.016146816705402574,0.014951647553396853,23.90338054456209,,0.7782539092701815,0.016559749897241665,40.24203221273417,,1.1117065718445531,0.0001976965966476118,,0.000125
838,0.016163028188441928,0.0149715750625259,23.829062411659642,,0.7803996010317836,0.016605420844157774,39.88288291243225,,1.1147726019563642,0.00019593220776231108,,0.000125
839,0.016162228819571044,0.015017950123077944,22.885575746235094,,0.7810026911450885,0.016618242697481585,40.25674457058943,,1.1156333721184597,0.0001977688738890113,,0.000125
840,0.016085729444105374,0.014907238220697954,23.56982341565584,,0.7782333092209429,0.016559323628334628,39.856407728308014,,1.1116779551113136,0.00019580214341145247,,0.000125
841,0.016226302146127348,0.015020381610252355,24.118412620142887,,0.7823639575687329,0.016647129838737913,42.814087219344465,,1.117572654110986,0.00021033230347546926,,0.000125
842,0.016101858921741184,0.014941680784288206,23.203562887091387,,0.7793029151779546,0.01658208860699741,39.72626140551629,,1.1132062376363732,0.00019516277497831497,,0.000125
843,0.016210230263440234,0.015001546003316579,24.173688085455645,,0.7848980920118346,0.016701043905374222,43.1827299745861,,1.121192070018012,0.000212143330754231,,0.000125
844,0.016347421627295643,0.015074436650856546,25.459699128803454,,0.7808603363360672,0.016615176366928948,41.438503023809915,,1.1154275199861527,0.0002035744858677052,,0.000125
845,0.016206755940067142,0.014997140455402826,24.192312742534437,,0.7797260941629969,0.016591077224375632,40.252554693543445,,1.1138096709655705,0.00019774829032533875,,0.000125
846,0.016137252855849892,0.014955949087284114,23.6260764473363,,0.7829282794439867,0.016659200521103965,40.834615855108424,,1.118382995873166,0.0002006077759018584,,0.000125
847,0.01616317881761413,0.014998437003477624,23.294837550113076,,0.7831654780497941,0.016664231117718118,41.37409533576423,,1.1187207151835996,0.0002032580709148703,,0.000125
848,0.016170305984192772,0.014938598400668093,24.634152261834394,,0.7782498806846614,0.0165596538392666,40.57143773823067,,1.111700123179397,0.00019931486361194687,,6.25e-05
849,0.015978409222474222,0.014849904140359476,22.570102892423932,,0.7813057656213263,0.016624699662161676,40.01346206247884,,1.1160668478722342,0.00019657370254122484,,6.25e-05
850,0.016052781114060628,0.014926464247860406,22.52634058500591,,0.7783014045793588,0.016560786897847093,39.40297876834538,,1.1117761888614293,0.00019357458786127047,,6.25e-05
851,0.015976202429125185,0.014864744275416198,22.229162316573294,,0.7765888509092437,0.01652435428052859,39.083613362982135,,1.1093303560225396,0.00019200564488658345,,6.25e-05
852,0.01600730330928376,0.014914406561537794,21.85793675874409,,0.777850832383955,0.016551181078120106,39.96981681333004,,1.1111313208540796,0.00019635928699752317,,6.25e-05
853,0.015944321835903746,0.014846089099975009,21.964656227513363,,0.7765308785179436,0.01652312322114841,39.001479906096755,,1.109247711247602,0.00019160214874077984,,6.25e-05
854,0.015893873660580107,0.014799783790582105,21.881799697875977,,0.7762519736693201,0.016517187735632998,39.016568073257915,,1.1088492439823645,0.00019167627221649406,,6.25e-05
855,0.0159812863229921,0.014897076756154237,21.68419024818822,,0.777322235668942,0.016539941112529283,39.70148519744858,,1.1103767476454163,0.00019504105716876383,,6.25e-05
856,0.01601023035810182,0.014925593314202209,21.692741695203278,,0.7765680592025557,0.016523900573204926,39.442835395859255,,1.1092998972646149,0.00019377039108442012,,6.25e-05
857,0.01599160601433955,0.014909181792877223,21.648484481008428,,0.7767184480148289,0.016527117406374442,38.913410168185194,,1.1095158530971165,0.00019116948949134826,,6.25e-05
858,0.015937814587040952,0.0148430710756465,21.894872665405273,,0.7766082656402729,0.01652475783994153,39.38908633831209,,1.1093574481981026,0.0001935063386704188,,6.25e-05
859,0.015929000060025015,0.014843441643997243,21.71116959421258,,0.7756164296135256,0.01650365397559268,39.321755799944754,,1.107940681348753,0.00019317556466240382,,6.25e-05
860,0.015983472431176586,0.014898348403604407,21.70247941268118,,0.7766787139634659,0.01652626144917422,39.245925169126664,,1.1094583900768047,0.0001928030323420894,,6.25e-05
861,0.01598656255947916,0.014893587237518085,21.859508012470446,,0.7769612211979288,0.01653226969284226,39.35517622313142,,1.109861741818978,0.00019333974881412857,,6.25e-05
862,0.01592452461390119,0.01483283495824588,21.83379243549548,,0.7751077515765588,0.016492818970426152,39.656160756410834,,1.1072132943698223,0.00019481839227722086,,6.25e-05
863,0.01600498485525972,0.014892355882023511,22.252580140766344,,0.7757390004005189,0.016506250408122643,39.69919786567965,,1.1081149877920762,0.00019502982021870797,,6.25e-05
864,0.015978285454605754,0.014870874436670229,22.14822106612356,,0.7755003616054437,0.016501183500390294,39.34032828746917,,1.1077748308054105,0.00019326680552110218,,6.25e-05
865,0.015970313137299137,0.01488249057805852,21.756452861585114,,0.7750049633011665,0.016490651364398888,39.02808127899579,,1.1070677763589447,0.00019173283301786835,,6.25e-05
866,0.01599279183306192,0.014907074994162509,21.714338904932927,,0.7750390920786228,0.016491380377304767,38.93999231476731,,1.107116717221183,0.00019130007931551747,,6.25e-05
867,0.015894699302550993,0.014814518048967185,21.603625849673623,,0.7756257262374718,0.016503871026804343,38.70885764581923,,1.107955252659306,0.00019016458652587032,,6.25e-05
868,0.01597258144695508,0.014891771256531539,21.616209130538138,,0.7742966838352426,0.0164755647297449,39.49546107910229,,1.1060549645111855,0.00019402892470962087,,6.25e-05
869,0.016003079124187167,0.01491410863634787,21.77941171746505,,0.7783393278624513,0.016561600311409942,39.19835754995235,,1.1118307957974676,0.00019256934741356294,,6.25e-05
870,0.016010525195222152,0.014919258507066652,21.8253308346397,,0.7779974075910757,0.016554308523950692,39.70296762240598,,1.111341275841596,0.0001950483398618275,,6.25e-05
871,0.01598460820356482,0.014896978526131102,21.752594395687705,,0.7757759117658933,0.016507071131165025,38.57490852493239,,1.108170085435793,0.00018950653612763798,,6.25e-05
872,0.015991814189443464,0.014888567016705087,22.064938796193974,,0.775174416070552,0.016494255846262403,39.07344566570479,,1.1073097562318672,0.00019195569415007867,,6.25e-05
873,0.01602861794986223,0.014944198884462056,21.6883813958419,,0.7766810813462767,0.016526322758882772,38.897336225834835,,1.1094625059847345,0.00019109052320851798,,6.25e-05
874,0.01601181414566542,0.014923085556610635,21.77457136856882,,0.7742776934740598,0.016475162490608323,39.43583167614905,,1.1060279609698058,0.00019373598398630783,,6.25e-05
875,0.01593050595961119,0.014829863696114012,22.012846695749385,,0.7754868618227939,0.016500910448351322,38.886937302686974,,1.1077564999883351,0.0001910394365311786,,6.25e-05
876,0.015911017495550607,0.014810188624419664,22.01658188669305,,0.7751754771922227,0.016494235985824703,40.42669359748128,,1.1073084229400454,0.00019860378063632663,,6.25e-05
877,0.015950392294479043,0.014865264639650521,21.702552293476305,,0.7756759967036757,0.01650493143611334,39.00639052656041,,1.1080264411739256,0.00019162627309284936,,6.25e-05
878,0.01588223075592204,0.014803808231494929,21.56844721342388,,0.7744660274600498,0.016479191442618064,38.75792128846119,,1.106298436819663,0.00019040562095271472,,6.25e-05
879,0.015892759798780867,0.014805723863996957,21.740718440005654,,0.774740936542897,0.016485042973370684,38.708589769805776,,1.1066912679453382,0.00019016327053427467,,3.125e-05
880,0.015834811388661985,0.014772086159179085,21.25450445476331,,0.7731201240754,0.016450547811800494,38.8601671490592,,1.1043755024263913,0.00019090792308682853,,3.125e-05
881,0.01586310261566388,0.014796548277923935,21.33108821668123,,0.7742328062158521,0.016474225846560768,38.844562914679855,,1.1059650811950745,0.00019083126433327004,,3.125e-05
882,0.015883357999356168,0.014826135023644096,21.144459071912262,,0.7744943098253836,0.016479788450849187,38.91199546993721,,1.10633851580504,0.00019116253951855785,,3.125e-05
883,0.015810153251023668,0.014744991044464865,21.303246247140986,,0.7739781900627343,0.016468807641620106,38.8461204359671,,1.1056013405542127,0.00019083891595126157,,3.125e-05
884,0.015832532883474703,0.014782796319770185,20.994730698434932,,0.773902392248113,0.016467192514402065,38.91538356352853,,1.1054929121326602,0.00019117918416931967,,3.125e-05
885,0.015797685586700316,0.014732898065918371,21.295751170108193,,0.7740782458245575,0.016470943439541877,38.63436735414679,,1.10574472318985,0.00018979863887518808,,3.125e-05
886,0.015880251940535873,0.014824208656423971,21.12086286042866,,0.7741246465046352,0.016471928107577322,38.72124435427838,,1.1058108269615183,0.00019022543857462112,,3.125e-05
887,0.0159032410991035,0.014845256007423526,21.15970240141216,,0.774859074593747,0.01648755911569174,38.638451221366324,,1.1068601842617907,0.00018981870164553214,,3.125e-05
888,0.015815114161293758,0.01475399811016886,21.22232296592311,,0.7755689146007334,0.016502648690877086,39.13616149284954,,1.1078731935163981,0.00019226379751615405,,3.125e-05
889,0.015842787088140062,0.014781981020381576,21.216122777838457,,0.7729614094299779,0.016447181849249648,38.495461818225955,,1.1041495350831898,0.00018911623915039556,,3.125e-05
890,0.015854064718280967,0.014795038260911641,21.180530246935394,,0.7750481176180853,0.016491577262915273,38.78615053061024,,1.1071299347533596,0.00019054430244547102,,3.125e-05
891,0.015837851176528556,0.014782329531092393,21.110430767661647,,0.7732828491802267,0.01645401259509265,38.79507579551277,,1.104608103907682,0.00019058814949787832,,3.125e-05
892,0.01592099995009209,0.014859458676686413,21.23082743192974,,0.7749182724024375,0.016488813877828624,38.79627336016089,,1.1069444202751562,0.00019059403276077983,,3.125e-05
893,0.01579124710865711,0.014730314233977543,21.218656539916992,,0.773169677078786,0.016451611223488302,38.57515824596004,,1.1044468924998674,0.0001895077629294311,,3.125e-05
894,0.015874915707268213,0.014815297271860274,21.19237026415373,,0.7735814051206552,0.016460370544230492,38.643063842260716,,1.1050349324457853,0.00018984136201833903,,3.125e-05
895,0.015790348431389583,0.01473737566878921,21.05945516887464,,0.7730858257585965,0.016449824185918442,38.66145291107053,,1.1043269232115103,0.00018993170179790086,,3.125e-05
896,0.0158482669901691,0.014789496156338015,21.17541584215666,,0.7729152593183245,0.01644618951620443,38.823002296930895,,1.1040829167360124,0.0001907253437195183,,3.125e-05
897,0.01587260068443261,0.014819940895234284,21.053194347180817,,0.7734918328494984,0.01645845872665663,38.826286337534206,,1.1049065862947733,0.00019074147719029075,,3.125e-05
898,0.01579291113701306,0.01473442401344839,21.169742785002057,,0.7732725155971887,0.016453793991769283,38.75387157907021,,1.1045934283991314,0.00019038572598916573,,3.125e-05
899,0.015831371279139268,0.014772011800424048,21.187190206427324,,0.7728380376088652,0.016444548888579907,38.73922586597473,,1.1039727763943135,0.0001903137761527572,,3.125e-05
900,0.015858254052306477,0.014793791318018185,21.289250624807256,,0.7722748558528956,0.01643257460749781,38.4184774282569,,1.1031689063446637,0.00018873803876997194,,3.125e-05
901,0.015827462518293606,0.014772671666976652,21.09581676282381,,0.7735147117059513,0.016458952045233875,38.62020017982466,,1.1049397042770943,0.0001897290399510385,,3.125e-05
902,0.015813580322030344,0.014760536043659636,21.060889595433284,,0.7726524709146199,0.0164406115241228,38.37446584757475,,1.1037084490965055,0.00018852182355330629,,3.125e-05
903,0.01580815507393134,0.014755150744397389,21.06008609972502,,0.7739854301265832,0.0164689568009993,39.0025837336327,,1.1056113540787607,0.00019160757150238364,,3.125e-05
904,0.015883728224588067,0.01482639187260678,21.14672811407792,,0.7725360725004452,0.016438130754097897,38.497108909242115,,1.1035419074302948,0.00018912433079662608,,3.125e-05
905,0.015839051357225367,0.014785114724777247,21.078734247308027,,0.7727384023301362,0.01644243291554281,38.604155709129856,,1.1038307246637147,0.0001896502184532919,,3.125e-05
906,0.015859119005893405,0.014800209012862883,21.178199768066406,,0.7721360594814751,0.016429612128069038,38.70333911149802,,1.1029700260553865,0.00019013747568196414,,3.125e-05
907,0.01594269059990582,0.014877080231120712,21.31220948068719,,0.7722950637264157,0.016432997837732322,38.634894543867816,,1.103197319082539,0.0001898012287944318,,3.125e-05
908,0.015880625547939224,0.014822483994066715,21.16283336438631,,0.7732716664679132,0.01645376777363613,39.013704188242855,,1.1045916682958021,0.0001916622028395383,,3.125e-05
909,0.01584632944707808,0.01478890545274082,21.148482774433337,,0.7729922750920805,0.016447834312791367,38.6341186085045,,1.1041933369528871,0.00018979741686516005,,3.125e-05
910,0.015845127844888913,0.014790455271538935,21.09345235322651,,0.7723281343449988,0.01643370272494865,38.598089757597535,,1.103244640313576,0.0001896204183187701,,3.125e-05
911,0.015860317274928093,0.014803350903093815,21.13932860525031,,0.7717118520867383,0.016420589676433298,38.558078283106475,,1.1023643213291774,0.00018942385438054952,,3.125e-05
912,0.015831450245490198,0.014771976312132258,21.189474808542354,,0.7726091246909539,0.016439681551822412,38.61607982704898,,1.1036460172165319,0.00018970879793849714,,3.125e-05
913,0.015831346476548595,0.014779317780937018,21.04057502746582,,0.7718894511228871,0.016424370807200116,38.49825968042213,,1.102618160182334,0.00018912998417776268,,3.125e-05
914,0.015840177375235055,0.014783554416345922,21.132461949398643,,0.7723828127948299,0.016434870455134448,38.464520618709116,,1.103323033606334,0.00018896423465399395,,3.125e-05
915,0.01580402759933158,0.014746691982604955,21.146712353355007,,0.774409877474533,0.01647800277355284,38.56067904540518,,1.106218637835997,0.00018943663111738092,,3.125e-05
916,0.01579185609558695,0.014728328801299395,21.270544252897565,,0.7718008473910152,0.01642246632725193,39.10468639233843,,1.1024903066285374,0.0001921091701301092,,3.125e-05
917,0.01585238858273155,0.014792569471817268,21.19638453031841,,0.7723885937697834,0.016434974458840037,39.07078364108971,,1.1033300156926404,0.00019194261645052784,,3.125e-05
918,0.01589047766633724,0.014828235695236608,21.2448404211747,,0.7721558207254652,0.01643004605420862,38.27566658586593,,1.1029991568420268,0.00018803645348829874,,3.125e-05
919,0.015812374259296217,0.014758406893203133,21.079348012020713,,0.7723682458614731,0.01643455849475481,38.527665661300716,,1.1033020907535522,0.00018927444662215537,,3.125e-05
920,0.01583652850240469,0.014778460473998598,21.161359485826996,,0.7714325950022562,0.016414643261325752,38.68266517820433,,1.101965120327049,0.00019003591107335106,,3.125e-05
921,0.01575663435812059,0.014691634397757681,21.30000084324887,,0.7718411773236699,0.016423347784488288,38.36340314245257,,1.1025494815441335,0.00018846747592143697,,3.125e-05
922,0.01579096099655879,0.01473145995681223,21.190018603676243,,0.7720237034221624,0.016427218494061886,38.79040085803634,,1.1028093340960965,0.0001905651829830725,,3.125e-05
923,0.015841685823704068,0.014780190332155479,21.22991180419922,,0.7712751272987834,0.016411282273235513,39.00541526444781,,1.1017394869345765,0.00019162148193321106,,3.125e-05
924,0.015820345351178395,0.014764078451614631,21.12533770109478,,0.771732461014066,0.01642102578649145,38.63593617996836,,1.102393598728939,0.00018980634602884318,,3.125e-05
925,0.015762787067184324,0.014708764556991426,21.080448652568617,,0.7720315644813883,0.01642738945781444,38.672974426545615,,1.1028208114148024,0.0001899883034224313,,3.125e-05
926,0.015840375599892514,0.014777057657116338,21.266362441213506,,0.7714792411543614,0.016415625931355312,38.99980614670987,,1.1020310899664816,0.00019159392608113273,,3.125e-05
927,0.015852407111149085,0.01478501963184068,21.347747401187295,,0.771671231479499,0.016419722064877733,38.660657334889436,,1.1023060759164076,0.00018992779337939593,,3.125e-05
928,0.015828033075913003,0.014770471637970522,21.151229356464587,,0.7719563565947087,0.016425783390321674,38.853638202346026,,1.1027129912002693,0.0001908758484008866,,3.125e-05
929,0.015740391357164634,0.014690528721793703,20.997253618742292,,0.7721051897218187,0.01642895565777558,38.68965954756403,,1.1029259552002113,0.00019007027223609746,,3.125e-05
930,0.01584014997474457,0.014780864070512746,21.185719138697575,,0.771542036432487,0.01641697867984847,38.47421653399423,,1.102121904103122,0.0001890118676722053,,3.125e-05
931,0.01573349707024662,0.014675965728728394,21.150630047446803,,0.7717880403728576,0.016422210977285825,38.55690620248675,,1.1024731642056627,0.00018941809631275883,,3.125e-05
932,0.01587517927155683,0.014813374924032311,21.236087698685495,,0.7727862404933744,0.016443432191797346,39.20059552123004,,1.1038978091297331,0.0001925803418708671,,3.125e-05
933,0.015795680498214143,0.01473525220430211,21.20856405559339,,0.7712204197544256,0.016410135112325835,38.463380672713846,,1.101662474520128,0.00018895863445362544,,3.125e-05
934,0.01588311051263621,0.014819342054818807,21.27536974455181,,0.7719269799617482,0.01642515618312974,38.91999745485097,,1.1026708848664475,0.0001912018507833447,,1.5625e-05
935,0.01580514552953996,0.014760145770483896,20.899997008474248,,0.7716477516668723,0.016419225801324995,38.55288787077264,,1.10227276022889,0.00018939835549798385,,1.5625e-05
936,0.015738541603480514,0.014697068223827764,20.82946646840949,,0.7708714872290149,0.01640271095392161,38.43079138593772,,1.101164068098557,0.00018879853341676045,,1.5625e-05
937,0.015786932536253805,0.014745652234475864,20.825605492842826,,0.7705241007433593,0.01639532201078768,38.32435505251984,,1.1006680257856025,0.00018827564479212218,,1.5625e-05
938,0.01576494503962366,0.014722813067859724,20.842640726189863,,0.7707028022305992,0.01639912157542711,38.42479191306145,,1.1009231021609112,0.00018876905987121363,,1.5625e-05
939,0.015810225796150535,0.014767146963430079,20.861576582256117,,0.7708149936303942,0.016401511537843843,38.34307688853295,,1.101083547635126,0.00018836761935352655,,1.5625e-05
940,0.015778593915073497,0.014734206231016862,20.88775554456209,,0.7711409907510909,0.016408446834390522,38.40127853589239,,1.1015491352675768,0.0001886535459573675,,1.5625e-05
941,0.015767146147003298,0.014728653097623274,20.76985861125745,,0.7707769054330024,0.016400699411596737,38.394754511234666,,1.101029027120524,0.00018862149545195418,,1.5625e-05
942,0.01576203034308396,0.014719859304788866,20.843420731393916,,0.7710271449646323,0.016406025594200905,38.35777633808067,,1.101386590020969,0.00018843983318042314,,1.5625e-05
943,0.015732269587093277,0.014690472695388292,20.83593870464124,,0.7709052191244252,0.016403436470039442,38.184909004069596,,1.1012127742107374,0.00018759058969726922,,1.5625e-05
944,0.015747673515426486,0.014704475375382524,20.86396719280042,,0.7713933393032748,0.016413816001711764,38.424711161620195,,1.1019095838633222,0.00018876866316448109,,1.5625e-05
945,0.01577460770740321,0.014737561296083425,20.74092533713893,,0.7716853685461803,0.016420030671422104,38.412780180734934,,1.1023267936159875,0.00018871004996365626,,1.5625e-05
946,0.01584831973243701,0.014805575391571773,20.854886205572832,,0.7712181577582864,0.01641009405895272,38.23759168174919,,1.1016597184818442,0.00018784940331842233,,1.5625e-05
947,0.015822727429239375,0.014785509801616794,20.7443521399247,,0.7710884321055383,0.0164073286751195,38.39257086421922,,1.1014740698216807,0.00018861076787286598,,1.5625e-05
948,0.015752270817756653,0.01471058445933618,20.83372587906687,,0.7700997480362651,0.016386285418677322,38.53137440259088,,1.1000613717661578,0.0001892926665154012,,1.5625e-05
949,0.015814854518363352,0.014765310493346891,20.990880464252673,,0.77061448447731,0.016397248521759753,38.223215173496996,,1.1007973583492991,0.00018777877600173739,,1.5625e-05
950,0.01577139229170586,0.014733323435250082,20.76137934233013,,0.7701328166464678,0.01638699925895986,38.20773347057658,,1.1001092940438653,0.00018770271920715264,,1.5625e-05
951,0.0157923947921709,0.014757331558748296,20.701263628507917,,0.770645277883938,0.016397904051009105,38.21509376986267,,1.1008413660293102,0.00018773887806989288,,1.5625e-05
952,0.01575221626186057,0.01470946177448097,20.85508868568822,,0.7707706296580056,0.016400569349005915,38.28366409166751,,1.1010202956216872,0.0001880757427485996,,1.5625e-05
953,0.015714016105783612,0.014672268574175081,20.834952304237767,,0.7702989399471175,0.016390532279985777,38.27257138434385,,1.1003464765325714,0.00018802124772523938,,1.5625e-05
954,0.015739460475742817,0.014696136950270125,20.866470939234684,,0.7706958124065035,0.016398976956835704,38.29333453240505,,1.1009133934733115,0.00018812325061827646,,1.5625e-05
955,0.015775986505966438,0.014734396073771151,20.831810499492445,,0.7698714446244079,0.016381436608378437,38.231061067172554,,1.099735856326109,0.00018781732043878562,,1.5625e-05
956,0.015771048339573962,0.014734430826808276,20.732352106194746,,0.770111315747118,0.01638653770071373,38.33608861191868,,1.1000783082295447,0.00018833328812254473,,1.5625e-05
957,0.015773376547976545,0.014732744250642625,20.812643753854854,,0.7703915598166179,0.01639250240563007,38.29800527064271,,1.1004787370823812,0.00018814619650352738,,1.5625e-05
958,0.01574112009257078,0.014698592112644723,20.850561744288395,,0.7707122351253528,0.016399327278187575,38.26620714123342,,1.1009369116152854,0.0001879899821769063,,1.5625e-05
959,0.015725388240657355,0.0146858336305932,20.79109051353053,,0.770122118989869,0.016386766010383,38.38647182505177,,1.100093635354732,0.00018858080518907675,,1.5625e-05
960,0.015781154905102755,0.014736386849299857,20.895363054777448,,0.770760376988601,0.016400354937606287,38.16369920080776,,1.1010059015297762,0.0001874863925260562,,1.5625e-05
961,0.01578202054492737,0.014735830996773745,20.92379559968647,,0.7705494406070609,0.01639586191234431,38.302775379108475,,1.1007042710255597,0.00018816963056382375,,1.5625e-05
962,0.015744277129047794,0.014707863036739198,20.728280619571084,,0.7706287443467623,0.016397550539514017,38.26874873078548,,1.100817633723282,0.0001880024682164249,,1.5625e-05
963,0.015758780419434373,0.014722705916746667,20.72149085998535,,0.7705607176143339,0.016396100301666234,38.35321967290569,,1.1007202748286053,0.00018841744770067414,,1.5625e-05
964,0.015826805837844547,0.014787419993234309,20.78771892346834,,0.7708789583627349,0.016402874066381357,38.299137427586665,,1.1011750183360047,0.00018815175843870768,,1.5625e-05
965,0.015764963175905377,0.01472871985874678,20.724866264744808,,0.7703536234422059,0.01639169525495461,38.2940482308251,,1.1004245505930956,0.00018812675679678978,,1.5625e-05
966,0.015718548803737287,0.014680649987176844,20.75797482540733,,0.7704085026631743,0.016392861092682565,38.35704737821693,,1.1005028168393802,0.0001884362520271804,,7.8125e-06
967,0.01568063980850734,0.014648880613477607,20.635183233963815,,0.7707158249392851,0.016399403740150552,38.26391810936629,,1.1009420447403182,0.00018797873687479634,,7.8125e-06
968,0.015669393549232108,0.014642738001911263,20.533113078067178,,0.7704807732652944,0.016394400944149463,38.29472627762073,,1.1006061917699221,0.00018813008782995322,,7.8125e-06
969,0.015621464405404894,0.014588241171287862,20.664466657136614,,0.7702472199878005,0.01638943436260678,38.18750107246882,,1.1002727699866908,0.00018760332372367463,,7.8125e-06
970,0.015734391973206873,0.014705622323641651,20.575397089907998,,0.7702497014129648,0.016389485147879534,38.251868988531626,,1.1002761793571114,0.00018791954328911917,,7.8125e-06
971,0.015728116721699114,0.014694881037269769,20.664717423288447,,0.7704298636537698,0.016393319145622733,38.24553065191432,,1.100533567331809,0.0001878884050113348,,7.8125e-06
972,0.015789680231950785,0.014756646840588042,20.660668021754216,,0.7702966501942964,0.01639048669545382,38.172427554670485,,1.1003434163037595,0.0001875292722157268,,7.8125e-06
973,0.01574588817005095,0.014713214416252939,20.653471796136152,,0.7701876797146225,0.016388167281717415,38.190101823390556,,1.1001877069778587,0.00018761610040461451,,7.8125e-06
974,0.015785876906623964,0.014756225931801294,20.593018682379473,,0.7700299063821123,0.016384808635682636,38.230800297971584,,1.09996223081472,0.00018781603936075084,,7.8125e-06
975,0.01580056739284804,0.014760283704258893,20.805672193828382,,0.7699916705722483,0.016383997181239545,38.16089980347942,,1.099907755400373,0.00018747263995706184,,7.8125e-06
