epoch,loss_total,loss_data,loss_cont,loss_mom,val_score,val_data,val_cont,val_mom,norm_data,norm_cont,norm_mom,lr
1,4.456099884182799,0.2971794627168599,55452.269569546566,,14.563453677157655,0.354823067735424,22652.11208958292,,20.754843928315985,0.11687642445489324,,0.001
2,1.5867255271649827,0.3234927239371281,16843.103151807598,,12.849016354866816,0.31331687178673223,12995.478806163428,,18.32700116016894,0.06705180916185781,,0.001
3,1.0176972442982244,0.29278336874410216,9665.517827052696,,11.48947847265718,0.2803061963131071,7891.18949525922,,16.3960911384613,0.04071558578089718,,0.001
4,0.7811092605777815,0.2725977988219729,6780.15247778799,,11.025491079437446,0.2690393586633504,6171.660800560547,,15.737054344492933,0.03184346097464601,,0.001
5,0.648130808390823,0.25678681450731616,5217.919739966299,,10.595033727913453,0.2585737299837356,4919.98164410706,,15.124883069261532,0.025385264767932195,,0.001
6,0.5619693451067981,0.24466923638886096,4230.667829924939,,10.128221426478207,0.2471999757849333,4203.651111922729,,14.459592351885766,0.021689267193910084,,0.001
7,0.5099294898556728,0.23517511317542955,3663.3914579503676,,9.714651616450988,0.23712126395612057,3627.121875029125,,13.87005319835627,0.018714592005329326,,0.001
8,0.46123407927213933,0.2255509501578761,3142.4415737974878,,9.23761497382029,0.22548305747242514,3300.856468450724,,13.189293740646136,0.01703118455999262,,0.001
9,0.42674172216770695,0.21740392697792427,2791.170472388174,,8.948981607112135,0.21845159731573488,2831.1485655854417,,12.777999009805532,0.01460766749421108,,0.001
10,0.394509169400907,0.21062205176727444,2451.8281297870712,,8.71322205104876,0.21270503069612035,2531.520499220614,,12.44186220202982,0.013061698759615289,,0.001
11,0.36738740287575067,0.20364343915499894,2183.252793255974,,8.507017690383556,0.20768072308699842,2220.246908134584,,12.147972853344825,0.011455643473931791,,0.001
12,0.3480384151140849,0.19852048655351004,1993.5722751991423,,8.24754829160491,0.20135019819889832,2050.209831727508,,11.777678281248942,0.010578315768831757,,0.001
13,0.3296455892862058,0.1931705714440813,1819.6668270335479,,7.998570635894587,0.19527456363654497,1915.797799169794,,11.422293137008115,0.009884799963023752,,0.001
14,0.31247939023317073,0.18753956638130487,1665.864231483609,,7.873027400897291,0.19221157764872576,1833.1752374208318,,11.243128359087844,0.009458498452668648,,0.001
15,0.29992249140552446,0.1841388096412023,1543.7823390586702,,7.675979757429557,0.18740542062780163,1666.9010763901833,,10.961999402335122,0.008600585983242176,,0.001
16,0.28619785811386855,0.1791594697564256,1427.1784380744484,,7.4728448088211685,0.1824503075307377,1508.229964522792,,10.672157483000268,0.00778190240327387,,0.001
17,0.27692896361444513,0.17640538279916726,1340.314364564185,,7.319664386607456,0.1787103753434848,1477.7304545839054,,10.45339575100713,0.007624536341549196,,0.001
18,0.2676004194745831,0.17197572191556296,1274.995897480086,,7.194862244736145,0.17566478228017565,1413.7991556117734,,10.275248346156674,0.00729467475490908,,0.001
19,0.25909048348080876,0.16928000134580276,1197.4730224609375,,7.007571103439585,0.17109354858698347,1336.3301560587456,,10.007860877614727,0.0068949636975892,,0.001
20,0.2501760814704147,0.16590602345326366,1123.6007056142769,,6.9113694408336315,0.16874652477011837,1270.6196514457927,,9.870575234587148,0.006555922075425388,,0.001
21,0.24211513820816488,0.1625806940536873,1060.4592045802697,,6.742541873007905,0.1646260481533807,1197.7513790543346,,9.629554126133076,0.006179949049173439,,0.001
22,0.23706732076757095,0.15959425825698703,1032.974115109911,,6.6587390748315025,0.1625818148120543,1132.668610924711,,9.509979758482533,0.005844146312433699,,0.001
23,0.22974191167775324,0.15739175443555795,964.6687203201593,,6.534731948054162,0.15955645422316547,1047.1513100943366,,9.333015821921098,0.00540290903131129,,0.001
24,0.22394071168759289,0.15426499966312857,929.0094317267923,,6.446830725437551,0.15741054519715167,1023.8883612888386,,9.20749408737454,0.005282880917910148,,0.001
25,0.21905140403439016,0.15185914407758153,895.8967763863358,,6.344429872414214,0.15491181702576223,966.1971006599798,,9.061334725336826,0.0049852155947857245,,0.001
26,0.21385350998710184,0.14980457460179047,853.9857752182904,,6.222879818976403,0.15194426053627533,938.9904772737658,,8.887751952996647,0.004844839595837093,,0.001
27,0.20966782786098181,0.1474554439385732,829.4984322342218,,6.149962276060083,0.15016510941128444,894.1573675357707,,8.783683172576746,0.004613517521204573,,0.001
28,0.20553903778394064,0.14505577014357435,806.4435341030944,,6.067536488166522,0.14815296407749612,869.8736315156268,,8.6659857448689,0.00448822252764209,,0.001
29,0.20006081607996248,0.143228919190519,757.7585987764246,,5.912913246477814,0.14437684391883818,864.5137716767944,,8.445107251687187,0.004460567655943384,,0.001
30,0.19632959658024357,0.140953158046685,738.3524947820925,,5.882433011331328,0.14363333216879481,840.7324841783089,,8.401616645426701,0.00433786510879172,,0.001
31,0.19243880814197017,0.13905154431567474,711.8301523246017,,5.793900756163438,0.14147286392069638,794.9235675368192,,8.275243290989666,0.004101508235576717,,0.001
32,0.18861321871187173,0.13686467035143984,689.9806171492035,,5.701221357068953,0.13921056252652989,763.6248940455415,,8.142913359188984,0.003940018788880754,,0.001
33,0.1841168204943339,0.134654867152373,659.49267578125,,5.622300150355253,0.13728340830544408,755.2219524272936,,8.030187359327396,0.0038966627535865586,,0.001
34,0.18213035955148585,0.13342910274571063,649.3500557693781,,5.534767124281811,0.1351472293391997,712.445219223023,,7.9052347700543315,0.003675950812598273,,0.001
35,0.17778406511334813,0.1314246945229231,618.1249114391851,,5.465343442266313,0.13345153121124675,717.2541121518782,,7.806047447708526,0.003700762901152677,,0.001
36,0.1746613468025245,0.12956618269284567,601.2688185747932,,5.389508147556781,0.1315998697895556,705.508059755386,,7.697737286081887,0.003640157664866866,,0.001
37,0.17152693078798406,0.12804782697383096,579.721352371515,,5.31445379040543,0.12976663011788303,710.9794598789343,,7.590504677132312,0.0036683880427086073,,0.001
38,0.1691579678479363,0.12606289325391545,574.6009479597503,,5.308587624186181,0.12962625675308548,634.4135706954295,,7.582293747395809,0.0032733366970509586,,0.001
39,0.16634943175549602,0.12499370440548542,551.4096799364277,,5.172844290430724,0.12631105687314317,633.7820674508033,,7.3883760955968,0.003270078376547701,,0.001
40,0.16316734371232053,0.12314161117754731,533.6763904047947,,5.124219242202981,0.1251244388944638,608.9487405897005,,7.318966654132899,0.003141947699842278,,0.001
41,0.16029619089528627,0.12148171794765136,517.5262804218368,,5.074944883632686,0.12392156034521369,594.7660973110212,,7.248606074946933,0.00306877056610853,,0.001
42,0.15836021596310185,0.12040205548206966,506.1087730258119,,4.99636012754397,0.12200263673214638,586.0043846226696,,7.136361512174398,0.003023563406305249,,0.001
43,0.1569698236736597,0.11889882721737319,507.61326629040286,,4.957822436705145,0.12106195701738078,572.3502306100227,,7.081337861116144,0.002953113079481708,,0.001
44,0.15311132546733408,0.11733453194884692,477.02388868144914,,4.8782388660235005,0.11911792585776049,582.4692404089958,,6.967624670011591,0.003005323384624595,,0.001
45,0.15126527670551748,0.11603514470306098,469.7350769042969,,4.84233973515652,0.11824214745161211,556.6349917849597,,6.916397323798147,0.002872028326057203,,0.001
46,0.1483318869974099,0.1145111490406242,450.94314036649814,,4.7753564029371685,0.11660746813440637,523.9134076518528,,6.820779205399065,0.0027031971927459642,,0.001
47,0.14648322147481582,0.11333612060430003,441.96134021235446,,4.7550273844814095,0.11611081123585121,528.3210595309127,,6.79172800396162,0.0027259390275836664,,0.001
48,0.14616105033486498,0.11242337787852567,449.8356059953278,,4.691221590838374,0.114552107735499,538.6739443783953,,6.700553977180327,0.0027793560404865583,,0.001
49,0.1434899435616007,0.11084139960653641,435.313918169807,,4.618751086793841,0.11278358403749217,501.5249023659983,,6.59710683218515,0.0025876808807856547,,0.001
50,0.14068419866117776,0.1096278586808373,414.0845043705959,,4.597563087981506,0.11226744176588764,466.43165607947293,,6.566915863034446,0.00240661285797774,,0.001
51,0.13933569017578573,0.10844167438792247,411.9201893525965,,4.510001557517595,0.1101277487071461,498.1963178234743,,6.441757722183819,0.0025705066297362377,,0.001
52,0.13680122909592649,0.10720774940415925,394.5797149059819,,4.474586954209151,0.10926341216381752,482.7215528843689,,6.391199650599529,0.0024906626316044114,,0.001
53,0.13610651139535157,0.1063247426759963,397.09022731407015,,4.445211367293265,0.10854661555153856,465.9077278974299,,6.349271706311284,0.002403909584554662,,0.001
54,0.13451897163017124,0.10540622764942693,388.16989614449295,,4.383351183755388,0.10703641432699319,450.20091866718457,,6.2609347475114046,0.00232286832468599,,0.001
55,0.13269194945985197,0.10396289504041858,383.05405440984987,,4.335975852025484,0.10587892580009436,462.1906357936579,,6.193229189702196,0.002384730779825978,,0.001
56,0.13041192190904244,0.10269302743322709,369.5852367924709,,4.298634381435896,0.10496791794194447,436.45077356179917,,6.139941149457109,0.002251922719733221,,0.001
57,0.12866132794057622,0.10152463454241846,361.8225582347197,,4.246994460720882,0.10370639470721996,445.3130739391982,,6.066150237226524,0.0022976488743831434,,0.001
58,0.1283564574870409,0.10087625477828231,366.4026884191176,,4.21665224789976,0.10296618062162761,423.46859685691334,,6.022852522909185,0.002184939544437773,,0.001
59,0.1262076321770163,0.09966649290393381,353.8818365358839,,4.153396082588583,0.10142112965532762,427.76106783777794,,5.932477080659863,0.002207087088928803,,0.001
60,0.1277400582444434,0.09908357700880836,382.08639705882354,,4.12947770689323,0.10083697498502427,427.8263761224142,,5.898307828109509,0.002207424055246354,,0.001
61,0.12308270177420448,0.09776615862752877,337.5538880591299,,4.087078833965954,0.09980292640544708,389.5246002604814,,5.837822705142745,0.0020098012201079873,,0.001
62,0.12282945201093075,0.09703620391733506,343.9099522010953,,4.070919424509541,0.09940646114317604,437.357366925763,,5.814632063412626,0.002256600402343813,,0.001
63,0.12195361668572706,0.09624853014361624,342.73448211071536,,4.0052922239187145,0.0978036576713313,437.55854740073926,,5.720878474847449,0.0022576384183350976,,0.001
64,0.12306114870543573,0.09551697209769604,367.2556583180147,,4.002357568792169,0.09773323229679266,404.5740105383446,,5.716759048039966,0.002087450547308706,,0.001
65,0.1189831409092043,0.09444207712715748,327.2141783471201,,3.9490294583376873,0.09643120575250212,394.2078900098145,,5.640598955378164,0.0020339652432429436,,0.001
66,0.11747815781364254,0.09330771965723411,322.2724968405331,,3.9160530411311143,0.09562676309804483,369.5617711459421,,5.593544287120262,0.0019068004897706003,,0.001
67,0.11572273689157822,0.0923791247255662,311.24814860026044,,3.893961749594379,0.09508764506192222,358.6694588769117,,5.562009385034899,0.0018506002331668955,,0.001
68,0.11440061032772064,0.09155596018421884,304.5953249463848,,3.8474891299767875,0.09395248604037279,363.17829229037125,,5.49560995819818,0.0018738641268711055,,0.001
69,0.11411151538292567,0.09064149754304512,312.93355216232,,3.7980220471253645,0.0927441724326907,368.2584414521462,,5.4249314634093295,0.0019000757961131463,,0.001
70,0.11305571727308572,0.08964343938757391,312.1636906044156,,3.749507428065632,0.09155963052149482,359.8498501379297,,5.355643458403546,0.0018566906105012472,,0.001
71,0.11118191392982707,0.08892511707894943,296.75727365531174,,3.7322987951253084,0.09113935446724976,359.6947363804692,,5.331060040058353,0.0018558902815392479,,0.001
72,0.10982518394788106,0.08826343306139403,287.4899950214461,,3.6864933898018273,0.09002131962687697,342.2749531345789,,5.265662266552658,0.001766010716556202,,0.001
73,0.10941898662085627,0.08736015344951667,294.1177655388327,,3.6603542373351377,0.08938259541352368,351.1250151925498,,5.228301050310459,0.0018116737260561078,,0.001
74,0.10892727196800943,0.08625671618125018,302.27406281115964,,3.628600818570533,0.0886060280344708,379.21702322912654,,5.18287690453851,0.0019566179785871158,,0.001
75,0.10781898554049286,0.0861167256154266,289.36344520718444,,3.6040418329287625,0.08800694166490113,360.40190802730683,,5.147834244602794,0.0018595390226911282,,0.001
76,0.10676810145378113,0.08522526540008246,287.2377935671339,,3.5621330030290106,0.08698260456863832,381.79564693774665,,5.087917180307607,0.0019699227122863955,,0.001
77,0.10401532594479766,0.08390751028177786,268.10419209798175,,3.5400038550089885,0.08644381933400395,337.64304835074944,,5.056401744946861,0.0017421118206206454,,0.001
78,0.10344637974220164,0.08339767099595537,267.316110349169,,3.4963565363411035,0.08537831976523388,324.74958447268864,,4.994076943471438,0.0016755863703250384,,0.001
79,0.10332501270607405,0.08263757503500171,275.8324929031671,,3.5120337375467794,0.0857525664821559,553.125552143962,,5.0159679446681045,0.002853920930355735,,0.001
80,0.10463035676409216,0.0821056741417623,300.32909408270143,,3.473381109812228,0.08481717921869258,325.21897608815834,,4.961253867622269,0.0016780082554661787,,0.001
81,0.10054461409648259,0.0811311805657312,258.84576924641925,,3.4136278974709944,0.0833586176401397,304.7072775153369,,4.8759374925739705,0.001572175564050601,,0.001
82,0.09992302618190355,0.08063372619011823,257.19065348307294,,3.4044122706383675,0.08313293574968532,320.8712995477157,,4.862736568395837,0.0016555758709395703,,0.001
83,0.1005307614218955,0.08020884675138137,270.95884704589844,,3.3319956468236183,0.08136478213446276,308.7415281344381,,4.759311070838852,0.001592990788072573,,0.001
84,0.13920965878402486,0.0874842192028083,689.6725006103516,,3.9584235466762014,0.09664878576453734,707.6521157697256,,5.65332597231236,0.0036512201918310633,,0.001
85,0.12725970265912076,0.08898833803102082,510.28484030330884,,3.627444332951481,0.08857648397517512,413.5924037376257,,5.181148769038177,0.002133982082526785,,0.001
86,0.10970911485891716,0.0838373002468371,344.9575201296339,,3.486837549757798,0.08514618861942701,315.5292870392322,,4.9804987797605165,0.0016280130847889584,,0.001
87,0.11605303354707419,0.08344642189787883,434.7548068177466,,3.561359111598498,0.08695918499670892,501.3350101001584,,5.086547287523113,0.0025867011077307083,,0.001
88,0.10738848997097389,0.08146857704017677,345.5988117292816,,3.5464126350715484,0.08659384992869501,509.3025267418002,,5.065177559882341,0.0026278105130337214,,0.001
89,0.10470187693249945,0.08116255072402019,313.85767319623164,,3.3635836422372654,0.08213473413912736,348.7721209562879,,4.8043482601938114,0.0017995336719910703,,0.001
90,0.09790611778404198,0.07869594310428582,256.13565093395755,,3.299744786692138,0.0805771695522474,307.6385673504999,,4.713240852450326,0.0015872999230339903,,0.001
91,0.09496578559571621,0.07721718634460487,236.6479710597618,,3.2394857093078526,0.07910613306146945,290.3091872090409,,4.627194776095111,0.0014978868042509173,,0.001
92,0.09330377216432609,0.0761847693984415,228.25335274490655,,3.1857976889999486,0.07779476599510476,294.5061645760634,,4.550488323583891,0.001519541637417723,,0.001
93,0.09142928395201178,0.07511946208336774,217.46428007238052,,3.1522188002903695,0.07697599951019699,259.53901552171936,,4.502595804316604,0.0013391242291561573,,0.001
94,0.09038310950877619,0.0742879572014014,214.6020154766008,,3.1267406032434066,0.07635371103963277,260.6278616087366,,4.466195972233022,0.001344742267638794,,0.001
95,0.08942886865606495,0.07368506571533633,209.91736438227636,,3.076469140488659,0.07512593853652219,260.78088212448574,,4.394379258499689,0.0013455317962566232,,0.001
96,0.0885218485605483,0.07298782957242984,207.1202407537722,,3.0780313427323716,0.07516334008670025,280.66532162997106,,4.396567006161016,0.0014481280655360563,,0.001
97,0.0907274303483028,0.07297144114386801,236.7465072332644,,3.0425529099800874,0.0742975236842997,263.10000085190734,,4.345922372436697,0.0013574975813311226,,0.001
98,0.08708398263244067,0.07175732666955274,204.3553954479741,,3.0039627033427263,0.07335587938340207,241.0341363963682,,4.290842299357313,0.0012436459753585505,,0.001
99,0.08705443026972752,0.07135668097465646,209.30330583160998,,3.017208594208433,0.07367877305565272,257.0970797532595,,4.309729481117435,0.0013265247540945205,,0.001
100,0.08604205998719908,0.0704436034110247,207.9794066186045,,2.9444376739291425,0.07190178324145834,249.81629868759669,,4.205787123335577,0.0012889586474626852,,0.001
101,0.08516207585732143,0.0698003438027466,204.8230821198108,,2.9389821632070245,0.07176848790403206,251.31968042753078,,4.1979902122093895,0.0012967155348407534,,0.001
102,0.08401144778027254,0.06925532901111771,196.74824045218674,,2.8924404113199773,0.07063223640817287,240.06482871055888,,4.131526882724121,0.0012386447103080328,,0.001
103,0.08349716721796523,0.06880256351010472,195.92804104674096,,2.8990504061517948,0.07079422531532997,225.39055592309734,,4.141002181237326,0.0011629309522226238,,0.001
104,0.08235919592427272,0.0681671475370725,189.22730868470435,,2.865165933666918,0.06996635457103127,233.833683895631,,4.0925771219524245,0.0012064943340716228,,0.001
105,0.08186669209424187,0.06763615013629783,189.74055451037836,,2.8305097889747253,0.0691199233152364,234.7157456128471,,4.0430663933456525,0.001211045442562039,,0.001
106,0.08234555946261275,0.06724364595378146,201.35883076985678,,2.8089216279029348,0.06859199481718416,252.87578205983783,,4.012186006531132,0.0013047444371414845,,0.001
107,0.08045594803258485,0.06645417242657904,186.6903294581993,,2.764825519189206,0.06751622568434369,221.7005618136766,,3.949260502286148,0.0011438919630077046,,0.001
108,0.07948323631403494,0.06588308958738458,181.3352825688381,,2.7411906375701016,0.06693798228893397,248.54704691508334,,3.9154370209073748,0.0012824097831308414,,0.001
109,0.08021439728783626,0.0654252205117076,197.18901690314797,,2.7219952922828887,0.06646935740622753,243.83880541764447,,3.888025510253423,0.0012581170183098573,,0.001
110,0.07856067328476439,0.06500507430995212,180.74130727730545,,2.7057599964504826,0.06607417605105517,208.68329979848224,,3.8649099687461312,0.0010767277606361265,,0.001
111,0.07836451483707801,0.0645124688014096,184.69394309847962,,2.68998627051397,0.06568874392910183,213.82990133754063,,3.8423646940345497,0.0011032822992857838,,0.001
112,0.07760265338070252,0.06401236223823883,181.20387746773514,,2.6549892764477834,0.06483413832745519,210.74068581560604,,3.7923758193099038,0.0010873431028370645,,0.001
113,0.07737350186296538,0.06353404811199974,184.5260389739392,,2.641863413601452,0.06451338360364274,215.6403795239718,,3.773613752135169,0.0011126236894460843,,0.001
114,0.07713985925211626,0.0632542204477039,185.1418483958525,,2.642576353361531,0.06453052868061544,222.69957383122923,,3.7746166277344884,0.0011490464912979259,,0.001
115,0.07612297063072522,0.06254885747444396,180.98816366756662,,2.600731369514377,0.06350875545364569,217.51985296637534,,3.714849533133689,0.0011223210693167708,,0.001
116,0.07516586736721151,0.0621828086235944,173.1074452119715,,2.59040553054398,0.06325658107426467,217.23228538172634,,3.700098970493619,0.0011208373281561238,,0.001
117,0.07603017752077065,0.06202624635953529,186.7190746232575,,2.576177982150632,0.0629092903989413,212.3386150076568,,3.679784722578175,0.0010955878196988037,,0.001
118,0.08014368689527698,0.06285269324686013,230.5465659347235,,2.6637175517995897,0.06504317740492656,319.9707758121937,,3.804603247068554,0.0016509295053411513,,0.001
119,0.07778692712970808,0.06279830123279609,199.84832853429458,,2.5987929063600004,0.06345906104148966,279.73172354863306,,3.711942732921993,0.0014433110486860067,,0.001
120,0.08152728673874163,0.062467437164456234,254.13130935968138,,2.5954865898008603,0.06337894248011161,263.0471281410706,,3.7072563176678344,0.0013572247779223543,,0.001
121,0.0756629882197754,0.06123049476859616,192.43323501886107,,2.548306891325845,0.062228264985274305,221.25547284024742,,3.639949160978175,0.0011415954704081194,,0.001
122,0.07310732227622294,0.06054814788056355,167.45564419615502,,2.5083704598224354,0.061253569190381364,203.76583288551566,,3.582935790258791,0.0010513554709401438,,0.001
123,0.0763034047741516,0.060526163481614166,210.36320884554993,,2.5405436655523532,0.062037825145924326,243.4918737566036,,3.628809667797338,0.0012563269807225324,,0.001
124,0.07327762341090277,0.06009410182927169,175.78027313830805,,2.464147404445267,0.060173623536655986,201.05706293197284,,3.519765986679823,0.0010373792313034644,,0.001
125,0.07127289422879032,0.05934924778400683,158.9819428687002,,2.4807371527833078,0.06057925924718524,188.66015743927235,,3.5434930400462177,0.0009734158365188177,,0.001
126,0.07091101726480559,0.05879306084677285,161.57275435503792,,2.452241905012313,0.05988298813043755,197.63209131401828,,3.5027657038780178,0.0010197076590022613,,0.001
127,0.06977932564183778,0.05833425087963834,152.60099433450137,,2.425603685382473,0.05923332528262994,173.41784708268497,,3.464764648596216,0.0008947712170738623,,0.001
128,0.06948525210221608,0.0580727718770504,152.16639649634268,,2.398726842648203,0.05857646938502387,185.31705305741212,,3.426342846639492,0.0009561666685301515,,0.001
129,0.0698359818289093,0.05778640077686777,160.66108075310203,,2.413462045337775,0.05893603024739657,193.5998232417668,,3.4473748207693156,0.000998902664180383,,0.001
130,0.07045764753631517,0.057524162618552935,172.44646199544272,,2.3709824103923975,0.05789863233396104,191.72056476236412,,3.3866937835348088,0.0009892063934383655,,0.001
131,0.06931150573141434,0.05691123169426825,165.33697390088847,,2.3767056562690514,0.0580385464578783,188.1020119483726,,3.3948778506638244,0.0009705360145823907,,0.001
132,0.07003578353746265,0.057120056421149014,172.2096850825291,,2.379411980159868,0.05810437800692497,195.09307754738578,,3.398728568529332,0.0010066072977859566,,0.001
133,0.07509878058643903,0.05796427433105076,228.4600695441751,,2.377531526598515,0.05805770096658543,214.96463133240604,,3.3959982649629206,0.0011091370815682084,,0.001
134,0.07002686599598211,0.05688486635392787,175.22665136000688,,2.3331959958133086,0.05697546136656951,200.27260165693792,,3.3326942804313338,0.001033331704583359,,0.001
135,0.06796841695904732,0.05621242866504426,156.74649511599074,,2.3013514240625215,0.05619801495479898,192.72856711968396,,3.2872187169570943,0.00099440730851859,,0.001
136,0.06739365871922642,0.055753773845293945,155.1984623927696,,2.2950307209638874,0.05604312756074827,206.44480658394446,,3.278158810817105,0.0010651779730469141,,0.001
137,0.06819840863931413,0.05566080221358467,167.1680710736443,,2.292543901328859,0.055982519789375226,203.0808255402015,,3.274613650002959,0.0010478210892926824,,0.001
138,0.0668546327334993,0.055163760395611036,155.87828692267922,,2.278571139743396,0.05564183949817818,187.92907589545413,,3.2546860666066046,0.0009696437292429698,,0.001
139,0.06587977291030042,0.05486522753741227,146.8605942071653,,2.2681475384923737,0.05538800713117417,168.3408657445243,,3.2398385224636983,0.0008685758926166203,,0.001
140,0.06551120152660445,0.05440782098209157,148.04506294400085,,2.289994169357711,0.05592063379494322,192.8850083017885,,3.2709937214453753,0.0009952144864951763,,0.001
141,0.06552000307277137,0.05438101152871169,148.51988713881548,,2.2819743293335377,0.055723839014019026,217.4417983882884,,3.259482505474957,0.001121918336893275,,0.001
142,0.06553141254128195,0.054192728198626465,151.18245263193168,,2.237010495136605,0.054627347202156756,173.84576027884052,,3.19534485915697,0.0008969790890880011,,0.001
143,0.0650565338631471,0.05381137731612897,149.9354164273131,,2.2232687666968656,0.05429145151496617,181.38646581017537,,3.1756971440060675,0.0009358863087275751,,0.001
144,0.06372690127760756,0.0533618075298328,138.20124487783394,,2.19848302953555,0.053687191172571605,152.9447705194625,,3.1403518402790236,0.0007891378007797099,,0.001
145,0.06351894994868952,0.052910756684985814,141.44256741392846,,2.2023122235863712,0.05377990492156119,174.25621740008285,,3.1457749921686937,0.0008990968942857298,,0.001
146,0.06417958314220111,0.05284708723718045,151.09994656431908,,2.17996505177899,0.05323502969537589,150.34647332548673,,3.1139033318731624,0.000775731559255648,,0.001
147,0.06376517001612514,0.05267966655539531,147.80670958874273,,2.179218669225086,0.05321641052583421,160.6752270303735,,3.1128142314367704,0.0008290240644899633,,0.001
148,0.06394200107338381,0.052454037043978184,153.17284722421684,,2.1623751193363803,0.05280337475456758,204.85562420792033,,3.088654322600622,0.0010569783864837765,,0.001
149,0.06228849036144275,0.052022005632227544,136.88645082361558,,2.155184905231156,0.0526297508422939,152.45866854987136,,3.078498451888882,0.0007866296964624784,,0.001
150,0.06090626186307739,0.05131714637665188,127.8548625871247,,2.122447784707796,0.05183003519298139,157.36722645119787,,3.031720282717284,0.0008119560189911701,,0.001
151,0.06047593057155609,0.05107428820109835,125.35522849887025,,2.124839256417565,0.05188859548495881,153.2933577067826,,3.035145679290695,0.0007909363802633199,,0.001
152,0.061415631470142625,0.051193399902652294,136.29641574036842,,2.1476699143518445,0.052444887476491696,187.5536673091043,,3.067685146176332,0.0009677067613739819,,0.001
153,0.06234191153563705,0.051350293279278515,146.55490246941062,,2.0913921851637665,0.051071406413658156,161.75929497451042,,2.987345428469862,0.0008346174495427928,,0.001
154,0.060701007206065985,0.050654629062788156,133.95170548382927,,2.0932007323048247,0.05111485569568018,180.8153706678368,,2.9898869291477066,0.0009329396714340581,,0.001
155,0.06054576442522161,0.05032983553760192,136.21237751081878,,2.0938409413433443,0.05113110209047018,164.65984982477488,,2.9908372376787056,0.0008495832275017544,,0.001
156,0.060600259578695484,0.050330202515218775,136.93408442478554,,2.0633924610502623,0.05038836403200324,140.92746923148135,,2.947391887348224,0.0007271330216852991,,0.001
157,0.05878578615831394,0.04965948620263268,121.68399152568742,,2.074421546796034,0.05065674434288258,166.8548746123862,,2.9630903916796476,0.0008609087342691278,,0.001
158,0.05907612871013436,0.04957327224752482,126.70474422679229,,2.0368124546537314,0.0497396069483432,130.36170236605412,,2.9094438133836706,0.0006726176172068349,,0.001
159,0.058705128291073966,0.049379121950444055,124.34674595851524,,2.0452460882315164,0.04994461135013829,155.96805773831528,,2.9214352388313745,0.0008047368318476422,,0.001
160,0.05908884100762068,0.04929424727372095,130.59457292743758,,2.0499813996682175,0.050058948361431585,190.6804410112336,,2.9281232110643183,0.0009838397439823684,,0.001
161,0.06126031476785155,0.049551299097491244,156.1202069450827,,2.0494549687323427,0.050047311247823155,158.41449472010402,,2.92744251553271,0.0008173595314861973,,0.001
162,0.05885607712701255,0.04887929317705771,133.02377813002641,,2.0007240881215513,0.04885776365848573,142.704470356262,,2.857861710881046,0.000736301682730915,,0.001
163,0.05683982291934537,0.0482081971039959,115.08833776735791,,1.9920320249662338,0.04864553248781165,141.30771114911767,,2.8454475664113046,0.0007290949277356246,,0.001
164,0.057274021646555734,0.048192094646248164,121.09235232484107,,1.9738199253344972,0.04820033724002179,152.04546851099266,,2.8194065371612096,0.0007844977388358438,,0.001
165,0.05756086593165117,0.04826702148306603,123.91791818656174,,2.001300904161549,0.0488721389084848,135.09082845284678,,2.8587025695999144,0.0006970181386961697,,0.001
166,0.05762540987309288,0.04804347835335077,127.75907927868413,,1.9719625644864545,0.048155040791748364,150.3158100453176,,2.816756989259992,0.0007755733482008,,0.001
167,0.05747241168922069,0.047865977766467074,128.0857811722101,,1.9742813574916647,0.048212344035455386,132.54049872688395,,2.8201088566775083,0.0006838593913629071,,0.001
168,0.055955045217392495,0.047212385298574674,116.56879694321576,,1.9421836998203448,0.0474278893098682,146.87960991899098,,2.7742233523829225,0.0007578438409968693,,0.001
169,0.05570253415727148,0.04712978998819987,114.3032470403933,,1.9672336272653086,0.0480395241111194,150.92660084675222,,2.81000001403605,0.0007787248002455057,,0.001
170,0.05574512481689453,0.046947653898421454,117.2996088663737,,1.934227101670142,0.047233991643891214,135.6574456960444,,2.762881598812329,0.0006999416717052562,,0.001
171,0.054939989657963026,0.046512638529141746,112.36467533485562,,1.9273147103232404,0.04706575886749797,120.13671970162014,,2.7530410745196057,0.0006198605317215531,,0.001
172,0.05502528521944495,0.04636457569751085,115.47611954632927,,1.922739895363253,0.04695284652957647,151.42562146428116,,2.7464364364218103,0.0007812995599533599,,0.001
173,0.056406499416220425,0.0466579841632469,129.9801976821002,,1.9324785043298467,0.047190121324935295,166.4689053057218,,2.7603154702096235,0.000858917277033976,,0.001
174,0.055347242264770995,0.04613400382154128,122.84317255955116,,1.909016113697289,0.04661845561079529,130.75585264741977,,2.7268767404453227,0.0006746512852110248,,0.001
175,0.05651218728984103,0.046371722338246366,135.20619216619752,,1.9741283850107074,0.048205781936286024,207.2976194010635,,2.819725016514659,0.001069578168154549,,0.001
176,0.056171630381369124,0.04620075503400728,132.94499550613702,,1.9377450441149286,0.047319886167575514,136.27272400282587,,2.767905870330927,0.000703116277598821,,0.001
177,0.0550039406208431,0.045779406951338635,122.99377172133502,,1.8863947237090513,0.046066035055944726,129.28230161509174,,2.694563727450163,0.0006670483131248361,,0.001
178,0.05481213177828228,0.04570306019455779,121.4542797313017,,1.9127230370420782,0.04670731975858482,174.90678068194447,,2.732074715678347,0.0009024535574509538,,0.001
179,0.054358485647860694,0.04546929311518576,118.52256251316444,,1.853416468162215,0.04526106062824092,117.51525306619493,,2.6474779539126443,0.0006063347445470673,,0.001
180,0.053377733145858725,0.04507430818151025,110.71232455384498,,1.854444223355208,0.04528607758865144,119.72759116496687,,2.6489412835439303,0.0006177495815232938,,0.001
181,0.054217179835427044,0.04522770687061198,119.85963380103017,,1.8428668011275249,0.04500308439827354,126.09869562499142,,2.6323880207119625,0.0006506220971709066,,0.001
182,0.05306570443744753,0.04476100542381698,110.72931416829427,,1.8588571250938908,0.045393563789481034,127.37071888649935,,2.6552285278792658,0.0006571852613491762,,0.001
183,0.05244198624117702,0.04442477123994453,106.89619445800781,,1.8576152761206803,0.04536368749482963,115.38626069811161,,2.6534809587693884,0.0005953499403623942,,0.001
184,0.0521989570674943,0.04437114707395142,104.37079261330997,,1.8261838566953372,0.044596015230553496,116.20552123665442,,2.608577119414083,0.0005995770182641456,,0.001
185,0.05192911062462657,0.04408343391967755,104.60901611926509,,1.811539803542634,0.04423806332250505,124.24833736640265,,2.5876392586577244,0.0006410749407570068,,0.001
186,0.05165872547556372,0.043859460847634896,103.9901902441885,,1.8321648335208987,0.04474117324873669,140.3779560815594,,2.6170679202843985,0.0007242977393990455,,0.001
187,0.052482683065475204,0.04409709127218116,111.80788436590457,,1.8143836992649096,0.04430764336661766,120.95959318334003,,2.591709239127989,0.0006241062510585327,,0.001
188,0.051736304865163917,0.043581525630810684,108.73038527544807,,1.7959672718002904,0.04385750147747022,130.54392806906213,,2.5653788635002726,0.0006735578336655531,,0.001
189,0.05203492647292567,0.043508425647137215,113.68667348225911,,1.7950528582256287,0.04383558398179625,119.56650680975328,,2.5640968324166793,0.0006169184465104293,,0.001
190,0.05252447300681881,0.043545905865874944,119.71422606823491,,1.8366986623867474,0.04485137802290546,154.232072886769,,2.623514183495599,0.0007957797994281402,,0.001
191,0.052406271736995844,0.043547766611856574,118.11339613970588,,1.7953051858041729,0.04384140833201511,128.51219960739934,,2.564437519059596,0.0006630748748525607,,0.001
192,0.051203799671402164,0.04305204522668147,108.69005405201631,,1.8145445353578786,0.04431068421207136,144.4285443736366,,2.591887108828526,0.0007451972597018146,,0.001
193,0.05067323177468543,0.04279197124289531,105.08346811930339,,1.7680452936447966,0.04317563238634592,128.90280069781687,,2.5254939522509843,0.0006650902303591749,,0.001
194,0.05115354784271296,0.04273834510468969,112.20269880107804,,1.812213625532721,0.044253869425189,141.45499664366307,,2.5885638129614064,0.0007298548657894563,,0.001
195,0.05140131500129606,0.042731082030371126,115.60310169294769,,1.757154202686599,0.04290984772644725,123.46440395384678,,2.509947276636166,0.0006370301376098254,,0.001
196,0.04988470016156926,0.04223509235124962,101.99476907767502,,1.7622984969203446,0.04303585502009832,113.6889466335227,,2.5173178845570336,0.0005865924347372396,,0.001
197,0.04997655413314408,0.04215450825936654,104.29393932866115,,1.768190420663312,0.043178883273386946,136.66691686894006,,2.5256841080195924,0.0007051501653243829,,0.001
198,0.04996578840940606,0.04214037801412975,104.33880286123238,,1.7387792009891938,0.04246089204542916,128.4333781726429,,2.4836862864763902,0.0006626681857355236,,0.001
199,0.04951603535343619,0.041758944883066064,103.42786691703049,,1.7257256605462552,0.04214274117077906,111.17812170967981,,2.4650765275586197,0.0005736375174045668,,0.001
200,0.049027481792019864,0.04163406584777084,98.57887387743183,,1.7136922182486496,0.0418483543306916,124.33141225345899,,2.447856810251172,0.0006415035760967377,,0.001
201,0.048556943442307265,0.04131706088196998,96.53175922468597,,1.726417957790858,0.042159603514056496,112.38039486554474,,2.4660628650738845,0.0005798407971305316,,0.001
202,0.04878075435465457,0.04125647203010671,100.32376023834827,,1.7000059092951105,0.04151422361288914,120.98761907255737,,2.428312334341231,0.0006242508541626908,,0.001
203,0.049158012457922395,0.041331859342023436,104.34870312260647,,1.7024687700739682,0.04157454593397022,116.42404537477135,,2.431840798168068,0.0006007045210691464,,0.001
204,0.04899164106623799,0.04108923030834572,105.36547223259421,,1.7106512535071228,0.04177394620566829,128.02001361927194,,2.4435044184190575,0.0006605353792756522,,0.001
205,0.04881014236632515,0.040934232520122155,105.01212654861749,,1.70016442582037,0.04151805568644836,122.02809681601492,,2.4285364857447775,0.0006296193300866704,,0.001
206,0.048713093221771954,0.04092578144342292,103.83081862505745,,1.7225350852886057,0.04206382760977253,137.3919962345655,,2.460460596996463,0.0007088913036061105,,0.001
207,0.04901724929610888,0.040897654186861185,108.2612636790556,,1.692449194805622,0.041329637273534274,121.79939388213585,,2.417515232875816,0.0006284393085033222,,0.001
208,0.048399485720723286,0.04065167925813619,103.30407939237706,,1.7091414775403782,0.04173649087265313,143.42782234601214,,2.441313524811226,0.00074003390839932,,0.001
209,0.048269322982021405,0.04062049638699083,101.98434777353324,,1.6874002663633463,0.04120646519775628,118.18661652890604,,2.4103104667781245,0.0006097987288643361,,0.001
210,0.04733985947335467,0.04010038406533353,96.5263318828508,,1.6830801027553497,0.04110090666238445,119.46467689766729,,2.404135978346675,0.0006163930422576117,,0.001
211,0.04772350462336166,0.04028571141408939,99.17057082232307,,1.664924719164853,0.04065741975542233,121.65352930335128,,2.3781948759347147,0.000627686701843266,,0.001
212,0.04869474426788442,0.040340846075731164,111.38530446968826,,1.6567800763463914,0.040458560312869166,120.19790933534868,,2.366562890674556,0.0006201762473411657,,0.001
213,0.047258833459779326,0.03988408837832656,98.32993256812001,,1.680753543260639,0.04104372225120369,129.0790987935989,,2.4007910618598065,0.0006659998625820651,,0.001
214,0.04734161116328894,0.03987606264212552,99.54064163507199,,1.6553711642941376,0.04042404598945351,122.97104771413682,,2.364544027018494,0.0006344846039725302,,0.001
215,0.04721813174147232,0.03967558548730962,100.56727989047181,,1.6487383381389016,0.04026248843232313,111.48506148926413,,2.355093959679069,0.0005752212118441367,,0.001
216,0.04686918540620336,0.039521874312092274,97.96414214489506,,1.6531379632626173,0.04036979982658737,115.175007778003,,2.3613709789661725,0.0005942599543222269,,0.001
217,0.047106823865689484,0.039518233242572524,101.18120410395603,,1.6336484368186763,0.03989366662369163,119.02707955456201,,2.3335202803679658,0.0006141352036679543,,0.001
218,0.046405262879881205,0.03920784746022785,95.96553488338695,,1.6179810526407723,0.039511662273962085,102.20185361248396,,2.311175508058837,0.0005273233319546706,,0.001
219,0.04621367222246002,0.03892089733306099,97.23699726777919,,1.6272874308724155,0.039738620737963255,110.89849609416463,,2.3244511034946647,0.0005721947538336394,,0.001
220,0.046044883701731175,0.03886456079050606,95.73763394823261,,1.6165160088933326,0.03947586505991859,102.64720109665959,,2.3090816036368866,0.0005296211583730011,,0.001
221,0.0459335090629026,0.03887579465905825,94.1028517180798,,1.6201768661890272,0.039565433814080245,98.39896446698528,,2.314320793764359,0.0005077018465864867,,0.001
222,0.04556558419968568,0.03880490001071902,90.14245291317211,,1.6209562588733752,0.03958442809419635,99.4735300974434,,2.315431835731998,0.0005132462032554536,,0.001
223,0.0461691709271833,0.038682437191406883,99.82311458213657,,1.6528796712378886,0.04036282273672027,132.86884274185505,,2.360962864543991,0.0006855535236499637,,0.001
224,0.045975064018777774,0.03857117613740996,98.71850451301125,,1.6002977718937414,0.039079603854228935,107.07712342940809,,2.285902897890879,0.0005524779004205838,,0.001
225,0.04491405269386722,0.0382869943392043,88.36077207677505,,1.5935944656177403,0.03891615408590641,100.11169816466636,,2.2763421484917363,0.0005165389117500672,,0.001
226,0.04486934365887268,0.038112809333731144,90.08712140251609,,1.5913925371148707,0.03886227710490104,102.75324350901823,,2.2731906951794363,0.0005301682975513716,,0.001
227,0.045145348298783396,0.03820908653969858,92.48349013983035,,1.614517297194795,0.039426096674511246,127.8927767208423,,2.3061704764706454,0.0006598788844777996,,0.001
228,0.04565748170602555,0.03812606289398437,100.41891030704274,,1.5986916321864562,0.039040350970194995,107.77960100586998,,2.283606859228398,0.0005561024219253295,,0.001
229,0.04506391535202662,0.03790363764353827,95.47036369174134,,1.5745465609611244,0.03845094009415666,100.42976420756129,,2.249130152795801,0.0005181800135460967,,0.001
230,0.04449939771610148,0.037752121248665976,89.96368228687959,,1.5818242661081037,0.038628476792514084,105.84673025508751,,2.2595148960693257,0.0005461295319188038,,0.001
231,0.04444091153495452,0.0376710215693011,90.26519371481503,,1.5654184143521215,0.03822773051630468,107.71088617394797,,2.23607384284056,0.0005557478790981397,,0.001
232,0.04405926547798456,0.03748729846933309,87.62622309666054,,1.5593813565430665,0.03808058230970822,99.95319425665875,,2.2274666288797182,0.0005157210908794661,,0.001
233,0.04345197259795432,0.03708648009627473,84.87322698854932,,1.5509205377461932,0.037874078596152216,96.44455078673117,,2.2153875034360806,0.0004976178031228807,,0.001
234,0.04375549398508726,0.03706182751293276,89.24888281728707,,1.5552356267103635,0.03797879429252554,114.18323059390474,,2.221512691262634,0.0005891427550661516,,0.001
235,0.045067522601754055,0.03743445164724892,101.77427314309513,,1.5474795126515908,0.03778978825034214,103.0866220491119,,2.2104570658996563,0.0005318884061046953,,0.001
236,0.04429050023649253,0.03714049417598575,95.33340828091491,,1.5512373782031623,0.03788159961840005,102.18708885888888,,2.215827434368225,0.0005272471513494658,,0.001
237,0.0439069771445265,0.03692704351509318,93.06577600217334,,1.564396735227218,0.038203044812060355,100.6613981448763,,2.2346298895425925,0.0005193751580107154,,0.001
238,0.043817010726414474,0.03694012819551954,91.69176557952282,,1.5630071049621328,0.03816844417479062,118.17458893670735,,2.232605977086909,0.0006097366709879921,,0.001
239,0.043791250197910796,0.03688714591165384,92.05472250545726,,1.5350843505128438,0.03748711362704805,101.78614191533826,,2.192752567126158,0.0005251784151109644,,0.001
240,0.04325862886274562,0.03657745770817878,89.08227628820083,,1.54121639962856,0.03763646473555361,112.63998409976233,,2.2014886365348847,0.0005811801804693721,,0.001
241,0.043231043015040604,0.03651418456552075,89.55810711430568,,1.5318391071471347,0.03740757442046678,109.23201015366354,,2.1881000403631368,0.0005635963097962868,,0.001
242,0.04332624514605485,0.03654229819920717,90.4526205623851,,1.533665485247816,0.03745215863476305,109.78586921903,,2.190707927204574,0.0005664540153804707,,0.001
243,0.04366412466647578,0.03658743502170432,94.35586054184857,,1.5430688097033325,0.03768236348415047,95.23890677565636,,2.204173415091456,0.0004913971310450359,,0.001
244,0.043918294430363415,0.036579062249146255,97.85642496744792,,1.518355172783576,0.03707861363355479,99.87320394592153,,2.1688579718176233,0.000515308370799633,,0.001
245,0.042469739694805705,0.03615768944077632,84.16066442751416,,1.5151323432217083,0.03699984793090898,101.33823540855656,,2.164250690008829,0.0005228673850932911,,0.001
246,0.04275122372543111,0.0361560358136308,87.93583604401233,,1.533802740452938,0.037455306887877494,115.17938657591799,,2.190892079555362,0.0005942825472814039,,0.001
247,0.043129003077161075,0.036084827546979864,93.9223336612477,,1.4978876123449487,0.03657905316026547,91.58367942827503,,2.1396369301247913,0.00047253752531634384,,0.001
248,0.042238071268680046,0.035866213524166274,84.95810101079006,,1.5103063990079793,0.03688239319568545,90.5447937627592,,2.1573803511840053,0.0004671772639189631,,0.001
249,0.0418337002834853,0.03577873782784331,80.73283124437519,,1.4783292575799285,0.03610174484153697,82.05450162386039,,2.11171749488592,0.00042337053261516037,,0.001
250,0.04158293156355035,0.03557811673803657,80.0641960443235,,1.481582463829451,0.03618085467720986,91.11090829871175,,2.1163449062407245,0.0004700982031467229,,0.001
251,0.04145572283396534,0.03538246704813312,80.97674530627681,,1.4824113552764258,0.03620083889227033,97.97751481363107,,2.1175138529703075,0.0005055273240352565,,0.001
252,0.042305066962452495,0.03552946977901692,90.34128974465763,,1.500935690323086,0.036652858428955555,108.4375631085454,,2.143954058778592,0.0005594972602381282,,0.001
253,0.04287517085379245,0.035735240936571475,95.19905987907859,,1.4834337503866222,0.03622583007377568,97.40893173837186,,2.118975674703145,0.00050259364806813,,0.001
254,0.04131127258434015,0.03516633655218517,81.93247417375153,,1.483906170226301,0.0362373492530655,97.9011130852021,,2.1196494718434167,0.0005051331196976813,,0.001
255,0.04094144687348721,0.03490448816149842,80.4927791520661,,1.470491635419706,0.03590996101269978,91.77957545547594,,2.1004993870529227,0.00047354827553396653,,0.001
256,0.04137346922766929,0.035032003935353426,84.55286811379825,,1.4712221626066193,0.03592750513706102,99.6451921137821,,2.101525604331581,0.0005141319150427272,,0.001
257,0.04093262567824008,0.03490276495907821,80.39813815846162,,1.4606154668422118,0.03566896039745058,86.42418203288464,,2.086402417010786,0.00044591644887222376,,0.001
258,0.040651230762402214,0.03469269835919726,79.44709493599686,,1.4704030885970096,0.03590779163013235,91.96016105431647,,2.1003724922687272,0.00047448002966872705,,0.001
259,0.040156134933817624,0.0345386654942059,74.89959006216012,,1.452969424741533,0.03548246252778534,80.09129199020336,,2.0754935034427664,0.000413241105322473,,0.001
260,0.0410848659481488,0.03470200490133435,85.10480768540326,,1.4431070469616465,0.03524111771210645,92.75027928154998,,2.061376399912004,0.0004785567441459682,,0.001
261,0.04166348497657215,0.03491447442302517,89.98680309220856,,1.4712644975092104,0.03592803658613309,112.9371637195891,,2.1015566906490997,0.0005827135161357707,,0.001
262,0.04167421534657478,0.034760930411079353,92.17712716495289,,1.462807933585211,0.035722306966593974,91.70064829809827,,2.0895228446756184,0.00047314104092775376,,0.001
263,0.04037044467587097,0.03434245828904357,80.37314493515912,,1.4492825319813296,0.035392024718960996,90.50817423801945,,2.070203479264384,0.00046698832087030195,,0.001
264,0.03988368443998636,0.034177892677047676,76.07721837361653,,1.4362398638476788,0.0350736462279256,86.29789773377438,,2.051580406267057,0.00044526486913050125,,0.001
265,0.04108389744571611,0.03429992456792617,90.45296792423024,,1.4520780128896138,0.0354600198855535,97.86536453534781,,2.0741807546977826,0.0005049486705536062,,0.001
266,0.04059649507204691,0.034257101260271726,84.52524581609988,,1.445495903896105,0.035299385541945505,94.72350205524062,,2.064784689350652,0.000488737835495414,,0.001
267,0.04043887519076759,0.03409220654444367,84.62224489099839,,1.4362405842148593,0.03507381253633062,82.3640172060668,,2.051590134228128,0.0004249675172326785,,0.001
268,0.040399033941474614,0.03408217988908291,84.22471611172546,,1.4301265942042691,0.03492414431929347,91.56541268297845,,2.04283551603078,0.0004724432757440192,,0.001
269,0.03940834682069573,0.03375116089249358,75.42914087632123,,1.4230453781641466,0.03475077160666413,102.94089837432496,,2.0326943388660137,0.0005311365264565562,,0.001
270,0.040188439263432636,0.03396211498800446,83.01765322217754,,1.4240999717159846,0.034776953369567674,91.68003406670663,,2.0342258018746042,0.0004730346792053495,,0.001
271,0.03990025920610802,0.03381580505154881,81.12605210846546,,1.4096957189466648,0.03442533700249954,87.05319572545055,,2.0136585290991422,0.0004491619242181665,,0.001
272,0.039472338542634364,0.03356118518493924,78.81537598254634,,1.4066046731249109,0.034349729511271444,90.11352846291192,,2.009235982137171,0.0004649520963037632,,0.001
273,0.039738592490846034,0.03358463322122892,82.05278703278186,,1.4124287804337257,0.034492041018064724,88.23897005789014,,2.0175602805869564,0.0004552800761873006,,0.001
274,0.039043858136032145,0.03345383714665385,74.53361249437519,,1.3996713684043334,0.03418055656083509,85.95181532266714,,1.9993404637718954,0.0004434792133551379,,0.001
275,0.03952963745184973,0.033366018358398884,82.1815855736826,,1.4422389491583258,0.03521984602550975,94.6115323534526,,2.060132144463157,0.00048816011372092733,,0.001
276,0.04010653495788574,0.03359722937731182,86.79073917164521,,1.3990774399105959,0.03416573894974149,94.21164170269716,,1.9984737298033264,0.00048609682755810065,,0.001
277,0.039832801795473285,0.03343876283250603,85.25385284423828,,1.4375258173733225,0.03510433193975775,105.36465259681826,,2.053375321022657,0.000543642191542539,,0.001
278,0.03911080211400986,0.03318648047599138,78.99095280965169,,1.4047422041264483,0.0343041360239016,92.94120913493325,,2.0065690593788843,0.0004795418707644876,,0.001
279,0.03890285319557377,0.033084543640999234,77.57745368807923,,1.4020381270313136,0.03423764268740921,104.90757832367726,,2.0026796312478994,0.0005412838592800209,,0.001
280,0.03952720279202742,0.03308631041470696,85.8785587385589,,1.3777936473345578,0.03364627116208886,85.19973892468275,,1.9680882395720174,0.0004395987804857564,,0.001
281,0.039255332201719284,0.03303794818473797,82.89844333424287,,1.3876322985998435,0.033886428557872834,88.62262118527543,,1.982135886754426,0.0004572595724845797,,0.001
282,0.03804666483226944,0.032726880856880955,70.93044714834176,,1.3867079110158098,0.033863741341697715,91.562581105897,,1.9808088320229291,0.0004724286658655434,,0.001
283,0.03849010578557557,0.03283533114282524,75.39698971019072,,1.3931999625701594,0.03402190320234506,101.92686142254473,,1.9900602731823165,0.0005259044751263972,,0.001
284,0.03896730466216218,0.0327865556612903,82.40998346665326,,1.4100917348739237,0.0344344509377447,101.80990684219292,,2.014191635091358,0.0005253010332433143,,0.001
285,0.038994517031253555,0.03277439145626975,82.93500414081649,,1.398636195994996,0.03415507606997319,91.20917077903091,,1.9978500206210859,0.000470605200786164,,0.001
286,0.03850535865800053,0.03253776839404714,79.56786817662856,,1.3596005788582486,0.03320208867156893,81.44248653732569,,1.9421064500416194,0.00042021276371733107,,0.001
287,0.03801386642689798,0.032371814709668066,75.22735274071788,,1.368392025046956,0.0334163458987196,93.45063260091672,,1.954639105650532,0.00048217030527876616,,0.001
288,0.0378929668051355,0.03223273570777154,75.46974399043064,,1.3769564684374147,0.03362536373498738,97.4003311411565,,1.966865290936791,0.0005025492722038957,,0.001
289,0.038406645039133,0.03249144415352859,78.86934168198529,,1.362020776089293,0.0332611069220488,83.81236891483113,,1.945558634211746,0.000432440470236092,,0.001
290,0.03732953731920205,0.03211630504651397,69.5097609127269,,1.3494087135953454,0.0329532184514851,80.30434881323401,,1.9275491592509963,0.00041434039882689606,,0.001
291,0.038679126723139896,0.03236779928499577,84.15102775424134,,1.36694468601632,0.03338132367270341,84.833618969299,,1.9525905329925384,0.00043770973847777003,,0.001
292,0.037615623544244206,0.032031264229148045,74.45811507281135,,1.3536168533275978,0.03305572538661345,87.37655425887856,,1.9335451488965887,0.0004508303332854792,,0.001
293,0.03774402144492841,0.032087153517732434,75.42489721260819,,1.3495122833763034,0.03295573107405678,80.74967505003762,,1.9276961313451693,0.00041663811561673547,,0.001
294,0.03711786091912026,0.03182160397808926,70.61675329769359,,1.346968357989458,0.032893149323486665,92.70962012526363,,1.9240355055743217,0.0004783469581097121,,0.001
295,0.03871399836212981,0.03214042009237934,87.64770694807464,,1.3709108175938471,0.0334777733702449,95.78735502623348,,1.9582322135974182,0.0004942269188490383,,0.001
296,0.037827498845609965,0.03191356507002139,78.8524434706744,,1.3414553196938028,0.03275853942534193,91.82116744650774,,1.916161701187726,0.0004737628746485451,,0.001
297,0.03736394687610514,0.03166844341538701,75.94004036398495,,1.3460933359646696,0.032872140774449714,83.13689975578616,,1.9228066419629304,0.0004289553020616402,,0.001
298,0.03726823459945473,0.031795835560735536,72.96531871720856,,1.3415933850962878,0.0327621630209062,85.16412517065856,,1.9163736579831951,0.00043941502683773887,,0.001
299,0.03716986553341735,0.03160717097275397,74.16925587373622,,1.358463513763949,0.03317389612690364,92.61343790528298,,1.9404573693654261,0.0004778506938354133,,0.001
300,0.03744620873647578,0.03159846482323665,77.96991595099954,,1.3544328211884478,0.03307580260147168,83.43391146319964,,1.9347195355100557,0.00043048777136280063,,0.001
301,0.03685011897309154,0.03131858843798731,73.75373548619888,,1.334503435630343,0.032588686427031686,93.64536917125483,,1.906226404440576,0.00048317507313271806,,0.001
302,0.0371179622324074,0.03146922329038966,75.31651919495826,,1.32252627261268,0.03229665486096672,80.85460920188805,,1.8891444553595778,0.00041717953658547267,,0.001
303,0.036919313537723875,0.031310888299462845,74.7789991790173,,1.382871164862653,0.033768842119187674,123.18332954824146,,1.9752578441328659,0.0006355798988240107,,0.001
304,0.037408207342320796,0.03144030415398233,79.57203853831572,,1.3360864337246081,0.03262734532348362,93.70488273923233,,1.908487698689063,0.0004834821408800546,,0.001
305,0.036337316437971355,0.031172223644805888,68.86790152157054,,1.3128804928721727,0.03206084737100583,86.96902457477204,,1.8753512494034317,0.00044872763256824643,,0.001
306,0.03675540127590591,0.031195055583820623,74.13793593761967,,1.3226098612843875,0.03229860789177886,83.19388932325646,,1.8892586949718775,0.0004292493469105628,,0.001
307,0.036550526525460036,0.031087400501265246,72.84167749741498,,1.3838020890513112,0.03379229936399015,104.09713104973139,,1.9766299405356473,0.0005371022545266359,,0.001
308,0.038283313021940345,0.031724745261610725,87.4475658641142,,1.3804688657864799,0.0337103808520111,117.64281806777674,,1.971838239866871,0.000606992932234445,,0.001
309,0.03789709807903159,0.031320606230520735,87.68655530144187,,1.319582739974197,0.032224411083066916,90.23608623094688,,1.8849186637709079,0.000465584448539195,,0.001
310,0.03730869775309282,0.031060791702247133,83.30541348924824,,1.345290415622264,0.03285193669060042,98.86478105314913,,1.9216248343378428,0.0005101052859137914,,0.001
311,0.03719275262133748,0.031185222862690102,80.10039049036362,,1.3101300562327485,0.03199356548942676,89.84415998925634,,1.871415696508606,0.0004635622557477378,,0.001
312,0.03620259719444256,0.030755971211428736,72.62167926863128,,1.3242106334437114,0.03233752281493883,87.9636512703508,,1.8915349651192004,0.00045385953423758747,,0.001
313,0.0361414105065313,0.030711773235131714,72.39515962787704,,1.297196480878672,0.03167812459736951,78.40562221968146,,1.8529644539638606,0.00040454367989869094,,0.001
314,0.03652044823941063,0.0308142456719104,76.08270091636508,,1.2943078120364495,0.03160742688765444,82.33407873304178,,1.8488290973181087,0.00042481304591155105,,0.001
315,0.035515118901636084,0.030540175115068752,66.33258064120423,,1.302547954443761,0.03180858235807832,84.75080893223551,,1.860595385289802,0.0004372824696649246,,0.001
316,0.03607856003823234,0.030610917610865013,72.90189765481388,,1.305615182828337,0.0318837368887197,78.28534470795282,,1.864991437000653,0.0004039230929327788,,0.001
317,0.03554316548009714,0.030356857414339102,69.1507703743729,,1.287836978447794,0.03144961030365644,76.54406890277538,,1.8395978525992038,0.00039493876117183255,,0.001
318,0.03565406806620897,0.03042623236337129,69.70446994257908,,1.2796824273695806,0.03125047699369027,75.9317692181073,,1.8279498478748921,0.0003917795238541004,,0.001
319,0.03502323390806422,0.030241043653850462,63.762533823649086,,1.2972145014634315,0.0316786898460102,75.09544935415109,,1.8529975173365245,0.00038746442621493776,,0.001
320,0.036206588952564726,0.03047133580434556,76.47003630095837,,1.2787375293001926,0.031227280457237785,79.093879233757,,1.8265930012165803,0.00040809482862129247,,0.001
321,0.03574968443489542,0.0304307700956569,70.91885405895756,,1.3081953213338933,0.031946186208472546,93.2237052183034,,1.8686443164291866,0.0004809994448757334,,0.001
322,0.03617558117006339,0.030596397524955226,74.38911004159965,,1.2772607186464524,0.031191426495136235,73.43844111844204,,1.8244957774019654,0.00037891488358879805,,0.001
323,0.03461304851168511,0.02978881952517173,64.32304726394952,,1.270596332979064,0.031028656387554667,73.63864686791938,,1.8149747837399366,0.0003799478703611434,,0.001
324,0.03513505207557304,0.03007116760401165,67.51845595415901,,1.2630526630311008,0.030844263888718488,77.75017895767915,,1.8041890206853464,0.0004011618378614925,,0.001
325,0.03589279084082912,0.030194144367295152,75.98194930132698,,1.2897423590537371,0.0314960199442706,79.84980725207078,,1.842312515019163,0.0004119951344107212,,0.001
326,0.03604248713921098,0.030280900717365975,76.82114821789311,,1.3060375796843025,0.031893309586113784,97.9498440187897,,1.8655513775976815,0.0005053845530852411,,0.001
327,0.03519874562819799,0.02995291308445089,69.94442771462833,,1.2750465049759743,0.031137087073725332,80.37594625678629,,1.821317274330741,0.00041470981485174216,,0.001
328,0.03458818720251906,0.02970338612794876,65.13067671831917,,1.2581737546777203,0.030725145077416614,76.75861516984686,,1.7972213442226075,0.00039604573965032025,,0.001
329,0.035294728718844114,0.0300298119876899,70.19888402901444,,1.2711002797387152,0.03104086321368347,76.30857627978124,,1.815688803752165,0.00039372370733260504,,0.001
330,0.03502418301707389,0.029834395493654645,69.1971653956993,,1.2993969551597089,0.03173151058420002,87.8125966190245,,1.8560871873072649,0.00045308014874476994,,0.001
331,0.03569400708611105,0.029964076574234402,76.39906789742264,,1.2636214383933855,0.03085836798321021,72.11465655676147,,1.805014018568923,0.00037208465046501953,,0.001
332,0.03487880568147874,0.02971835003471842,68.80606886919807,,1.2572385258211463,0.030702300168766187,76.86601642573626,,1.7958850655059435,0.0003965998899529797,,0.001
333,0.03449353681621598,0.02959902332547833,65.26017304962757,,1.2766180233067612,0.031175540013237368,78.4671236086181,,1.8235665214364913,0.00040486100405855277,,0.001
334,0.03456882570011943,0.029500305360438777,67.58026796228745,,1.2558121910576188,0.030667486360996126,76.30545760593148,,1.793848683961109,0.00039370761614220483,,0.001
335,0.034759389784406215,0.02954476410705669,69.52834133073395,,1.2616856867490285,0.030810812535046795,79.4973992694304,,1.8022323338524469,0.0004101768410525795,,0.001
336,0.03466292269820092,0.029485691375299997,69.0297477572572,,1.2400699512598445,0.03028285564123867,80.59435090766803,,1.7713502860707149,0.0004158367011473082,,0.001
337,0.03604173079571303,0.0297151444954615,84.35448171578201,,1.3028645130441074,0.03181546957780136,107.07689681563387,,1.8609982428925056,0.0005524767311782827,,0.001
338,0.03552967729960002,0.02962954820809411,78.6683879179113,,1.2458269359660097,0.030423559101791193,77.89258581785273,,1.7795805242640195,0.0004018966039870138,,0.001
339,0.03397544590281505,0.029132509275394326,64.5724853814817,,1.2477782040184555,0.030471092075258607,81.12860045505889,,1.7823608943568132,0.00041859322895446144,,0.001
340,0.03413606873329948,0.02919135947583937,65.92945345710305,,1.245431947423906,0.030413824964534313,80.20548211985847,,1.7790111404840054,0.0004138302836741141,,0.001
341,0.03495976840164147,0.029498567695126814,72.81600563198913,,1.269526154898584,0.031001988511363297,87.69015241992614,,1.8134148862626274,0.000452448382482566,,0.001
342,0.03470794221057611,0.029348775707915716,71.45555092306698,,1.2445542796653528,0.030392538903899383,76.2643741276849,,1.7777660442473198,0.0003934956407633686,,0.001
343,0.03424551473090462,0.02908588449160258,68.79506862864775,,1.2531135847468333,0.03060150582823676,78.24125716490074,,1.7899892515164606,0.00040369561770333664,,0.001
344,0.03374270554266724,0.029052962165545013,62.52991276161343,,1.2223077701278475,0.02984915424688762,77.9574176719942,,1.7459815725631673,0.000402231112101439,,0.001
345,0.03403741307556629,0.02910175254824115,65.80880228678386,,1.2287279453149227,0.0300061327461165,73.18939964844826,,1.7551637947687035,0.00037762992276753983,,0.001
346,0.03367831904952433,0.02881005662036877,64.91016156065697,,1.2431298180391408,0.030357191949647255,91.01698026130288,,1.7756984770975106,0.00046961356961122745,,0.001
347,0.033596093419427965,0.028687126898005896,65.45288407568837,,1.229994231121806,0.030036907654313525,77.19052468442173,,1.7569639269320774,0.00039827423117252026,,0.001
348,0.033169305134637686,0.028656970673039846,60.16445646099016,,1.2142182153020518,0.029651851314738624,70.91739493417872,,1.734440633047913,0.0003659072283760265,,0.001
349,0.03353023645924587,0.028718007874547268,64.16304360184014,,1.2170028184615898,0.029719800663852793,72.45909165297911,,1.7384152284565375,0.0003738618067117965,,0.001
350,0.0337556201015033,0.02883331587209421,65.63071568806966,,1.2286452467797466,0.030003615837924054,86.34113311236653,,1.7550165719935624,0.00044548794751011637,,0.001
351,0.03431333787739277,0.028827531080619962,73.1440876979454,,1.2221154228871638,0.029844553061179,75.40580251301662,,1.745712433096342,0.00038906573241468794,,0.001
352,0.03315017693767361,0.02851004719588102,61.868396534639245,,1.214491488748831,0.029658549872092793,70.27005522673895,,1.734832455127909,0.0003625671976489125,,0.001
353,0.03319914624387143,0.028427826277181215,63.61759701897116,,1.2358695973548486,0.03018024376370614,81.32809987232352,,1.7653481579763621,0.00041962257131682103,,0.001
354,0.03359707952568344,0.028452675205235388,68.5920570971919,,1.2128680633460813,0.02961875872811373,74.04355717258369,,1.7325049317560903,0.00038203705606033785,,0.001
355,0.03317701392898373,0.028454428356067808,62.967804852653956,,1.2262379133732826,0.029945491087526744,68.64653519237515,,1.7516166517725693,0.0003541904416141149,,0.001
356,0.033148796900230294,0.02834664055091493,64.02875055051318,,1.2266515190496976,0.029955182252534795,79.49780544133485,,1.7521835219552475,0.0004101789367476616,,0.001
357,0.03304383030855188,0.02827867978782046,63.535337635115084,,1.2069393753888529,0.029473999723247424,73.09702313337797,,1.724037470572144,0.00037715329450690256,,0.001
358,0.03335544415840916,0.028366794517519427,66.51532483568378,,1.2174895245128783,0.029731613315085625,74.41770384059407,,1.7391061917985822,0.0003839675129027651,,0.001
359,0.033000327938911965,0.02831673570999912,62.4478936288871,,1.208714906820695,0.029517564634813896,67.76488813655682,,1.7265857348270124,0.00034964147262139046,,0.001
360,0.03255601095802644,0.028089485587734803,59.55366777906231,,1.2094214148374582,0.029534540337920842,75.14926500374474,,1.7275787031557255,0.0003877420948349477,,0.001
361,0.033231739356529476,0.028233424559527754,66.64418979719574,,1.199768856609377,0.029299083882717812,67.59875929252517,,1.7138060304519955,0.0003487843099333172,,0.001
362,0.03311291534234496,0.02822994177832323,65.10631007774204,,1.2367410887692052,0.030201504386646174,81.95192195999657,,1.7665917662731832,0.0004228412599236438,,0.001
363,0.03403915479487064,0.028619203132157232,72.26601701624253,,1.3158342262926535,0.03213208815538492,110.70933166882128,,1.879518372388292,0.0005712187361633771,,0.001
364,0.035592423824995174,0.029113585385037402,86.38451258341472,,1.2029656918640448,0.029376648115604927,81.12216243686379,,1.7183430340866972,0.0004185600111889726,,0.001
365,0.03376011145027245,0.028402344999360105,71.4368802986893,,1.2237825017593724,0.02988469207989402,90.63211554367278,,1.7480603048798282,0.000467627811642277,,0.001
366,0.03435663214209033,0.028572948503435825,77.11577860514323,,1.193667344479801,0.02914997404394636,70.09090270045485,,1.705084073755016,0.00036164283763244514,,0.001
367,0.03296212143465584,0.028003746022780735,66.11166703467275,,1.1949116342568273,0.029180091091084756,77.28372442853076,,1.7068457253210445,0.00039875510698703575,,0.001
368,0.032587622712348024,0.027874844842681698,62.837034562054804,,1.189064877386317,0.029037448996472762,73.27058585672859,,1.6985020896319254,0.00037804881323132215,,0.001
369,0.032223121865707284,0.02769878203524094,60.324527890074485,,1.1929204401475548,0.029131714328069252,70.57412933537708,,1.7040159990223793,0.00036413610629841884,,0.001
370,0.032330745758087025,0.027804399347480607,60.35128350351371,,1.178885935155314,0.028788901028504888,71.95690147849166,,1.6839636484961877,0.00037127069327573574,,0.001
371,0.03222477720940814,0.0276337375900909,61.2138583613377,,1.1901895289082671,0.029065022141291433,70.46460404424342,,1.7001149394417665,0.0003635709967684792,,0.001
372,0.032462555476847815,0.02767396652523209,63.84785169713638,,1.1928891422532073,0.029130990754652596,69.49468800934432,,1.7039736746790688,0.0003585665928642355,,0.001
373,0.033408834032860456,0.027864607160582262,73.92302202710918,,1.197784280317651,0.029249506892077386,96.91353279672758,,1.710906098635993,0.0005000375748530081,,0.001
374,0.033208440587508915,0.027943044827849258,70.20527304855048,,1.1970463468403263,0.02923192980166841,85.13517724053067,,1.709877953057746,0.0004392656663474085,,0.001
375,0.03306326671850448,0.027822322851302577,69.87925099391563,,1.2073456008781815,0.02948349277125117,84.42106869559119,,1.7245927521973754,0.00043558113339634675,,0.001
376,0.03259179763057653,0.027717973343005367,64.98432196822822,,1.1803042289647945,0.028823656155021218,68.8749329069877,,1.6859965975689721,0.0003553688883802272,,0.001
377,0.031990959108168,0.027542085478118823,59.31831359863281,,1.1696937329574995,0.028564565824382715,67.63103671866666,,1.6708414967181233,0.00034895084937754676,,0.001
378,0.03289108065997853,0.027612552959837167,70.3803689994064,,1.1772638048100035,0.028748913186926624,81.77020141988885,,1.6816246195928979,0.00042190364991651476,,0.001
379,0.03307400508692451,0.027870101014188693,69.38538442873487,,1.2204973098740666,0.02980457651262378,87.51573813231386,,1.7433740647615217,0.00045154847000511785,,0.001
380,0.03203448065209622,0.027471404413090032,60.84101463766659,,1.1666453534477188,0.0284901763651908,66.03563152206668,,1.6664901967158607,0.0003407191553881323,,0.001
381,0.03216466471991118,0.027452789283558435,62.82500345566694,,1.179433485414654,0.02880202475601294,78.54220430423635,,1.6847313012813512,0.0004052483923610097,,0.001
382,0.031729263344816135,0.027293114795112143,59.14864693435968,,1.1653889114775706,0.028459098740276936,76.40163942898236,,1.6646723575915143,0.00039420387836849456,,0.001
383,0.031978756225868765,0.02735129009713145,61.69954606598499,,1.1665464284931986,0.02848761149029034,69.97325975768439,,1.6663401681999739,0.00036103584405679153,,0.001
384,0.0317138429438951,0.02716467850932888,60.655523636761835,,1.1652073496776085,0.028454623035016266,77.49860087264922,,1.66441055791556,0.00039986378905556994,,0.001
385,0.03155655402909307,0.027106484909560167,59.334254769717944,,1.1559051615741656,0.02822771803436876,70.0947181597245,,1.651138089738533,0.0003616625239749516,,0.001
386,0.03189960275502766,0.02723904008812764,62.14083136764227,,1.1743025363756148,0.02867697968643987,71.48601195932079,,1.6774169772168017,0.0003688410795118482,,0.001
387,0.03217353511090372,0.02711711889680694,67.41887836830288,,1.1646544487321968,0.028440934864242276,82.3874492544767,,1.6636098888669226,0.0004250884178367799,,0.001
388,0.03299403154090339,0.0273966448125886,74.63182150148877,,1.1739631405895017,0.028668412800390543,78.83747003038721,,1.6769158700479803,0.000406771853052009,,0.001
389,0.032025805619709635,0.027224655317909578,64.01533351225011,,1.1860656444390671,0.028963128313865133,101.6065975461877,,1.6941548126129535,0.0005242520333318906,,0.001
390,0.03204808037216757,0.027027971348633953,66.93478371115292,,1.166539922282172,0.028487206055208485,76.49473481166116,,1.6663164528820813,0.0003946842157170706,,0.001
391,0.031444495982106996,0.026957124982978784,59.83160976335114,,1.1472613742663917,0.028016764487043253,66.08987746197784,,1.6387986779330688,0.00034099904414521323,,0.001
392,0.031870201266571585,0.02704058653291534,64.39485781800514,,1.1551670242894634,0.028209424810013407,77.12820476488118,,1.6500680549776474,0.0003979526837009462,,0.001
393,0.03140919659213692,0.02698861307227144,58.941112892300474,,1.1669715312168885,0.028497659867641075,78.80295359058496,,1.6669279329836404,0.0004065937611348825,,0.001
394,0.03188708377088986,0.02696743410299806,65.59532659194049,,1.149626853337237,0.028074072344248933,78.35367147125417,,1.6421508152102795,0.0004042756334710587,,0.001
395,0.032467125714117404,0.02701622817446204,72.67862963208965,,1.1704635500710954,0.028582447509152613,91.95027730807587,,1.6718874590873212,0.00047442903323553564,,0.001
396,0.03175382695946039,0.026941609696722497,64.16289123834348,,1.1494267391199056,0.02806941125465758,72.3688712917234,,1.6418781717555517,0.00037339630339824697,,0.001
397,0.03146331209470244,0.026826542089967167,61.82359919828527,,1.1640092015765526,0.028425294123857876,79.26708278775465,,1.6626950071832898,0.00040898849416621245,,0.001
398,0.032150383600417304,0.026960384027630676,69.19999096440334,,1.1720953636504508,0.02862261129400541,83.73861622863298,,1.6742367795289443,0.0004320599339654479,,0.001
399,0.031223374510220454,0.02668102538468791,60.5646531348135,,1.1372999094059524,0.027773193378528203,73.62542163295072,,1.6245513507371767,0.0003798796330961325,,0.001
400,0.03092631573478381,0.026496625377559195,59.06253680060892,,1.1542081699287803,0.028186361502346054,67.74973890162543,,1.6487190013375848,0.00034956330823632096,,0.001
401,0.0314404926828894,0.0267941760008826,61.950887193866805,,1.1914813460060418,0.029096463066509554,73.3422129913855,,1.701954029273295,0.00037841838245116096,,0.001
402,0.031095535768305555,0.0266416825573234,59.384708479339004,,1.1383386709895191,0.027798920173333654,64.17147512777538,,1.626056201068275,0.0003311008057557513,,0.001
403,0.030490214735561728,0.026353101300842622,55.16150672763002,,1.1299617435686145,0.0275940106363887,72.69025057585255,,1.614070324597901,0.0003750545002795948,,0.001
404,0.030698753418583496,0.026380433061835813,57.57760358324238,,1.134862924311649,0.0277133022618052,83.49934632646148,,1.6210481095634508,0.0004308253907787073,,0.001
405,0.030850232889254887,0.026478863923865205,58.28491749482996,,1.12989953726721,0.02759252499328415,71.80131432211897,,1.6139834241295492,0.0003704679217524434,,0.001
406,0.03134118221408012,0.02651005073943559,64.41508311851352,,1.137218425135527,0.0277715463486435,64.55119272104318,,1.6244550101908295,0.00033306000648847977,,0.001
407,0.0304956898531493,0.02634065192850197,55.40050244798847,,1.1218844348764425,0.027397068223260518,64.02512261979476,,1.6025504731028193,0.0003303456815635729,,0.001
408,0.031086889296477915,0.026396249767904188,62.54185680314606,,1.1520746582820043,0.028133937701324656,76.1512272702647,,1.645652549612018,0.00039291184530618195,,0.001
409,0.030828455755231427,0.0263692625232187,59.45590464274088,,1.142343101642308,0.02789634073433797,74.18627510661139,,1.6317546708773498,0.00038277342721057675,,0.001
410,0.030832978476788484,0.026354125463495068,59.71803754918716,,1.1453070380188848,0.02796854609596084,79.00266841771246,,1.6359782153634363,0.00040762421493155176,,0.001
411,0.031004228574388167,0.02633751771759753,62.22281040864832,,1.1252389247729626,0.0274785725728779,75.17418240023429,,1.6073179479645412,0.00038787065927948627,,0.001
412,0.03065807003454835,0.026231466701217725,59.02137539433498,,1.130348672059405,0.027603508850444353,71.41097617731633,,1.6146259084036014,0.00036845392294683666,,0.001
413,0.03108067343048021,0.026211877298705718,64.91727701822917,,1.1209034058553984,0.02737266947487996,75.64660475368382,,1.6011233048583287,0.00039030818189483385,,0.001
414,0.03088719963881315,0.026284566623907463,61.36843931908701,,1.1252513716401868,0.027479305459952367,63.82870547058892,,1.6073608170963163,0.00032933224255135123,,0.001
415,0.02995794595164411,0.025932546193693198,53.67199377920113,,1.103936396637891,0.026958798592706543,62.157875567436626,,1.5769145474604336,0.00032071138529175114,,0.001
416,0.030383897470492943,0.02591842632083332,59.539611218022365,,1.1166948147237468,0.027269973329767404,73.28784751797282,,1.59511624765809,0.0003781378769459285,,0.001
417,0.03031580281608245,0.025931902631532913,58.45199861713484,,1.1518734746799673,0.028129195800944178,71.61320481498029,,1.6453751792512108,0.0003694973470654829,,0.001
418,0.03069208178888349,0.026083234770625244,61.451291102989046,,1.1225515778551851,0.02741273120897453,80.70265931366065,,1.603466655993691,0.0004163955320051445,,0.001
419,0.030941630622335507,0.026084123398451245,64.76676058301739,,1.1115145560226787,0.02714332563134561,76.76904698456677,,1.5877081802192934,0.000396099563911838,,0.001
420,0.03073398169933581,0.026020858363777984,62.84164271635168,,1.1247195195331108,0.02746582521807663,76.81574799331325,,1.606572310537167,0.0003963405236465921,,0.001
421,0.030336628357569378,0.02597007969869118,58.220645006965185,,1.132428451393604,0.027653997690724966,79.48066178225228,,1.6175791774986288,0.00041009048188006607,,0.001
422,0.030776363450522516,0.025912112319001965,64.85667823342716,,1.155127051135687,0.028207950941872895,90.29133144937019,,1.6499818432681819,0.00046586949319957856,,0.001
423,0.03066045389163728,0.026026719925450345,61.783117182114545,,1.1176214278746954,0.02729267148343533,71.49637288390221,,1.5964439421618477,0.0003688945380067706,,0.001
424,0.030967046013649774,0.025996313412107674,66.27642986821193,,1.1128035100696292,0.02717482975601427,76.12522436341001,,1.5895509668080272,0.00039277768003423777,,0.001
425,0.03089264225141675,0.02598835827381003,65.39044982311772,,1.1204647052318772,0.027362078164583505,72.39401733340794,,1.6005037820251535,0.0003735260475664579,,0.001
426,0.03039948185723202,0.025765860343680662,61.78161613613951,,1.1096534116148906,0.02709792602868884,75.32373927983224,,1.5850525984569166,0.0003886423168304869,,0.0005
427,0.02829796170779303,0.02509994231456635,42.640255123961204,,1.090007988013783,0.026619001830203295,52.2884726923337,,1.5570386447517612,0.0002697889585005939,,0.0005
428,0.027956359745825037,0.0250226166829759,39.11657127679563,,1.0780038677254868,0.02632580023683215,53.03230236091517,,1.5398882566758394,0.00027362684133127484,,0.0005
429,0.027869220275212738,0.024892961131591423,39.68345320458506,,1.0794172668623596,0.026360384214794273,51.31547296384174,,1.5419111946702748,0.00026476864389098987,,0.0005
430,0.027975817484890714,0.025016290738302117,39.46035459929821,,1.0750323880966755,0.026253224858346236,53.13051297566121,,1.5356430686075235,0.000274133571363761,,0.0005
431,0.027874125204249926,0.024910722256583327,39.5120382121965,,1.0851923849102076,0.026501279029375865,55.26681588687373,,1.5501526258309186,0.0002851560952161801,,0.0005
432,0.028042810439479118,0.02491477088016622,41.70719184127508,,1.0760456304643176,0.02627804641020157,51.13599969656767,,1.537094968108038,0.00026384262897100025,,0.0005
433,0.028016276365401698,0.02496937695233261,40.625324623257505,,1.0844377133948035,0.026482859246871514,54.96627586916655,,1.5490751882406535,0.0002836054211538096,,0.0005
434,0.028023128233411732,0.02488617650141903,41.826021231857,,1.0891266308531635,0.026597469381433272,52.48143146369647,,1.5557791364101292,0.0002707845535768897,,0.0005
435,0.027934791812417554,0.024919861635448886,40.19906788246304,,1.076446050855843,0.026287749184506447,53.16193194031759,,1.537662517359147,0.00027429568146786914,,0.0005
436,0.028018286524742256,0.0248951818063563,41.64139512005974,,1.0830747087368873,0.02644965738407695,52.679681463001714,,1.547133095002949,0.00027180744940997353,,0.0005
437,0.02785293695827325,0.024812093406331306,40.54457892623602,,1.0720617501844645,0.02618072108537898,51.87836490455013,,1.531402068996778,0.0002676729557328303,,0.0005
438,0.02777040169081267,0.024793087194363277,39.697524650424135,,1.0764302503994485,0.026287332916368793,53.9654982673303,,1.53763816837788,0.00027844178310917206,,0.0005
439,0.027913220482421855,0.02483394358526258,41.0570234410903,,1.0769110751264002,0.026299139495935188,52.28514042678693,,1.53832877656689,0.0002697717652569396,,0.0005
440,0.027764496521330347,0.02473115807800901,40.444510740392346,,1.0690501685197014,0.02610709814691605,53.77953594288793,,1.5270956054765386,0.0002774822870816851,,0.0005
441,0.027849210572301174,0.02476647244218518,41.10317200305415,,1.0918314506084532,0.026663341349083446,57.43159102597167,,1.5596322185013134,0.0002963255251133138,,0.0005
442,0.027901462260998933,0.024750560120332474,42.01202534694298,,1.0718061703947261,0.026174472967803362,52.04130055647854,,1.5310365947170044,0.00026851364274419186,,0.0005
443,0.027871944338959807,0.02476116795750225,41.47701749614641,,1.07495288622757,0.026251054279567684,59.186158222679225,,1.5355161038527503,0.0003053784354823795,,0.0005
444,0.02790266856112901,0.02474409334507643,42.11433500402114,,1.0666776759387924,0.026049243829855292,51.43993395610592,,1.5237115038485385,0.0002654108160514673,,0.0005
445,0.02803718590853261,0.02477924887310056,43.43915812174479,,1.0935483152782555,0.026705261525169742,57.705595650366206,,1.562084276417591,0.00029773928647281486,,0.0005
446,0.027981143298686718,0.024744113651560803,43.160391115674784,,1.0736717802065883,0.026219918006977937,55.1695373327337,,1.53369483422044,0.00028465417426774646,,0.0005
447,0.027646778516617475,0.02461626450074654,40.40685160019819,,1.0709242851943326,0.026152864702950297,53.89864613310885,,1.5297726516271444,0.0002780968511053006,,0.0005
448,0.027727121596827227,0.02457954095420884,41.967740825578275,,1.0764558498314671,0.02628773075890485,59.97988113947898,,1.5376614395811776,0.0003094737488093043,,0.0005
449,0.027862373009031893,0.02464178726807529,42.94113959518133,,1.068377081496632,0.026090569812942103,56.152495990387465,,1.5261288053352349,0.00028972587322629017,,0.0005
450,0.027906565470438377,0.024700670557863572,42.74526289397595,,1.0840799827097893,0.026474141500206105,54.4632608590861,,1.5485652567060386,0.00028101005187465165,,0.0005
451,0.02782182757030515,0.02466000331675305,42.157654406977635,,1.0670515697690537,0.026058212305828162,55.75260534064332,,1.524236101418476,0.00028766258706868137,,0.0005
452,0.02773294214378385,0.024568848531035817,42.187912361294615,,1.0701941223182818,0.02613508609034738,52.47118215538475,,1.5287327183099828,0.00027073167098016446,,0.0005
453,0.027799804786256717,0.024536955845998784,43.504649068795,,1.0666829149992836,0.026049163393607397,56.952322603200365,,1.5237067988506874,0.00029385267934131155,,0.0005
454,0.027664394610944915,0.02451559145222692,41.984041700176164,,1.0562297066045865,0.025793999216742768,53.46632151469861,,1.5087813524846367,0.00027586621780259626,,0.0005
455,0.027616438766320545,0.024494753785285296,41.62246532066196,,1.0715662576513403,0.026168535469591758,54.10915222721648,,1.5306892896517135,0.00027918298380268287,,0.0005
456,0.027736050752448102,0.024541253771852043,42.59729041305243,,1.0588554995020474,0.025858280735417696,49.43313840924301,,1.5125414036450313,0.00025505650175168944,,0.0005
457,0.027672982975548387,0.024492665212236198,42.40423666262159,,1.0667158586179712,0.026050120184985804,52.92577978426733,,1.52376276492938,0.00027307722468479674,,0.0005
458,0.02773782260277692,0.024485751000397345,43.3609520407284,,1.070890644973272,0.026151930784017344,56.870122163785666,,1.5297180234378926,0.0002934285558242895,,0.0005
459,0.0277411030495868,0.0244715547956088,43.593976862290326,,1.0646981572063992,0.02600074155799879,55.59313741172565,,1.520874436098194,0.00028683979221081485,,0.0005
460,0.027592865092789427,0.024455601422517907,41.83017917707855,,1.0616205565029773,0.025925699856113628,52.37305240875708,,1.5164849841364545,0.00027022535819691714,,0.0005
461,0.02826511564061922,0.02473452427954066,47.074548983106425,,1.0731514947163854,0.02620686571117376,64.30886660710273,,1.5329313597258112,0.0003318096943923095,,0.0005
462,0.027756518958246008,0.02435161122212223,45.39876870548024,,1.0722015921415113,0.026183900730332263,58.11264018327937,,1.531588057566163,0.00029983948399138005,,0.0005
463,0.027597427149029338,0.024356072330299544,43.21806290570427,,1.0674466025573675,0.026067829535360004,56.56079177636491,,1.5247986468562067,0.00029183252674258586,,0.0005
464,0.027580468093647677,0.024401504655971247,42.3861759410185,,1.0719472248331916,0.026177570892649552,61.22058786291779,,1.531217803191117,0.0003158753313663393,,0.0005
465,0.027747749150091528,0.024398581617895293,44.6555653740378,,1.059460175348262,0.025872883413173522,53.802066774283276,,1.513395565409913,0.0002775985377431276,,0.00025
466,0.026667333262808183,0.02399397068017838,35.64483238669003,,1.045830197712574,0.025540312432212154,45.591763481450855,,1.4939423239704726,0.00023523644414401553,,0.00025
467,0.026458637241054985,0.02393993947143648,33.582635430728686,,1.0445087999821778,0.02550798549477337,47.041043086598194,,1.4920514081810776,0.00024271418474564873,,0.00025
468,0.026625801060421794,0.02402748803005499,34.64417278065401,,1.0453209725803814,0.025527721535899977,49.67138965666229,,1.49320583834809,0.000256285789060977,,0.00025
469,0.02653545703665883,0.023938092275285254,34.63152776979933,,1.043138763089575,0.02547454045176344,46.644048885784485,,1.4900950904808867,0.00024066584318098856,,0.00025
470,0.026525697104778943,0.023941539885366663,34.45542746899175,,1.037253470417805,0.025330785300109716,47.17828261261689,,1.4816863481871383,0.00024342228935997853,,0.00025
471,0.026509366454739197,0.0239142289421722,34.60183192234413,,1.041216105085153,0.025427561722781995,47.23018295147011,,1.487347140089207,0.00024369007569306628,,0.00025
472,0.026638707292138363,0.023967502163905724,35.616067325367645,,1.0473466580208373,0.025577260621585086,47.917518814440356,,1.4961035529705016,0.0002472364716205579,,0.00025
473,0.026571395058257907,0.02392431724743516,35.294368781295475,,1.0407355227513364,0.025415842394533785,46.759124165141934,,1.4866616355353777,0.00024125958857396812,,0.00025
474,0.02656320435013257,0.02392085349442912,35.23134231567383,,1.044687461463682,0.025512336276089665,47.37490169326555,,1.4923059006180048,0.0002444367702629046,,0.00025
475,0.02654132513585044,0.023870287243934238,35.61383763481589,,1.0403091791498442,0.025405416826262926,47.10540226805726,,1.486051807533758,0.0002430462540458549,,0.00025
476,0.026475963127963683,0.0238748885618121,34.68099283704571,,1.0447399390381749,0.02551353997013443,49.43692342766585,,1.4923763088983797,0.000255076031030814,,0.00025
477,0.026451648742544884,0.023847948321524787,34.71600341796875,,1.035702708927908,0.02529291543809234,47.07305068532345,,1.4794712073261624,0.00024287933198135022,,0.00025
478,0.026442019013213178,0.023837366890089185,34.72869349460976,,1.034602916460665,0.025266090294827476,46.15253060354755,,1.4779021107469286,0.00023812979271669286,,0.00025
479,0.026483793907305774,0.023841078995781785,35.23619633094937,,1.0336931483251426,0.025243814137284402,47.66374817334441,,1.47659910027447,0.0002459271100455479,,0.00025
480,0.026381090027736684,0.023788380600950298,34.5694569606407,,1.0364844818309786,0.025311985641938144,47.676966769726015,,1.480586690338659,0.000245995313057933,,0.00025
481,0.02645091898739338,0.023804235655595276,35.28910842596316,,1.0407322519817643,0.02541572884459435,47.64974685903058,,1.4866549936017344,0.0002458548685014394,,0.00025
482,0.026549547508943314,0.02390710056266364,35.232623268576226,,1.0396253715320347,0.025388622983046262,49.57578611565098,,1.4850694768269552,0.00025579251055368203,,0.00025
483,0.02662667759931555,0.023852237518511565,36.99253175772873,,1.0379068778629794,0.02534672422444729,47.68283469957366,,1.4826186716945216,0.00024602558938081323,,0.00025
484,0.026420154700092242,0.02381427071112044,34.74511894525266,,1.0332249298701788,0.025232327869725193,49.01523992200493,,1.4759272282565887,0.0002529003018891629,,0.00025
485,0.026518049741200374,0.02380548633050685,36.16751169690899,,1.0369096637666448,0.02532239858518203,46.91416725836,,1.4811957798582347,0.00024205955293491122,,0.00025
486,0.026451743372222957,0.02380201490778549,35.32971060509775,,1.0356639472519193,0.025291825807283796,50.85481681637906,,1.4794074710039578,0.00026239183049691506,,0.00025
487,0.02652349487385329,0.02379726446872833,36.34973825192919,,1.036355652478465,0.025308720962545855,50.806663668542406,,1.480395727807121,0.0002621433782676863,,0.00025
488,0.026402809200625793,0.023743582049421237,35.456360499064125,,1.0370257995447014,0.02532518194896957,48.31587791259575,,1.4813585885543399,0.0002492918555449068,,0.00025
489,0.026426584624192295,0.023744531815835072,35.76070093641094,,1.0394254931576012,0.025383772324237025,48.757923923872546,,1.4847857448047455,0.00025157264759812723,,0.00025
490,0.026327777398275395,0.02369388598291313,35.11855114207548,,1.0320673497438613,0.02520402960221747,49.72925586424232,,1.4742719634810684,0.0002565843570449236,,0.00025
491,0.02641485576682231,0.023723356206627452,35.88666093115713,,1.0381578995033063,0.025352809960498768,48.87053664833476,,1.4829746477102397,0.00025215368712906445,,0.00025
492,0.026329177340456082,0.023700079278034324,35.05463779673857,,1.034316388944561,0.025259007900853548,48.390615104313504,,1.477487836718732,0.0002496774714957385,,0.00025
493,0.02634734313423727,0.023702034032812305,35.27078718297622,,1.042778163090761,0.025465627073348863,49.4622801629545,,1.489573715760102,0.00025520686229920373,,0.00025
494,0.026337692477539473,0.023681632370925416,35.41413445566215,,1.0342301096415425,0.02525688338249899,48.84934374935075,,1.4773635661994757,0.0002520443396983573,,0.00025
495,0.026351345483871066,0.02369230551024278,35.45386497647154,,1.048187108125554,0.025597652705875072,51.46235217005839,,1.497296357399799,0.00026552648564903366,,0.00025
496,0.026310091947807986,0.023594749324461994,36.20456766614727,,1.031656751454274,0.025194085712982275,47.506062323038094,,1.4736903105732286,0.00024511351004665827,,0.00025
497,0.026324663128630788,0.023652112987988135,35.634000479006296,,1.0296920221730335,0.025146110108809898,47.28220748041774,,1.4708840494602762,0.0002439585028005829,,0.00025
498,0.026200576082748527,0.023567282613001617,35.1105790605732,,1.0349873374838476,0.025275375276658796,48.893846213953886,,1.4784452218530248,0.00025227395576778497,,0.00025
499,0.026182922698995647,0.023569493024956947,34.84572530260273,,1.0294320738605136,0.025139720119113976,48.375763090766796,,1.4705102765833074,0.00024960084066182644,,0.00025
500,0.026181982830166817,0.023554336827467468,35.03527686175178,,1.0293411878121905,0.025137495540229853,48.50519025684861,,1.4703801531732346,0.00025026863642140716,,0.00025
501,0.026126908028826994,0.023540703725873257,34.482722338508154,,1.030666948448028,0.025169897257282272,47.89642403573494,,1.4722754430841314,0.00024712763045378253,,0.00025
502,0.02629144694290909,0.023559189273738394,36.4300988889208,,1.0238280527480845,0.02500282590535098,49.13440516815352,,1.4625028545758434,0.0002535151499807693,,0.00025
503,0.026181528527362673,0.02353888545550552,35.2352383183498,,1.0308139943723438,0.025173443005056313,49.1004392412353,,1.472482846289704,0.000253339898504183,,0.00025
504,0.02611754319685347,0.02345963238793261,35.438808777753046,,1.025168279799741,0.02503558114513226,48.519997731715804,,1.4644188232692936,0.0002503450374523945,,0.00025
505,0.02626459114253521,0.02356072548119461,36.05154254389744,,1.0355668074678301,0.025289471073222845,50.38699572720837,,1.4792697343617502,0.0002599780486839596,,0.00025
506,0.02609273488176804,0.023463732727310237,35.05336017234653,,1.0272466738459252,0.025086370587218576,47.74306994324812,,1.467389675616734,0.0002463363807047745,,0.00025
507,0.02622283323138368,0.02355130918908353,35.62032119900572,,1.031951716259312,0.025201146042601357,51.3024746835771,,1.474103293980034,0.00026470157762735025,,0.00025
508,0.026230359267370374,0.02352136304127235,36.11994664809283,,1.0270140373326773,0.02508069234980572,47.65358152161039,,1.4670575356235709,0.0002458746539258425,,0.00025
509,0.026033534869259477,0.023444455482211767,34.521055296355605,,1.0278000804518406,0.025099872351512443,48.11181074658781,,1.4681794410974975,0.00024823894530778064,,0.00025
510,0.026062988402212366,0.02343404997943663,35.05251001844219,,1.0282991545948386,0.025112049490372396,48.419128290041066,,1.4688917245973974,0.00024982458886759666,,0.00025
511,0.02612473077925981,0.023471894253994905,35.37115179323683,,1.0292046642963903,0.025134111772527057,49.814316775581766,,1.470182224749332,0.00025702323952700353,,0.00025
512,0.02627081752699964,0.023523145702247526,36.63562337089987,,1.0321030871954793,0.025204896604927498,49.882777400916986,,1.4743226775060805,0.00025737647074330173,,0.00025
513,0.026234732539046044,0.023465873016154066,36.918126910340554,,1.0215305690490655,0.024946749132091633,48.23324608688235,,1.459222727710278,0.0002488655062359608,,0.00025
514,0.02629858401476168,0.02349209723373254,37.41982329125498,,1.0273265456075424,0.025088156913110716,52.09082781030094,,1.4674941640744124,0.0002687691848462678,,0.00025
515,0.026180008061084094,0.023430750723562987,36.656762403600354,,1.022903057647215,0.024980242984465623,48.92301609494259,,1.461181900441118,0.0002524244614415276,,0.00025
516,0.02608080580830574,0.023409510323522138,35.617272246117686,,1.0259422693549678,0.025054446442086854,49.51583974570077,,1.4655223205600783,0.0002554832097100731,,0.00025
517,0.026152779001231287,0.02345488490719421,35.97191848006903,,1.03379117376243,0.025246130366679644,49.72228156574979,,1.4767345846439257,0.00025654837227371706,,0.00025
518,0.0259960271125915,0.02335866635628775,35.16480808632046,,1.0165062568119574,0.024824070482907887,47.471211860520974,,1.4520468238622117,0.0002449336946972775,,0.00025
519,0.025972344748237553,0.023338252568946165,35.12122711480833,,1.0211664859677774,0.024937810242900944,49.4760839358181,,1.458699860774852,0.0002552780846033273,,0.00025
520,0.02604648153133252,0.023360314724199912,35.81555407655005,,1.0206403705944063,0.02492486038424723,52.13935032605722,,1.4579423781879195,0.00026901954287578497,,0.00025
521,0.02615984905438096,0.02340995604354961,36.66523922190947,,1.018021072563365,0.024861008465353274,49.00451336114928,,1.454207455823301,0.0002528449568478463,,0.00025
522,0.02602933588273385,0.023320269862226413,36.12088020175111,,1.0215277739500186,0.02494666720039467,48.594791217301726,,1.4592179352383732,0.00025073094385852693,,0.00025
523,0.02595468953836198,0.023282505864021825,35.62911186966242,,1.0203868294123386,0.024918769880633993,49.450033200949726,,1.4575861233008165,0.00025514367255672444,,0.00025
524,0.02590434004863103,0.02326090641173662,35.2457810570212,,1.0240005081529846,0.025007118355265177,47.00188922967407,,1.4627539350047678,0.00024251216549098443,,0.00025
525,0.025953626588863486,0.023306090640378932,35.300476635203644,,1.0167103416468,0.02482901350279493,48.56344431006071,,1.4523359584073385,0.0002505692055437261,,0.00025
526,0.025939889471320546,0.023290697339118694,35.322561376235065,,1.017887758391336,0.024857569448744937,53.84847958522379,,1.454006295697415,0.0002778380104850148,,0.00025
527,0.025936873337509585,0.02326488242868115,35.62654360602884,,1.0139242054563986,0.024761016918031804,47.28084526108784,,1.4483586000201731,0.00024395147425843315,,0.00025
528,0.025871965888084148,0.02321917066971461,35.370600606880934,,1.023933440267433,0.02500537209417457,49.86615594730591,,1.4626517900776497,0.00025729071026058724,,0.00025
529,0.02608411718963408,0.023304245416440217,37.064955393473305,,1.0155308975321968,0.02480019165108723,49.00250700989083,,1.450650067358213,0.0002528346048259085,,0.00025
530,0.0259160678103274,0.023272488887111347,35.247716754090554,,1.0223717417398204,0.024967240966316025,49.60626819574063,,1.460421366862593,0.000255949786683905,,0.00025
531,0.025910202194662654,0.023249499244140645,35.4760373433431,,1.0199186451493387,0.024907334290700883,49.48306610616099,,1.4569172155947738,0.00025531410999033685,,0.00025
532,0.025927153361194274,0.02320780477249155,36.25798064587163,,1.0178054335473972,0.024855745961795125,48.89893000640298,,1.453899633559324,0.0002523001862350267,,0.00025
533,0.026031143196365413,0.02329939939812118,36.42324873980354,,1.0180985214330194,0.024862916339627672,48.57172738255486,,1.4543190540715567,0.0002506119430991818,,0.00025
534,0.025827061019691767,0.023204249238558843,34.97082100662531,,1.0158770584093018,0.024808624131891985,49.57693002892128,,1.451143312693552,0.0002557984127182303,,0.00025
535,0.025835564834814445,0.02317279745258537,35.50356348823099,,1.0192587757428402,0.02489128456363567,47.73482333646363,,1.4559784108477867,0.0002462938312987392,,0.00025
536,0.025836966493550467,0.023179446949678308,35.433591132070504,,1.0148598746033937,0.024783775710344954,49.73587960991798,,1.4496898414906647,0.00025661853309473336,,0.00025
537,0.02574391115237685,0.023125441087519422,34.91293286342247,,1.0115888982649464,0.02470386650912128,50.344446594034004,,1.4450156724451775,0.00025975851107398274,,0.00025
538,0.025763112357726284,0.023121463865333914,35.22197914123535,,1.0150703321283563,0.024788984098003307,47.92550297038165,,1.4499944983261326,0.0002472776668784225,,0.00025
539,0.025801711734019073,0.023130488928918745,35.61630069508272,,1.020122990496706,0.02491221389238753,52.42116841129989,,1.45720264058725,0.0002704736187703253,,0.00025
540,0.0258002787390176,0.02314286448938005,35.432188557643514,,1.0107538803898446,0.02468356349750127,47.95286798203809,,1.443828078188306,0.00024741886010159407,,0.00025
541,0.025650576962267652,0.0230520624740451,34.64685866411995,,1.0197004533246683,0.024902054892543234,48.17516580787651,,1.456608405106502,0.00024856583372353895,,0.00025
542,0.025993841426337465,0.023206698434317812,37.16190491470636,,1.0142577694210935,0.024769039398647663,50.562654795528,,1.4488278630085205,0.00026088438376419774,,0.00025
543,0.02579402415921875,0.02310587016536909,35.842053918277514,,1.0100042576059238,0.02466520487878994,49.296085606442375,,1.4427542182825086,0.0002543493605593136,,0.00025
544,0.025677207747803014,0.02302677914792416,35.33904902140299,,1.0119572106534682,0.02471289332538451,49.508029385455565,,1.4455436825430232,0.00025544291117298514,,0.00025
545,0.025709392466381483,0.023058972631891567,35.33892754947438,,1.010079432695552,0.024667065126332113,48.65418758999738,,1.4428630306763934,0.00025103740692205076,,0.00025
546,0.025589154302781702,0.023035057802118508,34.05461872325224,,1.0065466889803638,0.024580855239177156,46.818813933274434,,1.4378203124438993,0.00024156756544818978,,0.00025
547,0.025627812589792645,0.02302306872226444,34.729918049831014,,1.0082046389268253,0.024621236806053777,49.73146308382917,,1.4401823717188338,0.0002565957454722931,,0.00025
548,0.025796410390267185,0.02306276866618325,36.44855525446873,,1.014500280912513,0.02477487838189866,52.77966647298719,,1.4491694055887365,0.00027232333465811176,,0.00025
549,0.02566929972347091,0.022968582078522325,36.0095666623583,,1.0063976363165155,0.024577084912579303,50.25902549636709,,1.4375997728363799,0.00025931777016519514,,0.00025
550,0.025565196778260024,0.022960137064550436,34.73412820404651,,1.0103300185806154,0.02467319064127955,48.50812351305055,,1.4432213334990538,0.0002502837709261076,,0.00025
551,0.025625903013290142,0.02300184442862576,34.98744762645048,,1.0105372145949767,0.024678221866490924,49.27705906135652,,1.443515627482522,0.00025425119070430975,,0.00025
552,0.025529174499359784,0.02292611683700599,34.707434523339366,,1.0007404485081925,0.02443894378414534,49.653736926185395,,1.429519414422743,0.00025619470757542523,,0.00025
553,0.025627922084109456,0.022994795668066715,35.108350267597274,,1.0094854218249747,0.024652498914868613,50.210654456845276,,1.4420110019526655,0.00025906819369638206,,0.00025
554,0.025808284132211815,0.023056106057529356,36.695705862606275,,1.0154033603040142,0.02479707221814288,49.12484306813029,,1.4504676008001112,0.0002534658131217349,,0.00025
555,0.025504228713757852,0.022933751819472686,34.273023044361786,,1.0057548982914835,0.024561391215224933,50.16050450517504,,1.4366817935141025,0.00025880943870635627,,0.00025
556,0.02549242414534092,0.02292564321382373,34.22374313952876,,1.0045954998132904,0.024533102180146236,49.45556883497978,,1.4350270687756905,0.00025517223435749447,,0.00025
557,0.02556174566202304,0.022912247727314632,35.32663797864727,,1.0061366043078517,0.024570751056170397,49.16760426924646,,1.437229283391964,0.00025368644492295897,,0.00025
558,0.02563891274964108,0.022958806186330085,35.73475295422124,,1.0040919158491406,0.02452080607123896,49.3817702648389,,1.434307826301054,0.00025479146134287057,,0.00025
559,0.02551765495217314,0.022882662019601055,35.13323776394713,,1.0009915491835055,0.024444990820236375,51.91620822985754,,1.4298731267422362,0.000267868213134609,,0.00025
560,0.02560660947917723,0.0228947523031749,36.15809519150678,,1.0028540743302625,0.02449055765147956,49.82992202996947,,1.4325384902903169,0.0002571037568018753,,0.00025
561,0.025462411307528906,0.022882788350769116,34.39496979058958,,1.001360457932595,0.024454085625238754,49.666594858659714,,1.4304051137395515,0.00025626104969696945,,0.00025
562,0.02552811622473539,0.022863534078294157,35.52776015038584,,1.0062818241605742,0.02457429996371945,49.10831728824411,,1.4374368714238435,0.00025338054627965025,,0.00025
563,0.02553826614337809,0.022887607999876432,35.342105902877506,,1.0003214100575335,0.024428778323279613,47.838964082479166,,1.4289248010142235,0.0002468311585901735,,0.00025
564,0.025528160270814802,0.02288059225561572,35.300904891070196,,1.0060566719771336,0.02456870297262026,51.70485228169931,,1.4371094838121157,0.0002667776955082475,,0.00025
565,0.025406218225172923,0.022795840732607188,34.80503340328441,,1.005844353244168,0.024563679264651403,47.42757744136054,,1.4368156295384897,0.00024470855741760714,,0.00025
566,0.025323125150273827,0.022786810519356354,33.817527359607176,,0.9936504588660341,0.02426588740306587,46.99335995201452,,1.4193967405982164,0.00024246815760897817,,0.00025
567,0.025323783942297392,0.022748391381373592,34.33856653699688,,1.0058686606271054,0.0245642574879238,47.83572713342051,,1.4368494518428032,0.0002468144571439409,,0.00025
568,0.025406983699284347,0.02280972989312574,34.63004935021494,,1.0020638437737286,0.024471242723330813,50.23557115301925,,1.4314086924962435,0.00025919675452755426,,0.00025
569,0.025471165191893484,0.02283643273746266,35.12976530486462,,1.0006049774106647,0.024435619970198264,50.05684470378227,,1.4293249929039884,0.0002582745929092589,,0.00025
570,0.02533464035128846,0.022756940374771755,34.36933218264112,,1.0002799857824374,0.024427652241980086,50.86478568509191,,1.4288589325751406,0.0002624432661302198,,0.00025
571,0.025429841021404546,0.02280653903589529,34.977358574960746,,0.9940322951330718,0.024275112275843884,49.654848191224346,,1.4199363357152652,0.0002562004412873131,,0.00025
572,0.02539511689660596,0.02276960950271756,35.00676300946404,,0.992422835503112,0.024235763747756024,50.74253864783228,,1.417634702497096,0.00026181251714934754,,0.00025
573,0.025336715191894888,0.022737381724165937,34.657775243123375,,0.999004273334731,0.024396546052927272,49.53685407989023,,1.427039422634267,0.0002555916358132397,,0.00025
574,0.02541261202856606,0.02270337910044427,36.12310368407007,,0.9943388273797303,0.02428251549610937,51.854006027169596,,1.4203693759968843,0.0002675472730379578,,0.00025
575,0.025352071276774593,0.022714508880002825,35.16749512915518,,0.9958169985841572,0.024318646429847345,51.06183326026691,,1.4224828008525512,0.00026345995790460634,,0.00025
576,0.025363722231750395,0.02273724553193532,35.019689298143575,,0.9948795066874776,0.024295852918524857,48.34763014301942,,1.421149528545607,0.00024945568517570284,,0.00025
577,0.02529930750675061,0.022691650206551832,34.768760718551334,,0.9906251950538978,0.02419192343184894,49.07645164222008,,1.4150703288777968,0.00025321613146678403,,0.00025
578,0.02524072706115012,0.022659013851308356,34.42284086638806,,0.9993317090130528,0.024404615703517755,47.61177302005731,,1.4275114447596335,0.00024565893769796864,,0.00025
579,0.02531953882791248,0.022676761207335135,35.237033470004214,,0.9931695633137458,0.02425401083144618,50.47942421593296,,1.418702038328876,0.00026045494510921026,,0.00025
580,0.025240522973677692,0.02266733921772125,34.309114643171725,,0.992785120216381,0.02424470253053454,48.340694987363456,,1.4181575632081014,0.00024941990236689005,,0.00025
581,0.02538059819854942,0.02270099608337178,35.72802730635101,,0.9942320730764175,0.024279948572219,50.78774954281377,,1.4202192276284016,0.0002620457884545108,,0.00025
582,0.025256044505273596,0.022665485739707947,34.540781806497016,,0.9947087064751469,0.024291698907395184,47.887421949122206,,1.4209065458860437,0.0002470811830544509,,0.00025
583,0.025162998842550258,0.022604108660244475,34.11853307836196,,0.9915590685585021,0.024214682982873503,50.35135639523261,,1.4164016147279759,0.00025979416306328037,,0.00025
584,0.025234785990095605,0.02262369470269072,34.81454849243164,,0.998634484182006,0.024387463531247797,50.89276581260569,,1.426508154131528,0.00026258763312110654,,0.00025
585,0.02531454832676579,0.022638339731915324,35.682777479583144,,0.9932008321415974,0.024254833528175188,48.918031137245656,,1.4187501607418858,0.0002523987409246339,,0.00025
586,0.02508491511438407,0.022539377796883676,33.94049659429812,,0.992794226327752,0.02424487585300803,49.63881520962357,,1.418167701446603,0.00025611771710003033,,0.00025
587,0.025222206561296593,0.022623680057186707,34.647019891177905,,0.9901508490576223,0.024180297337209,50.16806773909969,,1.4143902778842472,0.00025884846216407773,,0.00025
588,0.02533238085315508,0.02265850527613771,35.651673859240965,,0.9953311099451954,0.024306724610091496,52.51908034588118,,1.4217854518612543,0.00027097880772489457,,0.00025
589,0.025239027853982122,0.02257388454003661,35.53524237988042,,0.9934385864646974,0.02426058871838027,50.278246711103705,,1.419086801973378,0.0002594169444427729,,0.00025
590,0.025146465018099428,0.022539759237392275,34.75607453140558,,0.991594752924473,0.024215610291906737,48.87533131373246,,1.4164558562810434,0.00025217842580888043,,0.00025
591,0.025250184331454484,0.022608183799128906,35.22667260263481,,0.9891735333897234,0.02415634352060413,52.418987227271536,,1.4129891352576007,0.00027046236467669803,,0.00025
592,0.025229047910839904,0.022549103616791612,35.73259091844746,,0.9901054854897126,0.0241792955591573,47.36081436692702,,1.414331680377477,0.00024436408492892496,,0.00025
593,0.025105398732657526,0.022510614209607534,34.597125221701226,,0.9953808505095407,0.02430810412174073,48.162069940913064,,1.42186614432908,0.00024849826394903975,,0.00025
594,0.025041941516831808,0.022504331470996727,33.83479799008837,,0.9884292233305164,0.024138279048108783,49.41355305923344,,1.411932480994164,0.0002549554486723226,,0.00025
595,0.025302492410821074,0.02259837700894066,36.05486851112515,,0.989901280152868,0.024174116102031556,52.44508106719508,,1.4140287157901847,0.0002705969991292604,,0.00025
596,0.025104658897308743,0.022463601155608307,35.21409898645737,,0.9864933114625261,0.024090994121176896,49.53683043842497,,1.4091666200119664,0.00025559151383212295,,0.00025
597,0.02513025624348837,0.022476639562085562,35.38155413608925,,0.9954005353551346,0.024308437464671907,52.06155725591568,,1.4218856427245914,0.0002686181597354599,,0.00025
598,0.02510353612403075,0.022518337466845326,34.469314388200345,,0.9875717139128852,0.024117314478162545,49.99135115786829,,1.4107061898738165,0.00025793667071281976,,0.00025
599,0.02501281193804507,0.02246852752332594,33.92379128699209,,0.9838465759193491,0.024026349119741566,49.65520780352059,,1.4053853074718907,0.0002562022967522344,,0.00025
600,0.02506024215151282,0.022484794222548895,34.33930340935202,,0.9883774525781327,0.024137062924084893,48.13697148326946,,1.411861345640777,0.0002483687652966794,,0.00025
601,0.02511384856759333,0.02248517467695124,35.048981760062425,,0.9892956351079771,0.024159471211478996,48.56664262205223,,1.4131720848509801,0.000250585707637146,,0.00025
602,0.024978568375694985,0.02239112223626352,34.49927947100471,,0.9781700707155571,0.023887692193713676,50.21419611725209,,1.3972747782505077,0.0002590864673391817,,0.00025
603,0.02491107718179039,0.022418086837027586,33.23987134297689,,0.9880010606562533,0.024127881820289097,47.83495947897274,,1.4113243107247901,0.0002468104963341622,,0.00025
604,0.024965786283799245,0.022412962809789414,34.03764552696079,,0.9825028402008378,0.023993543710199263,49.32998424226264,,1.4034664041734088,0.00025452426483900734,,0.00025
605,0.024955031261140227,0.022422591260835237,33.76586816825119,,0.9804319429348732,0.023942997329818225,48.5205624807259,,1.400509769356385,0.00025034795134601964,,0.00025
606,0.02503712884351319,0.022452677435734692,34.45934931437174,,0.9798667406908922,0.023929175811995922,48.98961791969433,,1.3997013003718708,0.0002527681019421736,,0.00025
607,0.025008521316682592,0.022432404405930462,34.34822441549862,,0.9840943220742414,0.024032404706087983,49.52434378065006,,1.4057395199257667,0.0002555270873491375,,0.00025
608,0.025040980355412353,0.022452743358763995,34.509826136570354,,0.9830426250716121,0.024006725480981782,49.36313462616866,,1.4042374521129808,0.00025469530841873715,,0.00025
609,0.024978413958759868,0.022390174734241822,34.50985321344114,,0.9826013837795086,0.023995936583519836,49.695837585108414,,1.4036063717144869,0.0002564119312260348,,0.00025
610,0.0248226836396783,0.022310646835203264,33.49382351894005,,0.9815181656813687,0.023969527420018094,48.47935925230977,,1.4020616072484835,0.00025013535810110586,,0.00025
611,0.024952186308070726,0.0223577894343465,34.59195795246199,,0.9806263311821436,0.02394771090283302,49.41783133329579,,1.4007854827503625,0.000254977522966025,,0.00025
612,0.025071521125295582,0.02239064759045255,35.74497985839844,,0.9775685374138419,0.023873003231731298,50.15791317703718,,1.3964155694190217,0.0002587960684225547,,0.00025
613,0.02484076137782312,0.022299232618773684,33.88704797333362,,0.9825801701604948,0.023995507636284993,47.33766871130395,,1.4035812810884194,0.00024424466200446694,,0.00025
614,0.024879741719832607,0.022322902090701403,34.09119235768038,,0.9803135870513368,0.023940118063476658,48.22143040815152,,1.4003413509840152,0.0002488045417538363,,0.00025
615,0.02479944980758078,0.022243518564923136,34.07908073126101,,0.980076713851599,0.023934262622138294,50.08234712544013,,1.399998845712628,0.000258406175864814,,0.00025
616,0.02492158987796774,0.02233142504358993,34.53552915535721,,0.9812942791212502,0.023963974547752762,50.72648761325918,,1.4017368003018653,0.00026172969981548094,,0.00025
617,0.02492897011631844,0.02231556286706644,34.84542667164522,,0.9739310767602259,0.023784282135484263,47.09871173351356,,1.391225961771727,0.0002430117333904711,,0.00025
618,0.02486397015551726,0.022251919350203347,34.82734171549479,,0.9846613013849382,0.024046149554307773,52.23144768674675,,1.40654350423671,0.0002694947308042464,,0.00025
619,0.024904557522021087,0.02229807496655221,34.753100189508174,,0.9888511611189075,0.02414848844090809,51.93931082719742,,1.4125296641353418,0.00026798741389443345,,0.00025
620,0.024788665895660717,0.022262912207082205,33.67671308330461,,0.9820711069239335,0.02398296108027238,50.3489758600577,,1.4028473890854514,0.0002597818803923121,,0.00025
621,0.024679843701568303,0.022182341080670263,33.300031512391335,,0.9791057729681156,0.02391066104489687,47.13404252528591,,1.398618306799997,0.0002431940270591225,,0.00025
622,0.02467340227289527,0.02221015913813722,32.84323954114727,,0.9795735993736492,0.023921996632074075,49.51513847472176,,1.3992813649946072,0.00025547959141415986,,0.00025
623,0.024715349918194844,0.02216585079098449,33.9933193805171,,0.9769768849680196,0.02385863353096673,48.03982775517169,,1.3955750352943137,0.00024786754000018674,,0.00025
624,0.024730366490343037,0.022215924572710898,33.52588997635187,,0.9723766724254059,0.023746246586992887,49.022866325531375,,1.3890011293286035,0.00025293965127839844,,0.00025
625,0.024769396393322478,0.022204021831937863,34.20499349107929,,0.9805497097034789,0.023945843409880825,49.316960738881406,,1.40067624654707,0.00025445706843352185,,0.00025
626,0.024789994144264388,0.022208309750638755,34.42245719012092,,0.9827663817450631,0.02399998711066,49.144959498151785,,1.4038433012330722,0.0002535696063752916,,0.00025
627,0.024749026725105212,0.022205850182502877,33.90901872223499,,0.973477456348567,0.023772998608797655,52.51815131812192,,1.3905659487775432,0.0002709740142891968,,0.00025
628,0.024764326382793633,0.022206234398717974,34.10789130715763,,0.9702428310551008,0.023694073903646362,50.5686573243842,,1.3859493663553293,0.00026091535456761005,,0.00025
629,0.024706685112095346,0.02217042011519273,33.81686464945475,,0.9760660869116606,0.023836292569149115,50.59990654013189,,1.3942682341928736,0.00026107658883085073,,0.00025
630,0.02476821357713026,0.022176598180450646,34.55486761354933,,0.9891490623928768,0.02415575871607195,52.07922669511297,,1.4129549279923532,0.00026870932743175847,,0.00025
631,0.024759103635362552,0.02219301319735892,34.21453868641573,,0.975110890831726,0.02381299994768646,49.65075828308779,,1.392905767185798,0.000256179338891322,,0.00025
632,0.02484037135453785,0.02225855778099275,34.42417851616354,,0.9772649529990786,0.02386562825143031,49.11616082397991,,1.395984180991831,0.00025342101598985916,,0.00025
633,0.02467016163556015,0.022143813251864677,33.6846445868997,,0.9754661684008432,0.02382170512240754,48.90151715881447,,1.3934149633433588,0.00025231353497364226,,0.00025
634,0.024751419858897433,0.02217601699864163,34.3387019961488,,0.9681601051293235,0.023643214733191677,50.3914978164373,,1.3829744353514135,0.00026000127778019456,,0.00025
635,0.024557959726628137,0.02208963986120972,32.91093018475701,,0.9706437411017311,0.023703926636409335,48.94415587220984,,1.3865256872018514,0.00025253353478404847,,0.00025
636,0.024763142142225716,0.022148244192495066,34.86530408672258,,0.9740374977252412,0.023786803759143417,49.14792069922022,,1.391373460371031,0.0002535848850650492,,0.00025
637,0.02460434028477061,0.022083855581049826,33.606461506263884,,0.9717796868352481,0.023731655741480975,49.30917176480724,,1.3881476596731084,0.00025441688024107603,,0.00025
638,0.02452231377509295,0.02202632975782834,33.279784857058054,,0.966446253121628,0.023601428272522526,48.52669566899956,,1.380530198918196,0.00025037959630314766,,0.00025
639,0.02463658343927533,0.022063787843959005,34.30393813638126,,0.9764540984333717,0.023845831431668445,48.94506306466065,,1.3948261956695778,0.00025253821555772305,,0.00025
640,0.024616953241182307,0.02207500896617478,33.892589980480714,,0.9816966695490822,0.023973827935530826,50.041047337286145,,1.4023131594625142,0.00025819308440777486,,0.00025
641,0.024650658937353714,0.022102571804733837,33.974495083678,,0.9728380104382593,0.023757551939779704,48.01196448074585,,1.3896624190078302,0.0002477237759275202,,0.00025
642,0.02452774846232405,0.022026882050376312,33.34488386266372,,0.9662687200214731,0.02359711139669324,48.02493462589581,,1.3802776897319513,0.0002477906970244931,,0.00025
643,0.024543477697115318,0.02200495148552399,33.84701493207146,,0.9675956198802274,0.023629432802920937,50.2765733911206,,1.3821682819814374,0.0002594083107376323,,0.00025
644,0.024494272455865263,0.02203251443365041,32.82343871920717,,0.9685669163710433,0.02365322050468725,48.531162128093904,,1.3835597079693929,0.00025040264156121707,,0.00025
645,0.02452769557781079,0.022005498080569154,33.62929920121735,,0.967922213547158,0.023637456378273664,49.02632163399497,,1.3826376090047783,0.00025295747937747445,,0.00025
646,0.024670352209724633,0.022032171999122583,35.17573483784994,,0.9641264720396818,0.02354472621267523,49.76087149988449,,1.3772134968501608,0.0002567474818977458,,0.00025
647,0.024450759859938248,0.02193148174852717,33.590372609157185,,0.9673429194579816,0.023623277817973125,49.836112576616244,,1.3818082553552424,0.00025713569770675145,,0.00025
648,0.024598891426827394,0.022017101410265062,34.42386586058374,,0.9717215080405607,0.023730224285382268,49.588792639539996,,1.3880639287925076,0.0002558596193513395,,0.00025
649,0.02451924877423866,0.02201305103360438,33.41596921284994,,0.9667026376988065,0.02360761618648367,50.47622041657711,,1.380892151677708,0.00026043841470304316,,0.00025
650,0.024449704689722435,0.02192736566797191,33.631186204798084,,0.9683228953071323,0.023647251997572505,48.76512956541836,,1.383210589084755,0.0002516098260129456,,0.00025
651,0.02441858182496884,0.02190806493893558,33.4735564811557,,0.9666253405412046,0.02360580888233219,48.34669075589904,,1.3807864361281683,0.00024945083828957693,,0.00025
652,0.02433130901087733,0.021896055516074684,32.470045837701534,,0.9660256708796859,0.023591139670795343,48.97194901205426,,1.3799283825694135,0.00025267693698851154,,0.00025
653,0.02456319372297502,0.021990470113415345,34.30297937580183,,0.9630132032425532,0.023517575184466663,48.754541777907114,,1.3756253381192232,0.0002515551969901724,,0.00025
654,0.024571266901843688,0.022008141831440085,34.17499916226256,,0.970764394727167,0.02370671577361294,53.111863083546616,,1.3866888336052827,0.0002740373448971868,,0.00025
655,0.02463453697661559,0.02197712973928919,35.432096144732306,,0.9614708722589295,0.023479855722604328,50.117312920576666,,1.373418994690062,0.00025858658628736614,,0.00025
656,0.024345070598464386,0.02189134094206726,32.716396705777036,,0.9644122107130423,0.023551802376228594,47.17797171674911,,1.3776274064392375,0.0002434206852536038,,0.00025
657,0.024533468901234513,0.021978255909155395,34.06950561673033,,0.9634458856648535,0.023528132486567366,49.01872114441988,,1.3762428716939217,0.0002529182636945337,,0.00025
658,0.02457579820617741,0.02196600010582045,34.79730576159907,,0.9663667818255063,0.023599386444576344,51.196315078844066,,1.3804107652505317,0.00026415383378016843,,0.00025
659,0.024459360423041324,0.02192562782004768,33.783100651759725,,0.9716604478093409,0.023728795409840554,47.93862334725223,,1.3879803488577236,0.00024734536311487367,,0.00025
660,0.0244049592053189,0.021889384507256394,33.54099479376101,,0.9624492254601759,0.02350384080167453,47.709713847459334,,1.3748219659677963,0.0002461642757286844,,0.00025
661,0.02456030070635618,0.021925797978160428,35.126699522429824,,0.9667391882707572,0.02360861139586729,47.76366865380122,,1.3809503649600767,0.000246442662345458,,0.00025
662,0.024341776419211838,0.02184532619282311,33.28600172903023,,0.9671564901669868,0.023618676496471702,51.11133156526862,,1.3815391079454205,0.000263715350641597,,0.00025
663,0.024352601711072175,0.021830067002013617,33.63379306419223,,0.96495103555958,0.02356489983054568,48.82128503492703,,1.378393522413445,0.00025189956722841385,,0.00025
664,0.024449358566426764,0.02187670555477049,34.30203722037521,,0.9671422741416884,0.02361835328121445,50.47702807105274,,1.3815202019530273,0.00026044258189800206,,0.00025
665,0.024260177770081687,0.021791720507191678,32.912762398813285,,0.9714258247492071,0.02372300443625748,49.54789278277086,,1.3876416145311286,0.00025564859139063593,,0.00025
666,0.02447545535716356,0.02187143496292479,34.72027154062309,,0.9632326076511084,0.02352291191360382,49.32927589834924,,1.3759375020972766,0.0002545206100493985,,0.000125
667,0.02391539094056569,0.021669429124278182,29.946157343247357,,0.952668066206815,0.023265033902568743,45.70509690167388,,1.3608533140659378,0.00023582120219547346,,0.000125
668,0.0238153688682645,0.021599037937966047,29.55107774921492,,0.9556369565539479,0.023337563351732437,45.149046351572515,,1.3650958155673385,0.00023295218936986986,,0.000125
669,0.023866689088297824,0.0216416332724632,29.667410682229434,,0.9547452008685094,0.023315768844831983,45.55620907588425,,1.3638209785278514,0.00023505299671183744,,0.000125
670,0.02382583704357054,0.021599914951651703,29.67896094976687,,0.9589670627006313,0.023418866434199447,45.86920052776873,,1.3698515176085375,0.0002366679155166065,,0.000125
671,0.023851703195010916,0.02164278716287192,29.452210744222004,,0.9555085118437711,0.023334395750366037,45.95928486524031,,1.364910531469531,0.00023713271699831506,,0.000125
672,0.023803176212252353,0.021616120329674554,29.160744910146676,,0.954356743189476,0.023306323697861918,44.44380877268189,,1.3632684988018438,0.00022931342728508097,,0.000125
673,0.023779607944044413,0.021594915392936443,29.12923068626254,,0.9521004235525989,0.023251170685987182,45.70058073028717,,1.3600424059749527,0.00023579790044057233,,0.000125
674,0.02380378482242425,0.021595654607403512,29.441734089570886,,0.9509438614378395,0.023222862255993192,47.34109739993855,,1.3583865467600187,0.00024426235275518354,,0.000125
675,0.02381522716114334,0.021584675081220327,29.740693746828565,,0.9551787721724173,0.023326350687407522,45.74548687688217,,1.3644399475608715,0.00023602959935806463,,0.000125
676,0.02381186070395451,0.021604103310143247,29.436762043074065,,0.9546308193350344,0.023312965102742386,45.82686989937166,,1.363656977833488,0.00023644950530954005,,0.000125
677,0.023807069980630688,0.02158140570071398,29.675522748161764,,0.9575936816249401,0.023385334236160772,45.61719030315843,,1.3678901019054721,0.0002353676370321083,,0.000125
678,0.02384917343071863,0.021604875613953554,29.923967137056238,,0.9528133235312761,0.023268599746936507,45.22199757211262,,1.3610618927916613,0.00023332859037753875,,0.000125
679,0.02384802629696388,0.02163874456549392,29.45708880704992,,0.9534544997865199,0.02328425211513493,45.40480837360719,,1.3619774546268604,0.00023427182572556814,,0.000125
680,0.023717594168641987,0.021523311368974986,29.257102405323703,,0.9525998578419473,0.023263374709846383,45.52939324373121,,1.360756262072618,0.00023491463704946092,,0.000125
681,0.02370464783527103,0.021490884323914845,29.51684502994313,,0.9593046203355243,0.023427084923080876,46.546185071099316,,1.3703322458068175,0.00024016090250708207,,0.000125
682,0.023820239758374644,0.021577559192391002,29.90240654290891,,0.9546216917254158,0.02331271668240632,46.50138471159502,,1.363642446857989,0.00023992974941140392,,0.000125
683,0.023707905382502312,0.02152302448509955,29.1317455441344,,0.9546903825430946,0.0233144263043774,45.65479490643772,,1.363742448634685,0.0002355616627175255,,0.000125
684,0.02382787371821263,0.021585742486458198,29.89508295994179,,0.954253917386434,0.023303748474562503,46.13506701048126,,1.363117864971859,0.00023803968710942538,,0.000125
685,0.023778851527501556,0.02157465364857047,29.389303656185376,,0.9511259452478303,0.023227392501320988,45.1386568121476,,1.358651536675515,0.00023289858323305952,,6.25e-05
686,0.023610694918270204,0.021503669337606897,28.09367344426174,,0.9497730746770253,0.023194375686337854,44.50413366559762,,1.356720267532394,0.0002296246811655903,,6.25e-05
687,0.02351207614821546,0.021421404920664487,27.87561540042653,,0.9496616999536254,0.02319167246721404,44.05823856359701,,1.3565621467783602,0.0002273240292441411,,6.25e-05
688,0.023550805690533975,0.02146085585449256,27.865997052660177,,0.9485180470190009,0.023163721192035965,44.590997211706465,,1.3549271787994719,0.0002300728645687328,,6.25e-05
689,0.023569344743794084,0.021472562798390202,27.957091013590496,,0.9498526946650507,0.023196305527196284,44.89291026394185,,1.356833150683083,0.00023163062297563042,,6.25e-05
690,0.023485845393117738,0.0214049705833781,27.74499552857642,,0.9480861806181659,0.023153200107603317,43.89595501316302,,1.354311763723023,0.00022648670683254608,,6.25e-05
691,0.023561403849253468,0.021473887979107743,27.833545049031574,,0.9493199597572893,0.023183322939268104,44.145451691688145,,1.3560737536462593,0.00022777401635953713,,6.25e-05
692,0.02353385755536603,0.02144150961847866,27.89797072317086,,0.9484334162376076,0.023161661128104315,44.409760966485685,,1.35480667844515,0.0002291377533420505,,6.25e-05
693,0.023512080019595576,0.02142969128109661,27.765180812162512,,0.9491765159856999,0.023179819459842398,44.150475117820285,,1.3558688228644173,0.00022779993535916576,,6.25e-05
694,0.02355956881507939,0.02146677669210761,27.903891843907974,,0.9500002371578118,0.023199941581132717,44.02890851576104,,1.357045836212373,0.00022717269716938346,,6.25e-05
695,0.02351118346639708,0.021431299109084933,27.73178949543074,,0.950320538934833,0.023207750022915013,44.404647564972535,,1.3575025793197173,0.0002291113701031147,,6.25e-05
696,0.02353294197396905,0.021434861144014432,27.97441000096938,,0.9478235415854878,0.023146762174407604,44.5194171708696,,1.3539351864628388,0.0002297035383353881,,6.25e-05
697,0.02349818231282281,0.021407802132707016,27.871734880933573,,0.9490277835033807,0.02317617448036866,44.48179651506814,,1.3556556152491903,0.0002295094298249616,,6.25e-05
698,0.023505022311035323,0.02140929195664677,27.943070168588676,,0.9470632896459692,0.02312820869376883,44.150336253207314,,1.3528499284004405,0.00022779921886971068,,6.25e-05
699,0.023565058578170983,0.021446407462159794,28.248679441564224,,0.9497071975094589,0.023192751720736798,44.90263630745998,,1.356625276096775,0.00023168080572176888,,6.25e-05
700,0.023558859220322442,0.021464356714311766,27.926699395273246,,0.9489253049187258,0.023173683975481366,44.15636122300587,,1.3555099368958399,0.0002278303054599906,,6.25e-05
701,0.023449545726180077,0.021374803912990233,27.663223416197535,,0.9480409837813896,0.02315206395615663,44.75092481651146,,1.3542453062457642,0.00023089803118221775,,6.25e-05
702,0.023470662899461446,0.02138847697014902,27.762477276371975,,0.948743826378486,0.0231692422998964,44.40694301281739,,1.3552501277347992,0.00022912321375529024,,6.25e-05
703,0.023564053772419106,0.021447162527371857,28.225213667925665,,0.9491972521673958,0.023180303990773757,44.72987364306856,,1.3558971647755647,0.0002307894150022847,,6.25e-05
704,0.023493269458413124,0.02139634335888367,27.959011040481865,,0.9485359616561957,0.023164165001916228,44.42473271515907,,1.3549531387937235,0.0002292150019644245,,6.25e-05
705,0.023516767932211653,0.021431047177197887,27.809609955432368,,0.9498750056920736,0.023196873112707617,44.29272588245768,,1.3568663507474952,0.0002285338960901141,,6.25e-05
706,0.023508788360392347,0.021405286100857398,28.046694961248658,,0.9451311259771156,0.023080996386604366,44.774134392110554,,1.3500883152027754,0.00023101778390984023,,6.25e-05
707,0.02350616999262688,0.021410006920204443,27.948840197394876,,0.9487179658328148,0.02316861909908586,44.185152359557414,,1.3552136745367551,0.0002279788569541219,,6.25e-05
708,0.02350461556046617,0.021420024591041545,27.794543995576745,,0.945614396342842,0.023092812836579057,44.41266444853113,,1.3507795007465357,0.00022915273422324155,,6.25e-05
709,0.023516709167583316,0.021412828827605528,28.051738215427772,,0.9465082308577742,0.023114663806619577,43.8549228001649,,1.3520576405128362,0.00022627499596321408,,6.25e-05
710,0.023539139067425448,0.02144233334590407,27.957408792832318,,0.9491021540651586,0.023178006914335726,44.055877685926106,,1.3557628007296558,0.00022731184799853986,,6.25e-05
711,0.023494566480318706,0.021399390208078364,27.935680800793218,,0.9485904464269377,0.023165508857338906,44.075872515756686,,1.3550317456039793,0.00022741501384060086,,6.25e-05
712,0.02346090388064291,0.021368432716996063,27.89961448370242,,0.9470990323963021,0.023129071527639898,44.41755705912853,,1.3529003985754615,0.0002291779782636477,,6.25e-05
713,0.02352032686273257,0.02140876661766978,28.154133329204484,,0.9449987259890492,0.023077760504173955,44.83530123056741,,1.3498990371063928,0.00023133338191437842,,6.25e-05
714,0.02352423958626448,0.021425732648840137,27.980091693354588,,0.9442497925330201,0.023059458672530245,45.12169531386625,,1.3488284988750658,0.00023281106824705368,,6.25e-05
715,0.02349460347756451,0.02139165453320625,28.03931868310068,,0.9478429434677484,0.023147242597483315,44.345465581878564,,1.3539632880911223,0.0002288060132097346,,6.25e-05
716,0.02348895181043475,0.021378189580989818,28.14349593368231,,0.9466491269053385,0.02311807410132242,44.668929382343435,,1.3522571205938771,0.00023047496541557817,,6.25e-05
717,0.02345133660470738,0.021353065492767914,27.97694808361577,,0.9467523453278225,0.02312060935709733,44.28855932250698,,1.3524054165833754,0.0002285123981994366,,6.25e-05
718,0.023471386299705972,0.021378444507718086,27.90588805254768,,0.9451222647471204,0.023080803240851024,44.158592416265435,,1.3500770174312082,0.000227841817582543,,6.25e-05
719,0.023509979795883682,0.021408996015202766,28.01311455520929,,0.9492852352207712,0.023182466137066322,44.37648689977161,,1.3560236362846996,0.00022896607160529964,,6.25e-05
720,0.02350545137682382,0.02139673067950735,28.116274740181716,,0.9493233752358157,0.023183387026309763,44.656732727140785,,1.356077502321778,0.00023041203523737857,,6.25e-05
721,0.023462529604633648,0.021353649267671155,28.11840274287205,,0.9465434532351875,0.023115489941622283,44.75673665361044,,1.3521059640425162,0.00023092801808749868,,6.25e-05
722,0.02347208661775963,0.021372699416151233,27.991827497295304,,0.945919745239598,0.02310028733818875,43.96176147005859,,1.3512167105236261,0.00022682624353259344,,6.25e-05
723,0.02342058520983247,0.021320524241994408,28.000812605315563,,0.9494598680331338,0.02318672353169883,44.57796562511609,,1.3562726662074238,0.00023000562645691198,,6.25e-05
724,0.023437270748556827,0.021342394654365146,27.931681539498122,,0.9435038105624204,0.023041250395953398,44.840109567540765,,1.3477634330072574,0.0002313581911344104,,6.25e-05
725,0.02350078428200647,0.021384420275103812,28.218185686597636,,0.9429321792167998,0.02302729307866481,44.74792847552933,,1.3469470206363499,0.00023088257118365098,,6.25e-05
726,0.023478833410669777,0.021372904672342187,28.07904924130907,,0.9443087897739558,0.023060920308949115,44.57248086926477,,1.3489139951082934,0.00022997732716851117,,6.25e-05
727,0.023435005699010455,0.0213299144570734,28.067881827260933,,0.94314135957338,0.023032390945056967,45.03600808781453,,1.3472452126958792,0.00023236895421535646,,6.25e-05
728,0.02343376809913738,0.021340847051903315,27.905610589420093,,0.9432893137800777,0.02303603077428014,44.338125047039966,,1.3474581190549129,0.0002287681387959877,,6.25e-05
729,0.023421750203067183,0.021329037114685655,27.902840670417337,,0.9444545429788858,0.02306447306807577,44.75587790555215,,1.349121808432436,0.0002309235872687669,,6.25e-05
730,0.023462259082817565,0.02135134185207825,28.14556219063553,,0.9451556563724308,0.023081616172102536,44.22693593038196,,1.3501245686272374,0.00022819444454876288,,6.25e-05
731,0.02345227570656468,0.02135511666682421,27.962117961808747,,0.9469589151665951,0.02312564073612491,44.64889053034767,,1.3526997195640922,0.00023037157243561306,,6.25e-05
732,0.02346211423476537,0.021352629816415263,28.126458897310144,,0.9477428038987441,0.023144792790685792,44.45456695114203,,1.3538199903115795,0.0002293689354614089,,6.25e-05
733,0.0233899781516954,0.021312694448758576,27.6971155054429,,0.9447835288536387,0.023072506225956052,44.797610579615586,,1.3495916959713745,0.00023113891225516053,,6.25e-05
734,0.023456645216427596,0.021361543742172858,27.934683818443148,,0.9460920358158709,0.02310448291969176,44.28516790633545,,1.3514621247799181,0.00022849489976068624,,6.25e-05
735,0.02345784260507892,0.021354785663824455,28.040758506924497,,0.9441024769207917,0.02305586062675166,45.12686176504202,,1.3486180365760443,0.00023283772520240324,,6.25e-05
736,0.023420337697162348,0.021315995202052827,28.057898278329887,,0.9423046774158986,0.02301196799234766,44.7419715229321,,1.3460506026646253,0.00023085183553668535,,6.25e-05
737,0.023482770604245803,0.021350076933409654,28.435915292478075,,0.9447407658439119,0.023071401047612586,46.40561905334495,,1.3495270502194001,0.00023943563443980332,,6.25e-05
738,0.02339800060087559,0.02128752145697089,28.139721028945026,,0.9435403207659651,0.023042158067125677,44.41707985664325,,1.34781652587306,0.0002291755160773403,,6.25e-05
739,0.02344154475220278,0.02133854401900488,28.04000742295209,,0.9432729493803826,0.023035623443037005,44.54095758767473,,1.347434292823906,0.00022981467882804922,,6.25e-05
740,0.02340412417463228,0.021296034585319312,28.10786007899864,,0.9435309477068102,0.023041926987036387,44.47433171985077,,1.3478030091893258,0.00022947091427414477,,6.25e-05
741,0.02342735154225546,0.021313119643166952,28.189758338180244,,0.9455468198726547,0.02309117003873869,44.21150599493991,,1.3506834077472836,0.0002281148318540656,,6.25e-05
742,0.023428704333948155,0.021304193409342392,28.326810388004077,,0.9463175730387163,0.023109994365524123,44.20026783599181,,1.3517845085493843,0.00022805684715797566,,6.25e-05
743,0.02336272586356191,0.02126041072986874,28.03086826848049,,0.943375586614518,0.023038141878775006,44.230047123496234,,1.3475816049505367,0.00022821049714136647,,6.25e-05
744,0.02339894258800675,0.02130186919342069,27.960976731543447,,0.9453470605315989,0.02308626127320271,45.007610648322355,,1.3503962768591196,0.0002322224340507734,,6.25e-05
745,0.023408300553758938,0.021310728956379144,27.967619540644627,,0.9454870444361811,0.023089707650768395,44.277854085501865,,1.3505978675531811,0.00022845716318121176,,6.25e-05
746,0.023439398838901053,0.021332200214851136,28.095979802748737,,0.9418045423917932,0.022999757791891222,44.62384139767389,,1.3453363852761555,0.000230242328281645,,6.25e-05
747,0.02339701705119189,0.021290511586794666,28.086736903471106,,0.9438294006490217,0.023049218042449,44.4209593968098,,1.3482294885558654,0.00022919553305330274,,6.25e-05
748,0.023380476360519726,0.02127990170436747,28.007661744660023,,0.9387158225063595,0.02292427401407641,45.91430082497194,,1.3409210747450087,0.0002369006161786074,,6.25e-05
749,0.023421149445222875,0.02130731498347778,28.184455534991095,,0.9406041812467008,0.02297043915530988,44.690816730803036,,1.3436214355398814,0.00023058789594579274,,6.25e-05
750,0.02334394221942799,0.021257505624317656,27.819153131223192,,0.9422609237055627,0.02301090171567867,44.68090082693121,,1.3459882324078363,0.00023053673359125403,,6.25e-05
751,0.02337573727994573,0.02127348171437488,28.030073053696576,,0.94408587036429,0.023055464732471942,44.870715010745684,,1.3485948793330835,0.00023151610377215924,,6.25e-05
752,0.023364983352960323,0.02127359887840701,27.885126039093617,,0.9431178032342433,0.023031831776970962,44.60900727984453,,1.347212504996155,0.00023016578978293984,,6.25e-05
753,0.02335173541716501,0.0212512000226507,28.007138009164848,,0.9432367491711462,0.023034728782790143,44.82008545200484,,1.3473819610126994,0.0002312548741890653,,6.25e-05
754,0.023397532346494058,0.021291818031493354,28.076189340329638,,0.942000187996425,0.02300452242127058,44.982848654258845,,1.345615085135711,0.00023209467142461867,,6.25e-05
755,0.023381449866528604,0.021283703801386496,27.96994616938572,,0.9452605467927977,0.023084190213510797,43.90077045239807,,1.3502751333242693,0.00022651155269759156,,6.25e-05
756,0.023322184661439822,0.021233368518890117,27.850881052952186,,0.941697468915051,0.02299712285728796,45.150436777059944,,1.345182258722882,0.00023295936344524078,,6.25e-05
757,0.02331973572133803,0.021229708092469796,27.86703457551844,,0.9438336759122258,0.02304930624086024,44.84989193058845,,1.3482346475898361,0.0002314086644682528,,6.25e-05
758,0.02332941512120705,0.021231900462332892,27.966861051671646,,0.9402243674305567,0.022961154063856737,44.928848611955736,,1.3430783180216208,0.00023181605140720746,,6.25e-05
759,0.0233589758110397,0.021251815900790925,28.095463995840035,,0.9405534793978897,0.022969216332503713,44.28199072579731,,1.3435499083512579,0.0002284785066976607,,3.125e-05
760,0.023265089364904984,0.021227317880473884,27.170285056619083,,0.9391618267667905,0.022935248705963297,43.74395281338536,,1.3415630229101247,0.00022570243234418786,,3.125e-05
761,0.023202175895373028,0.02118503207377359,26.89524934806076,,0.9399668673720684,0.022954916159874852,43.581035875810336,,1.3427134411707156,0.00022486184189188886,,3.125e-05
762,0.023181136003604122,0.021163551465553397,26.90112491682464,,0.939272225282843,0.022937923823631273,44.302530149707664,,1.3417194999115867,0.0002285844824414462,,3.125e-05
763,0.02323558809710484,0.021201282228324927,27.124076020483876,,0.9406856421168043,0.0229724792093083,43.35347031243386,,1.3437407654431284,0.00022368768871485525,,3.125e-05
764,0.02325872339162172,0.021227550090235824,27.082310209087296,,0.9396694394386251,0.022947639494548717,43.91595327352859,,1.3422878035307324,0.0002265898903748843,,3.125e-05
765,0.023227880033207873,0.02119805145205236,27.06438060835296,,0.9413506001383705,0.02298871208851746,43.54434424612479,,1.3446902834004684,0.00022467252680868116,,3.125e-05
766,0.02322606735077559,0.02120530342354494,26.94351813372444,,0.940408915175199,0.022965699175286493,43.92496739343363,,1.3433441775074866,0.00022663639986150274,,3.125e-05
767,0.023216304898846383,0.02119212447866505,26.989071004530963,,0.9411569721857025,0.02298397502507652,43.75963713036667,,1.3444131959691954,0.00022578335755246614,,3.125e-05
768,0.023235982977876476,0.021205158210268207,27.077664730595608,,0.9405017291771204,0.02296797910973523,43.57678729209416,,1.3434775388584053,0.00022483992078926586,,3.125e-05
