epoch,loss_total,loss_data,loss_cont,loss_mom,val_score,val_data,val_cont,val_mom,norm_data,norm_cont,norm_mom,lr
1,5.664578011161403,0.36772012671357707,70531.48622532895,6996.177682976973,22.61792218707739,0.53098815559855,32905.119124120814,6847.465960112679,37.29157745734817,0.24530470566683485,0.9695738576756109,0.001
2,2.2469284095262227,0.501774466351459,23181.600071957237,6533.8189504523025,19.66870844207133,0.4619570220070196,17174.99296047849,6250.5311683528125,32.443484636152796,0.12803802888869514,0.8850502730095724,0.001
3,1.3883660592530902,0.4309292388589759,12687.973838404605,5838.754368832237,17.493041079106664,0.41088051138347037,11641.57932757279,5715.946228482422,28.85635442978863,0.08678692758033449,0.8093551785870965,0.001
4,1.0382654792384098,0.3866249950308549,8616.755602384868,5383.772897820723,16.006653429097867,0.37598393441953126,8443.39146816983,5322.7064634088565,26.405549474675993,0.06294472453105288,0.7536739969302907,0.001
5,0.8427316326844064,0.354384731305273,6443.581748560855,5078.251336348684,15.001049953959633,0.35229822168744623,6682.987340705463,5149.5834288149135,24.742089411267642,0.04982106998011784,0.7291604660151264,0.001
6,0.7215412478697928,0.3348447554989865,5090.598709909539,4901.57177734375,14.219478666481304,0.3339322580591041,5383.364025443244,4947.501427272452,23.452238125501918,0.04013249497069146,0.7005464609300819,0.001
7,0.6398139595985413,0.3175708447632037,4233.141614412007,4757.482781661184,13.581868775448308,0.3188951768989129,4549.662482078394,4851.11504035371,22.396176006403245,0.033917324895249144,0.6868985331365598,0.001
8,0.581667278942309,0.3039388938954002,3640.594122635691,4683.819284539473,13.053203873286074,0.30642933003920686,3996.887254650686,4761.037107239164,21.52069302464794,0.029796435256388292,0.6741438572301637,0.001
9,0.5336112630994696,0.2902174795928754,3183.9982781661183,4593.905042146382,12.587297643916598,0.2954434954494353,3620.8956072745023,4675.54502182242,20.749152083068417,0.026993451318086947,0.6620385190596499,0.001
10,0.5002209732407018,0.2801617532968521,2873.9019325657896,4516.557334498355,12.188966951476228,0.28605018827061685,3247.633437547571,4606.474469089404,20.08945517919923,0.024210815390344333,0.6522584043931092,0.001
11,0.4705678648070285,0.2717236249070418,2591.9250231291117,4449.852282072368,11.830199002132515,0.2775866206087641,2970.8437796832673,4545.9227699153125,19.49505437063183,0.022147373367906707,0.6436845253991826,0.001
12,0.44764405645822225,0.2651712549360175,2374.5236238178454,4383.5203279194075,11.537021075208317,0.27068739146725984,2680.2558847137825,4474.495237619529,19.010517879160794,0.019981066727989955,0.6335706718312077,0.001
13,0.42429450154304504,0.2568172890889017,2175.275474146793,4331.538445723684,11.253811537781992,0.26400455924622973,2464.1946642737535,4429.151414855478,18.541179057235315,0.018370349748478808,0.6271501674555457,0.001
14,0.40451615891958537,0.2503020692812769,1999.1401881167762,4278.573524876645,10.94092094574072,0.25662124916008966,2331.066228296022,4373.646692667558,18.02264530640514,0.017377889223409184,0.6192909202647692,0.001
15,0.3893652291674363,0.2458147312465467,1857.5666375411183,4232.990427117598,10.75651480429799,0.2522844385675318,2115.534820778112,4326.368009020218,17.718068817409982,0.015771121951614595,0.6125964473083789,0.001
16,0.3707665848104577,0.23820399375338303,1711.5552785773027,4195.940159847862,10.463023101839406,0.2453525158932105,1970.400680419121,4284.849721215143,17.23123624193303,0.014689159979415759,0.6067176234185279,0.001
17,0.35695888494190414,0.2333496542353379,1592.9106316817433,4140.930047286184,10.257766533850852,0.2405157706700543,1838.11727482657,4240.814611225411,16.891549080874853,0.013702999079919113,0.6004824275497759,0.001
18,0.3446065422735716,0.2290760161061036,1485.4052027652137,4125.1275827508225,10.072570521291166,0.23614728573729354,1711.5060230091678,4208.093324822998,16.584748086307147,0.012759123577021745,0.5958492239573663,0.001
19,0.3326768530042548,0.22412464650053726,1392.9780530427631,4078.847103721217,9.86115006199722,0.23115570580571793,1603.9487011374104,4175.489199222633,16.234186802236568,0.011957293409364831,0.59123260986704,0.001
20,0.3222509857855345,0.22068207750194951,1300.3020405016448,4046.2529553865133,9.688641491394124,0.22708161591962076,1531.3431701447787,4149.887075774415,15.948061326642236,0.011416025701360214,0.587607451342562,0.001
21,0.3101850152015686,0.21494265998664655,1216.163265830592,4030.104851973684,9.526314021207048,0.2232570865126061,1427.4256065968598,4114.105564765539,15.679462614757933,0.010641329604878055,0.58254093215657,0.001
22,0.30189504905750875,0.21182612055226377,1147.5839554636102,4000.132208573191,9.362294494571136,0.21936771412566045,1354.5650373004353,4113.4243395606545,15.406309946286902,0.010098160609240663,0.5824444733857351,0.001
23,0.29482125922253255,0.20970222197080912,1081.858234606291,3979.662469161184,9.239938493848603,0.21649597905622892,1295.660003028033,4068.9988033493014,15.204626481882745,0.009659028872929937,0.5761539947218528,0.001
24,0.285308923376234,0.20455342609631388,1024.0236045435856,3953.7281301398025,9.109787704027884,0.2134252674881347,1206.8568761688848,4046.9723063612187,14.988968793319657,0.008997009543526887,0.573035130636917,0.001
25,0.278407841136581,0.20161627703591398,971.4913811934622,3929.708624588816,8.971177103095687,0.2101514767475803,1152.034965626631,4026.6032630138434,14.759048747658913,0.008588317127646735,0.5701509553740507,0.001
26,0.2713905902285325,0.1981592319513622,924.2915231805099,3909.4900801809213,8.8699019727557,0.20776119428548936,1081.1136053509877,4010.822057963484,14.591177953103191,0.008059604760969561,0.5679163997079726,0.001
27,0.2675754443595284,0.19722822073258853,885.950349506579,3900.9448113692433,8.746321815116211,0.20483337845962532,1047.1058390141718,4005.3054683422497,14.385555907677368,0.007806079919434376,0.5671352726295131,0.001
28,0.26069804477064235,0.19372650510386416,841.0954621967517,3889.3786492598683,8.653076651472665,0.20264448915078728,986.468153252257,3972.8665083526726,14.231829060203564,0.0073540314219943306,0.5625420453306421,0.001
29,0.2568416815055044,0.19240455564699674,807.6117103978207,3866.2404528166117,8.55205825390878,0.2002569681246625,950.4498361279777,3960.2044132974825,14.064152202748211,0.007085518105040274,0.560749143194227,0.001
30,0.2494175285100937,0.18816088140010834,765.5044138055099,3843.8161492598683,8.447446973478282,0.19778663039397074,896.5666882653089,3944.841313739173,13.890659084571105,0.006683824080563537,0.5585737895975281,0.001
31,0.24772175597517113,0.18834656633828817,740.4788593493009,3839.2722424958883,8.35242680404882,0.1955428073166592,864.6753272877522,3929.9505330173074,13.733074209643291,0.006446076850766102,0.5564653144634563,0.001
32,0.2437148227503425,0.18690730474497141,706.5385677939967,3817.1212350945725,8.28571798633801,0.19396801226975038,838.9615221972588,3918.959113981416,13.622475525186667,0.0062543827448883925,0.5549089733851601,0.001
33,0.2385313165815253,0.18353835846248426,682.4083990799753,3812.3257349917762,8.18837436753498,0.19167058164953227,801.0632449153024,3902.106356772387,13.461125764323977,0.005971854493923467,0.5525226902090462,0.001
34,0.23363577692132248,0.18043508419865056,658.6746312191611,3800.0918868215463,8.102732790778745,0.1896424081829436,773.1358936498293,3897.299583822634,13.31868607498482,0.005763658600257507,0.551842070339008,0.001
35,0.23066314113767525,0.17934135151536842,633.7700837787829,3789.0310572574012,8.045968350625666,0.188305148465435,746.1517027564712,3884.081160168677,13.224769621651035,0.005562493882397524,0.5499703942928307,0.001
36,0.22842785480775332,0.17830589256788554,617.9491673519736,3775.7712530838817,7.932600975223246,0.18561977531139864,736.0861140887416,3877.1859675376218,13.0361744525879,0.005487455823541483,0.5489940625289853,0.001
37,0.22308411802116193,0.1748955587023183,592.3332840768915,3763.5602770353617,7.880385910575377,0.18438954682020225,707.0300517292214,3865.4629615930075,12.949774858574411,0.005270845490114229,0.5473341316635404,0.001
38,0.2198962279056248,0.17330829093330785,571.0518927323191,3759.0415810032896,7.815091874136493,0.18285004771340022,677.3185292831862,3852.1208524976078,12.841655026556479,0.005049348760652595,0.5454449422523757,0.001
39,0.21782435398352773,0.1724632954911182,554.89429192794,3743.985467208059,7.733746344974828,0.18092576327315854,670.7675444309725,3843.305041369203,12.70651151818132,0.005000511757360236,0.5441966585728222,0.001
40,0.2158339682378267,0.17131420185691432,543.5811060855264,3751.1807540090463,7.686519394250134,0.17981090538484437,638.555620908903,3836.2183377350975,12.628214462290991,0.0047603747626045615,0.5431932096150985,0.001
41,0.21298832642404655,0.16992815858439395,524.2597383197985,3740.687808388158,7.595973094421495,0.17766833849912705,631.2969278437395,3827.3438769366207,12.477740862957667,0.004706261858191139,0.5419366213762826,0.001
42,0.2090236795575995,0.16716216818282478,508.5151286878084,3722.873959189967,7.53909454232994,0.1763279164319769,603.2852826769326,3814.855560882201,12.38360231614522,0.004497437561066794,0.5401683256529758,0.001
43,0.20668596813553258,0.16564948699976267,497.4947397332442,3724.3765033922696,7.479918734028458,0.17492920192587577,582.9379289693251,3807.5814333615263,12.285369860684535,0.004345749867929563,0.5391383382207595,0.001
44,0.20598428500326058,0.166015320702603,483.4357139185855,3711.2839612458883,7.423256519202933,0.1735816397597247,570.2433972266266,3812.5502289422097,12.190729860963698,0.004251113274730354,0.5398418998488461,0.001
45,0.20225933429441953,0.1633009173368153,469.9916847630551,3709.0393194901317,7.359724920852302,0.17208275121016084,553.3022331027698,3800.3429412462565,12.085462129740982,0.00412481841880291,0.5381133966197587,0.001
46,0.2001601339955079,0.16218286360564985,456.94182707134047,3706.6313862047696,7.302492139790025,0.17072742206816385,547.4949101266881,3796.3585303739187,11.990276651221205,0.004081525347959239,0.5375492199385512,0.001
47,0.19705974820413089,0.16032994656186356,440.5882568359375,3685.681884765625,7.2582977202797085,0.1696887901003762,524.8841010523264,3782.4278567001566,11.917332981822836,0.003912963798494753,0.5355766921315394,0.001
48,0.19654837015428042,0.1604979767611152,431.50069387335526,3687.8398565995067,7.1925966601844324,0.1681315454689856,523.1987486658306,3779.642413131664,11.80796687227924,0.003900399647927336,0.5351822844365215,0.001
49,0.19263394804377304,0.15695276307432274,426.53888581928453,3690.767513877467,7.141995490204865,0.1669349387408085,503.4539471937347,3774.390185745896,11.723928552367003,0.003753203927550439,0.5344385899957645,0.001
50,0.19100719925604367,0.15648713002079412,411.2250382272821,3678.1903397409537,7.094461176740171,0.16580884028990897,492.38000082957814,3772.062771930765,11.644842065853979,0.0036706486526953954,0.5341090374862246,0.001
51,0.1881099123703806,0.15434440029294869,401.1666404322574,3678.013556229441,7.024602251435918,0.16415449590874495,486.424265668008,3767.162923953751,11.528656589811177,0.003626249182347706,0.5334152385637078,0.001
52,0.1875543547304053,0.15442782483602824,392.77711567125823,3668.2428813733554,6.981186115656396,0.16312635134235626,474.24097167531875,3764.5607850207216,11.45644945612923,0.0035354238206264546,0.5330467860736623,0.001
53,0.18520063004995646,0.15293457163007637,381.2979945132607,3668.707391036184,6.936048413823608,0.16206514403980973,466.03321789382096,3750.154446868942,11.381920309096547,0.003474235753871204,0.531006906074526,0.001
54,0.18369898200035095,0.1520311989282307,373.4707432797081,3657.4754188939146,6.891941522127897,0.16101929671912038,454.06325760289684,3749.4905777591894,11.30846990166875,0.0033850007757228826,0.5309129048575087,0.001
55,0.18215369158669523,0.15091909154465324,367.6131174187911,3663.6171361019738,6.846412730096498,0.15993888075468565,447.27467110612326,3749.781493630937,11.23259172020827,0.0033343924735251807,0.5309540973841562,0.001
56,0.1804507829641041,0.15004456200097738,356.75118215460526,3649.8794330797696,6.79160566809043,0.15864946825246662,438.28955957337064,3733.538294958184,11.142035601970996,0.003267409274600674,0.5286541252645616,0.001
57,0.17932192196971491,0.14968321942969373,346.5821950812089,3645.0372507195725,6.756533956028375,0.15781686282356994,432.8578071203629,3734.279025817986,11.083561284764976,0.0032269160482514816,0.5287590097986975,0.001
58,0.17732537028036618,0.14804457677038094,341.87886770148026,3639.876644736842,6.705015200003872,0.15659117304327141,427.0455188836548,3739.166620066607,10.997480446805119,0.0031835859618361026,0.5294510736421678,0.001
59,0.17599097286400042,0.1470709686216555,336.9916622764186,3645.6271458675988,6.663737030074094,0.1556172810197884,415.93270136492544,3731.276867943974,10.92908349774724,0.00310074090601733,0.5283339162227363,0.001
60,0.1731479779670113,0.14481598766226517,329.3587004009046,3630.0870168585525,6.621533087554977,0.15462525650371506,405.95492214222224,3717.6174540911747,10.859413094197398,0.0030263574586819374,0.5263997977240108,0.001
61,0.17296454467271505,0.14515306957458196,322.3256466514186,3637.047607421875,6.579184940836475,0.15361441921460153,399.7633436206606,3726.6595701571664,10.788421459701784,0.002980199797282334,0.5276801252797406,0.001
62,0.17019513092542948,0.14312797627950968,312.6253019634046,3620.256232010691,6.537754187380226,0.15263709558953772,396.11201711416317,3718.095132177186,10.71978350745993,0.002952979486345569,0.5264674350349926,0.001
63,0.1695385379226584,0.14282120842682688,307.8676051089638,3627.2567331414475,6.481817307981494,0.15131610428401687,400.1425012349016,3708.259393989524,10.62700959325692,0.002983026383219066,0.5250747337534893,0.001
64,0.16797155377111936,0.14163033977935188,302.8961599249589,3624.0002569901317,6.449339902178784,0.15053882708143246,390.21863602705463,3718.518954428637,10.572421006486405,0.0029090448600188126,0.5265274465746923,0.001
65,0.1671934739539498,0.1412198900392181,298.05694580078125,3619.3136307565787,6.4121255831616795,0.1496607096665232,379.4038289205989,3711.604720721959,10.510750358564282,0.002828421445039348,0.525548418670515,0.001
66,0.16511082100240806,0.1399073451757431,287.8493957519531,3614.7682848478617,6.375410051972706,0.14878931530919887,370.74116073018314,3712.186485866202,10.44955187451255,0.0027638420322518196,0.5256307942936216,0.001
67,0.1644511905155684,0.13960001382388568,283.1799428839433,3612.6796618009867,6.3323691970011655,0.14777076164359945,365.78194891898056,3708.1847816146455,10.378018314837664,0.002726871553916891,0.5250641689389196,0.001
68,0.16081695807607552,0.13617363376052757,280.472412109375,3607.894891036184,6.304941346825532,0.1471321390111613,357.6201946509976,3690.3453269751435,10.333167511458186,0.0026660264094006095,0.5225381733437015,0.001
69,0.16144112066218727,0.1372416729205533,274.50529319361635,3611.549444901316,6.264998013046357,0.14617842490647703,353.53084594775106,3699.196893164315,10.266187668250746,0.002635540682355069,0.5237915197971922,0.001
70,0.15971181659322037,0.13580815846982755,270.69976164165297,3601.1740337171054,6.22121765729913,0.14513986044054963,353.35435442000596,3698.605938051434,10.193248739543526,0.0026342249538782053,0.5237078429111957,0.001
71,0.1574530530917017,0.13367282952132978,269.03308587325245,3602.7406455592104,6.1803732221577246,0.14417500066430114,350.5594668822114,3692.1544051230553,10.125486129959718,0.0026133893184792124,0.5227943315909895,0.001
72,0.15689263610463394,0.13367282638424322,261.59486469469573,3600.1948499177633,6.151413288680164,0.14348881431638702,345.1246856650013,3690.844571762927,10.077294901824752,0.002572873512965107,0.5226088644136002,0.001
73,0.15659049074900777,0.13361280489909022,258.3520925421464,3601.276302939967,6.115861278416341,0.14264676560730094,336.7236486583406,3688.832854614804,10.018157378084044,0.0025102445371379253,0.522324013292438,0.001
74,0.15521874553278872,0.1327471399777814,251.70743600945724,3593.5472219366775,6.078652548735287,0.14176624182151365,331.76315986898004,3685.3883891679716,9.956317729469454,0.0024732645390456,0.5218362907290299,0.001
75,0.15465031368167778,0.13238259444111272,248.883106432463,3601.484619140625,6.0338103770375895,0.14069469055031816,338.22186386392065,3696.0371400048307,9.881062120077825,0.0025214135968408876,0.5233441113576337,0.001
76,0.15160901452365674,0.12954796144836828,246.26170268811677,3591.422299033717,5.994740537684141,0.13977033767054078,329.15516636354783,3692.3065367457,9.81614433113904,0.00245382218186045,0.5228158728217311,0.001
77,0.1520378966080515,0.13025210876213877,242.58646593595805,3591.8042120682567,5.9613101290573525,0.13897707276042573,329.24979885824513,3692.1757917350133,9.760432919259417,0.002454527658603162,0.5227973598499074,0.001
78,0.15084374578375565,0.12937602439993307,238.29667904502466,3595.4706774259867,5.924867941592287,0.13811066214157058,331.2945916304497,3694.430370530666,9.699584445781728,0.002469771404940723,0.5231165992113104,0.001
79,0.1492148704434696,0.1279139969693987,236.07989341334292,3594.8799213610196,5.8957370956887605,0.137426988029589,320.41135993924905,3683.6340313342685,9.651569653297692,0.0023886378908317602,0.5215878806598926,0.001
80,0.14810522528071152,0.12731523851030752,229.35596345600328,3588.2898977179275,5.8667093714759,0.1367418405869595,314.37560837955476,3678.4161634831057,9.603451388027311,0.0023436419054276656,0.5208490513921368,0.001
81,0.14677114353368156,0.12617475892368116,226.75336657072367,3589.8803453947367,5.825159629916237,0.13574997890669896,312.41730471128545,3687.193202439591,9.53379242052225,0.002329042927586587,0.5220918450868525,0.001
82,0.14671297292960317,0.126349707183085,223.6672234786184,3588.2195209703946,5.784884404737868,0.13479705961949429,310.2489835877745,3683.0412988659878,9.466868397764461,0.0023128782884923576,0.5215039521074635,0.001
83,0.14493401623085925,0.12489948304075944,219.22834858141448,3592.4047594572367,5.744596924977607,0.13383898983680534,307.6519173473188,3686.143055678528,9.399582652999747,0.002293517393085501,0.5219431484957076,0.001
84,0.1450335403022013,0.1252443825728015,215.94708653500206,3593.12646484375,5.71657000787644,0.1331740634254604,310.65071803896075,3685.701330849162,9.352884521392358,0.0023158731827193847,0.5218806020224086,0.001
85,0.1437991567348179,0.1241812247194742,213.75754828202096,3586.1171104029604,5.688700009432609,0.13251495226671048,305.4641751483629,3682.578665657775,9.306594798033428,0.002277207971619332,0.521438445091147,0.001
86,0.14265974375762439,0.12325349959887956,210.90754217850534,3588.1765650699012,5.643756287046946,0.131448778754817,304.6064173160579,3682.024710506838,9.231716871506178,0.0022708134640719406,0.5213600072521271,0.001
87,0.141282882737486,0.12204052821586006,208.73989145379318,3586.8628186677633,5.610171292904673,0.1306499767678551,304.5132359945462,3684.68421372496,9.175616587807205,0.0022701188056949008,0.5217365822960508,0.001
88,0.14106168088160062,0.12187880277633667,207.91443112021997,3589.2966051603617,5.58206154600134,0.1299775782352248,302.07615897200174,3692.722162823327,9.12839368519175,0.0022519506155282694,0.5228747238159211,0.001
89,0.13967555839764445,0.12045851702752866,208.33164174933182,3592.1642295435854,5.54294710315789,0.1290557499771647,296.76187456288176,3683.4623932664467,9.063653201764073,0.00221233310288862,0.5215635773943472,0.001
90,0.13800577231143651,0.1193480687706094,200.77822554738898,3599.3321725945725,5.5160412464485855,0.12841884661341818,295.2771102551829,3681.145660913113,9.01892314352911,0.00220126431842044,0.5212355373371773,0.001
91,0.13729413245853625,0.11870201167307402,199.91790129009047,3598.276007401316,5.477963731101868,0.1275146656765688,288.4792997195453,3682.3208964569976,8.955422040752216,0.0021505872518420323,0.5214019460008493,0.001
92,0.13658991024682396,0.11832825212102187,195.61708711322984,3590.3746016652963,5.438665556794107,0.126580283425001,287.30422437550095,3685.03537638674,8.889799883757332,0.002141827170764075,0.5217863055277743,0.001
93,0.13640998735239632,0.11830604743016393,193.5177499871505,3590.1081414473683,5.412703484535772,0.12596116467639293,284.0046194493504,3689.677760344825,8.846318848397912,0.002117228912597221,0.5224436485725257,0.001
94,0.13438129189767337,0.11653256730029457,190.011036119963,3597.898077713816,5.383254298199023,0.12526462619152254,283.6494880097561,3686.2278627387477,8.79740058423948,0.0021145814396330872,0.5219551568370435,0.001
95,0.1346212005928943,0.11677973090033782,189.85528162906044,3602.322021484375,5.341793289797036,0.12427627435764174,282.68916016353126,3692.8631103831144,8.727988115091781,0.0021074222818505775,0.5228946814279881,0.001
96,0.1319202165070333,0.1143375039100647,186.486671849301,3596.210757606908,5.302878542379098,0.1233549485023269,284.95767816865356,3689.508139913961,8.663282915673157,0.0021243338796918545,0.5224196309963228,0.001
97,0.1314987214772325,0.11408169528371409,184.26511262592516,3597.1412803248354,5.288060841483218,0.12300454509852006,274.28264440059996,3688.223661646287,8.638673900318283,0.0020447524623878116,0.5222377539988549,0.001
98,0.13115114953957105,0.11370741536742762,184.5580661171361,3601.8769788240133,5.260365125746365,0.1223481707597113,278.11963587198807,3686.7078142280857,8.592576385263337,0.0020733568889508822,0.5220231160528651,0.001
99,0.13019091753583206,0.11306488317878623,180.44366856625206,3592.7589561060854,5.224922147866237,0.12150454574953148,271.0270621260588,3690.822829097388,8.533328157067713,0.002020482389132095,0.5226057857389159,0.001
100,0.12887246357767204,0.11208507967622656,175.90318218030427,3594.6442742598683,5.174702236173401,0.12030846969467922,271.7260346299363,3697.1675142052513,8.449327106622201,0.0020256931663271607,0.5235041678340737,0.001
101,0.1285580722124953,0.11164111291107379,177.4990338777241,3604.5322265625,5.155696424211066,0.11986416763761122,270.47356562771347,3687.216518536727,8.418123539459891,0.002016356122483369,0.5220951465531727,0.001
102,0.12796269710126676,0.11116085005433936,176.04889156943872,3598.1791221217104,5.112958700157006,0.11884104818600477,269.9618674290679,3700.478517081252,8.346269322232216,0.0020125414584022112,0.523972992629985,0.001
103,0.12664704024791718,0.11004457073776346,173.3737110338713,3599.437808388158,5.092603400605032,0.118360944241152,268.18514967320255,3696.1747604174434,8.31255136965967,0.0019992961872177615,0.5233635978589364,0.001
104,0.12654819849290347,0.11002967036084126,172.32392722681948,3594.234130859375,5.052760620180579,0.11741541706759623,263.59033344502785,3696.421688308511,8.246146498931553,0.0019650422452036345,0.5233985618630372,0.001
105,0.12602752643196205,0.1094299084261844,173.2037457917866,3607.3366442228617,5.023446744619419,0.11672221378968883,263.1340250754193,3692.7924644985214,8.197462468112388,0.0019616405073196925,0.522884678252616,0.001
106,0.12334006436561283,0.1070637616672014,169.10678823370682,3593.2934184827304,4.995294400556074,0.11605565129187748,263.24375624428666,3690.508262481826,8.15064943329191,0.0019624585433213235,0.5225612443613139,0.001
107,0.12396863573475887,0.1077439557564886,168.31682546515214,3600.9187140213817,4.9844547531291274,0.11579768739041496,266.18752608511153,3691.430878714025,8.132532492808098,0.001984404082908357,0.522691883138435,0.001
108,0.122592467618616,0.10656461903923437,165.78614807128906,3593.8875539679275,4.932995647083894,0.1145778052380692,258.1735948122144,3689.89911587066,8.046859527614064,0.0019246609455345974,0.5224749916317466,0.001
109,0.12198544097574134,0.10596315523511485,165.56792008249383,3604.6910850123354,4.907561611613306,0.1139692285847434,260.6017243532931,3697.1994384498644,8.004118869151258,0.0019427624330310713,0.5235086881797291,0.001
110,0.12162817151922929,0.10589755326509476,161.73109516344573,3600.785580283717,4.880261067074575,0.1133258007626041,254.75324068525484,3690.8835850901555,7.958930594771628,0.0018991625129282522,0.5226143885450675,0.001
111,0.12106401120361529,0.10544909183916293,160.23083817331414,3597.605288856908,4.8579244625509395,0.11280333774797792,250.39093830045312,3679.7819652138323,7.922237742448832,0.0018666419407188935,0.5210424434674817,0.001
112,0.11985753398192556,0.10425625388559542,160.07747449372945,3595.4694952713817,4.818219619605338,0.11185655105225382,252.82845498060468,3686.4035974372296,7.85574441481635,0.0018848134084934705,0.5219800401691443,0.001
113,0.11885828093478554,0.10348381494220935,157.06298185649672,3594.7421618009867,4.802642117919862,0.11148794510454837,244.08647243288524,3685.2724287543338,7.829857025229284,0.001819642714300756,0.5218198711971559,0.001
114,0.11886299087813026,0.10344546092183966,157.60209816380552,3597.3727513363488,4.768331286878408,0.11068033273603561,242.57577345662543,3675.4856501912154,7.7731379837999,0.001808380589209376,0.5204341024031328,0.001
115,0.11802898700300016,0.10285737639979313,154.35329477410568,3595.1124074835525,4.740857162891039,0.11002132182348105,241.39990421108962,3685.9816741382097,7.726855300783999,0.001799614589667153,0.5219202975135318,0.001
116,0.11750131021989019,0.10230401472041481,154.6687690333316,3597.1368600945725,4.713275666415476,0.1093588909159267,241.76971201939804,3697.6936844589577,7.6803324297204085,0.001802371473640987,0.5235786714425111,0.001
117,0.11667919119721964,0.10174258053302765,151.25499765496505,3592.4853258634867,4.689448200039736,0.10880826319415926,241.95286433698405,3675.6162706438263,7.641661555200982,0.001803736857707465,0.52045259773803,0.001
118,0.11614309133667695,0.10108217910716408,152.8294368543123,3598.7040244654604,4.655940416940271,0.10801221757537625,240.294337095827,3676.983231551036,7.58575485268901,0.0017913726861875927,0.5206461539481397,0.001
119,0.11549002637988642,0.10063845742689936,150.07551976254112,3595.9037571957238,4.62414952100313,0.10725928017746823,239.56926004857473,3674.783269530085,7.532875663203191,0.0017859673019678588,0.5203346481041066,0.001
120,0.11419566720724106,0.09930166641348287,150.7784194946289,3585.6191534745067,4.612148445278269,0.10697271764420624,233.35301053921026,3677.7302118186294,7.512750225765763,0.0017396257205715324,0.5207519233734829,0.001
121,0.11411984304064199,0.09932062147479308,149.38876985248766,3595.0630139802633,4.574496904781133,0.10608224091970467,229.0493632596368,3673.4244903798062,7.4502115770302115,0.0017075424168999233,0.520142250398132,0.001
122,0.11383485794067383,0.09922449486820321,146.8061129921361,3599.9042711759867,4.54849928314246,0.10546046713348031,236.58830172793506,3680.1915584768617,7.4065440769825,0.0017637445256061836,0.5211004402391965,0.001
123,0.11332283012176815,0.09890142906653254,144.44656131142065,3587.910220497533,4.525113788052354,0.10491896146144197,225.70840065767732,3660.7299771679122,7.3685138488135715,0.0016826358409770053,0.5183447579800802,0.001
124,0.11183008041821028,0.09752174506061956,142.97833131489,3584.9599866365133,4.505097318542837,0.10443787224155994,223.33599763713426,3669.8883240249716,7.334726699857485,0.0016649497896826088,0.5196415433520493,0.001
125,0.1102466355813177,0.09604059630318691,141.62552281429893,3584.1241776315787,4.478086290822307,0.10380033325640578,224.84934866040848,3664.64576304491,7.289952001596738,0.0016762316855461238,0.5188992176357701,0.001
126,0.11046822761234484,0.09628121162715711,141.32064899645354,3587.9665398848683,4.466298308377388,0.10352561475387066,227.34310244423622,3657.0351803266976,7.270658376666994,0.0016948223958742016,0.5178215894900823,0.001
127,0.10969427227973938,0.09552503494839919,141.22434194464432,3577.4111328125,4.428978103852075,0.1026448161787607,222.99870824998717,3650.0307886108676,7.208799429453737,0.0016624353276158842,0.5168297955715512,0.001
128,0.1093529105970734,0.09520925581455231,140.84493255615234,3580.2832288240133,4.420372136071458,0.10243082532992667,220.09150542742643,3664.705662858665,7.193770739585011,0.0016407623918634866,0.5189076992103898,0.001
129,0.10953453849805028,0.09564375798953206,137.43972979093851,3582.7997661389804,4.3756525726537125,0.10137630284916917,219.19479615556304,3654.732735260401,7.11971107110266,0.0016340775048350143,0.5174955724557488,0.001
130,0.10778290543117021,0.09399719026527907,136.00864289936266,3585.0674213610196,4.368860635535175,0.10120760631295816,221.2816100294517,3665.8043523679044,7.107863424633395,0.001649634514708912,0.5190632692609846,0.001
131,0.1083165630698204,0.09456279834634379,135.5739521227385,3585.7182103207238,4.3389451496360545,0.10050954949175557,211.53141918461108,3648.642501914486,7.0588385269157365,0.0015769477182755926,0.5166332197147874,0.001
132,0.10646552984651766,0.09301599115133286,131.74276572779604,3568.830810546875,4.305985313495721,0.09972344399926582,209.90086627629893,3654.5662674691976,7.003629924701657,0.0015647920928928383,0.5174720012807424,0.001
133,0.10644872957154324,0.09291881087579225,132.67105223003188,3579.5894068667762,4.284437906196544,0.09921420660588007,202.5187238569418,3651.8121409368323,6.967865914715,0.0015097588846391227,0.5170820279530812,0.001
134,0.10672239763172049,0.09332109752454255,131.02365554006477,3574.525262129934,4.254570980779302,0.09851254637014535,206.05063880429682,3641.02755068339,6.918587947299424,0.001536088993134798,0.5155549730051062,0.001
135,0.10501754793681596,0.09164251818468697,130.7670854267321,3567.4975457442433,4.246543601866107,0.09832184560813964,208.58448571094118,3641.1918229322,6.905194932478792,0.0015549785940900361,0.5155782333000701,0.001
136,0.10434043799576007,0.0910872126880445,129.19934724506578,3563.2742727179275,4.221195477805308,0.09772696967852117,201.7276630198722,3631.628311807989,6.863416483048272,0.0015038615971967057,0.5142240782845303,0.001
137,0.10446544658196599,0.09137022103133954,127.04739741275185,3566.671746504934,4.185526194340537,0.09687904281909641,199.9577140167203,3633.872905278777,6.803866133717484,0.001490666786455382,0.5145419037637751,0.001
138,0.10301873950581801,0.09000662008398458,125.98691438373767,3563.100341796875,4.173003715122069,0.09658040560190145,197.65203172831806,3636.1691499644285,6.782892684876391,0.0014734781322224564,0.5148670428489496,0.001
139,0.10219111999398783,0.08934553594965684,123.85135449861225,3556.7320235402963,4.145742984179607,0.09593853943301,195.1908489287593,3628.7571412164325,6.737814086225758,0.0014551302356547312,0.5138175319851085,0.001
140,0.10185515880584717,0.08893406900920366,124.77399565044202,3563.0384200246713,4.118479689990455,0.09529835844042288,193.50631073571446,3618.706226865012,6.692853838393349,0.0014425721548263141,0.5123943626173979,0.001
141,0.10125448554754257,0.08854289039185173,122.11122332121197,3553.2523386101975,4.104232536898983,0.09495686124541766,190.1276061068189,3623.9324006913894,6.668870310767108,0.0014173842154847163,0.5131343679781022,0.001
142,0.10027017993362326,0.08745787802495454,123.47248478939659,3551.8643991570725,4.083342402086426,0.09446857707562557,188.22179380607056,3612.921467637812,6.634577856694431,0.001403176556070756,0.5115752637927651,0.001
143,0.10055653750896454,0.08765793278029091,124.63782179983039,3550.767693770559,4.0777228587819785,0.0943329777590429,193.9175475837578,3615.954435335427,6.625054645368171,0.0014456378885678667,0.5120047199168134,0.001
144,0.09955385876329322,0.08689276795638234,121.59220364219264,3541.6746119449012,4.043751239192975,0.093530530859763,189.32224377060354,3610.622103272334,6.56869837755995,0.001411380311651539,0.5112496829733751,0.001
145,0.09933196557195563,0.08664390131046898,121.90739681846217,3545.008673416941,4.039347411019283,0.09343638461227978,184.89029010606222,3595.4360848629804,6.56208643708007,0.001378340495411749,0.5090994033607916,0.001
146,0.09880022783028453,0.08638433798363335,118.3247752942537,3541.5312885485196,3.9933522021738637,0.09233223970337646,181.80360295794122,3614.370233396399,6.484541759368586,0.0013553295201437585,0.5117804032434179,0.001
147,0.09755365864226692,0.08517195794143174,118.04999341462788,3527.9510048314146,3.975340450322196,0.09191607281629366,178.25685380995776,3597.777531121073,6.4553141399929,0.0013288888240156472,0.5094309428082636,0.001
148,0.09712591571243186,0.08491011905042749,115.80317848607113,3530.557681435033,3.951392879010161,0.09135180802110152,182.84991389091712,3591.5184752732316,6.4156855266340145,0.001363129674110121,0.508544685474653,0.001
149,0.09790044238692835,0.0855119977342455,118.11935505114104,3529.4928685238488,3.9356577583905645,0.09096907619477645,207.5103673695072,3604.081879120222,6.388806069161551,0.0015469711383928567,0.5103236133297778,0.001
150,0.09625728702858875,0.08376464482985045,119.64904263145046,3518.962646484375,3.918643014772547,0.090577843627075,175.41053248025372,3587.096868903159,6.361329600150994,0.0013076697543206689,0.5079186036554331,0.001
151,0.09629891263811212,0.08396132525644805,117.50778318706311,3524.5049085115133,3.8971233100406155,0.09007288795399707,174.523117358197,3578.607925543978,6.3258662976336595,0.0013010541543436779,0.5067166031477569,0.001
152,0.09538784976068296,0.08328278441178172,114.56082313939145,3513.0021201685854,3.867946631390301,0.08937529132373054,182.1697289155603,3585.9339564537977,6.276873719367493,0.0013580589562516164,0.5077539398927748,0.001
153,0.09485046447891939,0.08282227304420973,113.42266524465461,3521.491570723684,3.8562502425129996,0.08910931906509097,175.7899009840355,3569.0106795686697,6.25819434774689,0.0013104979124199734,0.5053576714119081,0.001
154,0.09422456590752852,0.0821980755580099,113.65853921990646,3502.1001233552633,3.8334756050210963,0.08856113633811799,170.83243671299294,3580.7430280971175,6.2196951864978995,0.001273540461839875,0.5070189251499456,0.001
155,0.09380727810295005,0.08194245123549511,111.40094757080078,3509.7550884046054,3.830772655028239,0.08851465264203617,169.90415324457527,3554.5127238550367,6.216430612072534,0.001266620192013875,0.5033048187315793,0.001
156,0.09308088688473952,0.08125440776348114,110.96084956118935,3504.4160927220396,3.7842993006075307,0.08740264483522807,165.1871479844843,3568.34836971633,6.1383337189054625,0.0012314553417487586,0.505263890979519,0.001
157,0.09160980464596498,0.07967970853573397,112.33802594636616,3504.744256270559,3.770220230387593,0.08707070955937207,177.53061581748253,3564.4541674821676,6.11502172989046,0.0013234747850536179,0.504712487481533,0.001
158,0.09267774106640565,0.08062463253736496,114.13721666837993,3492.8167917351975,3.7567995062256716,0.08676059676669608,161.79831072781428,3552.8141201287403,6.093242345347399,0.0012061918645777897,0.5030643032215847,0.001
159,0.09200437915952582,0.0801431187673619,111.53803333483245,3495.9073036595396,3.7313023068302673,0.08615696223702485,157.29344123546807,3550.895266463024,6.050848774828316,0.0011726084673951479,0.502792601198994,0.001
160,0.09066847437306454,0.07900190667102211,109.20818328857422,3475.9538060238488,3.7171419284853773,0.0858216485720954,160.10718218959553,3549.6586303407553,6.0272995197717165,0.0011935846533184195,0.5026174984584191,0.001
161,0.090628403582071,0.0789622437012823,109.25000120464124,3472.4086657072367,3.684237228775044,0.08504192201502696,161.18114783695387,3547.8952600555162,5.972538913547473,0.0012015909706949886,0.5023678122621051,0.001
162,0.09016655032571994,0.07863111597926993,107.50406807347348,3472.6287135074012,3.670292155265608,0.08471224862404071,157.99419939234735,3546.184744480223,5.949385777896581,0.001177832556472853,0.5021256100818223,0.001
163,0.08974026770968187,0.07831201388647682,106.10835908588611,3470.127312911184,3.642453324094377,0.08405994561607599,163.6011579850877,3533.4640104341415,5.903574194548255,0.0012196319288468027,0.5003244048982742,0.001
164,0.08899525905910291,0.07753946573326462,106.48505522075452,3469.4146921258225,3.6248135135589776,0.0836400293233748,162.08497441693132,3535.47732033347,5.8740832524438735,0.001208328916615771,0.5006094815466517,0.001
165,0.08884911396001514,0.07741737601004149,106.2300961143092,3464.4808156866775,3.6133686556557647,0.08337457504118635,157.90641710945218,3526.549405189072,5.855440258581879,0.0011771781474434512,0.49934532438574314,0.001
166,0.08804396853635185,0.07661993174176467,106.19886579011616,3459.1208753083883,3.576468807981895,0.08250452769165284,153.0487441341568,3518.4179903510694,5.794336375595797,0.001140964632004236,0.4981939484900807,0.001
167,0.08785377168341686,0.07665928806129255,103.32129468415913,3445.3869500411183,3.5559789299713773,0.0820241039266097,151.82744968443507,3509.8086780184412,5.760595961883062,0.001131859991647474,0.49697490421605217,0.001
168,0.08601513191273338,0.07483568866001933,103.01875465794613,3453.0366724917762,3.5353145362206306,0.08152897457015101,152.49026888513532,3516.8192949682807,5.725822766750352,0.0011368012492166926,0.4979675796028795,0.001
169,0.08546484300964757,0.07439124309702923,101.58962972540604,3454.375860916941,3.5176652453017696,0.0811121819616964,151.96053885408608,3513.797930491351,5.696551202633606,0.001132852159445607,0.497539766448582,0.001
170,0.08631676749179237,0.07523659655922338,101.74077325118215,3449.611700760691,3.4917874724014366,0.0805065194475377,150.13822790021297,3501.3167275962446,5.654015205697288,0.001119266995067776,0.49577247792025153,0.001
171,0.08459224042139556,0.07371627676643823,99.29035628469367,3429.1859966077304,3.4648708171572844,0.07986139819338564,143.26002717238555,3511.1306704505914,5.60870800069669,0.0010679906268317987,0.4971620930695236,0.001
172,0.08500662406808451,0.07413372279782045,99.0921217265882,3440.9913779810854,3.459691245110237,0.07974455498721114,146.43164735864795,3501.9240204958714,5.600502040869753,0.0010916347702656323,0.49585846817166135,0.001
173,0.08439000735157415,0.07351867482066154,99.1398038362202,3435.847720497533,3.426236215072096,0.07895727569237537,145.21614539039007,3492.0863716572226,5.5452110018995135,0.0010825733123375743,0.49446549634960213,0.001
174,0.08385395846868816,0.0731873112289529,96.5214036640368,3427.541131270559,3.405392564565053,0.07846021880353583,146.71542051675388,3495.591207287162,5.510302435153852,0.0010937502736547173,0.4949617670900533,0.001
175,0.08282982636439173,0.07219732395912472,96.12839909603721,3422.8718390213817,3.384997199596131,0.07797523532464593,148.82748236667092,3496.9285639531454,5.476241790339335,0.0011094955049207017,0.49515113145773015,0.001
176,0.08304328000859211,0.07235934742187199,96.7977832994963,3424.0987099095396,3.3723867297977472,0.07768392826551139,142.8817602867326,3485.4022489480035,5.455783142354349,0.0010651706811966352,0.4935190512444923,0.001
177,0.08212047462400637,0.07135417430024397,97.98968505859375,3417.0748098273025,3.339010919203096,0.07689782671051905,138.99526957060522,3476.750151401652,5.400574816672783,0.0010361972422128615,0.49229394875491916,0.001
178,0.0819611412129904,0.07126185592067869,97.09582198293586,3417.097771895559,3.326104724173043,0.07658625202934338,141.98763035699238,3484.4684359350144,5.378692762931465,0.0010585050229318684,0.49338682704788794,0.001
179,0.08130356120435815,0.07071965834812115,95.59942064787212,3413.946905838816,3.305101303595245,0.0760973262978259,134.43464155355474,3470.709134611651,5.344355251641364,0.0010021981702399417,0.49143856488189464,0.001
180,0.08066861409890025,0.07007996090932896,95.70254998458059,3410.9618112664475,3.298350483709503,0.07593016752767473,133.53140196291588,3481.101935882978,5.332615603291317,0.0009954646002719217,0.492910144073291,0.001
181,0.08063598447724392,0.07017813328849642,93.92091209010074,3413.783935546875,3.268202437052113,0.07522463719565609,132.0456808871239,3466.4132562218847,5.283065836978123,0.0009843886831835983,0.4908302856430151,0.001
182,0.08039403275439613,0.07005321803061586,92.42919199090255,3408.626529091283,3.2470844975332214,0.07472603524349854,133.52428083517452,3462.532579363785,5.2480487596229635,0.0009954115129046333,0.4902807972843116,0.001
183,0.0786443411519653,0.06831362706265952,92.37549189517372,3402.552798622533,3.2274403787738684,0.07425624307106878,132.43909239927785,3467.9617598939694,5.215055008251481,0.000987321530648178,0.491049547584252,0.001
184,0.07923243037964169,0.06895519087189123,91.70422202662418,3399.4233269942433,3.2019643548699004,0.07365248883288428,131.4109053232049,3466.7857285569826,5.172653030540547,0.0009796564884061146,0.49088302623945207,0.001
185,0.07878851184719488,0.06841899199705374,92.9630147030479,3397.293084395559,3.193236342261886,0.07345073108188864,130.60172758890272,3458.837963825927,5.158483477567388,0.0009736241411231153,0.4897576544661456,0.001
186,0.07827122803581388,0.06792970393833361,92.65415954589844,3392.4619012129933,3.176466338938257,0.07305860340458958,127.64303627397184,3450.292802446037,5.130944144538981,0.0009515673632877143,0.4885476937110542,0.001
187,0.07778905920292202,0.06770483286757219,89.18508108038651,3395.344662314967,3.1598077171969003,0.07266140023979874,127.94200937187877,3453.061411742982,5.1030483573544165,0.0009537961808618953,0.4889397177403918,0.001
188,0.077098390773723,0.06696823925564163,89.98378633197986,3381.3673930921054,3.1407644572036,0.07220197546546081,127.65049408411029,3464.2397204151753,5.070782713803978,0.0009516229605920131,0.4905225216454745,0.001
189,0.07610958246024031,0.06599931497322886,89.56909581234581,3392.5856548108554,3.1129940661989903,0.07155407082579436,127.75960565724967,3447.6805140200163,5.025280030174696,0.000952436377563179,0.488177804093299,0.001
190,0.07672323031645072,0.06641094386577606,92.34197315416839,3386.6394428453946,3.095551683289406,0.0711440590515515,127.61963056880421,3441.855184926512,4.996484687611232,0.0009513928758593172,0.4873529607374765,0.001
191,0.07602839564022265,0.06593268462701847,89.41826067472759,3389.3406275699012,3.063076459212078,0.07036716227373103,123.45304977397272,3451.3226064850196,4.941922818271984,0.0009203313905123762,0.4886935098539226,0.001
192,0.07510436757614739,0.06481657883054331,92.06746512965152,3382.7284770764804,3.058032772819442,0.0702504230112664,128.26514713853547,3446.673278438463,4.933724158466463,0.0009562051438697652,0.4880351835539515,0.001
193,0.07480212830399212,0.06485792171013982,87.71473934775905,3365.6009328741775,3.0298884538472333,0.06959119116481367,126.06408570810393,3433.886278379436,4.887425959146686,0.0009397964287300337,0.4862245953673802,0.001
194,0.07432209484671291,0.06452917131154161,85.6261171039782,3370.9636615953946,3.0052305324301094,0.06899900416373164,121.67615510625978,3444.5639679504206,4.845836354581605,0.0009070848004660033,0.4877365136052668,0.001
195,0.07362582005168263,0.063833192775124,85.65581713224712,3368.4410593133225,2.9952512454326965,0.06877399918211538,125.67609479922947,3426.769684350613,4.830034136374358,0.0009369039913757168,0.485216914049031,0.001
196,0.07314923915423845,0.06328187118235387,86.68234493857936,3366.191766036184,2.9746432657428556,0.06826664054236149,130.01465982660312,3453.775744300036,4.794402072243456,0.0009692476037188844,0.48904086438019123,0.001
197,0.07306601891392156,0.06315227637165471,87.36734490645559,3361.1918688322367,2.9583438637105144,0.06789718119468115,123.16599553782585,3428.3231835976335,4.768454747927281,0.0009181914269813883,0.4854368833437459,0.001
198,0.0725892543008453,0.0628121397212932,85.50007629394531,3364.6096319901317,2.9409770893159974,0.0674903711613491,117.48008532798578,3420.6955945274444,4.739884265312038,0.0008758034773978709,0.48435684716647576,0.001
199,0.07236136790168912,0.06238221220279995,88.28526547080592,3357.7603567023025,2.935803100127968,0.06735783103879017,127.78018489738668,3434.6674240147195,4.730575902791143,0.0009525897939488063,0.48633520247246403,0.001
200,0.07195880695393211,0.06184750893398335,90.09834891871402,3353.9218621504933,2.901889699747339,0.06656156182703908,122.30797814986308,3422.2448253546263,4.674653497227417,0.0009117949844698964,0.484576212069973,0.001
201,0.07105249656658423,0.06113150578580404,87.65609419973273,3346.7838841488488,2.8967613898377604,0.06643491451007162,124.48964843841016,3429.4887395810033,4.665758989542714,0.0009280591403896912,0.48560192142027164,0.001
202,0.0713608213945439,0.06155706785227123,85.97419176603618,3355.688052528783,2.8721141319250694,0.06586709420064037,120.52053748514865,3404.263853518149,4.625880670548683,0.0008984697749637169,0.482030178204335,0.001
203,0.07057730873164378,0.06092073768377304,84.13537677965667,3346.4192922491775,2.842721504010297,0.06516842854278962,119.65727050186614,3406.003068565386,4.576813013912989,0.0008920341971909325,0.48227644411533044,0.001
204,0.06950801375665162,0.059939909922449214,83.04949509470086,3339.3906506990133,2.8295692982799587,0.06485082231479038,119.42237543033455,3414.1790038382915,4.554507361465772,0.0008902830755442582,0.4834341239269328,0.001
205,0.06907185774884726,0.05953148909305271,82.59184144672595,3345.9791581003287,2.812649684417426,0.06444966770839662,115.1935847845854,3413.8495663184867,4.526334062459052,0.0008587578213499421,0.4833874768886269,0.001
206,0.0687655733996316,0.059299355078684654,81.62998279772307,3343.9690840871713,2.7883593276786334,0.06387740197179569,115.31518417708808,3407.6267980341763,4.486143538776685,0.0008596643338920977,0.4825063577292202,0.001
207,0.06882725871707264,0.059267344835557435,82.9891606381065,3335.7268451891446,2.769833406318347,0.06343978092938037,119.21213080435295,3404.4092623055226,4.455409182787519,0.0008887157207536584,0.48205076750842724,0.001
208,0.06885033198877384,0.058783259830976785,89.67989068282277,3341.080206620066,2.762221172510229,0.06325797410593888,123.45459968406858,3405.909094448224,4.442640793950295,0.00092034294495284,0.4822631377553092,0.001
209,0.06816080036131959,0.05825097937332956,87.72821044921875,3330.2046797902963,2.7456479088981665,0.06287545695766111,116.6263929610343,3390.214635020566,4.415776413430009,0.0008694392775292995,0.48004086492327935,0.001
210,0.06738064477318212,0.05801494125472872,80.48111403615852,3329.6185109991775,2.7222851239404884,0.0623160071203635,116.16158657603003,3397.707143478477,4.376485957096633,0.0008659741877043562,0.48110177422484,0.001
211,0.06690061210017455,0.05741848208402332,82.06440534089741,3327.298224198191,2.694660769141845,0.06165517970455938,117.22528759851787,3405.4832608702404,4.330075700102068,0.0008739039832250665,0.48220284141979786,0.001
212,0.06726754241083797,0.05734383216813991,88.0088926616468,3323.0437911184213,2.693384130018857,0.0616251775297354,118.24215934428037,3404.9919281900848,4.327968631583607,0.0008814846706966501,0.4821332706727689,0.001
213,0.0663094695069288,0.056727814046960125,83.47604851973684,3320.9512104235196,2.6772631618934017,0.06124568380765785,112.45330213938689,3400.715295722037,4.301316587875627,0.0008383292605175456,0.4815277165796109,0.001
214,0.06612999521588024,0.05658711532228872,82.91082763671875,3324.5669202302633,2.6366776685929922,0.06029082296684848,117.10684856381043,3388.13710931675,4.2342562087869595,0.000873021030866232,0.4797466955732157,0.001
215,0.06526837399915646,0.05579826588693418,81.97441582930715,3322.0268169202304,2.632896949040077,0.060200221112914745,115.30096538091277,3389.541898210713,4.227893192930343,0.0008595583340445491,0.47994560807531117,0.001
216,0.06520234597356696,0.055713671210565065,82.26421677438836,3318.8584883840463,2.6186500076670045,0.059850542921173325,114.78122463087898,3406.7981595112274,4.20333510960027,0.0008556837134656302,0.48238902582074566,0.001
217,0.06395083607027405,0.054763729046834145,78.29361965781764,3315.086490028783,2.5874708879300687,0.059120261764855825,112.42434149928994,3392.5750244941564,4.1520470798781055,0.0008381133615485096,0.4803750866544799,0.001
218,0.06394248926325848,0.05474881259234328,78.34024007696854,3318.1583701685854,2.5661796830347643,0.058612457011681995,117.69250124825055,3396.070084839292,4.116383684967074,0.0008773870189922031,0.48086997325360753,0.001
219,0.06342247148093424,0.05389548171507685,82.8147860075298,3315.8809493215463,2.5580489306286256,0.05841967296838547,117.63195687011573,3395.8205270058997,4.102844360205622,0.0008769356660947368,0.48083463686016725,0.001
220,0.06290254134096597,0.053494010904901905,81.2775609869706,3312.7132889597037,2.5347553569863517,0.05787276969253217,116.3105882719931,3387.1331116141328,4.064435055481733,0.0008670849819559803,0.479604533504606,0.001
221,0.06317513494899399,0.053668957399694545,82.59034086528577,3311.9026135896383,2.5193167313760134,0.05750471276351194,117.94810553494878,3389.542498380648,4.038586223765703,0.0008792925259766688,0.4799456930569792,0.001
222,0.06199870395817255,0.05264928113473089,80.5523701717979,3307.9944747121713,2.4943110019563393,0.05691371782273513,115.12037725891362,3386.0825844315414,3.9970803382228595,0.0008582120658257097,0.47945578304729064,0.001
223,0.06149996503403312,0.05218592540998208,80.03163106817948,3311.6664011101975,2.479465511850425,0.05656230233988168,106.19802131504932,3385.2304942344076,3.972400244024207,0.0007916967041761005,0.4793351304753268,0.001
224,0.06072320475390083,0.05156293119254865,78.05558636313991,3306.1048776726975,2.476907929238694,0.05650321289545879,112.0461258752195,3382.533653640785,3.968250361262464,0.0008352937980638362,0.4789532686080132,0.001
225,0.06089263291735398,0.05163745719351267,79.27908405504729,3309.2436651932567,2.4467411342165017,0.05578948640926468,111.98512964033443,3379.30361351425,3.9181249747305067,0.0008348390766149083,0.47849590781437445,0.001
226,0.06039718734590631,0.050996957444830945,81.23339281584087,3307.7259714226975,2.4299027268602624,0.055382169446102344,114.91810572110631,3390.6341011372742,3.889518890166647,0.0008567041496908543,0.48010025965168107,0.001
227,0.06007185068569685,0.05096124524348661,77.49965828343441,3298.1311163651317,2.4326529317999768,0.055453672048135165,113.13449857874673,3381.448286360473,3.8945405555164196,0.0008434075187492858,0.4787995849318771,0.001
228,0.060280983385286833,0.05069523814477419,83.6963657579924,3308.5180921052633,2.406363152010869,0.054829926676370475,117.13418482624877,3381.0187570579674,3.850734589979193,0.0008732248202458168,0.4787387652965199,0.001
229,0.06001258131704832,0.05051511153578758,82.68308980841385,3296.2388209292762,2.3824258369787334,0.05426614105891062,112.22624850631033,3374.90908226425,3.8111396295244853,0.0008366365960897909,0.4778736597241235,0.001
230,0.05863825819994274,0.04941058707864661,79.09585651598479,3295.4814581620067,2.3783714159002334,0.05417508639870018,114.06272408378943,3367.130995049132,3.804744812844888,0.0008503273564635349,0.47677231361003847,0.001
231,0.058408837765455246,0.04920110733885514,78.79066346821033,3298.4297774465463,2.3503368230615695,0.05350556399164741,107.60203986239488,3373.7549955263944,3.7577239020415307,0.0008021635362580094,0.4777102456469987,0.001
232,0.05820397130752865,0.04900918881359853,78.68404749820107,3293.4789011101975,2.338478407558646,0.053225967074995405,111.14183116639416,3370.8611937614946,3.7380876635224047,0.0008285523622845666,0.4773004948637329,0.001
233,0.05830493804655577,0.04913514636849102,78.33447145160876,3294.7063373766446,2.3283857981886285,0.05299314960966244,109.97789085654405,3360.9619696427794,3.7217367704745157,0.0008198752918857469,0.4758988042277096,0.001
234,0.057496378884503714,0.04856373350086965,75.21675270482113,3291.388312088816,2.3297202089774913,0.053027530874157416,107.50079962941545,3357.0542152375206,3.7241513847638883,0.0008014087994202857,0.4753454817963713,0.001
235,0.05733936868215862,0.048531095644361096,73.5473817524157,3292.219610916941,2.2966827049700846,0.052239861786335884,110.29410614186602,3362.3290752043413,3.668832970427236,0.0008222326484174362,0.47609238092029843,0.001
236,0.05677795723864907,0.047905661949985905,74.43864159835012,3289.3976922286183,2.290582387696557,0.05209115926868482,106.25457414626506,3368.3948963323423,3.6583895143979084,0.0007921183004500321,0.47695127698861123,0.001
237,0.056450822047497094,0.0474388750368043,76.34114355789988,3286.3617907072367,2.2643439572094253,0.051479309435090555,104.16295553469637,3352.399016894075,3.6154189787632176,0.0007765254716885638,0.47468632428578394,0.001
238,0.05634366269958647,0.04737356285515584,75.68180325156764,3293.9646124588817,2.255613878914431,0.051271256173103796,103.68378624677635,3353.728508829158,3.6008072887418323,0.000772953307713274,0.4748745750389466,0.001
239,0.0561151363347706,0.04728881426547703,73.97361112895764,3278.3006270559213,2.2433941287192307,0.05097593457537767,111.09852346770509,3361.2693021815817,3.5800666975999875,0.0008282295072831927,0.47594232128890734,0.001
240,0.05586355610897666,0.047059328148239536,73.6453090466951,3280.829461348684,2.240333128957005,0.05090477763984298,105.67946832802676,3359.345284598214,3.575069308590193,0.0007878309382636781,0.47566988807618193,0.001
241,0.05537147721961925,0.04641062236930195,75.82883975380345,3273.691470497533,2.211707217166678,0.05021905773575304,108.17572079431064,3368.71871490433,3.52691083905034,0.000806440276044893,0.47699712840632663,0.001
242,0.05640629365255958,0.04688373188439168,83.18344397293895,3283.8033640008225,2.2073758975981312,0.05012715496259865,106.17384535276294,3352.626921427251,3.520456458952598,0.0007915164745501113,0.47471859465831306,0.001
243,0.0549593069835713,0.045915244049147555,76.85467127749794,3279.9624922902963,2.194381274553781,0.04982143518526875,110.4684738749265,3348.44213544385,3.498985598187936,0.0008235325441958058,0.4741260456609017,0.001
244,0.05426828445572602,0.04563435363142114,71.43170607717414,3276.552914268092,2.17382332523665,0.04932971838063613,102.46704429674249,3354.5898568562666,3.464452068364908,0.0007638826058325214,0.47499653848269496,0.001
245,0.05434428037781464,0.04546002200559566,74.8548379195364,3270.144955283717,2.1639914279647017,0.049096242883639396,106.72919623009643,3354.5902845088976,3.4480549614071605,0.0007956565654275289,0.47499659903660113,0.001
246,0.05452014388222443,0.045654381772405224,74.58966947856702,3271.536736739309,2.1617974314942234,0.0490502033329695,106.20412758693435,3345.6499023922916,3.4448215795476864,0.0007917422258841919,0.4737306766021727,0.001
247,0.05440268567518184,0.045421774057965526,76.14046598735608,3270.376580489309,2.170219666854143,0.04924908095274688,111.59617576671175,3346.844427836701,3.458788859390494,0.0008319394604449414,0.4738998166387898,0.001
248,0.05410067227325941,0.04496212107570548,78.40248750385486,3258.3636667351975,2.135112968018225,0.04841929315803705,107.69930994625605,3342.076330412286,3.4005124261154385,0.0008028886759908804,0.4732246730688191,0.001
249,0.05330903867357656,0.04462797822136628,72.2557487487793,3261.879266036184,2.1178315496310405,0.048008573860098915,101.2944405807251,3343.3175572229316,3.3716673937907107,0.0007551409505193629,0.4734004258325507,0.001
250,0.05290337691181585,0.04437794105002755,70.25467079564145,3256.3352307771383,2.1018950172901922,0.04763119447043454,101.49537727104905,3342.092236129104,3.3451638407602067,0.0007566389154862016,0.47322692525485466,0.001
251,0.05295304522702569,0.04421918819609441,73.03918436953896,3255.9181357935854,2.104362807838998,0.04769493133875517,100.6637694778541,3334.438990425241,3.349640114546744,0.0007504393541300965,0.4721432562006296,0.001
252,0.052287284480898005,0.04382394018926119,69.4375722784745,3255.5258532072367,2.1048339244073713,0.047708539882359464,104.5519384097266,3330.6210252576207,3.350595849721908,0.0007794253040614175,0.4716026475670702,0.001
253,0.052182184042114964,0.04370892734119767,69.51570430554841,3259.5779836554275,2.075300714170317,0.0469996169141337,103.40369074429252,3342.6736792475176,3.3008078167834265,0.0007708652209163161,0.47330925528038864,0.001
254,0.05195461095947968,0.04328640158239164,72.23561778821443,3250.5375848067433,2.0620581066518175,0.0466937213893178,103.23365555848666,3330.2287015398215,3.279324613180383,0.0007695976238883347,0.4715470960940523,0.001
255,0.0519289346901994,0.04331547198326964,71.5179238570364,3249.618408203125,2.051489189379402,0.046441436304979954,99.3136404742658,3332.6226920835043,3.2616064990101843,0.0007403742637534838,0.47188607560270535,0.001
256,0.051449257292245566,0.042949910030553214,69.93642807006836,3254.1151572779604,2.043184728557418,0.046245117767429074,100.345960880063,3331.440896707473,3.2478189448581722,0.0007480701195971516,0.471718738092976,0.001
257,0.05137548791734796,0.04289655426615163,69.81664958753083,3242.6839149876646,2.040112347064048,0.046173651674648486,106.74144010148474,3328.9529640841693,3.2427998435723873,0.00079574784238829,0.47136645676068967,0.001
258,0.05127379651132383,0.042470741820962804,74.05569136770148,3248.8781224300988,2.0443187597823624,0.04627220453058397,113.59655931463108,3330.483392563951,3.2497212624816623,0.00084685214000681,0.4715831593268189,0.001
259,0.05096312024091419,0.04244844556639069,70.25132349917763,3245.8252852590463,2.009958305287252,0.04545186954279261,99.33861371472764,3338.5464181252487,3.1921087048084873,0.0007405604370166144,0.47272485157378197,0.001
260,0.050473720031349284,0.042079560262592214,68.68963080958316,3242.4364720394738,2.0141410537533484,0.04556112067844489,94.11032550090088,3323.9586100697293,3.1997814695293645,0.0007015840182838218,0.47065927616036457,0.001
261,0.05007937413297201,0.041842651014265264,66.62124874717311,3240.1286878083883,2.0000040699531514,0.04522753402906285,96.35163290143451,3321.008454852697,3.1763535036830364,0.0007182927635134896,0.47024154595313433,0.001
262,0.050161011713115794,0.04166459449027714,70.29011816727488,3224.658074629934,1.9889635105112016,0.04497613000347121,109.95302068685866,3304.514462668304,3.158697266732004,0.0008196898870059911,0.4679060624729901,0.001
263,0.050057568048176015,0.04123823834877265,74.60085176166736,3224.2652138157896,1.9807592722943634,0.044768448510568416,112.73606982991026,3323.6873403947957,3.144111686248929,0.0008404372682361708,0.47062086545679516,0.001
264,0.05000803580409602,0.04152843120851015,69.89454992193924,3237.512759560033,1.9768827178578812,0.04468940829487655,96.5509694068424,3305.2616379280216,3.13856065032724,0.0007197787992455982,0.46801185950844004,0.001
265,0.04922723358398989,0.0407380910688325,70.29792645103053,3216.7986739309213,1.9830610146988117,0.044832499228393434,115.60150790269053,3309.509000413187,3.148610001851238,0.0008617988515326326,0.46861326908881284,0.001
266,0.04943641961405152,0.040883974025124,71.08256309910824,3221.253045333059,1.9657203801953307,0.04443040583180864,106.6835544539536,3295.956374383326,3.1203707711156157,0.0007953163100885163,0.46669427131971825,0.001
267,0.04936247867973227,0.04067171874799227,72.98160171508789,3217.1390702097037,1.9304449062651823,0.043593697820219136,103.67494542059029,3295.478892697149,3.061608327369198,0.0007728874001486411,0.4666266618181694,0.001
268,0.048798269739276486,0.040483769421514715,67.92023809332596,3220.48193359375,1.9272191692611802,0.04351491351741625,100.0230908149729,3298.99402213464,3.056075264344308,0.0007456631522804006,0.46712439012069623,0.001
269,0.04818880577620707,0.04007525938121896,65.30292249980725,3215.8269428453946,1.9299700368020247,0.0435857663968233,99.0540670115593,3290.7554900209857,3.061051299332331,0.0007384391669186127,0.46595784684621333,0.001
270,0.04879701627712501,0.040107708228261846,73.06079864501953,3209.7481882195725,1.9108882944683814,0.043137836522516335,99.92474845721644,3283.409587438022,3.0295929486571653,0.0007449300188420126,0.46491769635156865,0.001
271,0.048100601685674566,0.03993939078952137,66.05500070672286,3207.085333573191,1.8952104296672656,0.042756900973473594,95.74013602869898,3296.8406426497727,3.0028396446830463,0.0007137341092865665,0.46681948017790215,0.001
272,0.04780978650638932,0.03974688308019387,64.7140844244706,3209.3478489925988,1.894696117705135,0.04274959455298221,94.57444359452934,3289.6125546774033,3.0023265109288984,0.0007050439769584198,0.4657960117620221,0.001
273,0.047727110354523906,0.039555230815159645,66.19097639385022,3207.5561780427633,1.8999659820192003,0.04288729677464358,108.41722018041553,3270.0740559895835,3.0119974103849234,0.0008082406322631372,0.46302943830896803,0.001
274,0.04832899276363222,0.03951412655021015,74.906299791838,3196.893310546875,1.8865365743889155,0.042566487119186945,107.06626306100162,3273.2868982184796,2.9894667795424326,0.0007981693683574729,0.463484363948923,0.001
275,0.04812773513166528,0.03949658533460215,72.46357747128135,3196.3815018503287,1.9139526752581744,0.043216332112543505,104.14299675872921,3274.5964687736882,3.03510573523196,0.0007763766808075575,0.46366979391418434,0.001
276,0.04796726746778739,0.03948954237919105,70.37900964837326,3199.2993035567433,1.8619763236845939,0.041983824306607354,110.09874695079063,3272.851059486335,2.94854606374542,0.0008207762632062083,0.4634226509235043,0.001
277,0.04721510527949584,0.038906695615304146,68.16796433298211,3195.8113306949012,1.8923051205319021,0.04271078487343954,104.16429148802096,3262.4253147154445,2.999600886721464,0.0007765354311005276,0.4619464070640186,0.001
278,0.04742612376024848,0.038989096879959106,70.0008679440147,3186.9610788445725,1.8459202010147155,0.04160450667273229,98.32147764635792,3270.9175018756523,2.9219063868045194,0.0007329777790437504,0.463148866880977,0.001
279,0.04649760907417849,0.03837163981638456,65.7717449790553,3193.0880833675988,1.8230485910331495,0.04106582500850103,94.42495972447253,3265.0323651976773,2.884074490189257,0.000703929588142263,0.4623155550098336,0.001
280,0.04624212454808386,0.03810516352716245,66.03651769537674,3184.2220009251646,1.8164196319495738,0.04090510915588202,94.51496382448899,3270.0890768877684,2.872787331326345,0.0007046005606186144,0.4630315652082157,0.001
281,0.04645815315215211,0.038308148909556236,66.20570975855777,3184.575323807566,1.8225531152587329,0.04103965115663913,110.12173214199552,3285.6559212754128,2.8822362868060476,0.0008209476157408077,0.4652357682597802,0.001
282,0.04645485607417006,0.03809548698757824,68.9293118527061,3189.6703073601975,1.8133903654676635,0.04083484211327933,101.79646857754945,3267.2928025431206,2.867852439965231,0.0007588835241150694,0.4626356239185105,0.001
283,0.046213602941287193,0.037956523758016135,67.73974328292043,3176.5979389391446,1.822817577723995,0.04107181810028499,96.96277617498046,3247.8236902761987,2.8844953881774966,0.0007228487816902346,0.45987887530579474,0.001
284,0.04574759775086453,0.03768344772489447,65.01072492097553,3188.3452919407896,1.8052175919972056,0.040647811664005246,105.64690763157041,3256.7922838504774,2.854717193138256,0.000787588201198044,0.46114879237006223,0.001
285,0.04632436680166345,0.03789647550959336,70.026880364669,3175.8748586554275,1.8021533306965611,0.0405777808334721,98.76389684164212,3253.1545536122035,2.849798891075029,0.0007362759743814172,0.4606337042833376,0.001
286,0.04518029505484983,0.0373483743322523,62.35621502524928,3155.2041915090463,1.7823521922924381,0.040107442255504375,92.19526479334063,3254.140836350687,2.8167667653552173,0.0006873074128282948,0.460773357983711,0.001
287,0.04504545091798431,0.0372329564078858,62.004145772833574,3162.1835038034537,1.7713281220254284,0.0398496070515447,94.56546372511193,3248.3898622638153,2.7986588633647203,0.000704977032838994,0.4599590430001417,0.001
288,0.04461533478216121,0.03688835107574338,60.82270270899723,3165.280825966283,1.7626337844177757,0.03964634110423559,103.42924136207218,3243.3661082474728,2.7843833889711824,0.0007710556984754583,0.45924769947685695,0.001
289,0.04477609752824432,0.03669118979259541,65.53220548127827,3169.9924701891446,1.7597520604285488,0.039589408407724215,97.29215825406348,3226.645094139887,2.780384975749674,0.0007253042954860245,0.4568800705982355,0.001
290,0.04476471931526536,0.03690061875079807,62.779725325734994,3155.620721114309,1.754605194116326,0.0394607563949814,100.99010905466706,3236.136859618097,2.7713496772262367,0.0007528721863449133,0.458224066716576,0.001
291,0.04431600554993278,0.03643311099394372,63.06493538304379,3153.0248637952304,1.741534319049319,0.039147770197274896,90.43893846207887,3240.853366553351,2.7493684919365267,0.0006742141578815514,0.4588919052791342,0.001
292,0.044131487019752204,0.03650787962894691,59.54282579923931,3157.89501953125,1.7382897420327985,0.039073769646440375,98.54553749334008,3235.966037973612,2.744171394328537,0.000734648125065243,0.45819987905331744,0.001
293,0.04422286505761899,0.03631441716692949,63.44670125057823,3149.9445929276317,1.7518919395845893,0.0394055805481894,99.55018953618597,3222.503340107817,2.767474648484589,0.0007421377157498498,0.4562936147534296,0.001
294,0.04465792269298905,0.03641003566352945,68.10751945094059,3139.8228053042762,1.7224357404855437,0.038708655066430446,103.6205264003415,3219.148654966945,2.718529205331121,0.0007724817112436883,0.4558186047231104,0.001
295,0.044121054834441134,0.03587735758015984,67.89475812410053,3151.5896381578946,1.7266652379502996,0.03880606688509429,99.69126266508314,3223.759871397427,2.7253704885926453,0.0007431894032465912,0.45647153457031575,0.001
296,0.044321285462693163,0.03624726675058666,65.70540357890881,3146.1128957648025,1.7225446227319863,0.03871978204154817,100.58301246340439,3206.596717088902,2.719310658646216,0.0007498373178455478,0.45404130040343793,0.001
297,0.0436927137014113,0.03587354013794347,62.28741957011976,3147.6160695929275,1.709454715834704,0.03840453065920687,91.91343136499293,3213.9126552752823,2.6971703882481606,0.0006852063699502209,0.4550772080590882,0.001
298,0.044458243407701194,0.03587985803422175,72.65430269743267,3129.3130139802633,1.7112979237515618,0.03843196178969314,113.83192874807192,3237.0286385035324,2.6990968909704636,0.0008486067979788837,0.45835033904844036,0.001
299,0.04431174107288059,0.03579693571909478,71.65167216250771,3140.9296746504933,1.6928248909151897,0.03801134041608571,101.2890868967695,3211.249116152202,2.6695564306631785,0.0007551010392866454,0.4547000615471262,0.001
300,0.04336503402967202,0.03546256650435297,63.7003173828125,3124.9430766858554,1.6947456521909523,0.03805981603996312,97.16012187562983,3207.1613014950076,2.672960899225344,0.0007243199761517954,0.4541212433025776,0.001
301,0.043380446339908396,0.035245792254021295,66.86651109394275,3119.6658100328946,1.6996080111699736,0.03817246727647619,103.49629395429272,3210.903585787215,2.680872454818063,0.0007715555695239968,0.45465113582615496,0.001
302,0.04348786018396679,0.03535405095470579,66.78199426751388,3125.1595908717104,1.710287266684152,0.03843632633521455,98.15936233485618,3195.6713943883433,2.6994034152981,0.0007317692239668939,0.45249431830249187,0.001
303,0.04315071905914106,0.035231118335535654,63.974349774812396,3121.5238486842104,1.6728441789779338,0.037543391136137576,99.75177291686569,3202.074232196059,2.6366921066000075,0.0007436405017351683,0.45340093458791203,0.001
304,0.042763511601247285,0.03493723390918029,62.6885592811986,3124.6356522409537,1.6517114042905223,0.03704691295794315,88.73636167188539,3195.1673726090285,2.601824183007342,0.0006615216009326407,0.4524229508296531,0.001
305,0.042281242381585274,0.03456812538206577,61.382878956041836,3109.400274979441,1.6609932720367677,0.037268643173477924,100.70367880499923,3192.3666896560294,2.617396412670222,0.0007507368745770449,0.4520263852985963,0.001
306,0.04284511722232166,0.034739030427054354,66.58949480558697,3111.8744346217104,1.6620499535123203,0.03729396885314084,98.70509579418928,3192.1011399685217,2.6191750484737737,0.0007358376178575003,0.45198878452242286,0.001
307,0.04228265328626884,0.03457626974896381,61.376951117264596,3103.112124794408,1.6480267805173792,0.03696859039115152,97.1866145943159,3181.1541983838324,2.596323547945387,0.000724517476988522,0.45043874127374606,0.001
308,0.042356433052765693,0.03443374416153682,64.34057757728978,3097.1451737253287,1.6257233051156506,0.03642907163615444,104.82214223344232,3195.969295511948,2.558432862005347,0.0007814396492821904,0.45253649991293027,0.001
309,0.04283370195250762,0.03448387294223434,69.93626745123612,3104.6084498355262,1.63849620138908,0.03674015837133328,92.91048515206813,3184.739647068623,2.5802806470426574,0.0006926393163209634,0.45094642650110767,0.001
310,0.04189817489762055,0.03429283025233369,60.250567386024876,3086.5516807154604,1.6305362702930626,0.036558144375976674,94.93337705213798,3174.3868124840783,2.5674977084128665,0.0007077197936251379,0.4494805064330874,0.001
311,0.04182832139103036,0.03423491620311612,59.91103684274774,3100.0766344572367,1.6109812059068565,0.036094753889200144,93.005271614303,3173.479476071646,2.534953550791976,0.0006933459408778301,0.44935203121747685,0.001
312,0.04135138835561903,0.03376561648359424,59.96770015515779,3088.1943230879933,1.616007707361108,0.03621253676994715,93.65153781319366,3175.6817162044717,2.543225504458391,0.0006981637973062873,0.4496638596330615,0.001
313,0.04142830775756585,0.03371756474830603,61.551253067819694,3094.3984760485196,1.6177193327399704,0.03625876417909255,91.78477780047912,3167.435139512812,2.54647207971741,0.0006842472691897281,0.44849617727843194,0.001
314,0.04085047680296396,0.033343454724863955,58.989910527279505,3082.7788599917762,1.6050875285839812,0.03595514921707571,95.69853114427612,3172.950252373302,2.5251490412392767,0.0007134239486125037,0.4492770952534625,0.001
315,0.041008983787737395,0.033464578617560234,59.34688889352899,3093.3883249383225,1.60791162668542,0.036027968207598085,99.85102442024551,3164.1024467361317,2.530263157245066,0.0007443804127724674,0.44802428127912997,0.001
316,0.04102303930803349,0.033350777959353047,61.09558848330849,3090.0921181126646,1.5957331708194682,0.03573792599247516,95.45759112499073,3165.8675056182196,2.509893339920299,0.0007116277624236247,0.44827420657402,0.001
317,0.04062925337960845,0.033282015276582616,56.71168899536133,3093.8614309210525,1.5748387841846834,0.0352413582080685,91.26547388049667,3167.152631772348,2.4750191232362173,0.0006803759051395811,0.44845617530962467,0.001
318,0.040184215887596735,0.03288905714687548,56.216771577533926,3078.9006604646383,1.5863124810327465,0.03551371187158318,91.5726100338751,3167.0366076234204,2.4941466642776957,0.0006826655775586337,0.44843974675308795,0.001
319,0.0402485222408646,0.03305352969389213,54.80850159494501,3084.353824013158,1.5709288373386554,0.03515786512055185,89.24874493539872,3153.427602778373,2.4691553597841485,0.0006653413721108162,0.4465127659687218,0.001
320,0.03992148233871711,0.03266092311394842,55.822187524092826,3073.8951737253287,1.568917021601733,0.035105163284266064,91.54162311790975,3160.6853013752066,2.4654540821016346,0.0006824345728851137,0.44754042713087566,0.001
321,0.04035228432009095,0.032856153912450135,58.83315598337274,3083.6435803865133,1.5712357898152707,0.03516674262473071,101.00990310048522,3150.4378902997705,2.469778831572028,0.0007530197491774642,0.4460894346110918,0.001
322,0.04029295711140884,0.03264574971246092,60.947873768053554,3076.1167120682567,1.5760052086809082,0.03527212973922204,105.11880427481036,3161.8244074317,2.47718022405437,0.0007836512381375842,0.4477017200032944,0.001
323,0.04045136743470242,0.03277762920448655,61.3128796627647,3075.2719469572367,1.5581507046622955,0.03486945557510157,102.00813563546244,3130.6845800693873,2.4489002057092444,0.0007604614830078743,0.4432924447007366,0.001
324,0.04041354554264169,0.032628567007027175,62.85167754323859,3071.1023977179275,1.5528303587462595,0.03472901078798221,99.71392287851529,3151.9133377477183,2.4390366944385673,0.0007433583331011026,0.44629835208249474,0.001
325,0.040776505870254415,0.03261967993488437,67.84495584588302,3068.4541015625,1.5664844541459746,0.035063141483810935,104.12576482347897,3136.652057208175,2.462502868953004,0.0007762482182790165,0.444137415652582,0.001
326,0.039810249483899066,0.03218861218345793,60.81836278815018,3060.2599069695725,1.543299987485168,0.03450285911912626,95.44431592389691,3152.1126738473477,2.423153943783341,0.0007115287969926015,0.44632657727882535,0.001
327,0.03997778539594851,0.03233697588898634,61.09193882189299,3058.9146535773025,1.5496348272817935,0.034659950853502174,104.89090110459495,3141.5606119694585,2.4341865789158232,0.0007819522404868129,0.4448324474210103,0.001
328,0.04024473028747659,0.032379374202144776,64.0293053074887,3063.158318770559,1.5268651106731455,0.03412723062479042,98.12546114111434,3130.5540750732785,2.3967733570526977,0.0007315164936144759,0.44327396571401945,0.001
329,0.03946682575501894,0.03176015037062921,62.05324092664217,3052.6820389597037,1.5343288089736482,0.03430197279274801,88.76308197695,3134.5907996822652,2.409045591419413,0.0006617207984053645,0.4438455498115978,0.001
330,0.03913849121645877,0.031599387330444234,59.93720225283974,3043.813296669408,1.5348013244056977,0.03431330366890264,100.8219092968551,3133.781168886771,2.4098413648115775,0.000751618272267664,0.44373090932148757,0.001
331,0.03923620616919116,0.03180730156600475,58.405868128726354,3048.4645867598683,1.506817774110998,0.03364670878154571,94.7888426514764,3137.8289747715044,2.3630260552562787,0.0007066423026584806,0.4443040624834959,0.001
332,0.038959795315014686,0.03165932244768268,56.61149115311472,3054.609927528783,1.5082987915989743,0.03368856067928385,88.59134724055077,3128.1779036400085,2.36596533604773,0.0006604405313804595,0.4429375093203003,0.001
333,0.03879996487184575,0.03165942057967186,54.50177905434057,3052.9104389391446,1.5092367532738997,0.0337165856571152,91.2366276145728,3119.4591639308546,2.367933544981431,0.0006801608588197258,0.44170297056638513,0.001
334,0.03896905030859144,0.0315480091069874,58.465051550614206,3036.162109375,1.5102700995209264,0.03374127818334291,91.49641442955435,3119.192823328689,2.3696677140862015,0.0006820975461766319,0.441665257799852,0.001
335,0.03812201085843538,0.031059596981657178,53.60596867611534,3041.9659231085525,1.4911014384805301,0.033283060371212106,92.64577578863077,3124.071211444276,2.3374868361264083,0.0006906659318077418,0.44235601809161845,0.001
336,0.0389080988733392,0.03136205869285684,60.05135164762798,3042.1883223684213,1.4885549285445092,0.033224203033965866,94.05904485890424,3121.653486422296,2.333353254373766,0.0007012017257066717,0.4420136778755422,0.001
337,0.039255187699669285,0.03133816144576198,65.0187903956363,3040.6171489514804,1.499321195279888,0.033485506231729835,96.30175588448321,3112.897811797116,2.3517047153932373,0.0007179209348348992,0.44077390928489285,0.001
338,0.0381510891020298,0.031006484341464545,54.753654078433385,3038.080874794408,1.4761169251349597,0.03294429993393028,88.02634681893552,3099.2530105094784,2.313695512434564,0.0006562285040176906,0.43884185986708835,0.001
339,0.03836054198051754,0.030999184929226573,57.74797399420487,3030.2588019120067,1.475976235564322,0.03293887911917545,92.99199110471606,3102.089628079099,2.3133148057630875,0.0006932469358724679,0.439243513596475,0.001
340,0.03866218697083624,0.03110008412285855,60.39891493947882,3032.184506064967,1.4877368084138176,0.033223889393335496,94.68374390170261,3093.198049768087,2.333331227227326,0.0007058588009248457,0.4379845015861852,0.001
341,0.037998264165301075,0.03063274341586389,57.84519797877262,3027.131103515625,1.4690380961508436,0.03276481351711746,88.5854552053104,3116.329504094786,2.3010900869753614,0.0006603966067872991,0.44125982322134605,0.001
342,0.037651203964885915,0.030553661384864858,54.19891859355726,3032.6229954769738,1.4563064724503603,0.032467967545711234,93.12966113304307,3108.2145224037554,2.280242438268172,0.0006942732535603181,0.44011077419372446,0.001
343,0.03838942709722017,0.030843527889565417,60.210295827765215,3030.127133018092,1.469563874395734,0.03277618763389686,100.37320950040998,3117.3506060580467,2.3018888971793476,0.0007482732556128223,0.4414044071850146,0.001
344,0.037900509998986594,0.03044304732037218,59.09378011603104,3025.4286209909537,1.4701796693942943,0.03280404740201039,101.31674376215727,3097.5910275371402,2.303845503347669,0.0007553072187324036,0.43860652970973263,0.001
345,0.03880539673723673,0.030835562042499844,65.95308223523591,3023.3540296052633,1.4537846971432904,0.03240622098233878,102.43317941069687,3110.553906415042,2.275905944645008,0.0007636301461507155,0.44044202163527735,0.001
346,0.03861166615235178,0.030583395377585764,66.60233929282741,3033.0949964021383,1.4681717069281794,0.032758644320835875,105.35282413442089,3094.03263538094,2.300656821075626,0.0007853958351580481,0.43810267557886046,0.001
347,0.0383079642135846,0.03035585111693332,65.85729297838714,3012.8157252261512,1.445951490480598,0.03222498155257043,119.97544960653774,3102.706312978039,2.263177404163886,0.0008944061938193717,0.43933083371751225,0.001
348,0.03839438016477384,0.03043999973880617,65.86311460796155,3014.647101151316,1.4628021994981473,0.03264357091605112,91.83516010497173,3076.364291840252,2.292575155331172,0.0006846228647415254,0.43560090863247886,0.001
349,0.038013763235587826,0.030364389286229487,61.973932567395664,3001.3292429070725,1.4698448167894542,0.032818338539973915,95.84882255453323,3064.7898025914683,2.3048491774837134,0.0007145443575682746,0.4339620071385628,0.001
350,0.038837248361424395,0.030513816660172062,70.86560941997327,3008.5107678865133,1.4428201495690505,0.03216988525863243,107.02558880722633,3074.797056182003,2.259307962461019,0.0007978661454512458,0.43537899431674415,0.001
351,0.038166701793670654,0.03038425282820275,63.72817712081106,3002.8349866365133,1.4915651191559578,0.03333175181898117,107.77418923162303,3067.196335128601,2.3409064621140043,0.0008034468943333882,0.43430276254344413,0.001
352,0.037252548885972875,0.029910440409654064,57.904074819464434,2999.3025287828946,1.4705747032402872,0.03283335468261021,91.10145949217609,3068.469628265499,2.3059037690792654,0.000679153192615723,0.43448305577102436,0.001
353,0.03713575103565266,0.029911379672979053,56.347437406841074,2998.3133866159537,1.4237169443792643,0.0317203163706601,89.2370771511801,3070.114468070998,2.227734502994045,0.0006652543898281283,0.43471595852435907,0.001
354,0.03671304744325186,0.029672693657247645,53.962808307848476,2993.1428351151317,1.4184912346524488,0.031606443358920586,90.45681016290386,3054.9618016398563,2.2197371414845426,0.0006743473898049523,0.43257040141881165,0.001
355,0.036648180139692205,0.02954787976647678,54.69776575188888,2997.967889083059,1.399780282600093,0.031149229298281213,93.52711677873617,3074.407990657853,2.187626757519947,0.0006972362496769586,0.43532390419094635,0.001
356,0.03643427867638437,0.0292165659760174,56.368371863114206,2990.0845754523025,1.4085969272201742,0.03136553529634048,92.06633844478951,3063.957562150888,2.2028180415364864,0.0006863462784873209,0.4338441652129238,0.001
357,0.03637132715237768,0.02942100598623878,52.71877830906918,2996.4125462582238,1.3952830222676442,0.03105724449689351,90.92282422971437,3052.610314670786,2.1811666165362342,0.0006778214827892185,0.432237440246729,0.001
358,0.036336867040709445,0.029396613863737958,52.661375547710215,2990.64990234375,1.4067256180851961,0.03132293746875287,95.70110356389368,3061.0716121077053,2.1998263736993624,0.000713443125769552,0.4334355262021237,0.001
359,0.036588716271676515,0.02924967616012222,58.09753156963148,2981.7254959909537,1.4151916832165108,0.03154123298366829,101.98768449543081,3034.873368682391,2.2151573825311575,0.0007603090215970194,0.42972595946748476,0.001
360,0.036850505557499434,0.029406705184986715,59.422001487330384,2987.1501593338817,1.4012542099354148,0.03120028430886529,103.85276661929844,3049.9426059345565,2.19121237776723,0.000774213041203028,0.43185970333418233,0.001
361,0.036199485589014854,0.02897200527551927,56.62558324713456,2980.5614977384867,1.3778008386603546,0.030642080728013894,91.02177480774806,3053.0330233749783,2.152009446679579,0.0006785591504551084,0.4322972941125801,0.001
362,0.035940748884489664,0.029029764921257372,52.55853331716437,2969.0934544613488,1.3794464788582583,0.03068322625604867,87.02939161100993,3050.1300292871665,2.154899118755226,0.0006487962925456483,0.4318862417330685,0.001
363,0.03577722726683868,0.028685542019574267,54.78912453902395,2982.500616776316,1.386310701216754,0.03084864733363492,98.44814091352598,3045.773678995101,2.1665167280424464,0.0007339220423164119,0.43126939991411406,0.001
364,0.036362744867801666,0.028984364416254193,58.65668889095909,2979.1281609786183,1.3784727355311162,0.030657698672984394,89.7280213549142,3053.5878391464967,2.1531063031695994,0.0006689143347425216,0.4323758538120403,0.001
365,0.0352894166778577,0.028450738932741314,51.59511124460321,2969.0443307976975,1.37012887410007,0.030460938673534218,84.73384011034724,3051.988915399145,2.139287744916199,0.0006316831624247992,0.4321494525893282,0.001
366,0.035555351917680944,0.028562217558685103,53.68130834479081,2967.0360557154604,1.3744141907180183,0.03056695040873498,102.61037994879284,3044.62666925297,2.1467330048395032,0.0007649511602360215,0.4311069879113458,0.001
367,0.035930656680935306,0.028552234172821045,58.75025096692537,2972.1532689144738,1.370719450358696,0.030485991177092917,84.1963747265159,3035.5939374681566,2.1410471954182664,0.000627676406293951,0.42982798913238635,0.001
368,0.035792254597732893,0.02849959327202094,57.626504596910976,2970.673224198191,1.3573979621070664,0.030165119239404386,92.37832995728644,3042.2083743510943,2.11851219046187,0.0006886721471722182,0.43076456700255017,0.001
369,0.0357769366941954,0.028462422423456844,57.99051626105057,2965.2253674958883,1.3753982062944152,0.030598608786370766,94.8127792453965,3032.677566687598,2.1489563893525685,0.0007068207478148129,0.4294150426665565,0.001
370,0.036287505571779455,0.02859734675209773,63.07941918624075,2959.2023154810854,1.3557962639684795,0.03013904218509451,99.04870296166922,3024.1005053096883,2.116680785221653,0.0007383991784087854,0.42820056499903064,0.001
371,0.03609036556199977,0.028602273350483494,60.50130824038857,2950.4937551398025,1.3691527362162046,0.030447988845248714,105.23507128559177,3035.7094700835382,2.138378271664345,0.0007845179982532644,0.42984434808973426,0.001
372,0.03539238909357473,0.028176447866778625,57.00338203028629,2940.6874614514804,1.340966326904346,0.029792186330168037,83.2097919713267,3017.3771501073356,2.09232091609059,0.0006203215205248168,0.42724856472943584,0.001
373,0.035084516398216546,0.028158749208638544,53.007911682128906,2950.174136513158,1.3478589388834532,0.029950468334606288,94.66897127094794,3024.6439330460053,2.1034371445156097,0.0007057486722902849,0.428277512198146,0.001
374,0.036356307272064056,0.028482441447283093,65.67529879118267,2948.2180047286183,1.3517484364606889,0.030042490266683455,104.8899155944891,3024.524195139303,2.1098998932071735,0.0007819448935975482,0.4282605577883268,0.001
375,0.03516459396403087,0.028139805911402953,54.379499335038034,2946.325555098684,1.3564542487217544,0.030162305295325164,94.96319994654827,3012.935214849575,2.118314565689105,0.0007079421206225832,0.42661960442083413,0.001
376,0.03519210297810404,0.028024727674691302,56.36165920056795,2940.2505268297696,1.3620553412784344,0.030300125633761284,99.6201388788266,3005.400829830562,2.1279937605483483,0.0007426591818124197,0.4255527655653143,0.001
377,0.03531007703981901,0.027995560612333447,58.26673126220703,2944.5115774054275,1.3390322178043579,0.029747913357413707,90.0808638183885,3014.595813023474,2.0892116019273126,0.0006715447435954065,0.4268547384962563,0.001
378,0.035478827396505756,0.02814743187474577,58.62909096165707,2934.2135202508225,1.3330872682736221,0.029609660929003558,97.62572745241552,3009.9885388609546,2.079502061161922,0.0007277910238796404,0.4262023668584644,0.001
379,0.03506616306932349,0.02790605414070581,56.286213523463196,2938.6426809210525,1.3301181846697612,0.029536727671802654,90.02247144147503,3014.068361559378,2.0743799201471975,0.0006711094336736308,0.42678005347354003,0.001
380,0.03444676905086166,0.02774857494391893,50.297805183812194,2925.8585526315787,1.3272211426963074,0.029466645648618357,91.48427427060349,3015.972261071786,2.0694580227971544,0.0006820070423827707,0.42704963804769125,0.001
381,0.03475750620035749,0.02790018935736857,52.160403402228106,2945.286376953125,1.3328460555801591,0.02960853977476061,96.04032374001933,3003.222623144541,2.079423321909734,0.0007159719816945791,0.4252443401899006,0.001
382,0.03503322983650785,0.027710750208873498,58.49670972322163,2935.2264083059213,1.3174057130601375,0.029245876001723896,85.62945953090026,2998.180828958753,2.0539532543751244,0.0006383599247097049,0.424530442250605,0.001
383,0.034660394450551586,0.027687578903217065,54.0845294751619,2916.475714432566,1.3306197431466291,0.02956956975478303,93.67185590186358,2982.718864218688,2.07668643690922,0.0006983152668311989,0.42234108973865436,0.001
384,0.0345055974627796,0.027611604940734412,52.95990773251182,2921.9995631167762,1.3460320801244199,0.029932164403852785,90.4165690545593,2987.59410042274,2.102151649831272,0.0006740473959589815,0.4230314037323241,0.001
385,0.034567951567863166,0.02761255420352283,53.8150191056101,2919.2705849095396,1.3245410569969038,0.029413991418572424,96.97929565720938,2999.3927644038845,2.0657600885259058,0.0007229719329455346,0.4247020474738562,0.001
386,0.034377693933875936,0.02731450735346267,55.269400345651725,2917.9812782689146,1.3048072979854481,0.02894205134278655,89.57526243812629,3005.1853047973987,2.0326154887719676,0.0006677755307473349,0.42552224808059114,0.001
387,0.034549001114148846,0.027349490574315974,57.14712183099044,2913.4761770148025,1.3583311813769936,0.030236878512790704,109.8620537313129,2967.465323390822,2.1235518819758026,0.000819011736528207,0.4201812492210327,0.001
388,0.035048002867322216,0.027650672452230202,59.739654541015625,2916.8559441817433,1.3257313236861927,0.02945639718353944,103.70779422889328,2977.970095479639,2.0687382677041644,0.0007731322850621974,0.4216686830334076,0.001
389,0.036369157464880696,0.02786462165807423,74.53389659680818,2914.4929327713817,1.318500361959481,0.029268338137876326,107.46253618239787,3002.2621442667946,2.0555307820117656,0.000801123548861762,0.42510834021324684,0.001
390,0.03498242952321705,0.027377227125199216,62.65292298166376,2906.2329358552633,1.3078147481939064,0.029028725002350965,91.20232042994671,2982.3295150652166,2.0387026254718714,0.0006799051018417548,0.4222859594520764,0.001
391,0.03356470206850454,0.026881274424101178,50.38351058959961,2904.6645122327304,1.2973476602970766,0.028790920381755073,100.51916568603274,2966.0757733474065,2.0220014818867185,0.0007493613458585798,0.4199844944793698,0.001
392,0.03377988395330153,0.026867956119148356,53.44197564376028,2903.7792583264804,1.2990199837039265,0.028813075638277202,97.85147592355129,2992.302349002215,2.023557457205511,0.0007294739584424303,0.4236980729446559,0.001
393,0.03390421669342016,0.026934122862784488,54.29683223523592,2897.8311446340463,1.2871059536610614,0.02854183850044616,100.18134703173033,2975.0692459654056,2.0045083303500655,0.0007468429381527808,0.4212579343169575,0.001
394,0.033232142658610096,0.026685892457240505,48.77343930696186,2888.2421361019738,1.2703459873929717,0.028148990014471867,84.89314356939565,2968.6001953464793,1.9769183745492656,0.0006328707553943361,0.4203419425616677,0.001
395,0.033563080586885154,0.02670319956776343,52.873987699809824,2894.331902754934,1.3035820671403926,0.028940030007455278,91.75958200377538,2964.8129821164503,2.0324735293284686,0.0006840594367898168,0.419805688279767,0.001
396,0.034384237602353096,0.02702973145795496,59.6276018243087,2882.4358038651317,1.2844353763925465,0.028488632434137844,89.07373753991465,2960.520742463217,2.0007716403278546,0.0006640367077065694,0.4191979242714615,0.001
397,0.03335280285069817,0.026464928725832386,53.27907180786133,2891.9439247532896,1.2826612420088919,0.028441492295908706,94.44724789134123,2967.7335103504556,1.9974609636252068,0.0007040957444230824,0.42021922342441614,0.001
398,0.03322946907658326,0.026624376150338275,49.56303867540861,2887.864501953125,1.2764530638813247,0.02830527350862027,89.31963894558967,2951.4723633249378,1.9878942465454508,0.0006658698805850701,0.41791670988968627,0.001
399,0.03303311725980357,0.02643263457637084,49.49723735608553,2888.1891961348683,1.2718559882070433,0.02819623612737736,81.73496087212035,2951.786091309322,1.9802364939091743,0.0006093267872331842,0.41796113252045974,0.001
400,0.033123422217996495,0.0265887196322805,48.64268072027909,2886.5012078536183,1.278498344791456,0.028350608557601943,83.7745394071038,2956.5292131890596,1.9910781508808064,0.0006245316619008999,0.4186327396529598,0.001
401,0.03362863157924853,0.026701138109753008,53.850862201891445,2888.6791092722037,1.2754012315445995,0.028273574001320505,100.47831929115169,2960.9109807798054,1.985667973474451,0.0007490568396558807,0.419253180459989,0.001
402,0.0335518715805129,0.026463361555024198,56.17799538060238,2875.1595908717104,1.276306473902359,0.028306128117397987,95.82945316692792,2944.6816433918784,1.9879542661694178,0.0007143999605245336,0.4169551710430174,0.001
403,0.032987208056606744,0.026277916800034672,51.23094217400802,2866.9704332853617,1.2597544767485422,0.02791129614154581,89.90879254673428,2948.0145356022513,1.9602250088312159,0.0006702619677304223,0.4174270952813345,0.001
404,0.03276041091272706,0.026228461120473712,48.726436614990234,2877.467156661184,1.2495909458833712,0.027666270149217496,86.157030916579,2953.9132023891075,1.943016704510991,0.0006422929219735653,0.4182623229619086,0.001
405,0.03223881762670843,0.025999545168719794,45.03477056402909,2861.6644094366775,1.246814746164318,0.027610129322247448,85.0355926553112,2939.476079801049,1.939073904703878,0.0006339327005269829,0.4162180840094291,0.001
406,0.032433176119076576,0.02604307538192523,46.853680660850124,2876.0739874588817,1.2476053444845725,0.027626483680707983,84.0863769702663,2943.108543237477,1.9402224799006427,0.0006268563829073456,0.4167324263380276,0.001
407,0.03218295993773561,0.025917665444706615,45.233616276791224,2872.7723709909537,1.2415889148504935,0.02748437016574274,88.55816710840247,2941.8841849445694,1.93024177299563,0.0006601931764774146,0.4165590620891001,0.001
408,0.032412782311439514,0.02573692984879017,50.857500979774876,2861.5393451891446,1.2417348277639808,0.027489563950737164,84.11835199028611,2939.5421432008184,1.9306065352476205,0.000627094753807784,0.41622743832323494,0.001
409,0.03230272743262743,0.025652114792089713,50.649114307604336,2851.9288522820725,1.2455274902554392,0.027578169272758697,94.49059317725614,2941.0788617906305,1.9368293336179054,0.0007044188796338468,0.41644503154384604,0.001
410,0.03205250380070586,0.025627370923757553,47.603788677014805,2854.8484015213817,1.2348566445172806,0.02732324136697176,83.36936061611492,2944.185176938485,1.9189256127072634,0.0006215110904302099,0.41688487337418234,0.001
411,0.031976093587122466,0.02572626787188806,45.228959334524056,2857.6534873560854,1.2591742171337694,0.027916175220059833,89.1509787338322,2920.3045076528947,1.9605676690815583,0.0006646125338650412,0.41350346589030723,0.001
412,0.033466545962973646,0.02608118647415387,60.428269034937806,2853.239437705592,1.2429321923602494,0.027524767692964396,87.98499270715135,2929.237230806989,1.9330789125807373,0.0006559202128311105,0.4147683038462042,0.001
413,0.03258284279390385,0.025927122584299037,50.72163772583008,2851.5975791529604,1.2316783274179735,0.027260491366900272,92.27227100812603,2924.8551169680914,1.914518647196937,0.0006878814872384555,0.4141478140118183,0.001
414,0.03252691148143066,0.025639546446894344,53.86465755261873,2847.5151110197367,1.2396889989964732,0.027451639575564325,89.95418288203118,2923.4237300707077,1.9279430864317326,0.0006706003486005272,0.41394513533856797,0.001
415,0.033190652826114705,0.02584824377768918,60.00296502364309,2842.1866647820725,1.2413310102227726,0.027500988509110088,91.42941992585543,2907.8982480416325,1.9314088879912512,0.0006815981081728013,0.41174678903193573,0.001
416,0.032965806361876036,0.025697700875370127,58.984655681409336,2844.25634765625,1.2552359951180587,0.027830325035934408,113.02755553907969,2907.725077948308,1.9545383654948671,0.0008426102680002555,0.41172226883769203,0.001
417,0.03200333241961504,0.025389860629251127,50.33018333033512,2838.7080335115133,1.2180852405275269,0.026940749239134663,91.84903829066224,2920.6508610914357,1.8920629893856857,0.0006847263253685226,0.41355250815520955,0.001
418,0.031786535817541574,0.025396510370467838,47.432541495875306,2832.5843955592104,1.242433287027835,0.02753307040695974,101.4126821211335,2898.5588183525792,1.9336620165516998,0.0007560224305759483,0.4104243630535003,0.001
419,0.03213797137141228,0.025603373093824638,49.27011048166376,2839.3397409539475,1.2127167317468137,0.02682304759334411,84.14148488638712,2906.622645823237,1.88379674089299,0.0006272672074691087,0.411566168847629,0.001
420,0.03174542812140364,0.025192980899622564,49.72416526392887,2823.134829872533,1.2137034511116906,0.026847059606545865,87.96639588239688,2905.5347161949576,1.8854831172100113,0.0006557815751739872,0.4114121223532448,0.001
421,0.03246463472513776,0.02550645535321612,55.10531816984478,2825.2806203741775,1.2334161094207396,0.027331494429687676,93.44224094322986,2880.5066967683633,1.919505229642756,0.000696603507951619,0.4078682546674792,0.001
422,0.032484694236987514,0.02542458023679884,56.44824299059416,2826.4955540707238,1.2282087910839898,0.02718547840370953,91.136504467089,2914.0171346477655,1.9092504473366607,0.0006794144497539721,0.4126131989602138,0.001
423,0.03193686157464981,0.025227260922915058,51.818181690416836,2823.236443770559,1.214992608047987,0.026879764066733,90.63601979916393,2902.2530457022317,1.8877799686508774,0.0006756833815365005,0.4109474509057653,0.001
424,0.03189517871329659,0.025275322461598797,50.556868302194694,2828.091128700658,1.230169448105193,0.027250615041990004,86.56704690373671,2886.5700963922236,1.91382502770373,0.0006453495543069426,0.4087268078604678,0.001
425,0.033506599107855244,0.0257729713461901,65.55479732312654,2817.0177837171054,1.2274920294452392,0.027185955949706152,92.38099888999629,2887.93094259494,1.9092839856431836,0.0006886920438256953,0.40891949825281976,0.001
426,0.03265547144569849,0.025425713901457033,58.96830669202303,2807.1338918585525,1.2093970055293033,0.026757496083863557,96.2568680948784,2886.2986323562077,1.8791930239033248,0.0007175863003977617,0.4086883696361446,0.001
427,0.03137078342076979,0.025008184737280795,47.31495144492701,2813.9776161595396,1.2065638877247158,0.02669236725687874,87.38095456608865,2883.633835808185,1.8746189921276577,0.0006514171627784423,0.40831104507782806,0.001
428,0.031491543803560104,0.02503095116270216,48.59409934596012,2816.0348735608554,1.197865969338511,0.026482832098928027,100.83229093914751,2887.5705472235295,1.8599032277732748,0.0007516956664778863,0.40886846770625224,0.001
429,0.03133851926969854,0.024748653859684343,50.518666317588405,2800.9653448807567,1.202525334770544,0.02659770544610591,97.0539996765968,2881.370847109476,1.8679708433667714,0.0007235288446959171,0.407990614907709,0.001
430,0.031892571402223485,0.02510837269456763,53.09707741988333,2801.9176475123354,1.2020075447549654,0.026584974197071416,86.89891815716472,2882.5652458114314,1.8670767210506842,0.0006478236246737556,0.4081597369981003,0.001
431,0.031249208081709712,0.02479491804383303,48.75501070524517,2797.664242393092,1.180679713468781,0.026083351295574344,80.81065804466053,2876.1664189582248,1.8318474808344476,0.0006024361927277583,0.4072536886478344,0.001
432,0.031230438108506956,0.024799361040717678,48.3759247629266,2802.8822856702304,1.2381791449912056,0.027459639512600203,91.83184605875384,2858.1055957351628,1.9285049262175769,0.0006845981588248265,0.4046963481444735,0.001
433,0.031014878792982353,0.024614970150746797,48.03541966488487,2797.2522872121713,1.1832096132671444,0.026149275304457223,80.39363963780079,2867.4301160749237,1.836477358653066,0.0005993273579848567,0.4060166630185394,0.001
434,0.03042228941462542,0.02446155338303039,42.289223520379316,2789.0442665501646,1.1846625613104558,0.026187687735989406,84.68969898051326,2861.3532334519305,1.839175083923779,0.0006313540942691459,0.4051562006866725,0.001
435,0.031788615019697895,0.02482955020509268,55.57184179205643,2791.1764237253287,1.2037000185629003,0.026642716195956886,108.2289143202141,2855.2876620225825,1.8711319720036033,0.0008068368289996448,0.4042973399746927,0.001
436,0.03199260348552152,0.024834064962832553,58.17314910888672,2795.5521561472037,1.2116933959586238,0.026836835562691015,99.67295181482233,2849.1529921461424,1.8847650772324327,0.0007430528975036155,0.4034286951983164,0.001
437,0.031442880826561076,0.02465859898611119,53.38846768830952,2780.14697265625,1.1807864739665412,0.026097565503460072,92.37938497611407,2858.176821499248,1.8328457521306651,0.0006886800122427566,0.4047064334284679,0.001
438,0.03069466156394858,0.024429299035354665,46.41502400448448,2784.2353515625,1.1854745654166048,0.026210116086769725,81.96191414972341,2856.7972527031916,1.8407502387959664,0.0006110187035199036,0.40451109199160457,0.001
439,0.0313066699983258,0.02460183232630554,52.31384257266396,2781.2993678042762,1.1987994306591196,0.026540881802570228,95.56098012054804,2834.4335985556313,1.8639800889931057,0.0007123985180932428,0.40134448779818754,0.001
440,0.03126218003269873,0.024541484290047696,52.71605762682463,2766.9917506167762,1.174354580130116,0.02596366663987173,82.85339844830054,2830.7954640861108,1.8234419645126023,0.0006176646388421302,0.4008293424739313,0.001
441,0.030690572959812062,0.02442619351572112,46.59817785965769,2769.5162032277963,1.1936664994690427,0.026414381266262436,86.99830873108061,2841.8616016576416,1.8550958897913354,0.000648564572469402,0.4023962633987374,0.001
442,0.030393963483603376,0.02441673019998952,42.72918199238024,2772.5450632195725,1.1593990493845674,0.0255958687524066,83.42215819547968,2849.9345873991883,1.797611325421239,0.0006219046916391022,0.4035393659674814,0.001
443,0.030987616726442388,0.02446381306569827,50.0002047890111,2773.78857421875,1.1751427596663593,0.025973973377097708,96.89519210468053,2842.551972221316,1.8241658120891304,0.0007223449485203817,0.4024940171158858,0.001
444,0.030745860581335268,0.024183637413539384,50.48563083849455,2775.8008583470396,1.193430008013466,0.026419579071711326,92.02429003989984,2825.511851754337,1.8554609344019577,0.0006860328114080402,0.4000812040500499,0.001
445,0.031264075029053186,0.024414945001664915,54.39341093364515,2769.6247044613488,1.1780124915247996,0.026054993732535635,84.09447832313278,2824.0047047371677,1.8298559142667008,0.0006269167777648423,0.3998677980461306,0.001
446,0.030499699574552085,0.024295253287020483,45.84981757716129,2765.7099994860196,1.1640209756451971,0.025724061312308925,81.08701459014495,2822.5181853334857,1.8066143563300254,0.0006044964059363305,0.39965731282997424,0.001
447,0.030125985216153294,0.02408972755074501,43.777122698332136,2752.973812705592,1.178314141464826,0.026062730977165258,82.69354502360027,2823.217403258276,1.8303993050266825,0.0006164729459280878,0.39975631929815447,0.001
448,0.030995203770304982,0.024263414505280946,52.8810342487536,2765.7113872327304,1.1856602776266107,0.026237136428728172,99.76144173297224,2822.212299944973,1.8426478916238935,0.0007437125818902414,0.39961400067948316,0.001
449,0.0305737366801814,0.023953305949506006,51.767311698512025,2737.882195723684,1.148481454193515,0.02534598032667535,89.5395945590632,2835.921521858923,1.7800615298455782,0.0006675096299146308,0.40155517180092687,0.001
450,0.030958823565589755,0.02411663473436707,54.472578751413444,2756.7454512746713,1.1710558121911012,0.025895314923481957,106.07914003485394,2814.7932156332326,1.818641587518847,0.000790810454916901,0.3985634879440484,0.001
451,0.030280747794007,0.0237773069621701,50.078961623342416,2747.5186446340463,1.1541469190455698,0.025484137111525376,85.68567704950581,2830.6076988541045,1.7897643535134344,0.0006387790212582643,0.4008027556662868,0.001
452,0.030157591951520818,0.023889071062991495,47.05048872295179,2739.73388671875,1.1577148917580342,0.025581898197171726,101.30086393249191,2810.310632211359,1.7966301659788475,0.0007551888360294749,0.3979287720175997,0.001
453,0.03085076240332503,0.02412937336454266,53.00047342400802,2746.3533614309213,1.1631656361305058,0.025708615660996286,87.66908244971005,2814.9508982938164,1.8055296001142203,0.0006535651302548568,0.3985858151796128,0.001
454,0.029697679669449206,0.02385778666326874,41.31661445216129,2741.1467799136512,1.1305481027025064,0.024932765881958224,78.97734814105445,2818.073466159037,1.7510412620501623,0.0005887690321682173,0.39902795832987764,0.001
455,0.028978827948632994,0.0233753160818627,38.22437507227848,2736.6836322985196,1.149370021914309,0.025383910761416724,86.29467429246304,2811.0296201871847,1.7827254042281515,0.0006433190409698486,0.39803057784612145,0.001
456,0.03030054633946795,0.02364598655779111,52.43928608141447,2721.613217002467,1.1620089517019467,0.025682021960510934,99.91915656003601,2813.0322239897882,1.8036619105413538,0.0007448883317511138,0.39831413855392145,0.001
457,0.03102507285381618,0.024027259922341296,56.83245287443462,2735.378482216283,1.1518716392321564,0.025458897353892583,98.16929269910676,2787.162555570571,1.7879917520592512,0.0007318432539398737,0.394651096729089,0.001
458,0.030550781833498103,0.02373276062701878,54.47425701743678,2732.452019942434,1.1495218566891094,0.025389266757083254,103.21818348768632,2807.5305629403706,1.7831015586209638,0.0007694822809910968,0.3975351253016643,0.001
459,0.030793195982512674,0.023974553534859104,54.53208120245682,2728.7362767269738,1.1382335088529199,0.02512301687747077,91.72642787937521,2805.6981531619695,1.7644026895334106,0.0006838122757721967,0.3972756633885951,0.001
460,0.029765243887117033,0.023531309672092136,46.836361935264186,2721.2069798519738,1.1245534307777996,0.02480694651825905,78.27568761694916,2793.6444689224204,1.7422049019589791,0.0005835382160239439,0.39556890979603676,0.001
461,0.029360134938829822,0.02342277353531436,42.99538642481754,2712.707275390625,1.135367055547384,0.025062822949469758,80.24037450662793,2794.650628867805,1.7601752383090392,0.000598184780206927,0.3957113780295947,0.001
462,0.029823268812737967,0.0235439445823431,47.636552911055716,2706.58251953125,1.1493155079318305,0.025392044716317345,86.00302785252799,2797.016855921159,1.7832966561591275,0.000641144842972352,0.39604642633879705,0.001
463,0.029884559249407368,0.02347692562953422,49.2847496835809,2711.2770482113488,1.146947591840121,0.025349432079043513,77.30342151502667,2777.266286041263,1.7803039482299503,0.0005762900596181796,0.39324982445113654,0.001
464,0.029344325395006882,0.023572678628720735,40.77401412160773,2713.5957416735196,1.1257875658643157,0.024845891043755654,80.23942495229076,2779.171973661064,1.7449399964686847,0.0005981777013646862,0.39351966221415985,0.001
465,0.02919447118122327,0.02345632448008186,40.278362675717005,2717.2697239925988,1.129746312748922,0.024943091156753135,78.58741120944168,2774.4176366760335,1.751766411529907,0.0005858620873892882,0.3928464670675001,0.001
466,0.028844835628804407,0.023235712788606946,38.57844543457031,2715.7391036184213,1.1398894944418174,0.025186493853556136,83.76866407780278,2770.1405700022215,1.7688607109515668,0.0006244878618490159,0.39224085149253846,0.001
467,0.02972352965489814,0.023473778053333883,47.24130048249897,2706.6538342927633,1.1220122977820155,0.024766094492288598,92.5769097661626,2763.946587642674,1.7393358426876864,0.0006901525417996923,0.39136380830521866,0.001
468,0.029190067299886754,0.02325869155557532,43.097060554905944,2699.096127158717,1.113531607688243,0.024557417275470915,80.46998646932683,2775.623030006749,1.7246803319903368,0.0005998965167520821,0.3930171459534539,0.001
469,0.029214902928001003,0.023145830650862894,44.89063784950658,2702.2743755139804,1.113241963886117,0.024550541859104946,82.83070070225197,2775.5013768618664,1.7241974678826166,0.0006174954291853366,0.3929999203535503,0.001
470,0.02871032784643926,0.022924619873887615,41.12354258487099,2701.4418816817433,1.1096900047809017,0.02447218174869029,78.30110719860731,2766.9120634787955,1.7186941961122688,0.0005837277167205774,0.3917837078509807,0.001
471,0.0288617255068139,0.023054516531134907,41.40296815571032,2701.9862253289475,1.12674194681216,0.024876945833258463,85.09268776134867,2766.408488987241,1.7471209906696952,0.0006343583394109725,0.39171240371230404,0.001
472,0.0293913531656328,0.023159556777069445,47.26841775994552,2686.6651290090463,1.116858232261856,0.024652756168032537,81.82529104816616,2751.1584810263976,1.731376032561382,0.0006100001905770278,0.38955306343455615,0.001
473,0.02943441546276996,0.023204347903006954,47.23072875173468,2687.7626696134867,1.1219918069623356,0.024765226207817983,86.64489929642163,2764.827323843037,1.739274862612614,0.0006459299368972926,0.39148851703693854,0.001
474,0.03019419969304612,0.023337090387940407,55.456668853759766,2697.8585397820725,1.1270553690362817,0.02489251267297899,92.0220021954089,2753.948050860276,1.748214258011129,0.0006860157557329841,0.3899480553922883,0.001
475,0.030530222250442756,0.023202552215049143,61.89170455932617,2685.791927939967,1.1271593725659554,0.02488930713604217,100.67151305542538,2761.934970539054,1.7479891314660048,0.0007504970818049232,0.39107897134995895,0.001
476,0.030505183888109105,0.023365678167656848,59.31234359741211,2691.0798468338817,1.1296112988312856,0.02495153266827289,91.5130972713869,2756.408761985924,1.7523592633240137,0.0006822219152630948,0.39029648226912383,0.001
477,0.030166960174315853,0.02310711821835292,58.426085221140006,2677.88525390625,1.1257123338606,0.024857752979133556,90.62935235303846,2758.318095939038,1.745773066429427,0.0006756336763248832,0.39056683633839495,0.001
478,0.029882526711413736,0.023040718644073133,55.644138737728724,2668.4974814967104,1.1098535036161503,0.024487531040567848,93.63227858876647,2749.0389266802426,1.719772184954265,0.0006980202215191381,0.3892529429964371,0.001
479,0.030014529922290853,0.022923332001817853,59.02629470825195,2664.225830078125,1.1077635258639198,0.024438369318506615,85.8200120251818,2748.801008813625,1.7163195313557749,0.0006397804764283445,0.3892192547758471,0.001
480,0.02952470130434162,0.022955909665477902,51.99118343152498,2669.4525981702304,1.10374122446155,0.02434454058211892,81.33069856793284,2746.617931353452,1.7097298898471378,0.0006063130480892277,0.38891013971824856,0.001
481,0.02999921966540186,0.023240286464753904,54.51581894723993,2670.2465948807567,1.1272534450778418,0.024910254020457573,94.42083785059627,2734.4174483098545,1.7494602421761611,0.000703898859942976,0.3871826000007832,0.001
482,0.028714713297392194,0.022625293876779706,45.65193497507196,2665.5240028782896,1.1249202068813207,0.024861814504009153,83.46943890345666,2724.680230900383,1.7460583094577249,0.0006222571650676365,0.38580384886836105,0.001
483,0.02872852745809053,0.022735087789202992,44.34503093518709,2667.5623458059213,1.1229400857221035,0.024820500697956514,88.78860469612951,2715.952663562326,1.7431568191283726,0.0006619110679829499,0.3845680601574166,0.001
484,0.029188529049095354,0.022970188114988178,47.36900349667198,2665.6652061060854,1.117185208074712,0.024679020024226478,83.26421053042907,2723.54879584475,1.733220556996171,0.0006207272059919645,0.3856436421790559,0.001
485,0.029682222655729243,0.02319619451698504,50.98982720626028,2661.791324013158,1.132846053777805,0.02503960303949639,100.10644907145013,2739.134451657098,1.7585444918183788,0.0007462845805904733,0.38785050885329836,0.001
486,0.029853474544851405,0.023231859858098784,52.776702880859375,2663.3617778577304,1.08958285450473,0.02401395493090443,81.71351114529622,2738.545026482426,1.6865126856805845,0.000609166881447541,0.3877670486004476,0.001
487,0.028569968613354785,0.022662202484513585,43.452449196263366,2648.8325066817433,1.0841674496896068,0.023895239218060665,81.15070918237065,2723.9935742643793,1.6781752187253618,0.0006049712433967134,0.38570662102855185,0.001
488,0.02840704353232133,0.022516473245463874,43.149984660901524,2654.3215717516446,1.087275079487862,0.023970923548632273,81.60675907334107,2721.088818305979,1.6834905690699231,0.0006083710543456391,0.38529531917519505,0.001
489,0.028328481277352886,0.02256906650176174,41.42648194965563,2652.4284796463817,1.0909369891379666,0.02405519515886282,78.9352038169502,2725.143635388124,1.689409008581677,0.0005884548500198129,0.38586946509478126,0.001
490,0.02821568095762479,0.022541294070450885,40.248425132349915,2655.7550498560854,1.0890343406300353,0.02400625926627709,80.82997264609871,2730.6735409035905,1.6859722151060332,0.0006025801813455472,0.3866524776507318,0.001
491,0.028209140720336062,0.022531898202080475,40.423616208528216,2645.4714740953946,1.0825411782907344,0.023851175798533367,82.752180338214,2732.048148492255,1.67508062159544,0.0006169100669285847,0.38684711660042437,0.001
492,0.02892608077902543,0.02263436437045273,48.56681321796618,2649.205386513158,1.0895874453355172,0.02403380796616968,102.5149428423267,2708.071102953512,1.6879069747895816,0.0007642396851848886,0.3834520626236565,0.001
493,0.030005862152105885,0.02300099950087698,58.05187968203896,2650.9713584498354,1.180793547037866,0.026202877384419468,110.09064139375536,2700.7924653722725,1.8402418609224882,0.0008207158370070111,0.38242143658486,0.001
494,0.030386864648837792,0.02305588390874235,62.50508539300216,2643.098941200658,1.09749639403681,0.02422607735426007,91.25209632158302,2701.8503503159486,1.701410155045208,0.0006802761766402107,0.3825712288717865,0.001
495,0.028796017169952393,0.022574798253021743,47.733638763427734,2641.195865028783,1.098618572921183,0.024257252738879683,76.73190350470432,2695.852654300564,1.7035996187047022,0.0005720294442173786,0.38172197904759225,0.001
496,0.028142743008701426,0.022499533958340947,40.07374211361534,2637.678042763158,1.091824099201306,0.0240914652236817,75.23299085459874,2702.6949293115927,1.6919562743112708,0.0005608551851281626,0.38269081788759013,0.001
497,0.027781782083605464,0.022336240661771672,37.447956687525696,2636.9445672286183,1.0708772472134618,0.023585155793293556,73.07926419928695,2716.5154368037174,1.6563978967059891,0.0005447993464826554,0.3846477466028595,0.001
498,0.028476956153386516,0.02251533752209262,44.36080129523026,2634.5583367598683,1.0798372453611296,0.023815005378841535,76.18908736762428,2690.7338869857294,1.6725403539955301,0.0005679827987019694,0.38099718202035643,0.001
499,0.027843428089430456,0.022198356001784925,40.14829063415527,2633.9499768708883,1.0754023306738754,0.023707200557983043,80.8231972469607,2694.296469773648,1.6649691647233547,0.0006025296713539239,0.3815016295279588,0.001
500,0.0282000385616955,0.02234120451306042,43.03624183253238,2631.1155299136512,1.0985573138051854,0.02426399217233564,79.0202367979604,2683.5408895135884,1.7040729326611277,0.0005890887632507601,0.3799786822792931,0.001
501,0.028378380658595187,0.022393879627710896,44.78793154264751,2625.4056203741775,1.0737589868520723,0.023673470366388064,83.06618334183057,2686.3388085490915,1.6626002756262006,0.0006192509310989927,0.3803748564506609,0.001
502,0.028092353359649058,0.02229995456965346,42.08729713841488,2635.851254111842,1.0827232030088478,0.023887115811297856,77.47657966481039,2685.2756067570476,1.6776047075956524,0.0005775809380619343,0.3802243113192204,0.001
503,0.02778584980650952,0.022157294773741773,40.11225429334139,2620.1357036389804,1.0939168850416652,0.024156167192542183,80.17818843433119,2680.059427648359,1.6965003276163464,0.0005977211886270338,0.37948572117066054,0.001
504,0.028250019899324366,0.02227594125035562,44.63250792653937,2626.6405864514804,1.0827206340549034,0.023889619254893486,81.18512094787604,2681.2645749938642,1.6777805257561371,0.0006052277800157403,0.37965636522609003,0.001
505,0.028089999662418114,0.022099951282143593,44.978104842336556,2616.690301192434,1.0635194785340532,0.02342496014437449,83.82656732474446,2694.501472367718,1.645147272022541,0.0006249195253508135,0.3815306570772922,0.001
506,0.02839555826626326,0.022151401364489606,48.34821540430973,2618.0407457853617,1.0756537614739745,0.023718874619701343,82.86295169716932,2685.6968018087814,1.6657890402181652,0.0006177358574538324,0.38028395085792305,0.001
507,0.02757695287858185,0.02199109084904194,39.70656143991571,2607.8697188527963,1.0521607084510343,0.02315915745217955,76.38478488999861,2689.3036990933183,1.6264798091425343,0.0005694417061426228,0.380794673121426,0.001
508,0.027488339398252338,0.021976042931017122,38.655176062332956,2613.1579846833883,1.0574627892505466,0.023290089441837213,78.44354939387279,2681.5971866573154,1.635675231643926,0.0005847896104840473,0.3797034617104711,0.001
509,0.027253852961094754,0.021691781811808284,39.44245629561575,2603.886847245066,1.0722895319626837,0.023657166272866962,86.20362772165585,2658.544744115189,1.661455230562571,0.0006426402969674462,0.37643932782873846,0.001
510,0.02776866906175488,0.02194910506276708,42.91612113149542,2600.854916221217,1.0553803743835761,0.023252525140284804,75.73251755681518,2664.101058976647,1.6330370709877928,0.0005645791117973751,0.3772260798427047,0.001
511,0.026879026799609785,0.02159446899436022,35.79110336303711,2600.2250205592104,1.0562800472921672,0.02327152245351827,74.56895431304667,2667.6637645994106,1.6343712622884043,0.0005559048523923043,0.377730544743231,0.001
512,0.027221779388032462,0.021739921875690158,38.33041100752981,2607.0765573601975,1.0527919257911509,0.023185455487050928,75.98997519250679,2672.4829956382346,1.6283267339638168,0.0005664984353320136,0.37841292862897224,0.001
513,0.0271966375018421,0.021579684395539134,40.2276285071122,2599.8808465254933,1.069178012714705,0.023583403628055447,81.77949963228427,2658.6616490052443,1.656274841219711,0.0006096588196872095,0.37645588109470457,0.001
514,0.027547186926791544,0.021721170136803074,42.976604863217005,2602.7711631373354,1.0575321053521485,0.023308072082505026,83.63894222133237,2657.013572898415,1.6369381619565533,0.0006235207970680012,0.37622252009401475,0.001
515,0.027860408158678757,0.021809176100712074,46.06840695832905,2596.101498252467,1.0524640692645693,0.02318123811586487,79.30954862269033,2667.006392411724,1.628030545767163,0.00059124555690173,0.37763746346445476,0.001
516,0.02774875865955102,0.021726883751781362,45.73124775133635,2592.0312243009867,1.0629726197890939,0.023432247089585936,80.33100702028078,2664.53217714702,1.6456590380175355,0.0005988604374504579,0.3772871244554121,0.001
517,0.027535313544304746,0.021692057189188506,43.31593704223633,2594.5609323601975,1.0503697855193816,0.023136359915464675,85.77818836091183,2659.4907639895323,1.6248787261479782,0.0006394686847701848,0.37657328046820354,0.001
518,0.027942469245509097,0.02171990245972809,48.37588541131271,2594.374871504934,1.0584337982784007,0.02333088133986682,77.66169578126747,2655.228960752653,1.6385400680983073,0.0005789609620724963,0.37596982613500857,0.001
519,0.02751900422337808,0.021666255632513447,43.618249792801706,2581.379702919408,1.0452205541579314,0.02301912647707643,81.62269247487188,2652.321919061327,1.6166453601074149,0.0006084898364220098,0.37555820063098977,0.001
520,0.02718657019891237,0.021545413783506343,40.77214090447677,2583.245721114309,1.045736447538739,0.023033922330213123,82.8600021826485,2648.4579770370437,1.617684480655542,0.0006177138690881724,0.37501108185798054,0.001
521,0.026924634646428258,0.02150380640829864,37.82321146914833,2584.0869911595396,1.0413712062526597,0.02292185342667982,78.47055982905812,2661.300786613861,1.609813822614288,0.0005849909708507451,0.3768295724495837,0.001
522,0.02697339859840117,0.021451903899249277,39.253285458213405,2577.4981368215463,1.064381646145455,0.02348094066090749,72.48127424575922,2642.245711969303,1.6490788131433398,0.0005403413851244693,0.374131449912131,0.001
523,0.02730226448099864,0.0216718033740395,40.55706807186729,2588.6811780427633,1.0396146048709538,0.022887136511640194,74.76804183351672,2651.125052425067,1.6073756354106188,0.0005573890319640793,0.37538872909094834,0.001
524,0.027025652167044188,0.021504608914256096,39.136890612150495,2585.776187294408,1.0412410934424254,0.02292670916833701,73.28099023500604,2649.7542737594285,1.6101548439049003,0.000546303195948471,0.37519463230147837,0.001
525,0.026638003850453777,0.021341468648690926,36.368804028159694,2568.8749100534537,1.0322056810655895,0.022723517960891275,74.00183367214854,2633.004087165023,1.5958846185312792,0.0005516770189853398,0.3728228727151252,0.001
526,0.02661537153548316,0.021294990848553807,36.556292282907584,2578.6586657072367,1.0298668181864072,0.022657333184650255,83.04602697372246,2648.420036384938,1.5912364268839398,0.0006191006671863346,0.37500570961303054,0.001
527,0.026554452157334277,0.021222502875484918,36.88644027709961,2565.4660516036183,1.0205032097540454,0.022437619123704535,73.37196596902008,2645.2135850872432,1.5758057928183082,0.000546981411868947,0.37455168890343304,0.001
528,0.02676631039694736,0.021425825788786535,36.884656002647,2574.1353438527963,1.029169271657046,0.022648730472756826,80.90479600608485,2636.701831751261,1.5906322539028015,0.0006031379827693673,0.3733464585940566,0.001
529,0.026833686879590937,0.02130899205803871,39.391773424650495,2570.3115491365133,1.0494001842137626,0.02311898449970792,83.32092377309688,2651.2360534273566,1.6236584415602433,0.000621149998118854,0.3754044463899641,0.001
530,0.02784257588025771,0.021654736740808738,48.248462074681335,2569.204217208059,1.046612180492219,0.02306405961874975,77.76538163452574,2634.8062634557673,1.6198010382811094,0.0005797339307895945,0.3730780536869777,0.001
531,0.028058623502913275,0.021512173704410855,53.036436582866465,2568.7167454769738,1.065748793348478,0.02352657121662556,80.45115617705999,2622.205228288838,1.6522834710722236,0.0005997561386156373,0.37129379738710344,0.001
532,0.0270902445833934,0.021404595751511424,41.62771927682977,2563.569888466283,1.03636785504962,0.022831860714187347,72.62129205130526,2618.83882983464,1.6034935870814881,0.0005413852052804768,0.370817128798355,0.001
533,0.02685511004375784,0.021264078977860902,40.38988233867445,2561.7898334703946,1.0627916721484174,0.02345732634086971,91.44265060811621,2620.240240248549,1.6474203670264038,0.0006816967417199254,0.3710155629211554,0.001
534,0.02766912695216505,0.021389895265823917,49.72309293245014,2549.9994346217104,1.0171263717640409,0.022373182850369808,74.56634159014185,2621.7883924542466,1.5712803994497573,0.0005558853747778717,0.37123477509615427,0.001
535,0.02642423836024184,0.021082380002266483,37.16889431602076,2554.1914319490133,1.0233023609814884,0.022520234497051636,74.503115897364,2621.067142967818,1.581607913942589,0.0005554140329207294,0.3711326490467549,0.001
536,0.026431405720742124,0.02100566068762227,38.33731059024208,2550.4462505139804,1.0254230726534757,0.02256183484084967,89.50690955179019,2633.2628563254143,1.5845295279685139,0.0006672659661230311,0.37285951339571416,0.001
537,0.027137341075821927,0.021217630489876394,44.804895099840664,2559.3434159128287,1.0371118402578052,0.02283247279097515,95.70992689988807,2642.9838811121804,1.6035365735562361,0.0007135089029463779,0.3742359717173719,0.001
538,0.027558207119766035,0.021458044550136515,47.303958692048724,2552.3654913651317,1.0204491076875546,0.022460969698818414,74.73860142745085,2608.486081266038,1.577445715990514,0.0005571695563828647,0.36935122090984907,0.001
539,0.026646936116249936,0.021012999999680017,41.10888420908075,2550.769775390625,1.0327961463586541,0.022751199706125266,81.93584625914623,2612.246924080542,1.5978287220591334,0.0006108243697385467,0.36988374124613277,0.001
540,0.026191877593335352,0.020821843296289444,37.636186499344674,2547.3201197574012,1.0205679288359812,0.02245418483563429,75.79544247745673,2622.7219387547066,1.5769692114803842,0.0005650482114252737,0.37136696152732873,0.001
541,0.026534143835306168,0.020939375420934277,40.63406914158871,2547.2128649259867,1.0179877885177482,0.022408041674193788,73.34425871580089,2600.4017282894206,1.573728552981993,0.0005467748567864344,0.36820650878597583,0.001
542,0.026791329936761605,0.020899368842181406,44.745243674830384,2536.0678582442433,1.0207499097218955,0.022461923559047508,80.19757947230602,2617.4011888694595,1.5775127060961156,0.0005978657470723336,0.37061356457405914,0.001
543,0.026343839537156254,0.020854904855552473,39.473057194759974,2528.4552323190787,1.0300134571599775,0.022697130667560676,73.97671902887224,2594.8578721966182,1.5940314250414571,0.0005514897915769362,0.3674215208839391,0.001
544,0.026413932638733012,0.021120936364719744,36.68972306502493,2541.2670512952304,1.0163234197945623,0.022364327037609384,69.68058176834192,2606.869244771279,1.5706584510616037,0.000519462474422318,0.3691222833135783,0.001
545,0.026715797911349096,0.021010466018005422,42.318774574681335,2531.4236353824012,1.0355632705065734,0.022833794333912503,89.8505716283085,2586.6432697960936,1.603629386211833,0.000669827936016262,0.36625836596135264,0.001
546,0.02639853679820111,0.020918279886245728,39.2767582943565,2534.4999614514804,1.022554947031517,0.022520029954578923,71.87662711799092,2595.117300602228,1.5815935488171449,0.0005358337951306444,0.3674582549110205,0.001
547,0.02645682523909368,0.02078171927285822,41.93098449707031,2530.282110916941,1.0103060745265022,0.022229896676310465,81.4057114371036,2593.798317247575,1.5612173360797696,0.0006068722622869868,0.3672714921309161,0.001
548,0.026413303358774436,0.02087622302535333,40.11326538889032,2528.5855006167762,1.0200294317349425,0.022462884582840598,79.29474927881553,2590.5774172130523,1.5775801993025846,0.0005911352291232595,0.36681542553783614,0.001
549,0.0263386107981205,0.0208238753441133,39.86462723581415,2524.8880936472037,1.0369935097900997,0.022867356957068725,83.66885761124841,2587.532549850414,1.6059865068893953,0.0006237438136111288,0.3663842844687018,0.001
550,0.026405468190971174,0.020874323323369026,39.993749919690586,2531.6134996916117,1.02286783464386,0.022532537078461007,74.50900847566497,2587.4170004881357,1.5824719307058928,0.0005554579615623576,0.3663679231400601,0.001
551,0.026312326522249924,0.020790725260188703,39.973900142468906,2523.5587479440787,1.002743960296291,0.02205248898148347,72.15849507012629,2591.2323775564014,1.5487579003589993,0.0005379350953804526,0.3669081653090777,0.001
552,0.026178399493035517,0.020667211299664097,39.76640841835424,2528.707275390625,1.010879450871006,0.022252971939546284,72.48489415834031,2580.1794447185434,1.5628379239539705,0.0005403683712474155,0.3653431141218711,0.001
553,0.0257470507762934,0.020540765339606686,35.83718992534437,2518.4961708470396,1.006870807490358,0.022150255737096464,77.36185998458703,2591.2098722760325,1.5556241110291524,0.0005767257131564953,0.36690497865117644,0.001
554,0.02588293544555965,0.020639862767175624,36.277711366352285,2522.2441149259867,1.01316489639236,0.02230673512766655,73.57716496595866,2580.8265949161664,1.5666137409340701,0.0005485111519485156,0.36543474800764136,0.001
555,0.02599845022747391,0.020682722330093384,37.21628199125591,2524.5068744860196,1.0056150685344565,0.022121060292237156,77.97514030167568,2590.2774139170688,1.553573699580435,0.0005812976628007808,0.36677294626817686,0.001
556,0.025881216322120867,0.020557203967320293,37.383115668045846,2520.2784231085525,1.029737294653227,0.02270316518861691,80.47509668920775,2575.784735029148,1.5944552326292798,0.0005999346129820047,0.36472084076531375,0.001
557,0.026032750347727222,0.02065089374388519,38.299121254368835,2509.4222219366775,1.0096601609397,0.02222489597423435,71.63825234324881,2578.9451685252325,1.56086613414269,0.0005340567326092799,0.3651683455378202,0.001
558,0.025904276653339987,0.0205356956116463,38.08523439106188,2512.1881938733554,1.0044057477480115,0.022097909516600376,76.02207103819885,2582.1248499575163,1.5519478084305967,0.0005667377069769792,0.3656185757412907,0.001
559,0.026242704669895926,0.02057730406522751,42.15294004741468,2503.929995888158,1.0110395899082407,0.022251556763276035,86.36850190155548,2587.209020344421,1.562738535380155,0.0006438694191602508,0.3663384739815778,0.001
560,0.026109243792138602,0.02054564262691297,40.720243755139805,2509.5827379728617,0.9852717503616714,0.021650036892661376,71.59044519567219,2573.1277058615883,1.5204934784788862,0.0005337003346208447,0.3643446160370779,0.001
561,0.025507979094982147,0.020391853330166715,34.80894610756322,2505.4542943050988,0.9991229320882674,0.02198327113084035,77.04652682383168,2566.1048142376,1.5438966943010615,0.0005743749327841678,0.3633502026053686,0.001
562,0.025750077966796726,0.02048688460337488,36.78355357521459,2504.426642166941,1.015308748932946,0.022364545228369538,72.9557228289372,2570.542365570478,1.5706737747134536,0.0005438783566701885,0.3639785421676994,0.001
563,0.025589137975322574,0.020479096589904083,34.88113503707083,2493.956170333059,0.9890222985394332,0.021742362869755862,68.7952045934055,2568.334303536867,1.5269775804119383,0.0005128620671579448,0.3636658893941937,0.001
564,0.025145769805500384,0.02019335006020571,32.84356619182386,2489.151971114309,0.9967446091521996,0.02192924601840729,67.30484464398695,2563.023123386473,1.5401024822387066,0.000501751567683662,0.3629138474771948,0.001
565,0.025412424418487047,0.02024978840429532,35.55541811491314,2495.9795821340463,1.005624348432465,0.022140788329365786,82.3533463933641,2561.0197327224455,1.5549592100045506,0.000613936795715607,0.36263017535295683,0.001
566,0.025903151027466122,0.02030785705306028,41.258527655350534,2500.9045667146383,0.9949209220694886,0.021887835288885656,77.2176584906862,2559.7218820336966,1.537194184923147,0.0005756507039798189,0.36244640487402235,0.001
567,0.02583734240186842,0.020261727273464203,41.0554976212351,2496.4529065583883,1.0000410657930394,0.022018768366984336,87.90629753600486,2545.134881615461,1.546389683866324,0.0006553335474030757,0.3603809438188218,0.001
568,0.025754423223828014,0.020320123257605655,39.23249826933208,2491.862433182566,0.9921318743020957,0.021826365326188386,73.49086696474201,2552.897872619902,1.5328771171108875,0.000547867808105625,0.36148015236971076,0.001
569,0.025215415480105502,0.020072071567962046,35.38007856670179,2489.8381604646383,0.9834540735367476,0.021624224470249285,73.35896734883693,2547.2575680438536,1.5186806584760422,0.0005468845083237547,0.3606815077472883,0.001
570,0.024957697152307157,0.02006438374519348,32.05437399211683,2489.2353644120067,0.9840090285143748,0.021630865611074482,69.16644712077041,2557.1928572593574,1.5191470692893094,0.0005156296468333973,0.3620883050571125,0.001
571,0.025031294477613347,0.020003691217616984,33.91228414836683,2484.1816277754933,0.9937507917635265,0.02187478796272762,72.31557926807884,2538.074766155076,1.5362778643444228,0.0005391061439579796,0.3593812596404067,0.001
572,0.02561912969931176,0.02026132004041421,38.29375959697523,2485.7775107935854,0.9877690500868558,0.02172873806397618,79.66463289110119,2543.781061900801,1.5260207031356428,0.0005938926782089311,0.360189248349142,0.001
573,0.025591247175869188,0.02013955255480189,39.71171810752467,2473.315802323191,0.9856786881627128,0.021676329890484007,71.03928701535574,2548.4030306154627,1.5223400495455859,0.0005295914999228635,0.3608437006768841,0.001
574,0.02526385484165267,0.02008798483170961,35.944229527523646,2480.0522717927633,0.9950965242350851,0.02190240245571323,73.45091713104111,2544.4454076417883,1.5382172447115,0.000547569985685944,0.3602833170552402,0.001
575,0.025360484460466785,0.020166143186782535,36.18904334620426,2480.1629445929275,0.977647362411834,0.021486135711666604,77.75375652379599,2547.4540429240915,1.508982612328722,0.0005796472666339308,0.3607093278063698,0.001
576,0.025471370961321026,0.020012697793151204,39.814104180586966,2472.6148874383225,0.9792866846067957,0.021526703461212125,74.34704450589666,2545.156835121999,1.511831706717168,0.0005542505347245219,0.36038405234775023,0.001
577,0.0253546788896385,0.019987343369345916,38.61641151026676,2471.104556435033,0.9674282280089108,0.021249485248519242,70.83721664812494,2539.0932823975263,1.492362525828244,0.0005280850834965754,0.35952547747632585,0.001
578,0.024762875057364766,0.019936763044250638,31.329200945402448,2476.422003495066,0.9765800569898604,0.021471555128386936,65.10277648312942,2532.127275636246,1.5079586102958817,0.00048533534745908623,0.3585391187141981,0.001
579,0.02592324475316625,0.02025134567367403,42.61998005917198,2475.400699013158,0.9717115333685546,0.021343959058234132,83.57572105962153,2549.0986939265367,1.4989974711759462,0.0006230494889895563,0.36094220382594544,0.001
580,0.025574027903770145,0.02013196786375422,39.67411221955952,2466.5014905427633,0.9662200807382517,0.021225634118676694,75.42792327665455,2531.679743856947,1.4906874484341617,0.000562308388814706,0.3584757499999591,0.001
581,0.024598291535910807,0.019751359365488354,31.855324694984837,2457.7827019942433,0.9800519245195916,0.02155060575444865,68.78060094020111,2536.9057906253497,1.5135103773433203,0.0005127531982358341,0.35921573736976126,0.001
582,0.025018752699619846,0.019922290879644845,35.046044299477025,2468.00830078125,0.9836088328481923,0.02164092153319664,73.96421926520978,2527.8456786599686,1.519853301989172,0.00055139660696227,0.35793286166648386,0.001
583,0.024735765237557262,0.0197636194919285,33.37582969665527,2468.9584061472037,0.9793225561219245,0.02154482509309426,71.99079709954191,2519.583006938749,1.5131043984558838,0.0005366849220818859,0.35676290031988983,0.001
584,0.025724666781331364,0.02003735745031583,43.02220003228439,2460.644171463816,0.9775445445129854,0.02150119071338781,80.65583753258727,2521.269079666297,1.5100399330182468,0.0006012820197250086,0.357001641490462,0.001
585,0.024962928342191798,0.019714299099225747,37.2859464946546,2452.1831311677633,0.9774498422361532,0.021497831657011877,72.5406538533553,2523.350434001889,1.5098040247221651,0.0005407840547622548,0.3572963529595084,0.001
586,0.02469708143096221,0.01971576294224513,33.6583722767077,2456.940558182566,0.9714497546820795,0.02134941144370395,71.63906149594467,2532.3702676911303,1.4993803950753426,0.0005340627647699035,0.3585735254195999,0.001
587,0.02485257779297076,0.01970208181362403,35.79202290585167,2466.0941483347037,0.9674999060192383,0.021265418952117445,68.45009720435684,2518.0410554049467,1.4934815582127707,0.0005102893225896999,0.35654456613528984,0.001
588,0.024871776468659703,0.019822386240488606,34.573383130525286,2456.3864489103617,0.9745022599856835,0.02143400613463343,62.98319515422059,2514.7402956589326,1.505321524714517,0.0004695340591530439,0.3560771917257133,0.001
589,0.025093308110770426,0.019815750518127492,37.679072731419616,2451.6270302220396,0.9654004357517362,0.02121928062773993,76.57876094139668,2512.1299182965035,1.4902412394238573,0.0005708877801718683,0.3557075727069372,0.001
590,0.024808618387109356,0.019518221875554638,37.95476451673006,2443.7889211554275,0.9636337216835555,0.021171991447900988,83.07533050424857,2519.7673526972117,1.4869200954505601,0.0006193191223727022,0.35678900294372473,0.001
591,0.02573606136598085,0.01990230646180479,45.17039590132864,2445.9753032483554,0.9607143169018447,0.021104886519771434,76.4914198216606,2516.8753344039696,1.4822072810521068,0.0005702366599741672,0.35637950469292934,0.001
592,0.025078505767803443,0.019869024816312288,36.82565578661467,2447.556756270559,0.9688901545008373,0.021303692886474202,69.83816032056981,2510.1093269436883,1.4961695567540065,0.0005206372083665367,0.35542146503379984,0.001
593,0.025262114150743736,0.019852622069026295,39.45637472052323,2450.263671875,0.9809520128185081,0.02158913001690687,82.23344123537704,2510.657975658459,1.5162159565587898,0.0006130429135394934,0.3554991515026319,0.001
594,0.025820673296326084,0.019820987982185262,47.366026627390006,2447.2328330592104,0.9727369991158581,0.021392780078258556,80.03368475451623,2512.851602983802,1.5024261970911887,0.000596643926681527,0.35580976037904327,0.001
595,0.02560882603651599,0.019795623166780723,44.88789247211657,2446.6111096833883,0.9676981705895016,0.02127113252972997,84.44094373075563,2515.698544796637,1.4938828257737313,0.0006294996462395035,0.35621287598007406,0.001
596,0.02555071542921819,0.019813840032408114,43.98090824327971,2438.3072702508225,0.96395214293862,0.02118848549678532,67.90720589054972,2507.2671847428296,1.4880784811792624,0.000506242116638547,0.3550190290386739,0.001
597,0.02526818568769254,0.019780409277269716,40.643166190699525,2439.5387284128287,0.9568741453329068,0.021027608820432482,78.56272055920485,2496.1506063929846,1.4767800275809333,0.0005856780208108868,0.3534449659009237,0.001
598,0.025877452112342183,0.019935113917055883,46.63623870046515,2444.6202585320725,0.9814115114901926,0.021612681161443024,78.3433747185854,2492.044920443019,1.5178699658270176,0.0005840428172831488,0.35286361715262743,0.001
599,0.025768265716339413,0.020066858612393077,43.55540606850072,2434.751400596217,0.9663548555018829,0.02124633546057581,83.94965255832871,2505.187095501774,1.4921413145642481,0.0006258371147046896,0.354724496701966,0.001
600,0.02614933595453438,0.01985916946279375,51.45394716764751,2431.119988692434,0.9798669151136672,0.021564042219194602,95.9300932527264,2508.9502428833944,1.5144540273297533,0.0007151502233189626,0.3552573433557578,0.001
601,0.025899270745484454,0.019935764176280873,47.0842150637978,2432.190185546875,0.9694507713658709,0.0213165190398622,87.05509766243907,2509.9142021545535,1.4970703442527582,0.0006489879288486775,0.3553938361422316,0.001
602,0.025511336954016434,0.019791769255933008,43.95677968075401,2422.808953536184,0.9595734742517062,0.02109533137347331,73.92649593518237,2490.943084434648,1.4815362181017644,0.0005511153829273641,0.35270760157031056,0.001
603,0.0271304347797444,0.020256102477249346,59.224574641177526,2432.4893092105262,1.0075487251824125,0.022232847666186977,95.76748452137758,2491.284403367786,1.5614245856509616,0.0007139379898414932,0.35275593096933616,0.001
604,0.026038913840526028,0.01996516965721783,48.65930195858604,2424.2967722039475,0.9817500745697413,0.021621776338270778,82.34094487664382,2490.256287513048,1.5185087248795208,0.0006138443435230647,0.3526103538666207,0.001
605,0.025383899870671724,0.01985981776133964,41.41379225881476,2418.0477487664475,0.9597434170363891,0.02109848958785378,78.16677122099972,2492.021461439033,1.4817580211588655,0.0005827262540811871,0.3528602954512675,0.001
606,0.024885132320617374,0.019440379287851483,40.34475738123844,2418.8962530838817,0.9587735064810528,0.021080770827285433,69.8206833231602,2484.5767614142965,1.4805136232844198,0.0005205069189216229,0.3518061556330825,0.001
607,0.02444986685326225,0.019304074739155016,36.46204295911287,2411.138787520559,0.9375490983478318,0.02057220518754934,66.30691484632757,2492.0250735989694,1.4447967909099084,0.0004943120907327473,0.35286080691870153,0.001
608,0.02432703864025442,0.01941286890130294,33.31055370130037,2415.8782509251646,0.951549373207796,0.02091563313433576,67.76461632790486,2475.3094277697132,1.4689159162492813,0.0005051791242645088,0.3504939381668714,0.001
609,0.02404260792230305,0.019292620745928662,31.0488963880037,2421.3199013157896,0.9479841306596797,0.020827496805216165,70.28652283088009,2480.426584178736,1.4627260554971808,0.0005239797105835575,0.35121850709627195,0.001
610,0.024409623816609383,0.019319564006046244,35.739447141948496,2409.6008557771383,0.9434645623925525,0.02071941435819995,62.02118213713104,2482.092149093784,1.4551353683939223,0.0004623623385731957,0.35145434444242296,0.001
611,0.024485796984089047,0.019360269076730077,36.20278559233013,2410.318963301809,0.9636864086845546,0.021197367006234542,79.52959161961881,2484.0562598394085,1.4887022342593863,0.0005928859576670937,0.351732454686947,0.001
612,0.025765771242348773,0.019505106598923082,51.323497471056484,2411.4021253083883,0.9382337644377409,0.020601046695388304,71.07287855913417,2473.0353988130187,1.4468223451755229,0.0005298419218626346,0.35017194474027363,0.001
613,0.025037078480971486,0.019418970632709955,42.895993082146894,2400.9082159745067,0.9481359905818303,0.02083285297457403,81.10538116403502,2477.2495611827717,1.4631022220884269,0.0006046333270939541,0.3507686533167768,0.001
614,0.02504126404068972,0.01941882377784503,42.93603937249435,2402.2368678042762,0.9528540418695374,0.020933898391546697,77.5801288359373,2493.684477209464,1.470198694870383,0.0005783528878260277,0.35309577184871216,0.001
615,0.024157814485462087,0.019119366611305037,35.168304543746146,2400.8248483758225,0.9424278653337697,0.020707239336226306,69.29226210529993,2463.2179170239338,1.4542803101968833,0.0005165675862352293,0.3487818284919635,0.001
616,0.02380744946238242,0.01911415404787189,30.477785010086862,2407.4612715871713,0.930516581493861,0.020417052380668797,63.378111001096336,2474.712717136861,1.4339003276752649,0.00047247812129777,0.35040944632221227,0.001
617,0.02361868949312913,0.018936405644605036,30.427167490908975,2400.2461065995067,0.9422281972216194,0.020695205910466682,65.66095112991067,2474.263934485753,1.4534351963764323,0.0004894964892839458,0.3503459004895163,0.001
618,0.02381311866797899,0.01907010474487355,31.292791165803607,2396.0546618009867,0.9416366509128236,0.02068592165413926,71.17626738403696,2466.8997925423596,1.4527831581712152,0.0005306126762600386,0.34930316737421224,0.001
619,0.023764975957180325,0.019058809566654657,30.703111849333112,2403.4330669202304,0.9400443798912392,0.020650635170396177,65.60788274306712,2463.472588898351,1.4503049698579198,0.0004891008692296386,0.3488178890132072,0.001
620,0.024179992707152115,0.019052943508875996,36.309975373117545,2403.8012309827304,0.9356672432779382,0.02054668963622094,66.07005463040886,2463.552535353912,1.4430048203194206,0.0004925463191112876,0.3488292091123179,0.001
621,0.024162224640971737,0.01918373747091544,34.384607114289935,2399.6415244654604,0.9469543772014896,0.02080327681608247,72.85702210428322,2479.9676559665163,1.461025072921068,0.0005431425516387884,0.3511535246926047,0.001
622,0.024375749261755692,0.019223650819376895,36.672972428171256,2401.625308388158,0.9309973603156181,0.020437633227073645,66.43207106347089,2460.9052384146426,1.4353457313434108,0.000495245119082923,0.34845436242877514,0.001
623,0.024703155320725943,0.01913158517134817,42.40247997484709,2391.384161698191,0.945959074316113,0.020797916162229105,72.02755159203036,2452.8419891973294,1.4606485913813443,0.0005369589235200149,0.34731263851301264,0.001
624,0.024221538124900115,0.019124315267330723,36.04209066692152,2394.0658665707238,0.9350696418960884,0.020532975728267205,64.73717254402031,2462.9263490183307,1.4420416853505753,0.000482609802952303,0.34874054362576423,0.001
625,0.023459366963882195,0.018864047762594725,29.34549381858424,2394.4072137129933,0.9288343469329813,0.020380648256136297,70.75471010747587,2469.09022645299,1.4313436468614709,0.0005274700046514521,0.3496133240758424,0.001
626,0.024159005794085954,0.019069930048365342,35.91010535390753,2395.8176783511512,0.9211305375185443,0.020204830802521563,80.49307553376363,2458.154967891588,1.4189958946174743,0.0006000686436522896,0.3480649350966463,0.001
627,0.023990304650444733,0.018852458678578075,36.62625152186344,2390.8770944695725,0.9519179303948486,0.020945159478966885,68.65699703824463,2444.342320518899,1.4709895669630204,0.0005118317422558592,0.3461091193429262,0.001
628,0.023898671038056676,0.018962791189551353,34.095495525159336,2378.7175035978617,0.9308204678088353,0.020442226269658394,65.49021941049517,2447.874104939063,1.4356683031399906,0.0004882236996605066,0.3466092059245439,0.001
629,0.023609113928518798,0.018863489753321597,31.490348615144427,2383.8480674342104,0.925343761930697,0.020311038198975565,64.31843927051405,2449.7486474818106,1.4264548959335077,0.0004794881840326782,0.3468746336689294,0.001
630,0.023833069558206358,0.01896448011853193,33.106963207847194,2385.567074424342,0.9305548817920088,0.02043040722048606,68.77433624100716,2455.9093683692,1.4348382451000228,0.0005127064954663937,0.3477469671645092,0.001
631,0.023611365866504218,0.018814782072838983,32.16852810508326,2383.944156044408,0.9178067294511462,0.020140002704123545,66.63294052729277,2437.9779873939074,1.4144429831686358,0.0004967425828822309,0.3452079551669411,0.001
632,0.02332664506607934,0.01866541067628484,30.442635686774004,2378.036441200658,0.9182788566563563,0.020145722086137588,63.370402257145486,2446.3110776788044,1.4148446583757681,0.00047242065330445283,0.3463878875011726,0.001
633,0.023362261292181517,0.01883106864988804,28.651031895687705,2382.3650416324012,0.930704834828274,0.0204419878258959,64.2570470189323,2444.2106286775215,1.4356515571091337,0.00047903051031486916,0.34609047230365464,0.001
634,0.023670241726856483,0.018717108196333834,34.32551624900416,2378.7197651110196,0.9264153627394753,0.020341593077407582,70.17436946539344,2441.815465317129,1.4286007811170727,0.0005231436173238288,0.3457513267288352,0.001
635,0.02383929922392494,0.018831887527516012,35.13412505701969,2372.3520122327304,0.9132659535638121,0.020025263217414203,61.34436916188628,2448.6434708073925,1.406384768666253,0.000457316758672462,0.34671814506162996,0.001
636,0.023819915362094577,0.01896086217541444,33.03228860152395,2381.6316046463817,0.9323181005395447,0.020486851262902867,69.48205683133938,2434.1469852285577,1.438802339887447,0.00051798248885973,0.34466550054652256,0.001
637,0.023933481130945056,0.01888301311747024,35.69492962485865,2373.3484015213817,0.935216459825444,0.020553456323291877,67.40747359742558,2437.4955046475793,1.443480048311561,0.0005025166573075953,0.3451396375352297,0.001
638,0.023448671949537175,0.018683249326912982,31.96845958107396,2367.788150185033,0.9132885493264478,0.020029008158906007,60.95658009824251,2443.889396967074,1.4066477778769904,0.00045442582605619865,0.34604498717521137,0.001
639,0.023221614231404505,0.018576467801865778,30.252728813572933,2376.1915090460525,0.9200464108890491,0.020199906016891714,75.34902013833107,2427.4713785346144,1.4186500243323465,0.000561720173010058,0.3437202612751958,0.001
640,0.023662022952186435,0.018708013782375736,34.48878950821726,2367.3500077097037,0.9205065139435167,0.02020283455021908,64.93816404250687,2439.908946250326,1.4188556967682804,0.0004841081765090679,0.34548137123623396,0.001
641,0.023396630918509083,0.01861267281990302,32.26297197843853,2364.235107421875,0.9073807299463454,0.019889247258646443,65.9173268372122,2442.973875326977,1.396832296340188,0.0004914077471396764,0.34591535296402365,0.001
642,0.02343302808309856,0.01845478158640234,34.77678841038754,2369.9872789884867,0.9074120601961946,0.01989169888926472,77.93732124129137,2439.7993886120717,1.3970044756480207,0.0005810157251046681,0.3454658583118063,0.001
643,0.02352664051087279,0.018567069384612535,34.72023642690558,2355.5533768503287,0.9212007847637388,0.02022453207933342,69.09404020862179,2431.9206263125684,1.4203795256504679,0.0005150898598110235,0.344350257007479,0.001
644,0.023453384147662865,0.018700978767715003,31.885950991981908,2360.9587787828946,0.9243314130228487,0.020297606842014065,68.25203136592371,2433.7793039620924,1.4255116046694636,0.0005088127595656846,0.34461343834628694,0.001
645,0.02354556802464159,0.018704070366526906,33.03485890438682,2363.8830052425988,0.9167096584659857,0.020114381431434084,64.09363858004619,2437.4960650132966,1.4126435877113532,0.0004778123150895843,0.3451397168807793,0.001
646,0.022849626250957187,0.018349014663774716,28.521957196687396,2361.4650750411183,0.9110618844195796,0.01998779031083555,65.63478532080646,2426.34690628029,1.4037530267271987,0.0004893014255287705,0.34356104049077346,0.001
647,0.023154359506933314,0.018522995475091432,30.262340947201377,2361.688232421875,0.904948210041766,0.019837989318808123,63.3995169444188,2433.4805763912836,1.393232424264642,0.0004726377006813434,0.34457113971422215,0.001
648,0.023391978423062124,0.018598713961086775,32.49165735746685,2356.3899696751646,0.8976727155730945,0.01966253627035724,64.05060403855897,2437.6060704247284,1.3809102643869733,0.0004774914964505996,0.34515529320810223,0.001
649,0.023705275239128815,0.018719597376490895,35.000295538651315,2360.655646073191,0.9090646970261785,0.01994707264974217,63.94442842390419,2416.498696266248,1.4008934039718959,0.000476699966786062,0.342166573248419,0.001
650,0.023939618056541996,0.018865546113566348,36.19595768577174,2359.3752055921054,0.9540289166330196,0.02101871270906002,70.78024608120197,2409.3276082004845,1.4761552490000602,0.0005276603730404912,0.34115117579187737,0.001
651,0.02402158110941711,0.018708251514717153,39.53143039502596,2348.4725534539475,0.9163017408247547,0.020115514380392753,80.6750247817661,2420.5329898811856,1.4127231553126303,0.0006014250589431502,0.34273781312693996,0.001
652,0.02530129155830333,0.018949094767633238,53.30666070235403,2354.1969829358554,0.9628310734316704,0.021218381662861302,97.07608218808832,2421.6597633047054,1.490178104647593,0.0007236934678343832,0.3428973597477384,0.001
653,0.02552431047354874,0.01905786314685094,54.972686767578125,2343.495361328125,0.9400941948371879,0.020687355180954718,88.43484071344182,2409.391296890339,1.4528838355134726,0.0006592737892871522,0.34116019385623464,0.001
654,0.024248834993494183,0.018647006761870887,43.347178509360866,2350.7900647615133,0.9019811454473773,0.019780163758465186,66.81553130809232,2414.5716360873193,1.3891713047466139,0.0004981037807424349,0.34189370921630247,0.001
655,0.02414000455878283,0.018529684822026053,43.37904448258249,2356.891228926809,0.9221703218747485,0.02025926099796278,90.59940417090921,2413.3485940276587,1.4228185558725577,0.0006754104153187533,0.3417205313407508,0.001
656,0.02529614703043511,0.018755074198308744,56.0304906744706,2338.7856830797696,0.9185640870673619,0.02018230312770244,85.7660423579919,2400.772204054671,1.4174137641657993,0.0006393781374100595,0.33993976470200116,0.001
657,0.024889874615167316,0.01887950712912961,48.857647142912214,2346.0439453125,0.9160951769621607,0.020123321209326927,71.82627218951643,2402.0883616253946,1.4132714330149208,0.0005354584036646018,0.34012612736237635,0.001
658,0.023729196798644568,0.0186158859808194,36.9072188327187,2345.2692614103617,0.9134695234405353,0.020062111121458757,63.0591169361661,2400.912768790115,1.408972616348598,0.0004701000492138486,0.33995966810766853,0.001
659,0.02341488846822789,0.018572630948926274,33.40736559817665,2336.7052323190787,0.9059686019620766,0.019869420104871652,70.44171059033259,2422.373333805159,1.395439824901879,0.0005251366213825123,0.34299839848336383,0.0005
660,0.022827210689061565,0.018316405090062243,28.905337082712276,2342.905029296875,0.8898909333706351,0.019499226924258255,56.40129876148631,2406.22113019513,1.3694409631128341,0.0004204666131043306,0.3407113109015689,0.0005
661,0.02202173253815425,0.01798716721762168,22.66081328141062,2335.004266036184,0.8862729502776979,0.019421460840805517,55.12419297707248,2394.2452565508033,1.3639794101684688,0.0004109459042635776,0.3390155749788197,0.0005
662,0.021819837587444407,0.01780006534567005,22.505925228721217,2331.8279836554275,0.8827195494427483,0.019331353432405822,52.438724091944444,2402.9876484842944,1.3576511194817766,0.00039092597508602665,0.3402534627933255,0.0005
663,0.02169148172987135,0.017872506458508342,19.721899032592773,2339.832763671875,0.8867294397300832,0.019430866525153394,54.78850453633984,2396.3869222126564,1.364639976327431,0.0004084433771084847,0.33931882629101456,0.0005
664,0.021666605907835458,0.017764006202158174,20.93701121681615,2332.3236790707238,0.8813588229039742,0.019303236074485672,52.228585429522944,2396.7870809538176,1.3556764226458495,0.00038935941024424367,0.33937548717207777,0.0005
665,0.021826144896055524,0.017907759566840372,21.079272320396022,2337.4400956003287,0.8802539144053552,0.01927044816135187,56.87952679760094,2406.313636920101,1.3533737102606442,0.0004240317601320079,0.34072440948471094,0.0005
666,0.02148706054216937,0.017591846420576696,20.868837557340925,2330.0512438322367,0.8801187075330916,0.01926994970536265,52.21421665229953,2402.5265639999393,1.3533387034343431,0.0003892522923014614,0.34018817507012766,0.0005
667,0.021737091929504748,0.017843253714473623,20.835349233526934,2331.1870374177633,0.8791409538213072,0.019244446534634183,54.7367824395545,2405.8157048705607,1.3515476023399005,0.00040805779352556137,0.34065390429330944,0.0005
668,0.02174530060667741,0.01784921790424146,20.77271832917866,2338.1288291529604,0.8755349024591605,0.019162573178452186,52.71249275689144,2400.4120264171856,1.3457975934714121,0.0003929668958777827,0.33988876498568865,0.0005
669,0.02179918977382936,0.017882057759714753,21.126143806859066,2332.671026932566,0.8836180913253515,0.01935405876864874,53.359152311026804,2400.8832430165926,1.3592457271886913,0.0003977876847342357,0.3399554873759494,0.0005
670,0.021638831417811543,0.017730139980190678,21.074032231381064,2328.138607627467,0.8815351546488823,0.019306330714133686,52.13057284568956,2398.4140681065696,1.355893760816051,0.0003886287352408133,0.33960586206101795,0.0005
671,0.021572320476958628,0.017764031200816755,19.660844903243216,2333.7256758840463,0.8786305943348427,0.01923675325131876,52.778828537574356,2399.344540453512,1.3510072990061377,0.00039346142316073275,0.33973761323263973,0.0005
672,0.021599032867111657,0.01769155528592436,21.030387276097347,2330.1983835320725,0.8779842181545493,0.01922221305701507,53.92994688500324,2398.0947460277334,1.3499861335123244,0.0004020429069820979,0.3395606473287912,0.0005
673,0.0216983190100444,0.017748820350358362,21.661465795416582,2324.8887232730262,0.882971262319485,0.019343754455694587,56.234415731819716,2393.2237905731185,1.3585220498700488,0.0004192225151170619,0.33887093947216107,0.0005
674,0.02189030910008832,0.01791683368776974,21.903596074957598,2330.7056692023025,0.878442974788712,0.019232878991257234,53.48998541926304,2398.446737078386,1.3507352076842298,0.000398763033797289,0.3396104878570737,0.0005
675,0.021728969620246636,0.0178357571559517,20.824887225502415,2331.345638877467,0.8778165454258195,0.019219974950081858,53.707808000333436,2395.515878606262,1.3498289500852032,0.0004003868815619942,0.339195489991926,0.0005
676,0.021691978467922462,0.017821447727711576,20.493860244750977,2333.4912237870067,0.8797816845718351,0.01927021240813854,52.792588466132706,2390.204353930948,1.3533571531884705,0.00039356400219143833,0.33844339929157313,0.0005
677,0.02167930081486702,0.017815739504600827,20.468109331632917,2328.4529065583883,0.880716362243605,0.019291821732051993,54.04986256516848,2390.9890719462205,1.3548747873730054,0.00040293686760010434,0.3385545122314092,0.0005
678,0.021645846041409594,0.017716595608937114,21.320984489039372,2330.1763594777963,0.8777197863345161,0.019220548135194478,54.92994542533828,2391.1819170944163,1.3498692051771468,0.0004094978062237279,0.3385818183349166,0.0005
679,0.0216482131692924,0.017725101378011077,21.26421577052066,2328.295538651316,0.8736856536859283,0.01912337269562532,54.57361787203849,2393.3432763540814,1.3430445229437735,0.0004068414163394222,0.3388878581819817,0.0005
680,0.02172705168394666,0.017812369783457956,21.155135004143965,2328.0469649465463,0.8726701554408779,0.01909564517105843,53.550572769721754,2398.7960528001977,1.3410972043092908,0.0003992147070495676,0.33965994956946727,0.0005
681,0.021648985676859554,0.017763388686274226,20.80803901270816,2324.9940892269738,0.875798652954019,0.019171364309892275,56.216194272669426,2396.460045982609,1.3464149992564174,0.00041908667577678115,0.33932918032506654,0.0005
682,0.021557015906039038,0.017684025689959526,20.627003418771846,2325.9649850945725,0.8743086642691452,0.019136394655441407,52.26310757967809,2396.0881298386394,1.3439590620309603,0.0003896167697709134,0.33927651848307405,0.0005
683,0.021392536888781347,0.017530246196608795,20.563549945228978,2320.0246196546054,0.8750787408317299,0.019158250249967458,52.75353663090221,2390.734426794025,1.3454939919301516,0.000393272874269645,0.3385184554939254,0.0005
684,0.02176749657251333,0.017774102180019805,22.144304375899466,2332.5716359991775,0.8700125586081877,0.01903786690253329,53.02949451416574,2390.9518698565184,1.3370394061205009,0.00039533011548719104,0.3385492445639485,0.0005
685,0.02143173900089766,0.01754265881486629,20.8147164394981,2327.9764597039475,0.873225638893711,0.019116885670863417,52.97087338738916,2386.8362839423185,1.3425889357826934,0.000394893100255745,0.33796649402021883,0.0005
686,0.021462477939693553,0.017638820811713998,20.109874424181488,2315.4163111636512,0.8715582575308095,0.019076723768345724,52.74769853045256,2387.7298935062427,1.3397683442444799,0.00039322935175550204,0.33809302556885257,0.0005
687,0.021663765079881016,0.01765874738952047,22.29896374752647,2332.5953561883225,0.8815639454025044,0.019315889679048796,54.482633526797606,2385.083367361085,1.3565650919498728,0.000406163136223024,0.3377182880266804,0.0005
688,0.021542090040288474,0.017536525075372896,22.429326408787777,2323.365234375,0.8690278052004883,0.019016031036602477,53.990720765018736,2388.6191780992144,1.33550586177093,0.00040249597079545775,0.3382189447188566,0.0005
689,0.021456178669866762,0.01759126400084872,20.575953031841077,2321.7177477384867,0.8672266817614932,0.018971813509159455,52.69301852180654,2390.8813724125316,1.3324004415610289,0.0003928217172055047,0.3385392624071739,0.0005
690,0.021621510190399068,0.017695666094751733,21.393910056666325,2321.3008583470396,0.8860992577207775,0.0194234185540003,53.58871036093045,2385.279682005076,1.364116901395858,0.00039949901936434763,0.3377460853969487,0.0005
691,0.02194215671012276,0.017742104044086056,25.0429072129099,2321.8344469572367,0.8714625787471327,0.01907397313975816,56.659474445012705,2388.2382300142053,1.339575166151997,0.00042239128962104166,0.33816500399005156,0.0005
692,0.02179921810564242,0.017672742471883173,24.070033826326068,2321.2231702302633,0.876660692207236,0.019194095967964668,58.89403621614044,2392.9349769222913,1.3480114555592608,0.00043904974678976333,0.3388300446116078,0.0005
693,0.021728351810260824,0.017694303471791118,22.847577145225124,2320.480044716283,0.871938830669493,0.019085914861677135,54.576416611019646,2387.3961751156457,1.3404138395634848,0.0004068622806869853,0.33804577237632366,0.0005
694,0.02133707035528986,0.017317244488941997,22.66905262595729,2319.6465229235196,0.8719219565299299,0.01908876763188065,55.21904589293408,2382.521630291437,1.3406141911153806,0.0004116530242262589,0.33735555627928104,0.0005
695,0.021812080356635545,0.017706080781001794,23.711007569965563,2327.674252158717,0.8695707828216561,0.019029389281362483,56.94034624881898,2387.7606033824263,1.3364440183266075,0.0004244851636745869,0.3380973739647838,0.0005
696,0.021407812147548323,0.017446239723971014,21.884953448646947,2320.200812088816,0.8742529218838843,0.0191436374941638,56.40965616287063,2383.124281533872,1.3444677304040293,0.00042052891678051504,0.3374408892905533,0.0005
697,0.021430946004233863,0.017447788268327713,22.136608926873457,2322.9120322779604,0.8687637605346327,0.019011279988601745,53.89614528258191,2386.3697328098206,1.3351721931708778,0.0004017909190740234,0.3379004322414566,0.0005
698,0.021513525396585464,0.017458589061310415,23.154013583534642,2318.3853952508225,0.8698708964622771,0.019040633958469673,54.542009733818034,2381.752586788728,1.3372337379143318,0.0004066057805098238,0.3372466627878807,0.0005
699,0.02153165716873972,0.017509108605353457,22.75271365517064,2316.0951891447367,0.8666809334632611,0.018962361374045,54.04466022977252,2385.6034511130424,1.3317366131402975,0.00040289808465729615,0.33779192981075606,0.0005
700,0.021538465234794114,0.017522263193601055,22.69783572146767,2313.8640393708883,0.8744109796471575,0.01914629774918636,54.31854430040435,2384.8572720266834,1.344654561513507,0.00040493986578806027,0.33768627382947886,0.0005
701,0.021554953467689063,0.017497452809230277,23.225492075869912,2315.5888543379933,0.8681339103023886,0.019000055340068434,59.185714845688636,2380.5521570439487,1.3343838802004317,0.00044122418475793274,0.33707668672589014,0.0005
702,0.021385525206201954,0.017458181828260422,21.571143802843597,2309.5076583059213,0.8598781677262625,0.01880289333220599,53.221730154590965,2382.714100988737,1.3205370886847894,0.00039676321490905627,0.33738280936203574,0.0005
703,0.02128950173133298,0.017386648754932378,21.21010278400622,2312.09523411801,0.8620438233164129,0.018859784612407123,54.12764588790334,2374.486544524027,1.3245325932170453,0.0004035167352801844,0.3362178201956491,0.0005
704,0.021527162998130445,0.017548053280303354,22.184425454390677,2315.2776392886512,0.8666625422948355,0.018956813760541022,56.672497245423756,2393.070393953021,1.331347001325974,0.0004224883734276597,0.3388492191228276,0.0005
705,0.0213364215665742,0.01740030851215124,21.680329071848018,2310.0883403577304,0.8653838716343614,0.01893086295316774,57.13745523307323,2386.5080411800845,1.3295244624745177,0.0004259545934366975,0.33792001615481765,0.0005
706,0.021478418750982536,0.01741331722587347,23.35808784083316,2313.2447317023025,0.8783706457298053,0.019251764146550915,57.95642601958989,2367.5568456167207,1.3520615220737373,0.0004320599470437884,0.335236602480771,0.0005
707,0.02149530558993942,0.01745243728356926,23.124157955772,2308.5564992804275,0.8701042397503096,0.019048722284026716,58.600319466921285,2377.743434488471,1.3378017852725081,0.00043686011482262636,0.3366789828192014,0.0005
708,0.02153541167315684,0.017439692232169603,23.924497202823037,2301.3820929276317,0.8648263485883705,0.01892360459036554,53.35658677333699,2377.8202731812,1.3290147038371587,0.0003977685588813402,0.3366898628714955,0.0005
709,0.021411599689408353,0.01738289532888877,22.94530085513466,2307.8067948190787,0.8611518573496556,0.01883522641994759,52.152479335012416,2379.635695102023,1.3228078584434708,0.0003887920461498322,0.3369469193717154,0.0005
710,0.02153815829048031,0.017520903364608164,22.72746437474301,2312.69482421875,0.8787198512482284,0.019248423551823393,61.399449286350425,2384.6773516234684,1.3518269103489342,0.0004577273760499225,0.33766079781828934,0.0005
711,0.021546739790784687,0.01751293830181423,23.053333583631012,2304.801205283717,0.8669205102496185,0.01897384136772995,52.814268489329095,2377.0461365832216,1.3325428591350497,0.0003937256248158385,0.3365802482181271,0.0005
712,0.021233803053435526,0.017243225421560437,22.472741578754626,2305.121826171875,0.8587039582274824,0.018778958164643596,54.14046394954158,2376.817336309524,1.31885610927744,0.0004036122927776524,0.3365478510123142,0.0005
713,0.021295043590821718,0.017346617569656747,21.82498640763132,2311.5518606085525,0.8668687586987658,0.01896949871768652,54.55523739435621,2381.5888018017913,1.3322378725383484,0.00040670439153027747,0.3372234714872538,0.0005
714,0.02123934805001083,0.01740060913327493,20.396258303993626,2309.0194413034537,0.8555278575993002,0.01870875880351798,52.761817483117916,2369.1913354761596,1.3139259712220603,0.00039333460727865744,0.3354680397230412,0.0005
715,0.021245898384796947,0.01734953329555298,21.20604043257864,2305.9122121710525,0.8621910270885834,0.018864724465852963,55.117754263365434,2372.282048608522,1.3248795217228158,0.00041089790423158194,0.3359056723702379,0.0005
716,0.0212247465786181,0.01733550331310222,21.144142753199528,2303.4324501439146,0.861661206078368,0.018850794141827526,55.13375572077926,2374.3003089389786,1.323901187739424,0.00041101719365844384,0.33619144997991035,0.0005
717,0.021377249669871833,0.017372377020748037,22.676563764873304,2304.1302811472037,0.8726260764443557,0.019116551382444003,55.29195117770304,2366.039907538686,1.3425654585311688,0.00041219652657172517,0.3350218101017007,0.0005
718,0.021400263925131998,0.01743157864793351,22.20574258503161,2303.254330283717,0.863531676778571,0.018897231303815376,52.220083280495665,2371.405846958026,1.327162494050894,0.0003892960274873904,0.3357816057126857,0.0005
719,0.021278318507890952,0.017372972037839263,21.380626276919717,2301.798956620066,0.8566173965537888,0.018735291957944107,52.678828270063924,2368.1884913677272,1.3157894086133415,0.00039271593015413646,0.3353260409987651,0.0005
720,0.021398979876386493,0.017403744553264818,22.60321125231291,2299.994384765625,0.8648407970173938,0.018930769363165092,55.70814955738195,2367.5456486903054,1.3295178895994053,0.00041529924808569494,0.3352350170406677,0.0005
721,0.02120486901778924,0.01723345324985291,22.265500721178558,2301.5028397409537,0.8563152558965953,0.01872397130624664,56.61915415638614,2374.156794492572,1.314994353290181,0.00042209070549318505,0.3361711289069404,0.0005
722,0.02119215371969499,0.017190992489064996,22.660544345253392,2301.6204641241775,0.8581735559661129,0.01877406004044867,54.43746776677515,2365.3605733011173,1.3185121114389102,0.000405826429541406,0.3349256190842926,0.0005
723,0.021292496472597122,0.01729995100513885,22.573797527112458,2299.5103310032896,0.8549338121754597,0.018694637956021616,55.58893802201775,2369.0772121485193,1.3129342566750937,0.00041441053680389407,0.3354518803152142,0.0005
724,0.021037943857280833,0.017114156366963135,21.72510970266242,2294.404052734375,0.8596817402074247,0.018808760999217043,55.00048819478504,2366.9533030753323,1.320949178025257,0.00041002369622980225,0.3351511432651233,0.0005
725,0.02146824635565281,0.017421810005448367,23.334497150621917,2296.349236739309,0.8562382972624334,0.018724507432886877,58.4750710610711,2370.5437955612665,1.3150320057461173,0.0004359263992139265,0.33565954267460135,0.0005
726,0.021299177682713458,0.01721317281848506,23.84221960368909,2297.83837890625,0.8570673815350582,0.01875047007163994,54.94798745567655,2361.3740889202923,1.3168553755215986,0.00040963230793834154,0.33436114880255696,0.0005
727,0.021124265205703284,0.017212175764143467,21.628697445518092,2289.936767578125,0.856884372211024,0.01874049091812559,52.342862743283256,2369.8976197174948,1.3161545343214411,0.00039021133734745906,0.33556804675344865,0.0005
728,0.021324264767922853,0.01728725992143154,23.17705686468827,2298.7255088404604,0.8629366054990596,0.01888924201935432,55.59544341158163,2362.103010985187,1.3266014024009825,0.00041445903389840985,0.3344643612584526,0.0005
729,0.02154473480033247,0.01731827884520355,25.84649206462659,2287.968814247533,0.8583952478650699,0.018778507825228268,57.70576440872024,2366.398624045864,1.3188244817034316,0.00043019128726339326,0.3350726029277918,0.0005
730,0.0212962924453773,0.017313826437059202,22.469688415527344,2297.2393477590463,0.8691216617692488,0.01903764863288987,56.781365133016834,2359.6200090122575,1.3370240769286377,0.0004232999737449798,0.33411277808658535,0.0005
731,0.021370224948776394,0.017310256187460925,23.56860381678531,2292.3234477796054,0.8571900949402252,0.018753890365137,55.24181056551199,2360.6025245727938,1.3170955845329064,0.0004118227328143136,0.3342518983695929,0.0005
732,0.02133056492005524,0.017212290120752233,24.367311377274362,2290.7260485197367,0.8506078913391935,0.018600010922772473,54.05181844984161,2357.2052240657076,1.3062885503579882,0.00040295144854455406,0.33377085417345864,0.0005
733,0.02106872455854165,0.017204217416675466,20.960586146304482,2292.4630833675988,0.852311290512431,0.01863823012806322,52.13626489735039,2360.586756326152,1.3089727052481317,0.00038867116897436195,0.3342496656487858,0.0005
734,0.021077015094066922,0.017201685493713932,21.230942575555098,2283.0088404605262,0.85165102772056,0.01862455671352247,51.43239359443711,2357.6545170845525,1.3080124141529792,0.0003834238716727727,0.33383447227218976,0.0005
735,0.021353415262542273,0.017352042915789706,22.73872305217542,2295.9681075246713,0.8549754257063988,0.018703056735826635,53.194821139004844,2358.1457570742773,1.3135255120089182,0.00039656261061635526,0.3339040298946236,0.0005
736,0.0214294205958906,0.01719475483619853,25.916087401540654,2290.9590614720396,0.8590362737158366,0.01880200257044697,59.628746424841,2353.973476265425,1.3204745300179297,0.0004445269453622977,0.33331325158003106,0.0005
737,0.021297551985634,0.017226349513389562,23.742761210391397,2290.495181435033,0.8608694763883817,0.018844466904206592,55.20774626776906,2355.7538515434717,1.3234568225132992,0.0004115687865362267,0.33356534561547446,0.0005
738,0.021198076343065815,0.017200562661807788,22.808990177355316,2286.8393040707238,0.8529488810810796,0.01865612494979894,57.433248345261006,2356.195220707591,1.3102294679909672,0.00042815970450314886,0.3336278417279936,0.0005
739,0.021543794654701885,0.017350364084306517,25.35618691695364,2291.716437088816,0.8488995422670046,0.018562196757900322,57.13223059085672,2352.9848827464834,1.3036328416694862,0.000425915644198547,0.3331732706823652,0.0005
740,0.02117917706307612,0.01711016187542363,23.769370229620684,2286.312320106908,0.8518218099592552,0.018628937235684054,53.72337793125904,2357.046399558037,1.3083200605284584,0.0004005029539976706,0.3337483652569029,0.0005
741,0.021110652210681063,0.01714615317943849,22.3315698724044,2289.631103515625,0.8478123214247759,0.018536771878263848,53.78894220297753,2352.600886847677,1.3018472389996139,0.0004009917297506316,0.3331188983952876,0.0005
742,0.021030773065592114,0.017051987546054942,22.567195691560443,2286.2458110608554,0.8559283944444752,0.018727681840929104,58.47474944670924,2354.877162485476,1.315254946092601,0.00043592400160776445,0.3334412099429652,0.0005
743,0.021068439867935683,0.017038638556474132,23.322470414011104,2280.615851151316,0.8515414996157229,0.01862568137270104,53.65951336523993,2351.996167533428,1.3080913995586394,0.0004000268493979345,0.33303327255329834,0.0005
744,0.02089467654494863,0.017054290559731032,20.756256304289167,2283.6667094983554,0.8462485779619177,0.018502317885614104,55.551644599536075,2348.5563376760706,1.299427516973678,0.00041413251769110293,0.3325462063708633,0.0005
745,0.02092253054051023,0.017028252790240866,21.464699393824528,2284.4256784539475,0.8593854485971051,0.018819593529744962,56.273900991975104,2340.3051356372403,1.3217099523419376,0.0004195168741827155,0.33137786908553013,0.0005
746,0.021224930686386007,0.0172246049501394,22.910278119538958,2282.0548545435854,0.8544971247708062,0.01869662487750701,54.893874699226345,2350.737126053938,1.313073799216096,0.0004092289022024812,0.3328549973035412,0.0005
747,0.021178958055220153,0.017128998217614072,23.57662582397461,2281.7128135279604,0.8643127122454233,0.018925742837372184,64.93236977865142,2355.891768448964,1.3291648740491124,0.00048406498079279483,0.33358487409898585,0.0005
748,0.021877067261620572,0.01739252623366682,29.36676708020662,2282.0335243626646,0.8512799148829184,0.01862477459282332,58.64905276603331,2343.8457305996185,1.3080277159308782,0.00043722341718751846,0.3318792032047702,0.0005
749,0.021595024356716556,0.017161785379836435,28.687495181435033,2281.6768349095396,0.8534994501569311,0.018666217461537977,61.77457266122189,2360.3907765958193,1.3109382703988686,0.0004605238870947386,0.33422191570095516,0.0005
750,0.021305820463519348,0.017100302404478976,25.71550258837248,2276.8549290707238,0.846898660441139,0.018521674041444544,52.85775930220925,2342.8521942706,1.3007869099786193,0.00039404984491704935,0.3317385224249199,0.0005
751,0.02088520068087076,0.01696172787954933,21.98772540845369,2274.3934775904604,0.8443877798942564,0.018453800032521374,57.830683117252256,2354.9217900762455,1.2960200826315085,0.0004311225450082183,0.3334475290317483,0.0005
752,0.021244429542045844,0.017196600864592352,23.663670188502262,2273.0531455592104,0.8569612358285016,0.01876370082473717,56.28874849720875,2337.8682568257436,1.3177845782707414,0.0004196275609997876,0.33103281676928437,0.0005
753,0.021214384585618973,0.017057530042764387,25.094162790398848,2274.792660361842,0.8477868859207749,0.01854876055980205,54.560689475429925,2333.823203354117,1.30268921040986,0.0004067450363046669,0.3304600533379895,0.0005
754,0.021260390940465425,0.01700417697429657,26.500640969527396,2268.6656172902963,0.8465195190806636,0.01851210097457059,53.455163036239874,2343.6771057353412,1.3001145884568108,0.0003985034360615721,0.33185532659682365,0.0005
755,0.02092495158706841,0.016924202736271054,22.969148535477487,2278.062615645559,0.841829760522172,0.01840495453053647,53.029806262421225,2337.527437872412,1.2925896373353045,0.00039533243954241676,0.3309845581654044,0.0005
756,0.020877379139787273,0.01696351788153774,21.93069759168123,2269.058722245066,0.8398114276504086,0.01835189473936828,56.41357079845428,2345.030199484176,1.2888632202931223,0.0004205581000369566,0.3320469192726393,0.0005
757,0.020807543671444842,0.01692598141533764,21.368395554391963,2278.9325914884867,0.841482835126771,0.018393496693051684,51.939722999946675,2342.3832904904034,1.2917849473821437,0.0003872059667937542,0.3316721275206309,0.0005
758,0.02079393548008643,0.016831219735506334,22.51060656497353,2274.4202045641446,0.8394801840569146,0.01834866459307264,55.489019422173705,2338.1884749120813,1.288636365419784,0.00041366565262241067,0.33107815837259813,0.0005
759,0.02083212872476954,0.016870385771127122,22.61254260414525,2265.8021689967104,0.844001504310166,0.01845946510803191,54.12948558794859,2333.0470951124694,1.2964179438643355,0.00040353045007867554,0.3303501595077446,0.0005
760,0.020853406994750624,0.016986811337502378,21.265188016389544,2271.7066457648025,0.8390454036984641,0.01833742788836074,51.78968908232383,2339.7503510537827,1.2878472057375745,0.0003860874774224292,0.33129931380217487,0.0005
761,0.020696447868096202,0.01692245670251156,20.16975934881913,2261.259161698191,0.8419502589938958,0.01840521887615834,53.53612603182726,2341.36244985154,1.2926082024673693,0.0003991070079169893,0.33152758055945425,0.0005
762,0.020943560196380866,0.016948280561911434,22.889731858905993,2278.5495348478617,0.8359079409405862,0.018258494867628712,52.68421958409859,2346.3645222921095,1.282303698174298,0.0003927561219157114,0.3322358540581218,0.0005
763,0.021218837091797275,0.017082825695213518,24.861061497738486,2271.431396484375,0.8553802826425605,0.018733652132855032,71.33212737627538,2325.9618008389175,1.315674242834819,0.0005317745984939944,0.3293469101098518,0.0005
764,0.02148836449180779,0.017131817478098367,27.955231014050934,2259.904425370066,0.8423894886943296,0.018416621531276062,55.60106750027135,2339.7968065076207,1.2934090169338663,0.0004145009609741172,0.33130589170907504,0.0005
765,0.021549276125274207,0.017219697223290018,27.458594071237666,2270.1844289679275,0.8425200731020899,0.018422336654704444,53.17814940829817,2336.0315612981067,1.2938103930582878,0.0003964383243623371,0.3307727480112241,0.0005
766,0.02121136827688468,0.017082307781828076,24.74361841302169,2273.288754111842,0.851118396293645,0.018624677013104756,55.93808993142243,2338.43015612185,1.3080208628559185,0.00041701343290788493,0.331112379467562,0.0005
767,0.020845999058924224,0.01689726614246243,22.519227981567383,2259.7905530427633,0.835282199569289,0.01825063019651686,53.312592374909904,2335.937877120691,1.2817513581854452,0.0003974405845951376,0.3307594827055141,0.0005
768,0.020758745211519693,0.016847786689667327,22.015942924901058,2259.7628495065787,0.8357270939057546,0.01826625152087636,51.82737858104166,2328.481892575989,1.2828484520117323,0.00038636844924796283,0.3297037450443286,0.0005
769,0.02079886550966062,0.01687847121961807,22.175459510401677,2257.234927528783,0.8378492993100364,0.018311151760448008,53.107704886172804,2336.542712789464,1.2860018194535203,0.00039591316678121364,0.33084512502283964,0.0005
770,0.02080425894574115,0.016870289746867984,22.24383002833316,2265.681949013158,0.8384874955553263,0.018326321780646058,53.9409850545569,2336.4620163399227,1.2870672179511713,0.0004021251955440462,0.33083369872757384,0.0005
771,0.020726592328987624,0.01680717362385047,22.10897505910773,2261.2454512746713,0.8352287325895402,0.01824740377551152,56.78479422047736,2338.6678967140747,1.281524764941204,0.00042332553728380296,0.3311460425868053,0.0005
772,0.020821800357417056,0.01677818444410437,23.808843110737048,2257.9526110197367,0.8363672823839853,0.018282812333525335,53.982047477955014,2326.3325084151943,1.2840115265947418,0.0004024313122199241,0.3293994008234813,0.0005
773,0.020859199625096823,0.016841766326443144,23.431263471904554,2260.0884046052633,0.8411449767743294,0.018396023990134024,52.45973005369698,2326.664990375146,1.2919624407855466,0.00039108257264294533,0.32944647894236434,0.0005
774,0.02126966112930524,0.017000605156155008,26.732036791349714,2264.153191817434,0.8414380974176157,0.01840065261314825,57.08339744595934,2329.884871397427,1.2922875114144032,0.0004255515974922989,0.32990240124737696,0.0005
775,0.020902168103738836,0.016872379242589598,23.621469397293893,2258.1786595394738,0.8374830707938559,0.01831242097340778,53.07876724764988,2321.7235145891195,1.2860909569472672,0.00039569743928684467,0.32874678568819166,0.0005
776,0.020736855699827795,0.01689564769989566,21.17052540026213,2253.4184955797696,0.8358229386569929,0.018266400042893528,51.37116127950864,2331.6693586453207,1.2828588827911176,0.00038296739026833925,0.3301550775213434,0.0005
777,0.020597392006924276,0.016792008898368006,20.594438653243216,2260.8000102796054,0.8291560881806342,0.018106940311573883,51.57850768782057,2333.5128023955535,1.271659941987756,0.00038451313910669395,0.3304161018007969,0.0005
778,0.020652151421496744,0.016787532422887653,21.423340446070622,2257.8683311060854,0.8264562994083762,0.01804874148780895,50.54167185911472,2324.831679735071,1.2675726079832712,0.0003767836211910735,0.3291868894708767,0.0005
779,0.020682323527963536,0.016724760742171815,22.671775717484323,2257.179507606908,0.8347611966418635,0.018245008410516513,53.35568531285533,2325.903181022009,1.2813565371976885,0.0003977618385744697,0.3293386097776782,0.0005
780,0.020779449492692947,0.01676349101686164,23.390079799451325,2261.702521073191,0.8365455068191798,0.01829037983135279,53.501304505110525,2321.390970956901,1.284542995947524,0.0003988474165649599,0.3286996988367617,0.0005
781,0.020601384145648854,0.01675012668496684,21.316587849667197,2252.5133506373354,0.8367979849407021,0.01829491030617042,49.955403423224,2323.7518573521693,1.2848611735769095,0.0003724130426933799,0.32903399093008906,0.0005
782,0.020524232893397932,0.01673388726225025,20.4810511940404,2254.2668200041117,0.8386249559866679,0.018337703248383522,53.84741345754567,2324.3855484089186,1.2878665444168087,0.00040142762769823377,0.32912371905521537,0.0005
783,0.02063856597401594,0.016627512921236064,23.35421461808054,2259.486636513158,0.841404933655756,0.018410285655010978,51.052570350981455,2314.69757672894,1.2929640450112192,0.00038059232353007005,0.32775194092159254,0.0005
784,0.020544179960301046,0.016726282768343623,20.870622835661237,2252.6005859375,0.8304459868809262,0.018149417271471506,51.282228651311264,2315.872224286864,1.2746431212234381,0.0003823044055180989,0.32791826632879867,0.0005
785,0.020634632851732403,0.01671811315770212,22.183511232074938,2252.7563348067433,0.8325664399329239,0.018194760157302568,53.55902787195379,2323.160055089037,1.2778275759448485,0.0003992777390767907,0.32895019409099724,0.0005
786,0.020549581141064043,0.016691038385033607,21.39213582089073,2254.1325812088817,0.8369413689860712,0.018297713842842542,52.04404172319958,2324.5334334069616,1.2850580674319996,0.0003879836534997821,0.32914465898085793,0.0005
787,0.020645040332486753,0.016676239767356923,22.962907991911237,2246.5820440995067,0.8280226901877495,0.018090757026487724,52.58291330213326,2317.5180307280793,1.270523381364055,0.000392000892688734,0.3281513059538938,0.0005
788,0.020461882513604666,0.016551421072922255,22.174429742913496,2247.379021895559,0.8266556762988406,0.01805460269342823,55.69012397396741,2322.879622920084,1.2679842435367958,0.00041516486898141947,0.3289104860148342,0.0005
789,0.020574564604382766,0.016680819913744926,21.85649179157458,2254.5076197574012,0.8278675841968544,0.018085241975109623,50.880724976605315,2320.3368572201357,1.2701360564049589,0.00037931123170899093,0.3285504405376861,0.00025
790,0.02022808133379409,0.016567614174595003,18.742000981381064,2254.8170872738488,0.8225142257515832,0.017960349960193942,48.288574261224014,2317.2734073313154,1.2613648245066083,0.00035998698109977284,0.3281166682569911,0.00025
791,0.020042393846731437,0.01649838048768671,17.30035320081209,2246.487060546875,0.8287175768687435,0.01810875074636665,48.39043183539565,2315.5021740869497,1.271787089775506,0.00036074632016059986,0.32786586869703904,0.00025
792,0.01995669089649853,0.016447763399858224,16.826159627814043,2246.9656789679275,0.8226753417838392,0.017963987680431483,47.47825775882195,2317.5925122344574,1.2616203035122624,0.0003539461444029378,0.3281618522380061,0.00025
793,0.019940608916314023,0.016388366390999994,17.35758736259059,2250.4234169407896,0.8193644615197713,0.017886031876783958,47.62901219801159,2316.6680942303688,1.2561454264188279,0.0003550700051977852,0.32803095833717477,0.00025
794,0.020030981125800235,0.01643477326357051,17.94242326836837,2250.5261487458883,0.8206343299796269,0.017917245699777696,49.872184603242,2314.9458001502076,1.2583375896255549,0.0003717926538698469,0.32778708836760045,0.00025
795,0.020088550095495424,0.016459118476823756,18.438841769569798,2246.518374794408,0.8242937033525644,0.018002696528264927,47.85266808869054,2317.1220782005307,1.2643388462557221,0.00035673733976134366,0.32809524065589485,0.00025
796,0.019913610659147565,0.016391443431769546,17.007177704258968,2246.6289576480262,0.8232262189767935,0.01797934917884729,49.49959242999263,2314.0809638173837,1.2626991496258602,0.0003690150127056275,0.3276646309936816,0.00025
797,0.020075658042179912,0.016488476215224517,17.87534949654027,2246.5303248355262,0.8217201334738851,0.017944024604112756,48.372168182106066,2313.5199856005815,1.2602182861622,0.0003606101662668029,0.32758519871655817,0.00025
798,0.02008754593369208,0.016471624864559425,18.318921340139287,2242.0019274259867,0.8245175568028154,0.018012425925859294,49.13689108072189,2310.4819995134176,1.2650221469662526,0.0003663111067452141,0.3271550320085739,0.00025
799,0.02000280381425431,0.016434430389812116,17.598680646795977,2248.4725149054275,0.8229936084238068,0.017975382476479174,48.1847178035091,2311.838671030374,1.2624205660321375,0.00035921274054178374,0.32734713128207976,0.00025
800,0.02003628397850614,0.016472438301302884,17.528521236620453,2249.2065044202304,0.8212641757584974,0.017931442958129568,50.02491679894591,2316.0535116251617,1.2593346705470945,0.00037293125866175403,0.32794393589254167,0.00025
801,0.019870205439235036,0.01634901967879973,17.077093174583034,2240.4035516036183,0.822572961996443,0.017967000660708818,48.5749837536143,2309.4363184215085,1.2618319067019097,0.0003621221381240027,0.3270069677383626,0.00025
802,0.019968081265687943,0.016438286114288003,17.17078269155402,2241.9861096833883,0.8170280663422562,0.017828703968413413,50.170653243367795,2319.334722209278,1.252119257260576,0.0003740177107566086,0.3284085422187972,0.00025
803,0.020000062588798374,0.016454404367035942,17.380618045204564,2242.1119577508225,0.8185105953623473,0.017865979509786082,49.39278053187366,2316.261199450585,1.2547371381374037,0.0003682187396050514,0.32797334365992026,0.00025
804,0.02003859767788335,0.01645575547100682,17.767275659661543,2250.2964895148025,0.8193850918550599,0.017886636183754637,50.454129169091324,2316.3486522777334,1.2561878672152327,0.0003761309983049971,0.3279857266312964,0.00025
805,0.01997342676316437,0.016423481663590984,17.37683647557309,2246.6826171875,0.8190599555289761,0.01788177940217149,48.20411827754093,2312.2127657756737,1.2558467728900735,0.00035935736933204046,0.3274001016053277,0.00025
806,0.020001390752823728,0.016438988086424376,17.59358034635845,2242.8838918585525,0.8212505309306454,0.017933453500895983,48.24751617358828,2312.6736267981796,1.259475872023087,0.00035968089674661384,0.32746535768721935,0.00025
807,0.02018846365574159,0.016545396200136134,18.659990310668945,2243.568359375,0.8223101796949431,0.01795898555808613,49.82186119124339,2312.017660597397,1.261269001828927,0.00037141749735629945,0.3273724754905787,0.00025
808,0.020090614298456592,0.016483415800489877,18.212858400846784,2241.2342336554275,0.8169485270677141,0.01783333061379068,47.98100568712771,2309.7569949602034,1.2524441889989488,0.00035769408502313305,0.3270523742567008,0.00025
809,0.01996185963875369,0.016391800716519356,17.775609468158923,2236.8882349917762,0.817173822974624,0.017836941120780738,48.82389295232712,2312.295855138278,1.2526977568039186,0.0003639777338292697,0.32741186672753514,0.00025
810,0.019833008317570937,0.01626321830247578,17.7048027138961,2241.9296489514804,0.8193644488541609,0.0178909598321881,49.19661175501917,2309.2524308726947,1.2564915193188715,0.00036675631900460326,0.3269809299951857,0.00025
811,0.019933193627940982,0.01638869686346305,17.31042947267231,2246.2143297697367,0.8167655504788266,0.017828744543672427,49.07917755305951,2310.0619232757203,1.2521221068823583,0.00036588085758359237,0.32709555088947456,0.00025
812,0.019887055417424755,0.016342831971613986,17.355493595725612,2242.561150801809,0.8216363656929278,0.017945419444423603,48.04483267236792,2308.503744290522,1.2603162465308901,0.00035816990946154,0.3268749189625065,0.00025
813,0.019921841884129925,0.01636739722207973,17.494274289984453,2242.3741005345396,0.8192238567219051,0.0178897994911058,48.656686664706065,2306.0428667395568,1.2564100279543442,0.0003627312259830039,0.3265264685205101,0.00025
814,0.01985007965643155,0.016275530779048017,17.807329980950605,2238.9992290296054,0.8148079490873835,0.017780143384659594,49.36480032775496,2313.237991819942,1.2487088219216027,0.00036801014969811485,0.32754526952241136,0.00025
815,0.019876212960011082,0.01630924294065488,17.621247040598018,2245.3763877467104,0.8169676964390249,0.017834795920195146,49.118812597820686,2308.1936521058956,1.2525470982384577,0.00036617633328001997,0.3268310111464714,0.00025
816,0.019909134330718142,0.01635283246440323,17.535514781349583,2241.1382221422696,0.8204686700210031,0.01791761121930665,48.07136759770795,2308.6469874129357,1.2583632602543295,0.0003583677249450785,0.32689520161708163,0.00025
817,0.019921258680130307,0.016334184347406813,17.974858785930433,2238.9596396998354,0.8185257754291204,0.017872521043259315,50.65381467246384,2306.997191424113,1.2551965534739509,0.0003776196357855653,0.3266615970879641,0.00025
818,0.019881945887678547,0.01635016922495867,17.28983096072548,2235.039325914885,0.8165110375212686,0.017821376819027644,48.116256449163075,2312.0883308984803,1.2516046677052723,0.00035870236729821465,0.3273824821232284,0.00025
819,0.01988783321882549,0.0162728945969751,18.36580366837351,2237.503109580592,0.8180922316165313,0.01786097015721481,49.58942140662086,2308.9314994656525,1.2543853286714992,0.000369684679652859,0.32693548738850636,0.00025
820,0.019873226257531268,0.0163252618359892,17.464915024606807,2238.0957545230262,0.8156413842312679,0.017800844813219203,48.328525637641725,2311.9193417042575,1.2501626941379014,0.00036028481502026904,0.3273585539276152,0.00025
821,0.02001158314708032,0.01641289777073421,18.10910546152215,2240.5022872121713,0.8197742688968572,0.017901655351731067,49.430921365138914,2307.7968641994653,1.2572426712820137,0.0003685030760890716,0.326774827562156,0.00025
822,0.01993270767362494,0.01629331188374444,18.681073339361895,2238.315314041941,0.8196739998539249,0.017898206461751682,51.904383972134596,2309.2578334457558,1.257000453924711,0.00038694251751757034,0.32698169497797414,0.00025
823,0.01995158244512583,0.016329591995791384,18.381455120287445,2243.3815660978617,0.8124283879059456,0.017727595875903526,49.75800663240506,2307.3803430851726,1.2450183827426746,0.0003709414673591967,0.3267158498343454,0.00025
824,0.019919681607892637,0.01633038857069455,18.09345511386269,2232.2839612458883,0.8212527902407623,0.017937594336050265,49.908059127478445,2306.504514113799,1.2597666850539726,0.00037206009522374584,0.3265918359466699,0.00025
825,0.019945132301041956,0.016350093787830127,18.077007745441637,2239.2627467105262,0.8152497175674286,0.017795353033887733,48.68749567713151,2306.241655191402,1.2497770035868807,0.0003629609044016232,0.3265546161720997,0.00025
826,0.020010126754641533,0.016375780840845483,18.56153819435521,2242.2307385896383,0.8119221468210842,0.01771485296918059,48.398038436551374,2308.5368455992457,1.2441234417009965,0.0003608030266885596,0.3268796059757432,0.00025
827,0.019738097037923962,0.016201696554689032,17.309685506318743,2238.17431640625,0.8121620851600451,0.01772058832116861,47.5367236593891,2308.5207601081356,1.244526238487801,0.00035438200243694375,0.32687732833438526,0.00025
828,0.01979842595756054,0.01629214714232244,16.974093437194824,2233.221795333059,0.8159290976060191,0.01781184644541004,47.244462159723085,2305.765900110248,1.250935344553313,0.00035220321922443243,0.3264872511509327,0.00025
829,0.01976846531033516,0.01625221913778468,17.081738020244398,2235.1156198601975,0.8097025434363141,0.017661035705651473,48.34717258817811,2310.2403289828294,1.2403438269764904,0.00036042382636059146,0.3271208124257393,0.00025
830,0.01988969713841614,0.01632987163764866,17.68774047650789,2233.2450400904604,0.8193152872490028,0.01789750853441015,48.83570032511308,2297.791134260985,1.2569514381204188,0.0003640657567321813,0.325358056127026,0.00025
831,0.019898514508416777,0.01631299494520614,17.989126857958343,2236.3349994860196,0.814436650725618,0.017777704537945863,48.42638522135902,2303.805158597478,1.2485375404341104,0.00036101434942158514,0.32620961797633713,0.00025
832,0.019688213832284276,0.01615022961050272,17.33500576019287,2237.8588481702304,0.8138700900515073,0.01776435359785092,49.060121081745024,2303.6314448125204,1.2475998968889022,0.00036573879330267567,0.32618502079752765,0.00025
833,0.019827334406344516,0.016288987507945614,17.375063293858577,2235.2170924136512,0.8141752531808586,0.017769603853268846,48.68657262657826,2306.6146914357632,1.2479686250884374,0.0003629540231427095,0.3266074366158383,0.00025
834,0.019843457658824167,0.016281350907918653,17.650336466337507,2238.3311317845396,0.8101179958908864,0.017674345024265604,48.51432502330185,2305.0979158997075,1.241278547423209,0.0003616699327413298,0.3263926672520637,0.00025
835,0.019690487141671934,0.01620312569368827,16.72309694792095,2233.1289961965463,0.8122354528944868,0.01772348984790045,47.53872041126785,2306.7939921067264,1.244730014236326,0.0003543968880427384,0.32663282487541373,0.00025
836,0.019624396864520877,0.01613608223239058,16.73436084546541,2233.2375809518912,0.8100804270633462,0.01767276664665305,47.84075931299158,2306.1553475607197,1.2411676971332828,0.00035664856090882936,0.3265423953559737,0.00025
837,0.019768818722743737,0.016228120774030685,17.593515496504935,2221.1841591282896,0.8192778230451125,0.017895657998398696,48.34255409411377,2299.247726815111,1.2568214740029877,0.0003603893959024368,0.32556430382069723,0.00025
838,0.0198463602481704,0.016298852958961538,17.609657689144736,2226.782843338816,0.8143999850979371,0.017778371470086984,48.20033638500316,2301.529953596049,1.2485843794291749,0.0003593291756630754,0.3258874580264975,0.00025
839,0.019771380546061618,0.016247105784714222,17.170093636763724,2236.5176552220396,0.8124132107040606,0.0177335619059107,47.96812559067699,2298.061331309337,1.2454373801680967,0.0003575980650617135,0.32539631495095145,0.00025
840,0.019732151376573664,0.01619067763615596,17.514623190227308,2227.8770944695725,0.8107471472032114,0.017690110460215576,48.91592478105071,2303.8345900058794,1.242385762282295,0.00036466382284088705,0.3262137853463316,0.000125
841,0.01972566133267001,0.016261300464209757,16.36942502071983,2236.6537186472037,0.8109854888047549,0.017696794459470543,46.74488768865318,2302.4195116003084,1.2428551830656276,0.00034847893644271064,0.32601341589044897,0.000125
842,0.01958337818321429,0.016191427840998297,15.595272566142835,2222.3047645970396,0.8087769212036867,0.017645313141093313,46.543716921769835,2301.044768822929,1.2392396229978013,0.0003469792264561598,0.32581875779857383,0.000125
843,0.019569936355477886,0.016174647712001677,15.485700808073345,2233.8610068873354,0.8100780163980952,0.017676274198381383,46.41756797014618,2300.9259970179846,1.2414140343360691,0.00034603879735965677,0.3258019401849086,0.000125
844,0.019471983768438037,0.016067946574797754,15.598892262107448,2234.1204127261512,0.8105253029476307,0.01768690224532129,46.3364740184553,2300.9104408986977,1.242160447662809,0.00034543424923825795,0.3257997375004885,0.000125
845,0.01956088625286755,0.016146633038787467,15.854876116702432,2225.1374897203946,0.8105242361779835,0.017687401032768384,46.6629722698366,2300.113397410357,1.2421954777675712,0.0003478682643577205,0.32568687932284623,0.000125
846,0.019577153713295336,0.01615411396089353,15.803712694268478,2237.7613204152963,0.8086204336371154,0.017641654231253457,46.39152654087891,2300.9713078578575,1.2389826558352313,0.00034584466084498696,0.32580835601903846,0.000125
847,0.019523997251924715,0.016099190584530954,15.896331787109375,2232.5816843133225,0.8072998449472351,0.01760989118033013,47.251732911275745,2301.556431046086,1.2367519200621258,0.0003522574220237864,0.32589120712777425,0.000125
848,0.01961638180440978,0.01618198398500681,16.053198161878083,2230.4082545230262,0.8069967594566793,0.017600949668486677,47.13317851146133,2304.1649621724014,1.236123952982295,0.000351373609628448,0.3262605647268834,0.000125
849,0.019528559360064958,0.016078602816713482,16.25469102357563,2230.8545178865133,0.8061734765720927,0.017582266676205504,47.10867210021845,2302.8945689911943,1.23481183660749,0.0003511909165351877,0.32608068212145785,0.000125
850,0.01939559433805315,0.015981382053149373,15.859834821600662,2224.7248278166117,0.808430568596031,0.017637374841520427,46.024538788955226,2300.653799128113,1.238682112043403,0.0003431088001380436,0.3257633980498076,0.000125
851,0.01961047496450575,0.016167741464941127,16.059586775930303,2238.264584189967,0.805639528790231,0.017569495110782457,46.7128549817187,2303.064581857665,1.233914882850229,0.00034824013549150803,0.32610475526497673,0.000125
852,0.019586326358349698,0.016169822529742594,15.844572117454128,2228.1604774876646,0.807563971118041,0.01761723176875898,46.429082400045786,2300.003869503911,1.2372674534484938,0.0003461246363996794,0.325671370608324,0.000125
853,0.01954437115866887,0.01612086755860793,15.911734731573807,2230.1234837582238,0.8062617774079684,0.017587142104979407,47.136557974484965,2298.756631139946,1.2351542405346638,0.0003513988032215542,0.3254947666326292,0.000125
854,0.019511903195004714,0.016077329894821895,16.141904981512774,2223.930291426809,0.8047072236761273,0.017549205787693936,46.75206123539392,2300.3312537571296,1.2324899530179245,0.00034853241458892816,0.3257177269122742,0.000125
855,0.019426121425471808,0.016007632507305396,15.870777782640959,2228.1804456208883,0.8077363678544008,0.017622605052453787,46.15304631226484,2298.1107080044144,1.237644821988625,0.0003440668121744848,0.32540330649395494,0.000125
856,0.019531610862989175,0.016101153224314515,15.997693463375693,2230.6306537828946,0.8056969377070442,0.017571305619273676,46.83223403876055,2302.391510158425,1.2340420358138604,0.00034913009563235947,0.3260094509980076,0.000125
857,0.01953413562947198,0.016115265065117887,15.891322085731908,2227.0212273848683,0.8054123512765947,0.017567061731827545,46.6947093671235,2298.66431773241,1.2337439853663146,0.0003481048615655688,0.3254816954224646,0.000125
858,0.01954214549378345,0.016119972410562792,15.790791160181948,2237.8637309827304,0.8065049998308955,0.017592366224850893,46.46701432677573,2299.607117275652,1.235521133221026,0.0003464074155042548,0.32561519207589534,0.000125
859,0.01938982376534688,0.01598354973095028,15.771720484683389,2223.3947625411183,0.80635351940071,0.017588607722843177,47.56153747743659,2299.793019379023,1.2352571716481235,0.0003545669872203037,0.3256415150719592,0.000125
860,0.019470317387267164,0.016048000635285126,15.951227890817743,2225.974982010691,0.8061470436930169,0.017584028836287492,46.69964543596771,2299.360659899561,1.2349355940369107,0.0003481416595151648,0.32558029469483774,0.000125
861,0.019502487817877216,0.0160819584209668,15.956114267048083,2223.8208264802633,0.8048578393715989,0.017554426061542977,46.405051088318906,2297.900377858525,1.2328565755961074,0.00034594548513061044,0.3253735245845416,0.000125
862,0.019547413250333386,0.016098585518959322,16.34048547242817,2223.290951377467,0.8089020833847277,0.017652155715723684,46.52749724425572,2295.2837235408747,1.2397201806131561,0.0003468583102180631,0.325003016773952,0.000125
863,0.019405083926884753,0.016001890854615914,15.803503086692409,2217.9303877981088,0.8066250562688091,0.017596377845131767,46.12132457540125,2297.8955200935575,1.2358028714233877,0.00034383032947721173,0.32537283674440526,0.000125
864,0.01949455481218664,0.016084525636152217,15.677077594556307,2234.2482331928454,0.804747117813159,0.017550089382555863,46.865682925982675,2300.419233990161,1.2325520083498318,0.00034937945408032486,0.3257301845622189,0.000125
865,0.019403892226125066,0.015982812074454206,15.97478219082481,2222.9716411389804,0.8054206760066445,0.01756625234686673,46.491227112514196,2300.173337562289,1.2336871418347954,0.0003465879196457698,0.3256953666091908,6.25e-05
866,0.019402594256557916,0.01603015330865195,15.261357809367933,2227.839226973684,0.804178482890849,0.017538000081885892,46.20139587801296,2298.363324524951,1.2317029704050377,0.00034442725384163767,0.3254390759852903,6.25e-05
867,0.0193497418965164,0.015991579104018838,15.15427037289268,2221.592445775082,0.8053863101224875,0.017567501787530675,46.16860377934311,2297.117665878737,1.2337748907098063,0.0003441827916932995,0.3252626956913258,6.25e-05
868,0.019482458206383807,0.016108752032251733,15.213467848928351,2232.695980674342,0.8040054478208859,0.01753399201801845,46.01208588929806,2298.22703000539,1.231421481971462,0.000343015964890325,0.32541977722515325,6.25e-05
869,0.019413501024246216,0.016048568595004708,15.101920679995889,2232.2885228207238,0.8036877833299418,0.017527101521244794,45.90228411269385,2297.2684277508793,1.2309375587587779,0.00034219740251436177,0.3252840429708617,6.25e-05
870,0.0193330171076875,0.015971031187004166,15.159502330579256,2225.0231419613488,0.8056645911345605,0.017573181462372044,46.70372784579769,2298.464851468135,1.2341737772613166,0.0003481720935135338,0.32545345179533947,6.25e-05
871,0.019376530361018683,0.016016184107253428,15.136516972592002,2225.107601768092,0.8032092954180985,0.01751595490048889,45.84489011892517,2296.961126885555,1.2301547257201804,0.000341769535449199,0.32524053039450207,6.25e-05
872,0.019364128869615103,0.016015969020755666,15.028426421316047,2221.0278063322367,0.8044485419122928,0.0175450658695114,46.01593205639401,2297.3956120801336,1.232199204386447,0.00034304463772034445,0.3253020517644022,6.25e-05
873,0.01933157238128938,0.015977486330819756,15.069156696921901,2223.899041426809,0.8029030992873519,0.017508123164068978,45.91487795553597,2297.79856925196,1.2296046987520657,0.00034229128848085676,0.32535910889208147,6.25e-05
874,0.019394556942738984,0.016031807533612375,15.166969700863486,2225.2269094366775,0.8048925313279687,0.017555475715321518,46.0847677076677,2297.580413014387,1.2329302933330721,0.0003435578013138687,0.3253282188393128,6.25e-05
875,0.019420028517120762,0.016053091979732637,15.182874428598504,2228.220703125,0.8045838535797463,0.01754953880324102,45.70850150994509,2295.5342654121932,1.232513340874956,0.0003407527706274104,0.3250384925032362,6.25e-05
876,0.019366268166585973,0.01601599774470455,14.956212344922518,2228.5547388980262,0.802264852875655,0.017492223076225333,46.47637007262316,2298.89038437865,1.228488027219663,0.0003464771617486838,0.325513705557537,6.25e-05
877,0.01928392189897989,0.01592179721123294,15.16045500102796,2225.0907303659537,0.8050334391358309,0.017560215858913507,46.04707068460269,2295.50487242457,1.233263196110763,0.00034327677339500304,0.32503433057347053,6.25e-05
878,0.019339038745353098,0.015970032417068358,15.184703776710911,2230.1536030016446,0.8028056115211558,0.017506490012578788,45.7801028137025,2296.7932949504175,1.2294900016639032,0.0003412865519116331,0.32521676606215777,6.25e-05
879,0.01933811016772923,0.0159784003013843,15.110893299705104,2226.392693770559,0.8051588847092103,0.017563081014531426,45.90977672801031,2295.6785158968337,1.2334644174968266,0.00034225325928813447,0.32505891779628315,6.25e-05
880,0.01942903077916095,0.01607816705578252,15.01371885600843,2224.8347039473683,0.8033160672022894,0.017518413512461913,46.0604801995224,2297.0617150317034,1.230327395332229,0.00034337674012352654,0.325254773274637,6.25e-05
881,0.019396954167046045,0.016029759751338708,15.228948542946263,2225.0233475534537,0.8030334147162391,0.01751315216598187,45.81379247434642,2294.92251630905,1.2299578882015676,0.00034153770530381805,0.3249518712711893,6.25e-05
882,0.0193569142567484,0.015996100871186508,15.172476768493652,2222.8776469983554,0.8052913301446574,0.017566262569842513,46.22988522911963,2295.6044593490205,1.2336878597997618,0.00034463963939360907,0.32504843168460806,6.25e-05
883,0.019409996702482824,0.016036636490178734,15.30573152240954,2225.4297902960525,0.8034241237706209,0.017520622044093614,45.914825313927246,2297.598804116261,1.2304825016703689,0.000342290896042395,0.3253308229459553,6.25e-05
884,0.019333180138155034,0.015967695875779578,15.07768836774324,2234.6578818873354,0.8033918823235221,0.01752061114709175,46.0533906523472,2296.4692219955,1.2304817363681964,0.0003433238881865205,0.3251708786248345,6.25e-05
885,0.01934825227056679,0.015988598969814024,15.186347610072085,2220.6773231907896,0.8053557991366258,0.017568739886409612,45.81079495129735,2294.216846120584,1.2338618430452906,0.0003415153590388947,0.32485195118821797,6.25e-05
886,0.019430460996533696,0.01606122820981239,15.186189149555407,2230.2688887746713,0.8035717848474944,0.017524778722934568,46.03584170396007,2296.6215590224706,1.230774427411703,0.000343193062353536,0.3251924489400091,6.25e-05
887,0.01937088703638629,0.015985294343217424,15.49509916807476,2223.4604877672696,0.8030660760947618,0.017513085420734424,45.90378250332923,2296.1704235537673,1.2299532006477325,0.00034220857288187815,0.32512856995772965,3.125e-05
888,0.019247497186848993,0.015891654809054575,15.038480808860378,2227.9564915707238,0.8031404653695174,0.017515216364187042,45.61976191172461,2295.6413965222378,1.2301028579272457,0.0003400912248982989,0.32505366184095147,3.125e-05
889,0.019339084331142276,0.016009413294102017,14.748355263157896,2223.5445106907896,0.8020411691518402,0.01748892912113983,45.54870479525718,2295.9418947739587,1.2282566910214505,0.00033956150048141325,0.3250962111943682,3.125e-05
890,0.019271784609085636,0.015943657557823156,14.702225484346089,2225.4604235197367,0.8019358009337214,0.01748602547418859,45.816331660324444,2296.5276297335954,1.228052766368802,0.00034155663470707056,0.3251791489274944,3.125e-05
891,0.01933115583501364,0.01599120873173601,14.871216171666196,2224.6054559004933,0.8031989605298955,0.01751743078095525,45.56170203313876,2294.4150178254936,1.2302583775816178,0.0003396583937216716,0.3248800115109024,3.125e-05
892,0.01930077619066364,0.0159646197663326,14.84911120565314,2222.473028885691,0.8034453150050295,0.01752311082169649,45.46308766194492,2294.667643520417,1.2306572898304686,0.0003389232324475557,0.3249157823012943,3.125e-05
893,0.019257554294247376,0.01592907216399908,14.781609735990825,2219.8616108141446,0.8034667903256214,0.017523598783247774,45.663961770603485,2294.6893229118123,1.2306915596268737,0.0003404207308737035,0.3249188520166123,3.125e-05
894,0.01929521403814617,0.015964747259491367,14.711148763957777,2227.1307051809213,0.8037596481248098,0.017530862691210687,45.42602516649874,2294.2346389213794,1.2312017077037865,0.00033864693487505916,0.324854470577815,3.125e-05
895,0.01929300268621821,0.015955497069578422,14.862410796316047,2222.8248098273025,0.8037935095748139,0.017532152601215257,45.50184555956284,2293.506997241665,1.2312922987618755,0.00033921216909086536,0.32475143941935203,3.125e-05
896,0.019263808860590582,0.015922090136691144,14.937843423140677,2221.3804738898025,0.8038664687025037,0.017533430195800448,45.62546392278295,2294.1757707164447,1.2313820249015839,0.0003401337328782609,0.3248461350748881,3.125e-05
897,0.019232009978670823,0.01591214959166552,14.660825026662726,2220.2986225328946,0.8027174358432909,0.017505863879754797,45.67767165339791,2294.6167232954476,1.2294460280263402,0.00034052293681773694,0.3249085722006169,3.125e-05
898,0.01936609180350053,0.016024570765071793,14.73980386633622,2236.0356959292762,0.803982288226464,0.01753607024003988,45.577113237161974,2294.3397794564803,1.2315674365971323,0.00033977328286255654,0.32486935805806094,3.125e-05
899,0.01928866713454849,0.015960669488106902,14.666393229835911,2228.0181049547696,0.8023053779994799,0.017496077181425682,45.467215739681656,2294.639708580702,1.2287587030550695,0.0003389540068960651,0.3249118268252947,3.125e-05
900,0.019279263815597483,0.0159369074298363,14.890921391938862,2225.5370322779604,0.8020193233037585,0.017489089416392767,45.89569166088474,2294.913695912864,1.2282679486413766,0.00034214825637863264,0.3249506223382839,3.125e-05
901,0.01904513265349363,0.015714239525167567,14.74805666271009,2224.7885677939967,0.8028845034336471,0.017509919615042637,45.634546186047245,2294.4835993517154,1.229730864448845,0.0003402014403346124,0.32488972238136626,1.5625e-05
902,0.019216109067201614,0.01588669468305613,14.730464734529194,2224.6297157689146,0.8021861095285301,0.01749307375676424,45.397284189860024,2294.9008406553676,1.2285477709613521,0.00033843267347736166,0.3249488020851165,1.5625e-05
903,0.019134644320920893,0.015823667427819026,14.595172380146227,2216.339111328125,0.8021925153140941,0.01749328936807843,45.37247152657475,2294.807521754461,1.2285629134573552,0.0003382476973026502,0.32493558850110266,1.5625e-05
904,0.019259166854776834,0.015939240932072465,14.593776150753623,2225.3926809210525,0.8029676998932129,0.017512228168070892,45.425112940371775,2293.9973633589166,1.2298929953422741,0.0003386401343112705,0.32482087330493054,1.5625e-05
905,0.019223458966926524,0.015904978358824002,14.641187366686369,2220.391473067434,0.8030950642264476,0.017515220536112205,45.414164228294275,2294.0428204550185,1.2301031509237441,0.00033855851264676687,0.3248273098483589,1.5625e-05
906,0.01920067283668016,0.015883752046839186,14.549286490992495,2225.724056846217,0.8020391878707024,0.01748966821036527,45.3588473779542,2294.7821805206704,1.2283085976465,0.0003381461304991775,0.3249320002835127,1.5625e-05
907,0.019221155561114613,0.015894528919536816,14.669611378719932,2226.405517578125,0.8011130149265685,0.017466790685271846,45.61467628353857,2296.105169490242,1.2267018970260462,0.0003400533119972515,0.3251193302427067,1.5625e-05
908,0.019283914350365337,0.015967052429914474,14.57609748840332,2223.6545795641446,0.8022316974294194,0.017494811624872222,45.4185386120722,2293.9236018234606,1.2286698223526613,0.0003385911232846761,0.32481042896582807,1.5625e-05
909,0.01923051878417793,0.015915459021925926,14.530061470834832,2225.305060135691,0.8011488856133259,0.017468037951275824,45.64992171834674,2295.5140669561306,1.2267894931735437,0.000340316063546003,0.3250356324824522,1.5625e-05
910,0.01930519242427851,0.015978769546276646,14.690738376818205,2224.6174444901317,0.8028762160889875,0.017510279271655722,45.474917551646094,2293.664202494346,1.2297561233219543,0.00033901142321204653,0.32477369905586234,1.5625e-05
911,0.019222412356420568,0.015908908245987015,14.571612960413882,2220.632992393092,0.8017463897025295,0.01748273146503286,45.437789314392134,2294.7605307154586,1.227821426373209,0.00033873463554028163,0.32492893475748025,1.5625e-05
912,0.019294485841926775,0.015974529724764198,14.592080066078587,2225.5502030222037,0.8016106863872207,0.017479345260960337,45.494760796781776,2295.0042055583,1.2275836114801166,0.0003391593528210877,0.3249634381429324,1.5625e-05
913,0.01919221936872131,0.01588424819668657,14.516495202717028,2219.2342979029604,0.8019307460588795,0.0174872883950038,45.54298853644297,2294.484327768898,1.2281414619619264,0.00033951888628571184,0.3248898255223328,1.5625e-05
914,0.019239696526997967,0.01592234056442976,14.527056944997687,2227.8266987047696,0.8019677913909318,0.017488314703037255,45.45065276633912,2294.270201368566,1.2282135401149343,0.00033883053141842183,0.3248595060784379,1.5625e-05
915,0.019245006536182604,0.015917672187482055,14.639297635931717,2229.3870528371713,0.802076948952277,0.017490946997087795,45.557150348041766,2294.2023441577503,1.2283984075106404,0.00033962446131836395,0.32484989776814543,1.5625e-05
916,0.019342315334238504,0.01601653247091331,14.66622523257607,2225.816046463816,0.801949929037965,0.017487908216795682,45.576262879743766,2294.237679623813,1.2281849923723847,0.00033976694352443114,0.32485490112914683,1.5625e-05
917,0.01922062784433365,0.0158975929708073,14.655108000102796,2223.9012258429275,0.8017547610859065,0.017483038196895905,45.44218779648378,2294.5994972678773,1.2278429683132857,0.0003387674258289538,0.3249061330638471,1.5625e-05
918,0.01917218377715663,0.015852490440011024,14.60890373430754,2224.0254420230262,0.8017393621295028,0.01748293299994195,45.40620208324596,2294.214158729123,1.2278355802758776,0.00033849915557104295,0.32485157066431014,7.8125e-06
919,0.01926937120917596,0.01594985634284584,14.578011211596037,2226.1639854029604,0.801698368872368,0.017481758053603306,45.4648666359082,2294.5118201779424,1.2277530631765154,0.00033893649453856366,0.3248937183377552,7.8125e-06
920,0.01924178670895727,0.01592325953472602,14.575025407891525,2225.4001079358554,0.8017727775642152,0.017483798455725088,45.42991393313326,2294.1050889837848,1.2278963616907408,0.00033867592528081,0.32483612682357266,7.8125e-06
921,0.01921396065307291,0.015893538580521158,14.555763294822292,2228.7397332442433,0.8018086287304085,0.017484426054740973,45.44904631461001,2294.436195586664,1.2279404382997317,0.0003388185554651639,0.3248830101973821,7.8125e-06
922,0.01928814941723096,0.015970028152591305,14.567740339981881,2225.5409449527137,0.8016703496246077,0.017481232533615238,45.448459491375154,2294.3052374535164,1.2277161556313398,0.00033881418075068975,0.3248644670482683,7.8125e-06
923,0.019232448680620445,0.01591878036331189,14.520891791895815,2224.6013312088817,0.8017136698658052,0.017482114704504486,45.48491588796936,2294.5203808758793,1.2277781109568968,0.000339085959910719,0.32489493049842477,7.8125e-06
924,0.019249225133343748,0.01593411684428391,14.503004023903294,2227.3829538445725,0.801504590933724,0.017477188533417735,45.523461153095056,2294.4654411045144,1.227432143370402,0.00033937331139790986,0.32488715124601636,7.8125e-06
925,0.0190179688169768,0.01570940699036184,14.505341831006502,2220.6610814144738,0.8016223961363905,0.017480165376268213,45.46052190240423,2294.1991871493346,1.2276412086095538,0.0003389041049407819,0.32484945074835064,7.8125e-06
926,0.0192211890887273,0.015899390717478173,14.586994723269815,2227.7737201891446,0.8014469230180796,0.01747548251044965,45.51790277701223,2294.9679025099567,1.2273123284800178,0.00033933187420378093,0.3249582977761409,7.8125e-06
927,0.019213897519205745,0.015901891367607994,14.486736247414036,2225.5009251644738,0.8020197797531458,0.017489838893397072,45.50531691511294,2293.8351624342163,1.2283205848055996,0.0003392380477344974,0.32479790630119565,7.8125e-06
