epoch,loss_total,loss_data,loss_cont,loss_mom,val_score,val_data,val_cont,val_mom,norm_data,norm_cont,norm_mom,lr
1,6.01906913205197,0.36412278719638524,70928.46032072368,6706.230879934211,22.191098448924656,0.5212561385107035,33036.0647348612,6249.703058497832,36.60809277841299,0.24628089342594514,0.8849330159583727,0.001
2,2.5150689702284965,0.49442196049188314,23071.87474300987,5805.1260793585525,19.34833659629209,0.4549226341694105,17407.60681005505,5392.4062043707745,31.94945587836341,0.12977214423072347,0.7635432021395014,0.001
3,1.6123675358922858,0.42244866490364075,12654.681126644737,4816.354697779605,17.06910190148009,0.40161102909444046,11966.542409160951,4521.586241468306,28.20535381305883,0.08920949814696516,0.6402385700769881,0.001
4,1.232679203936928,0.3788292313876905,8614.04695209704,4155.928415398848,15.72173910002777,0.37008986943331496,8547.013034230851,4026.665123428025,25.99160619052804,0.06371721399287349,0.5701597145618676,0.001
5,1.0193341374397278,0.3513213568612149,6402.2440378289475,3756.88916015625,14.883306974523583,0.35044458810395945,6686.553298235722,3749.8512144558044,24.611907749723386,0.04984765387300943,0.5309639695747623,0.001
6,0.8890898729625502,0.33397831258020905,5069.601793791118,3497.8282277960525,14.153813433964832,0.3333496922218417,5404.505766029256,3494.4798552796315,23.41132422033244,0.04029010474661033,0.49480440408022547,0.001
7,0.7954660058021545,0.31786744218123586,4197.1905324835525,3256.185122841283,13.54887198853665,0.3191708590083905,4559.511799960313,3275.214284403659,22.415537305955397,0.033990750674834674,0.4637572741422238,0.001
8,0.7276734772481417,0.30474311740774856,3598.9015727796054,3060.2543688322367,13.057777478271701,0.30767258934181124,3971.2347966334564,3073.9485884356513,21.608007779400573,0.029605198487428094,0.435258854669357,0.001
9,0.6709515483755815,0.2918596879432076,3140.108771073191,2871.673763877467,12.626561610751647,0.2975715451051397,3547.822100121976,2899.3823352619934,20.898606129702145,0.026448694889870467,0.4105409697619341,0.001
10,0.6297062792276081,0.2827354261749669,2814.1597193667762,2718.1772717927633,12.263432403900586,0.28906950844022744,3133.731781949389,2749.2968384238075,20.301503622815915,0.023361688784964703,0.3892894622702246,0.001
11,0.5947821485368829,0.27477770730068807,2548.679803145559,2577.0690789473683,11.918524415243192,0.2809858709404869,2854.00338090714,2612.991776739891,19.73378550936969,0.021276338696260028,0.36998920941063795,0.001
12,0.5651565194129944,0.2685841800350892,2323.4736585115133,2446.2362253289475,11.642016866944669,0.27452381102912454,2572.3394092044437,2479.2566352659933,19.27995164287421,0.019176559102244417,0.35105284699847533,0.001
13,0.5362228296305004,0.2608874299024281,2113.473472193668,2336.4977256373354,11.393032312852478,0.26869344905067694,2362.798261934275,2373.6569447292227,18.87048225446842,0.017614448682211924,0.33610035217491546,0.001
14,0.5131003511579413,0.2551461324879998,1946.7478220086348,2238.962582236842,11.120995829422196,0.2623075909193378,2229.827588055667,2276.5877792217325,18.422000079064656,0.01662316425941213,0.32235574565760156,0.001
15,0.49368467613270406,0.2511447919042487,1801.6607923005756,2148.3064350328946,10.984212048295925,0.25913422303119654,2023.7767610065457,2179.2621024480954,18.199132783149395,0.015087073862929084,0.3085748181685145,0.001
16,0.47202623988452713,0.244450707184641,1652.025943153783,2073.4716796875,10.734806568752973,0.25327018085833464,1877.117940309401,2105.6034529333574,17.78729801697475,0.013993745535842548,0.2981450473047824,0.001
17,0.45569943440587896,0.24047899952060298,1541.3407946134869,1992.3974673622533,10.556660083649211,0.24909585665158526,1765.675700185313,2032.1078814195466,17.494133032319667,0.013162953651778138,0.2877383676352793,0.001
18,0.44121109811883225,0.2372068801992818,1431.2062538548519,1933.2749794407894,10.4138981483862,0.24575942636531678,1649.72163869401,1961.5727900212962,17.259813778416213,0.012298526544928752,0.2777508801374403,0.001
19,0.42751278689033106,0.23304080257290288,1345.045834189967,1871.8708688836348,10.24197186250302,0.2417214570183891,1537.2293957714912,1904.8856243767243,16.976225067286475,0.011459906984372827,0.2697242036713043,0.001
20,0.4151422773536883,0.23061812551398025,1253.2601318359375,1810.5927027652137,10.100016759085184,0.2383903221091405,1472.1475088603218,1852.2833857389837,16.742277710496392,0.010974727366795218,0.2622759365699476,0.001
21,0.4015373117045352,0.22547202439684616,1172.1392982884456,1763.096743935033,9.956000122339105,0.23501195923532378,1382.7482872415055,1798.439242623793,16.505013508913684,0.010308264204533872,0.2546518207499437,0.001
22,0.39229492294160945,0.22296189791277835,1115.867341694079,1712.8593814247533,9.818616384889681,0.23178251506746828,1301.4986100561375,1756.7975988542598,16.278207946379034,0.009702555163569729,0.24875553014773158,0.001
23,0.38332653045654297,0.22149359317202316,1043.420808490954,1671.5274208470394,9.71264629203979,0.22929999326507688,1260.321609971869,1710.9131308021929,16.103859134437876,0.00939558432879435,0.24225847255653124,0.001
24,0.37262652422252457,0.21671369514967265,991.3687101665296,1631.2034912109375,9.609316843145098,0.22688327232700348,1167.0747767129017,1663.1056408304287,15.934131551807772,0.008700437567566308,0.2354891227346084,0.001
25,0.36448406232030767,0.2143757429562117,942.0978489925986,1589.0196147717927,9.481502902102722,0.22387622411913066,1110.5337685026507,1627.1691394066027,15.722944974518748,0.008278929433078062,0.23040065752429129,0.001
26,0.35649371617718745,0.21128571425613604,900.5279091282895,1553.3682026110198,9.39043808010113,0.22174144642101107,1040.3211047374202,1591.709106736563,15.573018413927377,0.007755500335190713,0.22537965838833826,0.001
27,0.3511227118341546,0.21066055093940936,855.4277632863898,1526.1015881990131,9.276863637389102,0.21906807250146518,1001.6438041677152,1561.1538091398445,15.385265957413878,0.007467164535631662,0.2210531501682391,0.001
28,0.34326330768434626,0.20732626789494565,817.1057450143915,1493.0821725945723,9.189423379485278,0.21701876951420634,952.4282517084747,1525.3935364115391,15.24134233072433,0.007100267015379417,0.21598963823803238,0.001
29,0.3378845108182807,0.20625650490585126,779.2606265419408,1463.6691701788652,9.094972057655127,0.2147984678020699,914.9556608077771,1495.8843495495717,15.085409373644552,0.0068209122181274884,0.2118112551238566,0.001
30,0.32924005859776545,0.20248138355581383,737.8538432874178,1428.3927130448192,9.000389458388852,0.21257480488037753,871.9262446293432,1467.033493368132,14.929240357049729,0.006500131787859148,0.20772608900721884,0.001
31,0.3266915992686623,0.2028521495430093,712.4101723118832,1408.173583984375,8.922256352527079,0.21074397432210373,835.4309347797215,1434.1732398235179,14.800660163960139,0.006228062533008195,0.20307320822197053,0.001
32,0.32163890411979273,0.2015160808437749,684.2392642372533,1376.097476356908,8.840210432512787,0.20881383112273522,803.6156911041263,1410.6732558786946,14.665105191849905,0.005990882750855711,0.19974570426336416,0.001
33,0.3152531056027663,0.1983381227443093,656.4958624588816,1353.5559210526317,8.752691242085158,0.2067566294445647,770.4555985833484,1383.0335016809029,14.520626835943068,0.005743677241432965,0.19583202535515715,0.001
34,0.3090916040696596,0.19535954296588898,629.1618459601151,1330.8985402960527,8.678905969073316,0.20502017627287153,735.1045982875837,1363.211136885151,14.398674816353743,0.005480138711459251,0.19302525759388242,0.001
35,0.30535162906897695,0.19462673915059944,604.6877071982935,1307.4661736739308,8.61640474107146,0.20355677238775421,709.8796116159289,1335.0237869640412,14.295899191779368,0.005292088702960597,0.18903404131623142,0.001
36,0.3020512022470173,0.19367630387607374,590.9224789268092,1281.1142256887335,8.518459899097923,0.2012465052060003,694.0875265134923,1314.8774332512396,14.13364791244823,0.005174360127862412,0.1861813980170602,0.001
37,0.29578810145980433,0.19038607101691396,563.7569483706826,1262.4051256681744,8.462628314831267,0.19993819199329887,663.574987056348,1291.7138012435614,14.041764387372366,0.004946891888575724,0.1829015201506658,0.001
38,0.2916004140126078,0.18888760554163078,542.4771021792764,1240.5405594675165,8.399329225337405,0.1984511061648107,632.5552004404482,1270.8958558081538,13.937325567458803,0.004715642167310214,0.17995378214331156,0.001
39,0.28886498197128896,0.18808246051010333,530.2431961862665,1220.28564453125,8.325328623291416,0.1967108919809182,627.1528124021884,1247.489380210469,13.8151094100045,0.0046753678500337905,0.1766395185935496,0.001
40,0.28620473177809463,0.18730951845645905,515.5473648874383,1204.5832583778783,8.272672297584588,0.1954765308891664,597.9253307038764,1226.3429219509192,13.728419581280331,0.004457479600842449,0.17364526448110554,0.001
41,0.2824296888552214,0.185825125951516,496.036087839227,1188.0371414987665,8.194019761559566,0.19362028488132538,582.050635703694,1211.8726324257195,13.598054447799592,0.0043391351763812725,0.17159632922266727,0.001
42,0.27757723551047475,0.18336333177591624,477.7577337967722,1167.6414859169408,8.14114973878331,0.1923796497948282,554.1410681010359,1192.4463326287016,13.510923993124456,0.004131071858323262,0.1688456426848626,0.001
43,0.27472574930442006,0.1818328586063887,469.19160381116365,1154.0704538445723,8.07277007931886,0.1907680830432639,538.6310372986392,1176.6328249509534,13.397742812508662,0.004015445972681764,0.1666065130956379,0.001
44,0.2732909078660764,0.18219173660403803,455.7208910490337,1138.4021124588817,8.022749894223205,0.18959402711825907,525.3672533529228,1157.9998865579798,13.315288247364506,0.003916565655471565,0.16396816336703113,0.001
45,0.2686667928570195,0.1796075940916413,441.04193115234375,1119.6210873252467,7.966432605701048,0.18826752553250187,503.30201331795723,1144.3043312643877,13.222127343282194,0.003752071274161833,0.1620289273844985,0.001
46,0.26648735686352376,0.17859081218117162,433.864013671875,1107.1348812705592,7.905807977421102,0.1868388393975499,494.3978771949599,1129.8644772817913,13.121789964562806,0.00368569173963925,0.1599843016774511,0.001
47,0.2622339356886713,0.17677207369553416,412.1636850457442,1090.9917474043996,7.867546128554625,0.18594391027304177,483.8300637263097,1110.9625827612206,13.058938621432917,0.0036069096400306523,0.15730786883434636,0.001
48,0.26163066766763987,0.17712156709871793,408.11362979286594,1078.0115131578948,7.804968165271989,0.1844650972362351,464.5076307354965,1102.6832731561522,12.955080804030478,0.003462862638720633,0.15613555162978668,0.001
49,0.25669456547812414,0.1735972252331282,397.5657220137747,1065.5982633891858,7.754352073936466,0.18327740967149275,450.04212216708044,1083.3546882960843,12.871668881657573,0.0033550235724552502,0.1533987011371589,0.001
50,0.2545705280805889,0.1732941175761976,383.24439440275495,1050.6615953947369,7.7033418035710355,0.18207394165112917,437.6308866918579,1073.4797563030463,12.78714868958617,0.003262498927468341,0.15200045016920277,0.001
51,0.25163369743447556,0.17109906438149905,379.08729633532073,1042.0617097553454,7.638748225585469,0.1805487060768489,431.64805815852486,1062.3989454770565,12.680030592959588,0.003217897478469222,0.15043145157011342,0.001
52,0.2503441078098197,0.1713827393556896,368.1199324758429,1027.0474564401727,7.593605948162884,0.17948598436065383,424.649409681609,1050.0207893423917,12.605395087859815,0.0031657231830892365,0.1486787540518916,0.001
53,0.24778718305261513,0.1699159302209553,359.6849943462171,1017.8976183439556,7.553053775808045,0.1785319724801355,411.2345919420876,1038.3072740217483,12.538394331698925,0.00306571692252064,0.14702016702093224,0.001
54,0.2457460266979117,0.16910539096907565,351.45504278885693,1005.6301237407483,7.512180237103427,0.1775723296376035,397.09400839672395,1023.6627088896215,12.470998110114035,0.0029603001430989245,0.14494655503193532,0.001
55,0.24351469466560766,0.16800678011618161,341.4690085963199,997.9548082853619,7.457359930535493,0.17627733242785507,391.7067651624459,1015.0723123585494,12.380049774929521,0.00292013872897502,0.14373018915993066,0.001
56,0.24152328622968575,0.16726604104042053,334.38081279553865,983.5736244603207,7.4076419512283,0.1751060240642488,383.361095418986,1002.7635408487386,12.29778817246755,0.0028579225111187738,0.1419873162277345,0.001
57,0.2398723277606462,0.16691034326427862,324.0320611251028,973.1916246916119,7.378297325306183,0.1744163550502418,375.5125307408701,993.178761954857,12.249352354861067,0.0027994121668465047,0.14063014978087046,0.001
58,0.2372609533761677,0.1653068073486027,319.60839522512333,959.6703523334704,7.323108877762869,0.17311191870223125,370.6564256118394,985.6059256732932,12.157741104031597,0.0027632103395602795,0.13955786637999895,0.001
59,0.2358030323919497,0.1643404693979966,316.5086155941612,954.4883326480264,7.286939362782656,0.1722640352856391,355.5988577670067,970.8214191421978,12.098193805713795,0.002650957524601544,0.13746443924729237,0.001
60,0.2325041568592975,0.16229898757056185,308.24293919613484,941.738923725329,7.248085514151428,0.17135081976542524,352.60915107700504,957.8257407516356,12.034058199395194,0.00262866952993255,0.13562430304162928,0.001
61,0.2317208569300802,0.16245817275423752,301.64148912931745,932.7914460834704,7.2124355197472765,0.17050983021647784,343.5496952714094,950.8126936208207,11.974995061028125,0.0025611321011358166,0.13463128355087256,0.001
62,0.22855765725436963,0.16048970661665263,292.7501453600432,922.233796772204,7.164310418274916,0.16937394924732194,338.57414059478276,941.8586185499693,11.89522154311254,0.002524039788207995,0.13336342224875963,0.001
63,0.22754990191836105,0.16029954897729973,287.0347587183902,914.4549207185444,7.121497802225708,0.16836376888920979,331.81422677795246,933.5519435270867,11.824276045226684,0.002473645238262264,0.13218723021022902,0.001
64,0.22560497412556096,0.15923422496569783,281.3772888183594,905.3490439967105,7.089941505174728,0.16762223678289842,323.4361155352852,923.0681903769712,11.772197855368663,0.0024111871719451616,0.130702772595706,0.001
65,0.22456328727697072,0.15875098736662613,280.1824075799239,895.9723382247122,7.041938337697894,0.16648695904782662,316.84293139835324,917.6073840731287,11.692466702900093,0.0023620355767779598,0.12992954421240657,0.001
66,0.2222362905740738,0.157560059898778,270.0934375963713,888.3844379625822,7.001445095497212,0.1655326748044795,314.4055183092848,907.8021129195171,11.62544681855448,0.002343864881265597,0.12854115694135745,0.001
67,0.2210137365679992,0.1572227932904896,264.68136998226765,878.7967882658306,6.969093659548171,0.1647706571316456,304.4335595796568,899.8065925626207,11.571929916584564,0.002269524825182953,0.12740902316198305,0.001
68,0.21710181942111567,0.15383044787143407,261.8402581465872,872.6670532226562,6.9410848332496595,0.16411320422667255,301.499924833133,889.1956188589859,11.525756653260594,0.002247654841813025,0.1259065516247082,0.001
69,0.21712016980899007,0.1549189639718909,254.47878385844984,862.3059371145148,6.898041610359621,0.1630964602973971,295.32283388784975,882.4815739480813,11.454350192319627,0.002201605183992482,0.1249558696552332,0.001
70,0.21501691717850535,0.1534162798994466,252.28389699835526,853.5868947882401,6.860377347602593,0.16220849383859798,289.18472818537134,874.087973060991,11.391987840864712,0.002155846157653184,0.12376736926117622,0.001
71,0.21251141476003746,0.1514836526230762,247.58119844135484,849.1834202816611,6.821165713883165,0.16128255978696257,290.5013809727442,867.1564379414385,11.32695900539467,0.002165661685846642,0.12278589154597078,0.001
72,0.21148130297660828,0.15138712839076393,242.0646659449527,838.7865247224506,6.7924906421863165,0.16060704295636882,280.01442192359025,860.2955653562924,11.279517103073077,0.002087482348668461,0.1218144193636846,0.001
73,0.21106287288038353,0.1515453540180859,238.36099403782896,832.808927837171,6.74813700727566,0.15955876001651367,279.25802322571246,853.9525268688177,11.20589564083018,0.0020818434643584,0.12091627042340357,0.001
74,0.2092343631543611,0.15062014562518974,231.42516126130758,825.1466449938322,6.720677244559661,0.1589126861679683,272.95691036289213,845.9754607544492,11.160521534624293,0.0020348692342892984,0.11978674969113629,0.001
75,0.2084615591325258,0.1501479560607358,230.17566560444078,821.0085095857319,6.681081781875262,0.15797702208026548,276.200813688617,839.8668608869777,11.094809353603425,0.002059052242031255,0.11892179632400725,0.001
76,0.20513881507672763,0.14758901925463425,226.60827717028167,811.0835025185033,6.641084274742808,0.15703316148285695,269.4925217856492,832.2815671777237,11.028521527394716,0.002009042528813762,0.11784774900108153,0.001
77,0.20541161769314817,0.14843490876649557,223.73643895199424,803.9295011821546,6.61322817636997,0.15637814836564173,262.5409425879013,823.6448744642935,10.98251961164826,0.0019572191306795423,0.11662482777438271,0.001
78,0.2038670566521193,0.14754495691311986,218.5152274683902,798.6692376387747,6.577671293343673,0.1555363427088789,260.105404119722,820.7853569761163,10.923399157600056,0.0019390624102974229,0.11621993150790208,0.001
79,0.20200277629651522,0.14616363730869794,216.9093844765111,791.4187204461349,6.541161332199524,0.15467507398463892,261.8915972149814,813.0093250966758,10.862911802085728,0.0019523783192854428,0.11511887642114797,0.001
80,0.20068928442503275,0.14561504125595093,211.76128266987047,783.8428730211759,6.510388506243979,0.15394971004856403,254.99171051380353,806.0556018320037,10.811969111327567,0.0019009402840672017,0.11413425695312716,0.001
81,0.1990584605618527,0.14440037741472847,208.70511024876646,780.1040199681332,6.483893305317609,0.15332393133269354,253.09366617753594,801.7083762806279,10.76802034296429,0.0018867905341302862,0.11351870716104553,0.001
82,0.19887852668762207,0.14464545014657473,206.25969013414885,775.2719662314967,6.446220570434082,0.15243518465389397,248.00169981605598,794.1214808642195,10.70560319624836,0.0018488303825545808,0.11244443304277778,0.001
83,0.1969898986188989,0.14329688760795092,202.83888324938323,769.6019222861842,6.411448027449417,0.15161417942419714,246.81214417092474,787.942213881216,10.64794356713363,0.001839962352133462,0.11156947349406034,0.001
84,0.19692699689614146,0.14392594914687307,197.97264420358758,763.0620213558799,6.392527623159636,0.15116930905055875,248.46488792600707,781.6997957230562,10.616700086799659,0.0018522834082844478,0.11068557199092213,0.001
85,0.19534462376644737,0.1428777465694829,195.47546065481086,756.1244024979441,6.354651803452797,0.15027288546653686,241.84856483587654,778.4449369326443,10.55374378699206,0.0018029593143008035,0.11022469697350808,0.001
86,0.19409754480186261,0.14206099353338542,193.03863605700042,751.1731599506579,6.3177538992587206,0.1494013610962478,240.65599612979224,772.3869577087954,10.49253617206143,0.0017940688217810835,0.10936691128753306,0.001
87,0.19252111723548487,0.1408703625202179,191.70703928094161,745.454544870477,6.287744784632765,0.14869079911954147,241.49748164600828,769.9686534747723,10.442633030695271,0.0018003420206745338,0.10902448905734259,0.001
88,0.19205306862529956,0.14095801154249593,189.07544266550164,738.2879799290707,6.259788013272936,0.1480340536812307,237.9365708142273,760.1761612589239,10.396509453127107,0.0017737957504665174,0.10763791123289113,0.001
89,0.19033452084189967,0.1393977799697926,188.27213086579977,736.3266697933799,6.235953433953853,0.1474705857611494,235.2364747953505,757.1052949220692,10.356936804726399,0.0017536667773215078,0.10720308881274705,0.001
90,0.18856773015699888,0.13829348157895238,182.21050382915297,732.169279399671,6.208166426807605,0.14681599245107912,231.6045779303962,750.1088911542505,10.310964372256542,0.001726591312616175,0.10621242595578143,0.001
91,0.1875331346925936,0.13764985258641996,181.63577672054893,725.2120200709293,6.169729428861372,0.14590725590379447,227.9417212175581,745.2037643613131,10.247143326562615,0.0016992850450274369,0.1055178795739929,0.001
92,0.1868534880249124,0.13749163676249354,179.4854342811986,718.0088661595395,6.1399942246188965,0.1452039170809159,225.76090853090304,741.8689456086046,10.197747471089022,0.0016830272824526688,0.10504568254496825,0.001
93,0.18633026041482625,0.13742790449606745,176.65783771715667,713.0603766190378,6.126002113129577,0.1448760499465014,224.10245466056904,735.7292957876653,10.17472118978722,0.001670663657905688,0.10417633262832149,0.001
94,0.18453540221640938,0.13583595776244214,175.92924338892885,710.0950349506579,6.088508729849603,0.1439891874653905,220.64505785191102,731.5859145276269,10.112436371266018,0.0016448890754365546,0.10358964637452811,0.001
95,0.18465455346985868,0.13634227843661056,172.29861771432977,707.7975881476151,6.0542684814895145,0.14317881097221413,220.20675804501488,728.3480249851074,10.055523203907633,0.0016416215897690836,0.10313117413490612,0.001
96,0.18153873791820124,0.13383395460091138,170.21155668559828,698.7783267372533,6.018871772132838,0.1423423688120652,218.5109366729703,723.124812774552,9.996779431047718,0.0016289793938553184,0.10239158812718492,0.001
97,0.18102039867325834,0.13364386754600624,168.00311359606292,695.5259399414062,5.995475364347033,0.14178818794626022,216.20191465901718,721.6870300614557,9.95785901735365,0.0016117658422685741,0.1021880038319498,0.001
98,0.18053299816031204,0.13326189392491392,169.11342821623148,691.7519370631168,5.976388622607779,0.1413403744607029,212.5402201489362,714.2300318198313,9.92640884072159,0.001584468238796936,0.10113212263532491,0.001
99,0.17903283865828262,0.13259987493878916,163.83176944130346,682.9115825452303,5.952593759650286,0.14077903530163702,210.47747780283825,709.3605157609654,9.886985696326681,0.0015690906799992483,0.10044261859138946,0.001
100,0.17773247706262688,0.1316933486806719,161.64307363409745,678.3179514031661,5.916090486156441,0.13991401690364963,210.4178731986407,707.4972436186073,9.826234999252815,0.0015686463330320207,0.10017878669072881,0.001
101,0.1777409526862596,0.13150342240145332,163.78480529785156,679.0733867444491,5.898284686450598,0.13949511112862475,207.7466167643739,702.206375578666,9.796815026336356,0.0015487323563982722,0.0994296208875221,0.001
102,0.17675600004823586,0.13121111416503003,159.38231297543174,671.8242380242599,5.858995713619647,0.13856580288909826,204.09254054186985,697.8262806570142,9.731549219875966,0.001521491546575813,0.09880941692376242,0.001
103,0.1751442402601242,0.13001458229202972,156.9010547838713,667.2415642989309,5.834323799110205,0.13798239192830863,206.62864051740726,694.5867612167315,9.69057596123665,0.0015403979439571505,0.09835071389712068,0.001
104,0.17504815757274628,0.13020871971782885,157.00607781661185,661.2796630859375,5.802471746734489,0.13722994836634841,199.9957502110837,689.803484514606,9.637731454109195,0.0014909503428657935,0.09767342100199347,0.001
105,0.1743665298348979,0.12963041467101952,155.01374174419203,662.2017372532895,5.7755849478420735,0.1365949203461062,202.93732718841161,685.1362058823644,9.593133102234933,0.0015128795348525448,0.0970125529707145,0.001
106,0.17152218285359835,0.12718442513754494,155.08486296001234,654.1278268914474,5.761332965145743,0.13625796381889654,200.0650871922309,683.4087647285313,9.56946846809628,0.001491467243828467,0.09676795419604575,0.001
107,0.17221927250686445,0.1281010218356785,153.8721883673417,651.5567883943256,5.743215478982151,0.1358299892747932,198.67003096040006,680.5386359516935,9.539411590757439,0.001481067225003217,0.0963615554134312,0.001
108,0.17068147110311607,0.12698163013709218,151.53380785490336,646.6960963199014,5.696702526312172,0.13472958283302786,195.54698941437172,675.629516249635,9.462129467559418,0.0014577852309662406,0.09566644365164334,0.001
109,0.16955117332307915,0.12615662970040975,148.07568921540914,645.7773276881168,5.6794893988077115,0.13432212613314873,200.41606971868904,673.8339781009815,9.433513569212439,0.0014940837870180616,0.09541220261422385,0.001
110,0.16944471315333717,0.12633379117438667,146.83227177670128,641.9700510125411,5.642538048153512,0.13344854939492326,196.7584376628575,669.072371312479,9.37216181540213,0.0014668164687777325,0.09473797809239991,0.001
111,0.16863442251556798,0.12602089816018155,144.32938866866263,635.7764153731497,5.62660975987327,0.13307357083727203,188.75544153234927,664.9977100378761,9.3458268740667,0.0014071548519076678,0.09416102231434254,0.001
112,0.1673403037221808,0.12483718128580797,145.21850465473375,632.2346866005346,5.592362413202443,0.1322630830038754,190.26424591583242,661.5723251432272,9.288905887226083,0.0014184028529801772,0.09367600148098977,0.001
113,0.16611590197211817,0.12382930085847252,143.43176630923622,630.5843634354441,5.577480647732194,0.1319118109404395,188.51736139983328,658.8481018266641,9.26423586544856,0.0014053799859176175,0.09329026232936843,0.001
114,0.1659686510500155,0.12419574237183521,141.11503681383635,623.7855867084704,5.545014501289056,0.1311417220615703,187.24741719624478,658.3535691725946,9.210152118433486,0.0013959126660182581,0.09322023847880155,0.001
115,0.1654292290147982,0.1235095133122645,141.35038596705385,626.3687519274259,5.532983212763731,0.1308598465723479,190.64388559191445,652.7533309577011,9.190355854564254,0.001421233032644608,0.09242726709324868,0.001
116,0.1645207577630093,0.1231027163173023,139.23083737021997,619.5145617033306,5.501392116002112,0.13011025982771043,182.7877063320792,652.9983755389103,9.137711983220008,0.0013626659223499944,0.09246196442818827,0.001
117,0.16355657577514648,0.12254930875803295,136.83819098221628,614.8879972759046,5.47501843600196,0.12948958320484472,182.46687728285684,645.2674289805383,9.09412153753206,0.0013602741706230978,0.09136729324300119,0.001
118,0.1628161206057197,0.1219381940992255,135.6252300864772,614.1206697162829,5.447307267234505,0.1288338276782701,180.01018708856031,642.6164870913951,9.0480674819858,0.001341959766023822,0.09099193044910012,0.001
119,0.16215078611122935,0.1215812410963209,134.90198476690995,609.0379381681744,5.419629468117395,0.12817849999974934,181.96717180979633,640.2748810399987,9.002043474433403,0.00135654891123331,0.09066036837553391,0.001
120,0.16051946266701347,0.12022311201221064,134.21811033550063,604.5998663651316,5.3980664670263625,0.12766934809360983,175.3893516473024,636.8005608220095,8.966285468261015,0.0013075118531146802,0.09016841849565445,0.001
121,0.16020846602163816,0.120076049315302,132.2261424817537,604.3091045178866,5.377026835254232,0.12717240053328194,175.45712659050616,633.2976480148957,8.93138457971423,0.0013080171092248762,0.08967242001924307,0.001
122,0.16004680018675954,0.1201165079286224,130.78614606355367,602.4266807154605,5.354005616439588,0.12662636128627633,176.55575829564796,632.8144867765535,8.893035956190776,0.0013162073098453172,0.08960400631576976,0.001
123,0.15943946179590726,0.11988368120632674,130.57741426166734,595.2494988692434,5.3292236858393895,0.1260426565330727,171.9293897859926,626.5043631004806,8.852042064355697,0.0012817181484085663,0.08871051798144886,0.001
124,0.1576673513964603,0.11839140559497632,128.53046738473992,592.7232409025494,5.3059345590012335,0.1254916065317438,170.19527183568363,624.1659342690625,8.813341532920557,0.0012687904549458099,0.08837940578955406,0.001
125,0.15592842745153526,0.11688064313248585,128.25616254304586,588.5714464689556,5.290497788532157,0.1251274730315063,177.58870078341982,620.4998143885645,8.787768245671588,0.0013239078032541954,0.08786029784276883,0.001
126,0.15632246513115733,0.11748348725469489,128.24682336104544,584.4093563682154,5.262385372026411,0.12446202056280412,167.27555164398214,618.5225817517953,8.741033168779303,0.001247024203331488,0.08758032959081671,0.001
127,0.1550504255451654,0.1165959325275923,125.63562172337582,580.6364553351151,5.233067736555793,0.12376881360515873,171.0177980584716,614.5450140436076,8.692348879530204,0.0012749223140107527,0.08701712187434782,0.001
128,0.1543763146588677,0.11595530415836133,125.78554856149773,579.7418566252056,5.20825650722433,0.12318191827173107,171.72685691316983,611.666905115774,8.651130911567805,0.0012802082840446586,0.0866095931341941,0.001
129,0.15510908161339007,0.11683906144217442,125.38443394711143,577.3238011410361,5.191980955819997,0.12279966472246168,167.08288268102473,605.9779514366215,8.624285043744525,0.001245587873529091,0.08580405999288836,0.001
130,0.15305033639857643,0.11512569102801774,123.44090592233758,573.3315815172697,5.164087557182792,0.1221378628219711,170.46314096683085,605.5817114024812,8.577806348177871,0.0012707873952433192,0.08574795398510317,0.001
131,0.15346173863661916,0.11579187253588125,123.03065049020867,568.8513826069079,5.148933774329185,0.12177924452606377,167.08774351018928,604.268847151416,8.552620396629901,0.0012456241105736373,0.0855620576456508,0.001
132,0.15128121250554136,0.11397297288242139,119.97076255396793,566.2086663497122,5.125098942036781,0.12121726881676752,164.3419223796398,598.971080245691,8.513152546977501,0.0012251542608307303,0.08481191499057647,0.001
133,0.15103643583623985,0.11387305079322112,120.11292226690995,563.0982955129523,5.0887122885109415,0.12035630435234439,161.31391693306367,595.3499855612628,8.452686559790145,0.001202580752373639,0.08429918243189836,0.001
134,0.15138529868502365,0.11443958196200822,120.02100492778577,558.8828253495066,5.067196156804401,0.1198485189355715,163.14880721049275,591.0544778057993,8.417024522884722,0.0012162596944779917,0.08369095567335721,0.001
135,0.14947001910523364,0.11271763240036212,120.51530255769428,554.2747915167557,5.058776829940845,0.11965053999254512,162.04769246698385,588.3995322252033,8.403120357582823,0.0012080509830296913,0.08331502597272167,0.001
136,0.14871636817329809,0.11230980800954919,117.62575771934108,551.6925402189556,5.034096375889003,0.11906607795548564,162.70254079422617,586.521490187872,8.362073281304232,0.0012129328184536767,0.0830491027138666,0.001
137,0.14889609107845708,0.11275129137854827,116.41091959100021,548.2796277497944,5.01164328836337,0.11853728331169938,161.2954867323441,580.5723800378548,8.324935755335206,0.0012024433568837204,0.08220673245434444,0.001
138,0.1472006389185002,0.11121948651577297,115.83325556704872,545.8731882195724,4.980628202024128,0.11780279157815651,161.23377153984606,578.2859505747147,8.27335201455982,0.0012019832756704051,0.08188298316551358,0.001
139,0.14624850608800588,0.11052131848899942,114.86276887592517,542.2496241519326,4.965040911451724,0.11743636749138923,161.09141496688096,573.1097978712704,8.24761785821406,0.0012009220202134892,0.08115006059622579,0.001
140,0.14540353613464455,0.10997485643938969,113.5098772550884,538.3088266473068,4.941884564142182,0.11688845469038155,159.70005546984703,570.7739165947278,8.209137654007586,0.0011905495602139,0.08081930912793629,0.001
141,0.14497294041671252,0.10976173101287139,112.22192222193668,535.8913060238486,4.922141584875093,0.11642104597638718,152.44546175671448,569.4904447245141,8.176311294175676,0.001136467216101432,0.08063757463233308,0.001
142,0.14358902408888466,0.10848919302225113,111.45520501387746,534.8138218929893,4.8974896011411655,0.11584105968582001,157.1835348021381,561.7429535734285,8.135578551927395,0.0011717891248127002,0.07954056079883283,0.001
143,0.1438929297422108,0.10858950528659318,115.83044995759663,532.3228117290296,4.88426603129865,0.11552756131939698,158.29749146933725,561.2154799864394,8.113561396759334,0.0011800935716479218,0.07946587264360312,0.001
144,0.14255139506176898,0.10789497941732407,111.40342270700555,526.023193359375,4.857898307058769,0.11490517142741245,157.43000230676364,556.2729275205972,8.069850627280024,0.001173626517907998,0.07876602693586457,0.001
145,0.14232650908984637,0.10789436729330766,110.1512306614926,523.4159947445518,4.840374822005463,0.11449212644099953,154.2752027078324,552.2558187698438,8.040842260630445,0.0011501077704409394,0.07819722036554226,0.001
146,0.14174561124098928,0.10743790041459234,109.79913651315789,521.4554973401522,4.808186823725255,0.11372877986723368,152.26244064893837,551.589893954283,7.9872320292491015,0.0011351028101922941,0.07810292806878513,0.001
147,0.14037614903951945,0.10632643103599548,109.63343369333367,516.5442328202097,4.7890185969354535,0.11327542448443202,152.92143705955664,549.2742514659117,7.95539264225864,0.0011400155692050313,0.0777750423321453,0.001
148,0.13992399526269814,0.1060564827762152,109.05275967246608,513.7711149516858,4.766234723287852,0.11273724532960507,153.47655522935918,545.5051392705886,7.917596037143152,0.0011441539252687205,0.07724135108453355,0.001
149,0.1405525878071785,0.10680518613049858,109.59080906918174,510.561867161801,4.748228421143929,0.11231189446979493,160.74241321145428,542.2011393520417,7.887723422532232,0.001198320243493909,0.07677351787945504,0.001
150,0.13834971777702632,0.10478757831611131,108.7127187628495,508.1736851742393,4.736160868131928,0.11202838496210703,149.5847654478227,538.5179828659348,7.867812400686706,0.0011151409822285846,0.07625199761729388,0.001
151,0.13832965179493553,0.1050364826070635,106.69534181293689,505.8203863846628,4.711053840934759,0.11143549003217339,149.80453410055236,534.1477608525714,7.826173077906019,0.0011167793377826034,0.07563319161795368,0.001
152,0.1374898172522846,0.10437369150550742,106.84684592799137,502.05224609375,4.690858883790674,0.11095875572886876,148.40169217589124,530.4723392239692,7.792691777031767,0.001106321277317056,0.0751127665807521,0.001
153,0.1373437674422013,0.1042562029079387,107.57888151469983,500.3829747250206,4.675326688494798,0.11059192835229897,150.7244641002242,527.7119949633587,7.766929297431053,0.0011236373332498852,0.07472191284758088,0.001
154,0.13594149131523936,0.10317288809701015,104.9298758255808,497.9772306743421,4.65251246584379,0.11005145575781207,147.87245262867296,526.4631744727592,7.728971622841942,0.0011023758440588472,0.07454508484906754,0.001
155,0.1357241468994241,0.10307675286343224,105.18473976536801,495.1707683362459,4.637139589273613,0.10968827430089599,145.0120909710103,524.1764936908859,7.703465198096193,0.0010810521049808358,0.07422129997450685,0.001
156,0.13480260419218162,0.10239348521358088,102.70109839188426,494.1307164242393,4.601015722563576,0.10883258256621645,147.07715406227283,521.7210106732582,7.643369517492085,0.001096446964725144,0.07387361337690616,0.001
157,0.13289921260193774,0.10070366255546871,102.5508495130037,490.08474088969984,4.585621930866265,0.10846995575425165,148.85787526081472,517.6261326726998,7.617902045752997,0.0011097220812149309,0.07329379499112085,0.001
158,0.1341134141150274,0.1020233478201063,103.41096416272615,486.6848658511513,4.576275414741865,0.10824945486081335,144.66560926246814,515.9054169571889,7.602416152027552,0.001078469114984286,0.07305014851168315,0.001
159,0.1332640840034736,0.10126502302132155,103.45927429199219,484.7923214561061,4.539193184018558,0.1073704185587403,148.12600870015834,514.2711545885622,7.5406809701766,0.001104266081782988,0.07281874348120419,0.001
160,0.13141292294389323,0.0997363387754089,102.77257979543586,479.37278988486844,4.525320120116772,0.10704517949941748,142.93334569114734,508.61083932799414,7.517839259970805,0.001065555245750221,0.072017265425699,0.001
161,0.13140431869971125,0.09987790725733105,101.4044253700658,478.42155536852385,4.4969136452834135,0.10637234500227422,143.86097188787085,506.6423683276481,7.470585739338296,0.0010724706156748144,0.07173853778650433,0.001
162,0.1311053269003567,0.09977322307072188,100.12503091912521,476.45453683953536,4.472254005739345,0.10578669995167275,146.014330689411,507.18072395692565,7.429455579396407,0.0010885237120035155,0.07181476679550132,0.001
163,0.13073400251175227,0.09949828645116404,98.92268050344367,476.3303142346834,4.460826266267109,0.10551517149606629,147.65166521096089,507.58931756979524,7.410385993140366,0.001100729893703448,0.0718726220207422,0.001
164,0.12999083729166733,0.0987365888921838,100.71486382735402,474.01267121967516,4.447877426626979,0.10521212728452062,144.42840004744713,501.4358536951323,7.389103038768027,0.0010767007416058857,0.07100131608920804,0.001
165,0.12961888274079875,0.09863095181552987,98.88101838764392,471.4370823910362,4.415238482696594,0.10443938932612942,139.40783329466984,498.97877889106616,7.334833245504758,0.0010392728676958977,0.07065340410099907,0.001
166,0.12844782910848918,0.0977035937340636,98.23025191457648,467.53935964483964,4.401876109807449,0.10412749112724891,139.84072988381004,491.20477472099185,7.312928470944863,0.0010425000728606214,0.06955263612980041,0.001
167,0.12817245878671346,0.09774982223385259,97.48576475444592,462.22408254523026,4.374565438920472,0.10347952612002904,140.78748824015943,490.92480489380233,7.267421547670553,0.0010495580713156905,0.06951299351938625,0.001
168,0.12629728019237518,0.09593244681232854,95.83511272229646,463.5440015290913,4.350003806775714,0.10289728409082115,140.26167762150334,490.0014104102689,7.226530383711059,0.001045638200411732,0.06938224454498154,0.001
169,0.12550013433945806,0.0952704407666859,96.01008887039988,460.5787610505757,4.32805238322241,0.10237835704664051,137.27031925518833,487.1675757318928,7.190085864452506,0.0010233378926442689,0.068980984861891,0.001
170,0.12630804824201683,0.09631773437324323,95.03028427927117,457.2608433773643,4.3188367504762875,0.10215997672220836,140.14466076084938,486.5411700726456,7.174748899403742,0.0010447658502326458,0.06889228831998134,0.001
171,0.12466094956586235,0.09481291316057507,94.312744140625,455.49160927220396,4.290407058237188,0.1014877152183395,135.15113363959037,483.2119953334894,7.127535620390279,0.0010075395543453936,0.06842089046075536,0.001
172,0.12525735285721326,0.09544365186440318,94.5858857004266,454.39521388003703,4.271469895980451,0.10104012940694115,133.606718798117,480.58666046837334,7.096101433434155,0.0009960260805091175,0.06804915351928117,0.001
173,0.12429237012800418,0.09456428963887065,94.51434767873664,452.7900904605263,4.246644309978393,0.10045027282214541,138.6167024589104,481.38142596012625,7.054675495230616,0.001033375058419539,0.06816168914169611,0.001
174,0.12382592064769644,0.09433154330441826,92.66494269120066,450.89011262592516,4.227113762280506,0.09999046480398503,131.03640895577664,476.3067689389924,7.022382936264948,0.000976864651645434,0.06744313795604254,0.001
175,0.12252850085496902,0.09323230111285259,92.25767075388055,447.537498072574,4.226900550265162,0.09998556554987056,131.96276076374002,476.0190887557357,7.022038859071574,0.0009837705211163585,0.0674024035899746,0.001
176,0.12269182424796254,0.09344926319624249,92.40795095343339,446.23928511770146,4.190776174294935,0.09912940446490713,128.37154405644878,474.5418035604096,6.961910215750159,0.0009569983233302052,0.06719322590087576,0.001
177,0.12135513283704456,0.0922746125020479,91.04732352808902,445.03941104286594,4.174239685789519,0.09874082323434469,130.88082381363287,468.6775397530061,6.934619951541428,0.0009757047783942312,0.0663628695449198,0.001
178,0.12115189040962018,0.09228355241449256,90.92094863088508,440.98531301398026,4.157207718453766,0.09833726472948948,128.45297741342438,467.86283373166674,6.9062778254813555,0.000957605401687497,0.06624751042308072,0.001
179,0.12038646442325492,0.09163687456595271,89.77772762900905,440.3252290424548,4.1303694548004435,0.0977004613897319,126.08845647138183,467.83041415511764,6.861554791983746,0.0009399781105799067,0.06624291994039967,0.001
180,0.11959010401838704,0.09090298022094526,90.26336991159539,438.34741532175167,4.110769968950246,0.09723544789333563,129.6442874385486,467.48075507338734,6.828896649543589,0.0009664865108537855,0.0661934096096117,0.001
181,0.12010266474987331,0.09127583354711533,91.81225545782792,438.8182485480058,4.088528554048742,0.09670790989192275,126.43993704052826,467.23094280245573,6.791847378229416,0.0009425983666329801,0.0661580371888311,0.001
182,0.11994669860915134,0.09133577817364742,90.74846127158717,436.09571597450656,4.081062342109592,0.0965333545121465,129.84162876134081,463.14134593568843,6.779588262094922,0.0009679576726788149,0.0655789665905182,0.001
183,0.11769782830225795,0.08919345901200645,90.27141972592003,434.6802496659128,4.047153712181699,0.0957304740392945,125.25097403681318,460.6781903942035,6.723201544186681,0.000933734754300354,0.06523019359415369,0.001
184,0.11822205546655153,0.09011871916683097,86.10543261076275,432.90855327405427,4.034929824892251,0.0954426444332907,122.21434645212388,457.47524142471525,6.702987119564141,0.0009110969685785585,0.06477666880025551,0.001
185,0.11752573047813616,0.08950495602268922,86.1628602680407,431.17122931229443,4.014627798625896,0.09496211780001669,124.83830788666691,455.4499151417768,6.669239481361446,0.0009306583652400849,0.0644898906799057,0.001
186,0.1169498241261432,0.08905078235425447,86.81191815828022,427.7629619397615,3.9975973856623437,0.09455999464036599,120.6307828026982,452.64803490096904,6.64099816035005,0.0008992916438975636,0.0640931556176725,0.001
187,0.11635330829181169,0.08847865854438983,86.81017905787418,427.2777436908923,3.9734657350421045,0.09398831498351506,119.67153316762887,451.2142868610841,6.600848797356792,0.0008921405240823123,0.06389014261606522,0.001
188,0.11557950942139876,0.087995981699542,84.99702533922698,424.17504561574833,3.966648208884773,0.09382657571487889,118.12178530884093,451.2215198941965,6.5894897634486975,0.00088058729308127,0.0638911667846932,0.001
189,0.1146477441254415,0.08707666122599651,85.13251013504832,423.72289717824833,3.9331026707210825,0.09303091518423147,122.47441690552837,450.3657995463484,6.533610105879036,0.0009130357704344152,0.06377000019787296,0.001
190,0.11493250021809026,0.08725185025679438,86.53763660631682,423.8065394351357,3.9245206245200817,0.09282810887382381,117.10905833196446,449.3724722440822,6.519366912026848,0.0008730375044892137,0.0636293490153767,0.001
191,0.11455065835463374,0.08704408062131781,85.35880922016345,422.09335648386104,3.897297754195676,0.09218361381656524,119.42602436518098,446.9575468117016,6.474103685163446,0.0008903102780255841,0.06328740521001697,0.001
192,0.11288757230106153,0.08551026684673209,84.56580714175576,420.69738448293583,3.885135092289524,0.09189562465155239,116.72924336714895,446.13609948496253,6.453878054627776,0.0008702060180630293,0.06317109154623197,0.001
193,0.11319823131749504,0.08591977350021664,84.72104604620682,418.4876002261513,3.8715043941036895,0.0915746521654678,117.40133316278197,442.37680055227867,6.431335988104637,0.0008752163870842612,0.06263878981745374,0.001
194,0.1127846401773001,0.08571374298710573,82.55870015997635,417.57988056383635,3.8423522542588553,0.09088347333007783,115.321615049789,441.53189225561374,6.3827941349482895,0.0008597122754700974,0.06251915417393956,0.001
195,0.11186213320807407,0.08502584774243205,82.0078189247533,413.71397158974094,3.8305582827907108,0.09060138041189289,112.98057319511416,444.93733408437095,6.362982600928656,0.0008422600188486104,0.06300135114873746,0.001
196,0.11129292571230938,0.08432656644206298,81.91743991249486,416.45103374280427,3.8074713857471805,0.09005389519229136,124.16200065821371,443.7556840058693,6.324532425989236,0.0009256165556362275,0.06283403421255854,0.001
197,0.11138299578114559,0.08439873903989792,83.78586056357936,414.00635729337995,3.792220861632237,0.08969391849533039,112.20423530330595,441.4998421665688,6.299251073220777,0.0008364724896398673,0.0625146160092148,0.001
198,0.11089822767596495,0.08403404684443223,82.67483600817229,413.27136551706417,3.7781121528410746,0.08935904794996,113.76996136384807,441.49410265323263,6.275732938683882,0.0008481448366989189,0.0625138033170278,0.001
199,0.11021356049336885,0.0833301693201065,81.94381994950145,414.7521185623972,3.7596558899437054,0.08892302143400736,110.46568423486488,438.7428476766133,6.245110567126882,0.00082351174767987,0.06212423659020232,0.001
200,0.10966135012476068,0.08301986087309687,81.98908876117908,409.84618176912005,3.7440078764342255,0.08855597154883672,110.10726710273158,432.36501195679864,6.2193324606300955,0.000820839780173165,0.0612211605006674,0.001
201,0.10830559307023098,0.08192633170830577,79.98642570094059,407.6055827893709,3.72495671186243,0.08810310355059041,111.50146833875448,433.4191140223123,6.187527302913311,0.0008312334250815109,0.061370417147140324,0.001
202,0.10917349434212635,0.08279574074243244,79.82689425819798,407.81473260176807,3.703727580866567,0.08759764616508846,109.67526286984429,435.98679479911294,6.152028764868545,0.0008176192274441047,0.06173399049975632,0.001
203,0.10801698032178376,0.08185910747239464,78.83821989360608,404.90015933388156,3.6808643257501923,0.08705955995031042,109.7100772222452,429.30368656955216,6.114238686981578,0.0008178787653122544,0.06078768904091822,0.001
204,0.10702515119000484,0.08107504601541318,77.04068173860249,403.4410801937706,3.6624906794272856,0.08662550238749298,112.53707859878547,426.217202507889,6.083754596038893,0.0008389538064928104,0.06035065521325801,0.001
205,0.1065445444301555,0.08048133199152194,78.71298619320518,403.19477121453536,3.6476216904733794,0.08627048377008747,106.27655478080327,429.75656476519976,6.05882145180547,0.0007922821641049676,0.060851814786379244,0.001
206,0.1066078602483398,0.08051851744714536,78.47421003642835,404.0755310058594,3.6323025900828956,0.08590702404557787,109.00191541338597,429.48878606577637,6.033295484180265,0.0008125994826744546,0.060813898391012595,0.001
207,0.10671746221027877,0.08068897457499254,80.21564764725535,400.2462736430921,3.618709338319831,0.08558630749386222,107.44113084167547,426.78851962750826,6.010771392062473,0.0008009639739705179,0.060431551437766774,0.001
208,0.10578374525434092,0.07998905291682795,77.7417012264854,399.28130300421464,3.598526645987835,0.08510770864924708,106.62826600583413,426.2895221476977,5.97715914347127,0.0007949041396769288,0.06036089538569019,0.001
209,0.10507564207440928,0.07934585566583433,76.78304732473273,399.42115221525495,3.576594593127879,0.08458856854320035,104.70821417097378,424.4003278848155,5.9406996607657945,0.0007805903258159656,0.06009339301619595,0.001
210,0.1049208190096052,0.0793680929039654,75.12235420628598,398.3710021972656,3.563815908559147,0.08428900137148151,104.45265390934817,418.92533211158656,5.919660900729351,0.0007786851470344595,0.05931815546064921,0.001
211,0.10403899809247569,0.07841328335435767,77.52714137027138,396.22360068873354,3.5391850233904036,0.08370223613101287,112.09210022364024,421.8570331346326,5.878452069263891,0.0008356365326992902,0.05973327262764561,0.001
212,0.10442335942858144,0.07860334648897774,78.92181155556126,398.01754600123354,3.530303761231135,0.08349201372051608,105.91458947507557,421.37561686828957,5.863688038801716,0.0007895837452830144,0.05966510600524472,0.001
213,0.10337631051477633,0.07781901367400822,77.09599103425678,395.5019450940584,3.5278018096494455,0.08343233493435323,102.83521453617747,421.9901552398466,5.859496766259594,0.0007666272818775835,0.05975212218656947,0.001
214,0.10360744399459738,0.07812295814878062,75.9999720924779,395.68976472553453,3.497474247421642,0.08271656117467475,112.21213568127976,415.63254412188303,5.809227598634002,0.0008365313862476021,0.05885190981995789,0.001
215,0.1024544662550876,0.07725072220752113,75.29467010498047,391.1328944156044,3.477650825612508,0.08224489880207815,105.13698670489376,417.82840467620434,5.7761025021211125,0.0007837867865196791,0.05916283491268167,0.001
216,0.10266562747327905,0.07712081192355406,78.34166918302837,393.3837954872533,3.467524430777002,0.08200399945443307,105.39264750326589,418.687069938486,5.759184014227528,0.0007856927147935947,0.05928441848763511,0.001
217,0.10178697422931068,0.07641796846138804,76.74315924393504,392.2653744346217,3.4512170437444327,0.08162043522367517,100.1462133475665,413.8559278212647,5.732246096553916,0.0007465810196950391,0.05860034804071955,0.001
218,0.1017718075921661,0.07648092782811115,74.05378602680408,394.73690314041943,3.4287687750248184,0.08108336698382024,109.21140357871833,419.83654226319595,5.694527511581234,0.0008141611981189025,0.059447179182270535,0.001
219,0.10043932497501373,0.07540854752848022,73.85369009720652,389.8350187602796,3.422248500168961,0.08093364170862365,103.17236671178499,412.70004658064295,5.684012226751533,0.0007691407210446129,0.05843667986916341,0.001
220,0.10027011562334864,0.07527742025099303,74.72670786004318,387.76381321957234,3.4223570069840634,0.08093538128698023,111.01028597109573,413.5304978277091,5.684134398254501,0.0008275717046764647,0.058554268452139915,0.001
221,0.10060112060684907,0.07535809239274577,77.83420040732936,388.1092448987459,3.3950226385597864,0.08028597599712965,108.93829987212409,414.7157684577982,5.638526323173474,0.0008121252345319021,0.058722098043977156,0.001
222,0.09985257920465972,0.07472438031905576,76.28837746068051,388.1314263594778,3.3610302502340916,0.07948018744986389,99.56665348364328,413.8738214614342,5.581935369669563,0.0007422604529984188,0.05860288170876961,0.001
223,0.09932986333181984,0.0742309920881924,75.31164872018914,389.0099535490337,3.3641267957105425,0.07955704823629628,101.09477066114368,408.770676464669,5.58733334312802,0.0007536524292145569,0.05788029673943736,0.001
224,0.09819802837936502,0.07341389475684416,72.75862844366776,386.5447339509663,3.3460419873886877,0.07912709476791588,103.73789652797761,409.78644534235315,5.557137484896325,0.0007733566949963759,0.05802412555946801,0.001
225,0.09841544808525789,0.07353100729616065,73.53926226967259,387.3799261795847,3.3118752869798307,0.07831470629503837,100.57147262304746,412.2830737066833,5.500083015145265,0.0007497512893728497,0.05837763817398652,0.001
226,0.09750097872395265,0.0728408902099258,72.92080728631271,383.8205871582031,3.311670185503424,0.0783124685151189,101.60972492215363,408.31568735306416,5.499925854684491,0.0007574913669479968,0.05781587209669962,0.001
227,0.09723433146351262,0.07277372989215349,70.77172450015419,383.05444817793995,3.299722855021049,0.0780296353622345,96.62649989770438,407.5463179229849,5.480062333592565,0.0007203418722665431,0.0577069324552841,0.001
228,0.09697583356970235,0.07247189902945568,69.9921511599892,385.09044446443255,3.283538965309727,0.0776466694355414,98.7049083465112,405.8001704736974,5.4531664351281215,0.0007358362204519075,0.05745968494381955,0.001
229,0.09664437135583476,0.07227051689436562,71.71015990407844,379.9118347167969,3.2591415718874943,0.07706790962505085,101.80185497180405,405.30413355999406,5.412519829220727,0.000758923679200126,0.05738944809609071,0.001
230,0.09540970780347523,0.07093452583802373,72.69211979916221,380.46545892012745,3.251441379028487,0.07688676719578304,97.00703137711865,403.1851821749238,5.399798101135779,0.0007231787002446632,0.05708941303485532,0.001
231,0.09527551539634403,0.07086733865894769,70.89957106740852,381.81418167917354,3.220015538909386,0.07614089707983857,96.8336371666324,403.3309752064868,5.347415250579516,0.0007218860619895875,0.05711005674639155,0.001
232,0.09515470619264402,0.07060216014322482,74.33696204737613,379.54548564710115,3.210832197442953,0.07592137339829996,99.8934243521997,405.53635577376195,5.331997986959783,0.00074469650045442,0.05742232983496352,0.001
233,0.09508375745070607,0.07091775595357544,69.35644611559417,379.28537629780016,3.1943550234443143,0.07553509177584714,101.00636698420118,398.41834223309525,5.30486922543814,0.0007529933877483811,0.056414447519401355,0.001
234,0.09435704860248063,0.07018613717273663,71.3449178996839,376.4008676629317,3.1854890257427346,0.07532543599315211,99.23809215797085,397.40066880247844,5.290144989544518,0.0007398110578455383,0.05627034902227485,0.001
235,0.09460712851662385,0.07049605799348731,70.14625529239052,377.0020302220395,3.1759921394797312,0.07509632434098594,103.0318644594063,402.76227450121917,5.27405435770452,0.0007680932893810084,0.05702953099571515,0.001
236,0.093892954682049,0.06947523845653784,74.94153635125411,375.94204390676396,3.14799650578959,0.07443176984982529,102.1637976578446,403.0753997156523,5.227382346247295,0.0007616219293943446,0.05707386827666871,0.001
237,0.09316440632468775,0.06896015962487773,72.11521911621094,375.91211901212995,3.129993537847779,0.0740054944721412,99.14077358774878,401.806498324922,5.197444802259808,0.0007390855566512045,0.05689419690282225,0.001
238,0.09301631348697763,0.0688482417087806,71.40256359702663,376.25760369551807,3.1274026479568278,0.07394649182746373,97.6841200234959,398.1889534243083,5.1933010154898405,0.0007282263352489132,0.05638196697936819,0.001
239,0.09281022964339507,0.06885013513659176,70.12667585674085,374.01189543071547,3.1090849756443935,0.07350832386251022,98.1992587468676,403.3169091180395,5.162528248843147,0.0007320666481326813,0.05710806504439293,0.001
240,0.09260510025840056,0.06863133746542428,70.48845150596217,373.74258101613896,3.093938200916444,0.07315184145896238,98.43114798485445,398.8834350294687,5.137492302139024,0.000733795361560434,0.056480302803587325,0.001
241,0.09131008268971193,0.06761280741346509,68.18309783935547,371.6708727384868,3.0788261758304336,0.0727944957005929,94.5846422443642,397.1764068891732,5.112395721571669,0.0007051200069763177,0.056238594430184925,0.001
242,0.09194797395091307,0.06806582467336404,69.913036145662,372.7734439247533,3.047492101378412,0.07205073140655648,97.39517142893791,397.2720891442637,5.060160763995631,0.0007260722494462293,0.05625214265572114,0.001
243,0.090508108860568,0.066917837058243,68.76065224095395,368.6644544099507,3.0375609238130052,0.07181814106134786,101.24865983871427,392.4711883905951,5.043825821713535,0.0007547996592022943,0.055572354265217686,0.001
244,0.09028437223873641,0.06673003497876619,68.68611084787469,368.05757863898026,3.013041692111174,0.07123719717822477,92.1470860193899,391.56492229597814,5.003025827236377,0.0006869482443986413,0.05544403060233906,0.001
245,0.0898862547780338,0.06643992446755108,68.24674365394993,366.5565040989926,3.0015162989211515,0.07096329285919767,95.18226594941044,391.9868285174113,4.983789382842646,0.0007095752379849916,0.05550377083983351,0.001
246,0.08994108360064657,0.06620024379930999,71.57196707474559,367.45887515419406,2.9985495271851224,0.07089102218000348,96.19099342990128,394.708972919152,4.978713775029837,0.0007170952106909547,0.055889215625411146,0.001
247,0.0895498312617603,0.06597089630208518,69.30132474397358,367.62670577199833,2.9777992152118817,0.07040005661743466,100.14224024043665,392.3169071885058,4.944233005332089,0.0007465514005384758,0.05555050866260383,0.001
248,0.08905021375731419,0.06532147075784833,71.96673624139083,366.6247349789268,2.9665160922171303,0.07012624379559627,96.20913708879573,401.52452152781984,4.925002986834047,0.0007172304700373206,0.05685427011347653,0.001
249,0.0886059768105808,0.06510631642059277,68.20018206144634,367.6929337350946,2.940765599103095,0.06952479368371818,95.0463811705821,387.2351061294515,4.8827628291255385,0.0007085622291717016,0.05483094590968636,0.001
250,0.0883267815960081,0.06502744280978252,67.79471889295075,364.2947259200247,2.926674361557929,0.06918936321821657,98.24098271780358,388.59369577888896,4.859205371103321,0.0007323776965859962,0.05502331678309799,0.001
251,0.0876095094963124,0.0644699397839998,67.46305445620888,361.59683709395557,2.915388558973626,0.06892254429245602,93.30633789374987,387.3526643790406,4.840466537605481,0.0006955903629322632,0.05484759168875554,0.001
252,0.0871460116223285,0.06400679620473008,66.46790293643349,363.08247295178865,2.897539463999618,0.06850109931601125,91.86388580613516,384.2465428398717,4.810868235237731,0.0006848370122619275,0.0544077772726366,0.001
253,0.08671841182206806,0.06373620052870951,65.90850669459293,360.7814604106702,2.881812290146948,0.06812679406301037,92.0206887563449,385.8421116135018,4.78458058044204,0.0006860059641628095,0.054633703444456484,0.001
254,0.08614538884476612,0.0631131767050216,67.9964145861174,358.6496437474301,2.8719742760076725,0.06789269662363201,92.88944175743727,386.73063752048944,4.768139794143702,0.0006924824397053013,0.054759515167552446,0.001
255,0.08662676066160202,0.063431726474511,67.75218983700401,362.2723822342722,2.8557725434180856,0.06750851151115769,92.14996125520561,386.3169068092735,4.7411582716205745,0.0006869696790232307,0.05470093254968342,0.001
256,0.08599524984234258,0.06266209169438011,68.59898697702508,363.7646789550781,2.845090602541623,0.06725209638682283,96.4054326793998,390.43480967783245,4.723150102569063,0.0007186938360228743,0.055284011164905396,0.001
257,0.08560723458465777,0.06252978663695485,67.93911682932,359.64027806332234,2.8416381503761055,0.06717375204824812,93.54393676915574,385.2479663746105,4.71764793846333,0.0006973616411938112,0.05454957484934596,0.001
258,0.08527206629514694,0.061939588306765804,69.710088027151,362.0844437448602,2.8157380746474456,0.06655499250813689,98.14061494124364,391.1293284841602,4.6741921305055785,0.0007316294638324663,0.05538235225666139,0.001
259,0.0848001673033363,0.06179821883377276,67.06886873747173,359.43567215768917,2.803367516803123,0.06626702981086904,92.50650289194024,383.0819806270446,4.653968358813561,0.000689627664880302,0.05424287991005438,0.001
260,0.08499778415027417,0.06163373805190388,71.22132953844573,360.44892802991365,2.788039897872318,0.06590430919076899,95.92499361645928,381.3771346073547,4.628494298879793,0.0007151122059889296,0.0540014805162228,0.001
261,0.08412325499873412,0.06115163117647171,67.03684515702098,358.87719405324833,2.7727267598515346,0.06554077186437757,89.92300916459952,381.8948546289295,4.602962881233609,0.0006703679513388649,0.05407478760550783,0.001
262,0.08370119607762287,0.06084044003172925,66.69976786563271,357.16545827765214,2.7715852020671825,0.06551111525457746,92.76298840139079,385.56329983420085,4.600880081928536,0.000691539741301185,0.05459422480900259,0.001
263,0.08300880578003432,0.06010847519102849,67.09090584202816,357.3702601382607,2.751026352838575,0.0650233397833786,97.23927277624637,385.1576900146557,4.566623354025627,0.0007249100390020701,0.054536792076990734,0.001
264,0.0828370883276588,0.06021804774278089,65.86065191971629,353.5898292943051,2.7305685367174704,0.06454041156555243,94.09896082640618,381.50814073917013,4.532707051276646,0.0007014992956568833,0.05402003046175642,0.001
265,0.08231405404053237,0.05942260826888837,67.72293954146535,356.24449719880755,2.7338177822318532,0.06462057273920493,94.44862512409694,376.94824310372513,4.538336812665513,0.000704106011569495,0.05337436715115976,0.001
266,0.082201129511783,0.05968294331901952,65.1696807459781,352.6092191997327,2.7183296703452826,0.06425175987882517,91.38180292684902,378.98267168893955,4.512434891492498,0.0006812431277248671,0.05366243412119248,0.001
267,0.08250418305397034,0.059434684091492704,72.08209589907997,353.26682964124177,2.706999485666485,0.06398289219079736,95.53336702007958,378.74456128762176,4.493552172343019,0.0007121926649110247,0.05362871863845724,0.001
268,0.08178953238223728,0.05927065995178724,65.98535778647975,351.39941727487667,2.6858516960447147,0.06348291666829595,87.34648255953934,376.36254605517877,4.458438628420137,0.0006511601770678474,0.0532914347860927,0.001
269,0.0805273330525348,0.05842986467637514,63.925980818899056,346.06040553042766,2.6781231203952487,0.06330322726741797,92.28732784235972,370.566701984415,4.445818947283272,0.0006879937345844092,0.052470766391841304,0.001
270,0.08082019184765063,0.05846411087795308,65.64733404862254,348.65062994706005,2.6643765554220353,0.06297034720698293,96.74030666349422,380.2350801899651,4.422440605550345,0.00072119029147693,0.05383977016766552,0.001
271,0.08083023326961618,0.05851531675771663,65.22655587447316,348.4584896689967,2.6531955643876723,0.06270838274000795,89.34606083658417,375.601299743622,4.404042703246369,0.0006660668534077218,0.05318364534584768,0.001
272,0.0801006030095251,0.05806485367448706,63.557661156905326,345.3784950657895,2.6379823327924883,0.06234892887693002,91.01352437868165,373.1669998115853,4.378798069376517,0.0006784976442479396,0.0528389581886434,0.001
273,0.08038414504967238,0.05782881869297279,69.50082718698602,346.8553033126028,2.6293800872368562,0.06214025151345611,95.05688577286587,379.70102798214657,4.364142548379423,0.0007086405400376081,0.05376415050597592,0.001
274,0.08028904819174816,0.057625707434980494,69.10587872956928,349.6080033151727,2.612128630362366,0.061731756080131976,91.72082634362778,378.5296184214793,4.335453699236248,0.0006837705168266472,0.05359828358626135,0.001
275,0.0801505634659215,0.05754271639805091,70.08643481605931,347.0272859272204,2.5968847119663003,0.0613730331294543,92.5190151626825,373.96990036009225,4.310260397728711,0.0006897209427341241,0.05295264570263477,0.001
276,0.07952056119316503,0.057166773041612225,68.00353883442126,345.07045063219573,2.5804257693371597,0.06098512045425074,88.7773473640834,370.17822779560555,4.283017086514482,0.0006618271455843181,0.05241575999676824,0.001
277,0.07887719375522513,0.056802736889374886,65.74654468737151,342.86932373046875,2.5853942363214872,0.06110047632484861,91.73559129948003,373.8207815526577,4.291118589981562,0.0006838805882455004,0.0529315310745054,0.001
278,0.07885544864754927,0.05664272076989475,66.88138138620477,343.9324870862459,2.554798500546352,0.06037795222063924,89.74498604064267,368.63634538522524,4.240375342109013,0.0006690408049498974,0.05219743559976897,0.001
279,0.07798808185677779,0.055988360784555734,65.51570350245426,341.7208653500206,2.5462013876588183,0.06017530074661396,85.87853068567813,366.801678392164,4.2261430224974,0.0006402167277828807,0.051937654074110495,0.001
280,0.07732426257509935,0.05551538949734286,63.90001839085629,340.327437551398,2.551383773767575,0.060299949370341645,90.23888942856168,364.09686516544576,4.234897160904599,0.0006727228103164275,0.05155466331376241,0.001
281,0.07808084864365428,0.05607809518512927,66.48771607248406,340.32350560238484,2.545399903025382,0.060156064196341154,87.94377731397572,367.0146768799192,4.224792029453682,0.0006556129557792897,0.05196781381008507,0.001
282,0.07727920028724168,0.05570096248074582,62.60924550106651,337.65088372481495,2.5188621194784706,0.059526545188277415,88.7263961861771,366.5881187165159,4.180580578402351,0.0006614473091323503,0.051907414876169504,0.001
283,0.07704657551489379,0.055321811061156426,62.93887228714792,340.08699758429276,2.5116814956747135,0.05935573388857281,88.88988058073335,367.18251742211186,4.168584410980604,0.0006626660706003294,0.05199157936115405,0.001
284,0.0764522826985309,0.05488460079619759,63.61815924393503,335.92640123869245,2.496933471804008,0.05900905932592272,85.71923051305646,362.4149268279553,4.144237274101468,0.0006390291593133599,0.05131650755632564,0.001
285,0.0768284197700651,0.0550423395868979,65.79563642802991,337.0281500565378,2.487752808416448,0.05878779479204417,87.52474470296879,367.37125930156606,4.1286977495062445,0.0006524891053255009,0.05201830445818021,0.001
286,0.07584422042495326,0.054340784683039316,62.55069431505705,336.24267899362667,2.4803146350819976,0.05861730434060488,89.58178122596577,358.2940299510719,4.116724115426931,0.000667824127724791,0.0507330050014714,0.001
287,0.07592870608756416,0.0544450186977261,63.26172878867701,334.7811536287007,2.46821087147623,0.05832942352343274,86.8437410683219,359.3933366623251,4.096506094217101,0.0006474122844355671,0.05088866244540865,0.001
288,0.07524637995581877,0.053967618432484175,60.15257182874178,335.3463937859786,2.451000486665958,0.05792100968133598,85.12308270941436,359.46579737046545,4.06782297526874,0.0006345849310170047,0.05089892259255371,0.001
289,0.07470542114031942,0.05346167420870379,62.65964086432206,330.8854611045436,2.4605012399970794,0.05814501621849033,92.41971709792473,361.2531367149395,4.083555072196265,0.0006889806845859372,0.05115200271201568,0.001
290,0.07555269136240608,0.05388187617063522,64.19090833162007,337.12995830335115,2.4322756633749782,0.05747302785813542,90.9100487171768,364.5417840041606,4.0363609761954535,0.0006777262424914719,0.051617662046040624,0.001
291,0.07500978951391421,0.05344854942277858,64.28998244436164,334.7898238332648,2.4235267363362523,0.05726988458357295,84.20632625723563,358.22746427183137,4.0220941171734355,0.0006277505940610559,0.050723579566896625,0.001
292,0.07411205258808638,0.05323615474136252,59.43190383911133,328.3701091565584,2.411117188196263,0.05697827087960621,83.3936698375823,353.98206935283,4.001613933360594,0.0006216923134914167,0.0501224485860418,0.001
293,0.07383908331394196,0.05295778458055697,59.14148692080849,328.91374929327714,2.409071286033377,0.05692799973320755,81.06642440233118,356.66255273088,3.9980833643073503,0.000604342907936757,0.05050199433689771,0.001
294,0.07388777991658763,0.05297294004183067,59.57132239090769,328.93983539782073,2.400885826039112,0.056730719892994545,84.0294456440218,361.0116286899238,3.9842282973637504,0.0006264319649869924,0.051117806139321764,0.001
295,0.07335983138335378,0.05234497922815775,59.921804327713815,330.4143403705798,2.385256661565454,0.05636548335722396,80.99823636598148,352.7418834285431,3.958577543349117,0.0006038345722542857,0.04994684320766528,0.001
296,0.0740791025914644,0.052731757101259734,64.62665156314247,330.0069290964227,2.4012899855004335,0.05674186444019439,90.78848459554935,358.3445128818098,3.9850109847754154,0.0006768199928905212,0.05074015318303045,0.001
297,0.073579577631072,0.052431375768623854,63.074712452135586,328.35198171515214,2.36598588819302,0.05590446525781929,86.97165821612812,357.9272882947155,3.9261999997411823,0.0006483658952756914,0.050681075846278054,0.001
298,0.07286482618043297,0.05175577104091644,63.28631993343956,327.25160458213406,2.3508389213383265,0.055548894805632784,91.76007401818771,351.8901701397303,3.901228099860835,0.00068406310471304,0.04982624400441576,0.001
299,0.07328500206533231,0.05188597777956411,65.47912115799754,329.76180227179276,2.3468853984952243,0.05545490657949035,83.10851667756671,352.5922382346014,3.894627257302834,0.0006195665223121252,0.04992565404530685,0.001
300,0.07240352936481174,0.051379471821220296,62.50368961535002,326.72559557462995,2.3448713596197033,0.055408045794703355,86.49029853275465,351.02275497598833,3.8913361997393627,0.0006447774020991615,0.049703421478328784,0.001
301,0.07227091687290292,0.05124614485784581,63.501657586348685,325.2429504394531,2.341645365485595,0.05533435577657235,84.93457140317197,346.8382679519934,3.8861609110064754,0.0006331795961717416,0.04911091481237647,0.001
302,0.07255595667581809,0.0513865390890523,65.56220988223427,325.04504073293583,2.354051186089828,0.05562445837776589,87.72935272256237,353.09616580958965,3.9065349692767435,0.0006540144397220776,0.049997008179188875,0.001
303,0.07205303483887722,0.051207956906996276,62.259375522011204,323.5125025699013,2.3189146725319447,0.05479423096917332,78.36777092152153,348.2171069201234,3.848227661687474,0.0005842246887833876,0.04930615290851756,0.001
304,0.07169046762742494,0.05092595713703256,61.08519664563631,323.66241455078125,2.305080945592475,0.0544654760727862,80.2028131975143,348.80732908627186,3.82513903239539,0.0005979047640233715,0.049389726012181265,0.001
305,0.07092617569785369,0.05045892180580842,60.065346366480775,319.24706067537005,2.303288726991581,0.05442504717372428,93.3672573909879,344.98515771717376,3.82229968954944,0.0006960445123089294,0.048848521797275946,0.001
306,0.07165893598606712,0.0506111169724088,66.27090413946854,321.550048828125,2.2909236927888483,0.05412931647623897,85.0362613760272,348.8334519784201,3.801530367116329,0.0006339376857798182,0.049393424909475736,0.001
307,0.07104562693520595,0.050369207012025935,61.984515742251745,320.55161164936266,2.28875030031496,0.054082156320175934,91.81890064713163,341.9033228063313,3.798218284550678,0.0006845016519446738,0.04841214627082123,0.001
308,0.07153741799687084,0.05039351923685325,68.81255019338508,319.6591427451686,2.2756601717711904,0.05376491513062879,90.1213924211896,351.8051474965914,3.7759382689459553,0.0006718468806867117,0.04981420513739866,0.001
309,0.07087611171760057,0.04999539785479244,64.91581545378033,320.2405636436061,2.2669771006075843,0.05356327151002509,80.80463417311859,345.7224364348488,3.7617767314102513,0.0006023912853068187,0.04895291752186112,0.001
310,0.07013865717147526,0.049929464726071605,59.521310906661185,314.9018972296464,2.25161569176462,0.053200076618510055,77.90891606116321,343.86255279337746,3.736269363145551,0.0005808039670397765,0.04868956541940548,0.001
311,0.06986567083942263,0.04973675643927172,58.84336632176449,314.31324848375823,2.248858672017028,0.05313456940883812,79.75942270347382,343.8831979638007,3.731668757354746,0.0005945993277407736,0.0486924886931605,0.001
312,0.06908641226197544,0.04903688928798625,58.247617420397304,313.6190394351357,2.247323587539567,0.05310150708302149,83.33190806095234,338.68459562701156,3.72934677282249,0.000621231884997585,0.04795638734536802,0.001
313,0.06974713543528005,0.04932391427849468,61.381732539126745,316.3918392783717,2.241259666088401,0.05294822108210502,90.44477800778265,352.26856843391084,3.718581416352608,0.0006742576911699339,0.04987982369301351,0.001
314,0.06990068190191921,0.049092336116652736,65.8606340508712,317.3760022615132,2.2283051215356875,0.05264617384771832,84.54610526546331,344.5710332900632,3.697368480210534,0.0006302836160291776,0.04878988343080721,0.001
315,0.0694235484851034,0.048818759424121755,63.167865552400286,317.34397486636516,2.2185450879206465,0.05241331597044805,93.35634769963417,345.95063401444173,3.6810147490110325,0.0006959631815404144,0.04898522938859357,0.001
316,0.06909662798831337,0.04851694346258515,63.41844518561112,316.466019479852,2.211081301102323,0.05224406124435299,80.19627980013138,334.9313852773034,3.6691279005726125,0.0005978560581330819,0.04742494773564491,0.001
317,0.06893398789198775,0.04882072912235009,59.44576624820107,313.0965319181743,2.1980216688721947,0.05192776705626406,88.67227508623802,343.9653449918916,3.646914393378405,0.0006610438411965302,0.04870412038456089,0.001
318,0.06823031761144337,0.048136550148850994,60.35470400358501,311.34331151058797,2.19150607629192,0.0517794124419889,77.28085182660948,335.23647551892566,3.6364953707861574,0.0005761218046195186,0.04746814729650903,0.001
319,0.06829364735044931,0.04821718837085523,59.894725598787005,311.6871000591077,2.177498466148834,0.05144803505381624,78.07702436559966,333.64348358600273,3.6132225625165932,0.0005820571993403307,0.047242585995051344,0.001
320,0.06781443718232606,0.04781995419608919,61.15241462305973,308.16103804738896,2.1771048281975363,0.051442190066301414,82.29659049161825,328.21849596899773,3.612812065969075,0.0006135136855691248,0.04647442939488689,0.001
321,0.06733076784171556,0.04777059743278905,56.3409961901213,306.6919009560033,2.1683529213793844,0.05123296274717196,80.58467922254304,330.5890576136682,3.5981179212970265,0.000600751540919103,0.04681009146492414,0.001
322,0.06684695066590059,0.04743154935146633,55.52228024131373,305.02460519891036,2.1551110220108423,0.050915323901495245,80.14074340541198,335.65729556153366,3.5758099780931643,0.0005974420393018766,0.04752773373541583,0.001
323,0.06727957607884157,0.04765900047986131,55.97274880660208,308.45239579050167,2.1582717257182527,0.050992743167420695,80.19031957058822,332.06652806546845,3.5812471738601688,0.0005978116251575235,0.047019295385600526,0.001
324,0.06718246697595245,0.04749623058657897,58.067095706337376,306.62409571597453,2.149437761406437,0.050780426626775954,78.49522261710109,336.13530238123394,3.56633607153623,0.0005851748297189955,0.04759541759377625,0.001
325,0.0676139955850024,0.047281702882365176,62.307094172427526,313.1852256373355,2.1373482563519426,0.0504924392705232,82.39871501913126,337.54695980846793,3.546110568030732,0.0006142750147431189,0.04779530265277655,0.001
326,0.06719349265882843,0.0471898709472857,60.806458724172494,308.8627624511719,2.146818554559736,0.05072238830084212,79.36844132982105,329.9602870742065,3.5622600093788424,0.0005916845967403074,0.04672106006541228,0.001
327,0.06677625563583876,0.04724070272947613,56.9036750793457,305.35555548416943,2.124702575752749,0.050197901937694696,76.82995074695285,329.56401634045653,3.5254250562251555,0.0005727603775961789,0.046664949710684855,0.001
328,0.06644716996111368,0.04714943586211456,55.683088202225534,302.4300617418791,2.1161669959277964,0.0499982468051315,78.01517508795276,325.1777349605346,3.511403171250443,0.000581596118534282,0.04604386976911891,0.001
329,0.06563649718698703,0.04627444810773197,55.96304522062603,303.29642205489307,2.121058936046803,0.05011273698255572,77.8049345538872,327.572942135905,3.5194438766306004,0.0005800287942485483,0.0463830215479644,0.001
330,0.06507706014733565,0.046024919928688755,54.328771089252676,299.54963603772615,2.117441738273238,0.05002683809819427,77.03316667092014,327.69961295131185,3.5134111528007175,0.0005742753340449787,0.04640095762999304,0.001
331,0.06589335497272641,0.04651196732332832,56.89661407470703,302.28284012643917,2.096240907468494,0.04952289399456961,77.08141223298044,328.91620583273044,3.4780188933381524,0.0005746350003739863,0.04657322232763869,0.001
332,0.06550171422330957,0.046304323955586084,55.34302340055767,300.9332612690173,2.099301512383866,0.04959804397615219,79.47893786219412,325.0438017746079,3.4832967160721564,0.0005925083384580851,0.04602490536440245,0.001
333,0.06550078035185211,0.04623434163237873,56.916983353464225,299.9532952559622,2.088031520264699,0.0493305312153513,80.77097828424478,325.0656459773081,3.46450915417449,0.0006021403836801447,0.0460279984163436,0.001
334,0.06530987824264325,0.04617349979908843,55.485558359246504,299.49924830386516,2.08315107190013,0.049218141658723985,72.54806972419851,320.39455567559116,3.4566159764977864,0.000540839339412877,0.045366590667875975,0.001
335,0.06483795611481917,0.04573810551511614,54.42587059422543,300.3582056949013,2.0809308347820092,0.04915872691227885,73.99324946863797,330.32582003241424,3.452443247603919,0.0005516130245196883,0.046772818073770636,0.001
336,0.06546507893424285,0.04596944212129241,57.85912162379215,303.12404753032484,2.0786300635415236,0.04910967620120203,76.66970018113224,321.9270156661634,3.448998390365254,0.0005715657240307782,0.045583580887827095,0.001
337,0.06569309885564603,0.045841532906419354,62.580252396432975,303.16094167608964,2.0573869349040765,0.04859996650070589,76.30665879174201,330.2507272248762,3.4132012100018096,0.0005688592831018356,0.04676218523185328,0.001
338,0.06437767257815913,0.045286790124679864,55.152400368138366,299.0890631424753,2.0584397571546194,0.04862878048680082,77.0680912327655,324.5130701001542,3.415224831400865,0.0005745356935146315,0.04594975587698795,0.001
339,0.06467472271699655,0.04545035193625249,57.81521485981188,297.7646179199219,2.0523168625673454,0.04848724993328911,78.31634367364386,318.83153359109474,3.405285066185361,0.0005838413032725708,0.0451452729773719,0.001
340,0.06446161905401632,0.04535906271714913,56.523433685302734,297.26598157380755,2.044340373884741,0.04829473817282707,71.51630397819005,323.9789728213404,3.3917648639905904,0.0005331476185080833,0.04587412983342525,0.001
341,0.06368964145842351,0.04483844300633982,53.731182299162214,296.4272027266653,2.0369365005886912,0.04812203722915494,76.14882879790972,319.26650103257964,3.3796359858790876,0.0005676826746830548,0.04520686263150972,0.001
342,0.06402998515649845,0.04487380267758118,57.80537635401676,296.4155915912829,2.0302240507256446,0.04795965769129395,76.99736459445546,323.8105978953908,3.3682319855265646,0.0005740084327827069,0.04585028861574856,0.001
343,0.06416088401487,0.04510110459829632,57.07215841192948,295.58737021998354,2.019607228648246,0.04771207275154434,69.70834252364783,317.6966561775272,3.3508439649829844,0.0005196694283580784,0.04498457886391865,0.001
344,0.063815704105716,0.0445415803084248,58.763106095163444,297.3378279836554,2.022885135951687,0.04778649925871556,76.31560117632628,322.35244952728124,3.3560709777285447,0.0005689259477751994,0.04564382062502515,0.001
345,0.0640444828099326,0.044861756461231334,58.182941035220495,296.3801012541118,2.0201150799386274,0.047720131149602725,80.51110982055846,323.07029764319714,3.3514099105171886,0.0006002030876394829,0.04574546505393186,0.001
346,0.0643042967115578,0.044736855124172414,61.59371486463045,298.95825516550167,2.01502392016461,0.04760224570060347,73.78138318030068,319.05776863769387,3.343130753428469,0.0005500335803819764,0.04517730695726319,0.001
347,0.06304963403626491,0.04417576033033823,55.45766187969007,294.2909851074219,2.012060739082849,0.04753313429497359,75.83955953211016,317.15052688163274,3.3382770230597987,0.0005653771001026197,0.04490724913474665,0.001
348,0.0625859534269885,0.0439778554596399,53.74227584035773,291.54856471011516,1.9966067577060174,0.04716949055097439,67.41062188198273,312.980948375653,3.3127381316490476,0.0005025401274860115,0.04431685345545837,0.001
349,0.06289110430761387,0.043976323973191414,56.32380897120426,293.8098995811061,2.0125222020970566,0.04753456445906553,79.78210789314237,331.109961189917,3.3383774642362143,0.0005947684437908827,0.04688384933284821,0.001
350,0.06338239598431085,0.04409497760628399,57.907921640496504,298.88648424650495,1.9861048339318184,0.04691934167675119,70.64199553399712,314.1854495457999,3.2951700446388066,0.0005266297276365819,0.04448740601503544,0.001
351,0.062245101128753866,0.04376868707569022,52.21774472688374,291.20167300575656,1.9708271411812217,0.046557330967583826,73.48240260393366,313.2176879130416,3.2697458421232404,0.0005478047070565476,0.044350374829331164,0.001
352,0.06187535293008152,0.04346825986316329,52.44147893002159,289.47964959395557,1.9893888676616311,0.04699573041383262,74.36940930271044,316.28944641653305,3.3005348658230567,0.0005544172622746944,0.044785323576711146,0.001
353,0.06173860281705856,0.04347595690112365,50.890336889969674,288.9173985531456,1.9586961828838676,0.04626921643075726,73.01974236177088,313.58467562742123,3.2495114066591486,0.0005443556165335994,0.044402338825358795,0.001
354,0.061615115129633954,0.04339541318385225,52.035523866352285,286.340775339227,1.9652612059129078,0.04642938920130537,71.67404648769161,307.14447590636144,3.2607604245825708,0.0005343235747390414,0.04349043224208801,0.001
355,0.061329281447749386,0.04318125134235934,51.20685216000206,286.150345651727,1.9617697726238705,0.0463433300942784,73.54600008994782,311.8113260911016,3.2547164482306146,0.000548278820598851,0.04415123960691034,0.001
356,0.061062471843079516,0.04285822259752374,51.70939676385177,286.520896510074,1.9608786987930764,0.04632401357414424,67.65534777460687,309.3986397218083,3.253359838861471,0.000504364537020369,0.043809612843949616,0.001
357,0.06139695330670005,0.04325135130631296,51.08332804629677,286.28704833984375,1.9421022050181398,0.045876302102804536,69.60814621467715,312.449640583691,3.221916826741572,0.0005189224738800155,0.044241622392103476,0.001
358,0.06140515227851115,0.04326358143436281,50.66922358462685,286.8275788959704,1.9475315172220693,0.046006277291701744,67.84730185290574,310.860685596339,3.231045052622298,0.0005057955374218883,0.0440166327060307,0.001
359,0.06053948853360979,0.042673938956699874,49.41937737715872,283.18195383172286,1.9362880650895222,0.0457402778098154,66.08130217371196,309.72898193201615,3.212363769098756,0.0004926301685357202,0.043856387982806826,0.001
360,0.06079289572019326,0.04288189034712942,50.561000422427526,282.3785994680304,1.930837457894973,0.04561182931887723,69.80930815455051,308.19071342907415,3.2033427640187075,0.0005204221180620003,0.04363857530068087,0.001
361,0.061207596408693415,0.042667785561398455,55.64601115176552,287.32720947265625,1.926591732249715,0.0455126248745229,73.31137798524351,305.69632871805857,3.1963755837120535,0.0005465297338953407,0.04328538037851923,0.001
362,0.06115255367599035,0.042655170355972494,54.435484635202506,288.2944448370683,1.9145061344837564,0.0452218478472774,83.92828480710754,311.0434693942216,3.175954160145421,0.0006256778200397987,0.04404251416247983,0.001
363,0.060662074896850084,0.042349428722732944,53.19378642032021,286.4622208444696,1.9230058843664295,0.04542327263087067,71.06786751455597,312.146022894852,3.190100328642778,0.0005298045649756803,0.04419863133883779,0.001
364,0.06105874753312061,0.042532172250120265,56.47425500970138,285.8201310007196,1.9067436763659784,0.04503444153513678,80.00025507464942,316.00070047534973,3.162792516271632,0.0005963947114226691,0.0447444383035733,0.001
365,0.060688469166818415,0.04199598278654249,57.51642488178454,287.57509733501234,1.9152950777800144,0.04523436120960416,105.53843125122326,319.1450728846777,3.17683298016342,0.0007867795195320549,0.045189668890280844,0.001
366,0.061746142412486826,0.04234325003467108,64.01096283762078,292.04139789782073,1.9166243213975527,0.04526991724600575,79.45220922918914,314.5498241405978,3.1793300993017017,0.0005923090789013143,0.04453900000375699,0.001
367,0.061163749349744695,0.04211857581609174,59.9766028554816,290.93858899568255,1.8969101450865078,0.04480852137868501,67.5319561016395,305.5821011197509,3.146926024854323,0.0005034446631884336,0.043269206206381784,0.001
368,0.06049138778134396,0.042112868475286586,55.11716661955181,284.89463404605266,1.892810453282455,0.044708087484835866,74.41665136616206,309.89572386870105,3.139872499662981,0.0005547694476117656,0.04387999797571948,0.001
369,0.05992290750145912,0.041826416003076655,51.600094042326276,284.5296775416324,1.8859695632100795,0.04455407105815116,61.89837252310368,298.16401086070215,3.1290558450072057,0.00046144680393834446,0.042218834224841705,0.001
370,0.059011462879808324,0.04156861905204622,47.44682071083471,277.686667994449,1.8829164269586467,0.04447785529023504,69.92852303626013,303.3370033732133,3.1237031715384136,0.0005213108542905055,0.04295130932370294,0.001
371,0.059217447513028196,0.041684156381770185,49.15203154714484,276.93777144582646,1.8689577098390986,0.04414352900092604,69.11598373642143,307.9431024618326,3.1002232603909783,0.000515253446838558,0.0436035145757193,0.001
372,0.05916769508468477,0.041363858666859175,50.11150360107422,280.90947361996297,1.867881242910368,0.04412006203706251,62.88453435551778,305.17757182998724,3.098575163175666,0.0004687985517660214,0.04321192647307553,0.001
373,0.058874841191266715,0.04130691740857927,48.483438993755136,278.6333296926398,1.8612003826331742,0.043962180496702044,70.23694750229019,303.80181202754335,3.087487059553466,0.0005236101309645867,0.04301712437450933,0.001
374,0.05937001403225096,0.04147016315868026,51.80670186092979,280.28697445518094,1.8665785212790886,0.04408990384519947,67.32012713885779,303.8173776367382,3.0964571374984904,0.0005018654973093839,0.04301932840266252,0.001
375,0.059516205207297675,0.0414675021249997,52.31002827694542,282.50901392886516,1.8641994793107253,0.04402758433891938,79.40801087396616,311.9028539660437,3.0920804057935656,0.0005919795841355292,0.04416419958879407,0.001
376,0.060057404205987326,0.041428342069450175,57.9504125494706,285.6556396484375,1.8753305819988062,0.04429335299576001,69.38300525086196,310.0315532037735,3.1107454783527375,0.0005172440682296998,0.043899230867589095,0.001
377,0.0591091080323646,0.04106863980230532,52.487039264879726,282.0788156609786,1.8569544297118437,0.04386127930797821,73.88157875431925,303.8166123278419,3.080400715997287,0.0005507805293810374,0.04301922003797649,0.001
378,0.058922982725657914,0.04105463467146221,53.200124640213815,277.56678531044406,1.8686443042838723,0.0441405069649972,76.91559705346488,300.96228658386224,3.100011021218163,0.0005733988631136188,0.04261505890175849,0.001
379,0.06069924074568247,0.04154547637230471,63.013532738936576,288.5550079345703,1.8548519896202094,0.043811624413995956,79.37025899533451,303.1721724849511,3.076913426675384,0.0005916981472733445,0.042927969927621615,0.001
380,0.0593223501192896,0.04098818451166153,56.779488814504525,281.51408466539885,1.8450187820877197,0.043580560871924065,65.26937957150832,300.50419766116727,3.0606857125806504,0.00048657735850921534,0.04255019533813904,0.001
381,0.05871541504012911,0.04084707482864982,51.68555972450658,279.8384752775493,1.842816531960594,0.043522747318133624,68.28601526187752,308.6053404269061,3.056625436289119,0.0005090661064556599,0.043697284829158425,0.001
382,0.05880000050130643,0.040763757730785166,55.298884743138366,277.7765173661081,1.829045662110897,0.04320317961942938,64.42922395834547,298.0444883397185,3.0341820287225936,0.00048031407392349945,0.04220191031278077,0.001
383,0.05818453921299232,0.040516976659235204,51.939642454448496,275.44179655376234,1.8189757432659224,0.042966151285039965,62.79344551169098,295.23702325469185,3.017535404126033,0.0004681194926220572,0.04180438445889042,0.001
384,0.05787768940392293,0.04048943441165121,48.83818596287777,274.50783097116573,1.8346985234836317,0.043337842698231856,68.07498860134022,297.089316313778,3.043639487577108,0.000507492921667734,0.042066661765167726,0.001
385,0.05780415589872159,0.040473727803481255,48.876466249164785,273.2938714278372,1.808984367985568,0.042726605058083754,65.30928776702441,298.7310536899675,3.000711946610143,0.00048687487051997093,0.042299125226891325,0.001
386,0.05741279650675623,0.04011172271872822,48.818457754034746,272.7937887091386,1.8104877766972496,0.042765208494534065,59.53947259417726,294.6817734291023,3.0034230862567215,0.00044386141697833677,0.041725763299105684,0.001
387,0.05701635895591033,0.039900533266757666,46.57970950478002,272.4469556306538,1.8142191007990747,0.04285309897412219,64.7858133927552,295.38607067241264,3.009595680866915,0.0004829724161079427,0.041825488978521175,0.001
388,0.057334988721107184,0.04010511189699173,48.295266803942226,272.15463578073604,1.8075879572901983,0.042693638104735435,64.78797039149924,298.5028856662197,2.998396660136501,0.00048298849633971564,0.04226681754514861,0.001
389,0.057789298656739686,0.040050384245420755,53.56224280909488,274.43493170487255,1.797497182118075,0.04245287895451508,72.77523179873876,300.0036701005571,2.9814880183817953,0.0005425328122619972,0.042479322632726454,0.001
390,0.05723231423058008,0.039826770558169015,49.83006868864361,273.36577164499386,1.7992027373264972,0.04249915627047726,62.046616871013995,291.93505417038494,2.984738098622807,0.0004625519522283032,0.041336838811837015,0.001
391,0.056662326776667646,0.03964251064156231,47.08616859034488,269.76708984375,1.7988080476345927,0.04249080118169272,63.848055699886295,290.3352125899575,2.9841513163428504,0.0004759815167901709,0.041110307627623674,0.001
392,0.05694804615096042,0.03982179827596012,48.21422175357216,270.20362291837995,1.7835886788822846,0.04213054973392485,65.26102123872958,288.88438564641467,2.9588506676807094,0.00048651504788956924,0.04090487632140548,0.001
393,0.05660405245266462,0.03942489800484557,49.7716602526213,268.92558770430713,1.7853824916754395,0.04216848250627755,72.73093303722514,295.39064795417,2.9615147062349556,0.0005422025689763397,0.04182613710335407,0.001
394,0.05705609917640686,0.039647046476602554,51.73280173853824,270.58185456928453,1.7827373536973836,0.04210905249499341,64.58588238390081,290.8455593201284,2.9573409052834156,0.00048148194840607234,0.0411825706882663,0.001
395,0.05708237678596848,0.03978587490947623,49.82046328092876,271.19934001721833,1.775550634924501,0.04194142444270164,65.08727387351394,286.47034529661227,2.9455682990018,0.0004852197768977262,0.04056305784020722,0.001
396,0.05692731922394351,0.039432737584176814,52.621745460911804,270.9590237266139,1.7791476369993342,0.04202027984266431,65.17946548606022,296.14684993669186,2.9511063552176178,0.000485907057083381,0.041933212286735286,0.001
397,0.05645095086411426,0.03911442976248892,49.95933131167763,271.79143162777547,1.7761761373264522,0.041954673011197,65.62274998847741,288.8161619758852,2.946498752935724,0.0004892117032079533,0.040895216121879796,0.001
398,0.05595433672792033,0.03922777897433231,45.75019374646639,265.9058757581209,1.7628182627866638,0.041637639886094015,67.82825125021043,288.748327264161,2.924233349806353,0.000505653516891,0.04088561099736893,0.001
399,0.05672181005540647,0.039295196533203125,52.03921609175833,270.4734481008429,1.7631832555489084,0.04164002813381802,67.10607479651793,298.1212177255754,2.9244010777001828,0.0005002697563355581,0.04221277488765791,0.001
400,0.057449174358656534,0.039480802456015034,54.8092683490954,277.1535339355469,1.763015553333362,0.0416422987388076,61.947811200659274,289.092333115478,2.9245605434828956,0.00046181536483613626,0.040934320853287506,0.001
401,0.057103103516917476,0.0394673994497249,53.275120183041224,272.80140766344573,1.7522527249579947,0.04138183528865731,72.64111302185513,296.038827078683,2.906268058380024,0.0005415329688344826,0.04191791668106643,0.001
402,0.05700415019926272,0.03907055505796483,56.549428839432565,273.8477582429585,1.7460998965087713,0.04123872211376115,67.97867403789809,291.9663709425668,2.8962171448322613,0.0005067749052537079,0.04134127314181999,0.001
403,0.055721844889615714,0.03877032136446551,48.04326649716026,266.96557456568667,1.7475143823658914,0.04127389511669567,61.23690105240652,289.93264914312687,2.898687363328683,0.0004565155935751694,0.04105330624983276,0.001
404,0.05575091332981461,0.03869263239597019,48.08137170892013,269.04356384277344,1.7412191622905275,0.041128467713249454,59.515896086593735,284.12075280503234,2.888473920292609,0.00044368565623328026,0.04023036491857796,0.001
405,0.055245984933878244,0.03869406526025973,46.62388912000154,261.1025535181949,1.7348285324946298,0.040977605996009595,62.56673817606614,282.77467337241524,2.8778788225404623,0.00046642940981068097,0.04003976544195072,0.001
406,0.05562355781072065,0.038789471121210804,46.83442527369449,266.4301099275288,1.7445407824190085,0.04120319236882082,66.33491723553325,289.8653345893991,2.8937218721571325,0.0004945208460275134,0.0410437747776187,0.001
407,0.05597410821600964,0.03870969834296327,50.56336633782638,269.4431465550473,1.733578216572087,0.040948481601646734,60.819930961253164,282.05224682187594,2.8758334010054813,0.00045340711902151646,0.039937472724969884,0.001
408,0.05490399720637422,0.03821595758199692,47.739154414126745,262.15206748560854,1.7259820499608416,0.04076818081615388,61.61802238967218,282.0598335027197,2.8631707820055374,0.0004593568188905571,0.039938546968705524,0.001
409,0.05450530840378059,0.03814559920053733,44.51577537938168,260.42053383275083,1.708759612355734,0.040357869111415534,62.50902421076974,284.3931630649675,2.834354375165617,0.000465999157386537,0.040268937124432545,0.001
410,0.0544010067456647,0.03811325721050564,44.3659553527832,259.20607315866573,1.7157272169105724,0.040522127775474454,57.527584262889235,286.28051737789036,2.8458903475394055,0.0004288629702904664,0.04053617896435419,0.001
411,0.05461464449763298,0.038182349581467476,45.692312140213815,260.1074331183183,1.725621064741595,0.04075511850550725,58.98476926198903,288.8878748562194,2.8622534090582974,0.0004397261534917779,0.04090537037959143,0.001
412,0.05424567410036137,0.037921857873075886,43.187747754548724,261.69470054224917,1.7117075737812284,0.040431022998091835,57.05187782130596,279.92680731292796,2.8394920111044457,0.00042531662152338773,0.03963651897128186,0.001
413,0.054531401905574296,0.03814991269456713,44.84688949584961,260.3594537032278,1.7054184608083418,0.0402790438315304,59.775383305817456,283.8454351382507,2.8288184342986877,0.00044562011013073844,0.04019138103551484,0.001
414,0.054120642182074095,0.03779200013530882,44.63328471936678,259.6229135613692,1.7030511899580938,0.04022547568063374,60.326887936037004,279.93213680945024,2.8250563148853876,0.0004497315275816095,0.03963727360672404,0.001
415,0.053715411769716365,0.03746347266592478,44.574973256964434,258.1763120952405,1.7152966032720225,0.04051631238733351,62.367697334536054,279.47313984090545,2.8454819297714837,0.000464945578226208,0.039572281467435466,0.001
416,0.05437495951589785,0.03784339580880968,46.698740105879935,260.5831636127673,1.7040657022387635,0.04024725647641172,62.440468358571636,283.2357229795379,2.826585991629159,0.0004654880796699738,0.040105048226671616,0.001
417,0.05468354942767244,0.03789061739256507,47.942975295217416,263.9441905774568,1.6926459034368084,0.039977610328998846,57.75664771618811,281.4566879386231,2.807648600867612,0.00043057061774734256,0.03985314396345838,0.001
418,0.054195606394817956,0.03760724946072227,46.101545233475534,262.614825600072,1.6903704564087507,0.039922191309892156,60.98440810773444,283.3989939399049,2.8037564940064,0.0004546332813658714,0.0401281667431873,0.001
419,0.054265446764858144,0.03767897816080796,46.670094540244655,261.72423995168583,1.6805139364752995,0.039691630942362395,58.30678027424451,278.55768134146234,2.7875641181244206,0.0004346718065235547,0.03944265619671235,0.001
420,0.053467292142541784,0.037348939988173936,43.91520851536801,256.4942345870169,1.6724375652613424,0.03950173446308821,60.068476084485326,275.8358497729606,2.7742275885030616,0.00044780509045349594,0.0390572557070731,0.001
421,0.05411640633093683,0.03781565259161748,46.47159194946289,256.3076814350329,1.6988662149789058,0.040121036807512334,74.081228458546,286.83189838522054,2.817721517893212,0.0005522688999821915,0.04061425231491049,0.001
422,0.05439174077228496,0.037548198119590155,49.03160617226049,263.3234381424753,1.6758395009314788,0.03957581140181691,64.41398555149982,285.51052817308545,2.779430050873038,0.0004802004729700428,0.0404271515653105,0.001
423,0.05379386755980944,0.037405985554582195,46.64682890239515,257.7873912610506,1.6859915825096594,0.03982297807357126,59.41104927976938,276.48321337215896,2.79678869623531,0.00044290403271168957,0.03914891980965495,0.001
424,0.05347098704231413,0.0373784733053885,44.166271812037415,255.60087023283305,1.6946260507257096,0.04002319210781967,64.3026980710961,283.2098398986992,2.8108498331693466,0.00047937083480578446,0.0401013832857017,0.001
425,0.054499615768068714,0.03741656184980744,52.17243937442177,263.4024256656044,1.6697550387057416,0.03943849479862373,59.97488984228283,275.2152785686034,2.769786233604861,0.0004471074134290988,0.03896938530069563,0.001
426,0.053306582922998225,0.03712193471820731,45.60652783042506,255.2831886693051,1.6816789182315395,0.03971033112119759,85.54764966683142,290.43556097333834,2.7888774415199546,0.0006377500395258722,0.041124516558307345,0.001
427,0.0538290527306105,0.03728818687561311,48.37214198865389,258.2590870104338,1.668670745939388,0.039409126129802435,62.22894513283492,280.50824950298124,2.767723656546181,0.0004639111930331159,0.03971884886536374,0.001
428,0.05449898756648365,0.03737319427493371,50.800311640689245,266.3154063977693,1.6625528947824353,0.03924458534286894,86.29627067671345,308.04209388848955,2.75616787053452,0.0006433309418709575,0.04361753136674531,0.001
429,0.0540772535299,0.036744888675840276,52.81755989476254,267.4209610788446,1.6638662078149609,0.039296992326075496,59.20948245940382,277.8631696616671,2.759848440530192,0.0004414013701820248,0.039344316114044924,0.001
430,0.05383091086619779,0.03714990419776816,50.06619965402704,258.5208410965769,1.6730586253417339,0.03951508911069694,58.70981593577143,277.9666818068319,2.775165492428913,0.00043767640115672304,0.03935897302077339,0.001
431,0.05356151904714735,0.037016860944660085,47.134300432707136,260.19171704744036,1.6598908101234457,0.039200996972479016,59.117860652424135,280.32868475287796,2.7531066363553824,0.00044071833784565677,0.03969342321323573,0.001
432,0.05320571382579051,0.036991344470726814,44.90462895443565,256.93043919613484,1.6623720754466755,0.03926114181064211,57.06736565754966,278.56028756508476,2.7573306399746165,0.00042543208195058895,0.03944302522757811,0.001
433,0.052903034577244205,0.036548752435728124,47.131276983963815,256.3887144389905,1.6598879459626104,0.039195713275368214,67.22389223542646,287.66278930506303,2.752735559528167,0.0005011480747535787,0.04073190315379776,0.001
434,0.052891107374115995,0.03663854536257292,46.12392465691818,255.86535724840667,1.6498328289871296,0.03896266764405945,63.074883186149954,279.5841535034847,2.7363686422637867,0.0004702175851904597,0.039588000559097794,0.001
435,0.05307189532016453,0.03677301069623545,47.71916479813425,254.39894746479234,1.6531569917612636,0.03904307729113065,67.51749975892965,277.0845007224708,2.7420158540715405,0.00050333689245282,0.03923405969924468,0.001
436,0.052952784456704795,0.036665716355568485,47.56758438913446,254.3899857370477,1.6625659133492752,0.03926435510332298,62.55211503487456,280.33496676857516,2.757556311209725,0.0004663203956073774,0.0396943127215924,0.001
437,0.0530220076049629,0.03645670051245313,48.59681681582802,258.41092079564146,1.631923461512527,0.038543953562051855,57.68174415085517,270.494198480673,2.7069621320487567,0.00043001221839987063,0.0383008991979659,0.001
438,0.05177534214760128,0.03627384983395275,41.20422122353002,248.22351234837583,1.6386021493813427,0.03870193133259735,53.143207718048714,271.5019102747889,2.718056993967467,0.0003961778372019712,0.03844358716711209,0.001
439,0.05180894367788967,0.03606144730982028,43.081953149092826,250.32700147126852,1.6211049468277214,0.03828849151429818,53.12663966906167,268.83515749509536,2.689020898066842,0.00039605432388585435,0.038065985614196586,0.001
440,0.051647015700214786,0.03611421085109836,42.60428037141499,246.74968197471216,1.6335475512123165,0.03858371062080362,60.37096146468745,268.54444850212843,2.709754291196349,0.0004500600917765153,0.038024822380759014,0.001
441,0.05188935740213645,0.036304227811725515,42.29205884431538,248.26450307745682,1.6337380906363534,0.038590135458882374,55.03834871587347,265.9934726362023,2.7102055109539624,0.0004103059430117378,0.03766361437686808,0.001
442,0.05173871528945471,0.036262611025258115,42.04645719026264,246.45240060906661,1.6102380455560863,0.03802801613388627,56.623022124027564,272.50332116440734,2.6707275750954214,0.0004221195408443117,0.03858538295332287,0.001
443,0.05214539483973855,0.036315754154010824,44.27036385787161,250.18726148103414,1.6339902408575537,0.0385970590058953,57.8814141212537,264.44557071165866,2.710691755302334,0.00043150074008351387,0.037444437640681935,0.001
444,0.05198639239135541,0.036168350789107774,44.4415811237536,249.69846143220602,1.6165345064316297,0.038179444916674486,56.411884219500216,269.53084474937714,2.681362498159295,0.0004205455267424382,0.03816449215352061,0.001
445,0.05155970979678003,0.03610063834409965,42.02102038734838,246.14989270662008,1.6077705701892324,0.03797332595325344,49.99117362370061,267.0993797331826,2.6668866549435837,0.0003726797063230255,0.0378202064090879,0.001
446,0.05138873936314332,0.035917470623788084,41.88503927933542,246.59782008120888,1.6096295315009308,0.038019765232497935,53.99103763480584,263.4313590647698,2.6701481099511017,0.0004024983330312414,0.037300829318318345,0.001
447,0.051657295344691524,0.03582887841682685,44.83007149947317,249.32324299059417,1.6029323277549408,0.03785900960345192,53.71976658818925,266.1564409267548,2.6588581575687993,0.0004004760317596609,0.03768669003654573,0.001
448,0.051255172216578535,0.03586170214571451,41.84244075574373,245.1057538484272,1.6023015510767042,0.03784266498503859,55.37590528807283,268.1158442199082,2.6577102664206733,0.00041282239691901363,0.037964133724583245,0.001
449,0.050922505165401255,0.03551110723300984,41.922505830463614,245.34419812654195,1.6044871352429604,0.03789399920018652,58.66997970033443,268.7350495965406,2.661315495351332,0.00043737942560188956,0.038051810735204715,0.001
450,0.0512889102101326,0.035624920047427476,43.648392727500514,247.807228489926,1.6139462531788262,0.03811855739139399,57.944033912380334,268.65370475085666,2.677086335233167,0.0004319675649983028,0.03804029262963234,0.001
451,0.05084345528953954,0.035299416239324366,42.56824754413805,247.02841507761102,1.5861496326078948,0.037461085208534355,56.129536160086886,265.50584573174035,2.630911718013082,0.0004184406473360234,0.0375945683528908,0.001
452,0.050858632906487115,0.035491625337224254,41.65746387682463,244.85395732678865,1.5912709829922245,0.037577682653689604,56.5860574117225,272.83125619938556,2.6391004179143716,0.00042184397223634377,0.03863181724577251,0.001
453,0.052582137090595144,0.03575116768479347,55.47156343962017,253.41203950580797,1.6351980388856524,0.03860771557821148,72.80315042843294,290.4526587931012,2.7114401719812538,0.0005427409431371331,0.04112693754136325,0.001
454,0.05176400648135888,0.035705309165151494,45.804138585140834,252.46772685803865,1.5834475848833303,0.037397942644563295,55.57667310703155,264.0756455431023,2.6264771825336077,0.00041431910296500205,0.037392057712863705,0.001
455,0.05084413799800371,0.03524986203563841,43.76238009804174,246.24196263363487,1.5899680216094507,0.037548258806575016,53.0235125075895,270.7910031983174,2.6370339656551307,0.00039528552016580815,0.03834292556169507,0.001
456,0.05128027773217151,0.035259361820001354,48.099157634534336,248.26958987587378,1.5851729756332704,0.03743132239962942,60.04401111308878,275.09867423983167,2.628821460289018,0.00044762270629056553,0.038952874593007926,0.001
457,0.051763682185035,0.03548220172524452,47.742623580129525,254.0156643516139,1.5817680277616069,0.0373560821274389,58.45454838456282,266.90353946930395,2.6235372963981263,0.0004357734045050677,0.03779247620915071,0.001
458,0.050860101063000526,0.03523814384090273,45.367877759431536,244.38732428299753,1.5828180723653302,0.0373748689882501,59.89894779189015,275.95197101141355,2.624856707514428,0.00044654127226884224,0.03907369801109925,0.001
459,0.051279430914866295,0.03532488761763824,46.326756929096426,249.60073129754318,1.5700506222368604,0.03708023214028528,56.674447283093954,263.69378757372516,2.6041642067084854,0.00042250291078322813,0.03733798814806267,0.001
460,0.050774707017760524,0.03516821720098194,44.603245986135384,245.22493543122945,1.581063243007718,0.037336131461347614,56.67603275531542,271.79613654984905,2.622136150624865,0.0004225147303361421,0.038485248433659656,0.001
461,0.05035369568749478,0.035102442985302525,42.27930530748869,241.6060959665399,1.5737692655044329,0.03716809671060716,53.76409959892639,264.41829776280395,2.6103349816972825,0.0004008065303702016,0.037440575899946704,0.001
462,0.05019915986217951,0.03505058949323077,41.29597192061575,241.0274449398643,1.5693732630113697,0.037059280006984364,58.76332884425493,270.8413722804982,2.602692727366339,0.00043807533507990394,0.03835005762275271,0.001
463,0.050427782300271486,0.03494829939384209,44.758161645186576,242.45241586785568,1.5594810374118633,0.03682781647043089,54.74920707541084,266.15349069093423,2.586436921448774,0.00040815041806918504,0.037686272294925355,0.001
464,0.050160642909376246,0.0349688441737702,42.6247952109889,239.89878845214844,1.5590448222930204,0.03682033931617057,54.800689098837125,261.8731020062685,2.585911796972231,0.0004085342119267937,0.03708018633648211,0.001
465,0.050249283643145314,0.034949849898877894,42.940578059146276,241.57780135305305,1.5584377314518323,0.03680664137745013,56.28280290603069,260.73985744847585,2.5849497835310395,0.0004195832371519253,0.036919723428891285,0.001
466,0.050296615220998465,0.03482538589129323,43.54577235171669,244.1059281198602,1.5777327508933423,0.03726209372353134,57.56226583128718,264.31047679894675,2.616936441355587,0.0004291215182658082,0.03742530888168414,0.001
467,0.05015030777768085,0.03472458747656722,42.956603602359166,244.07950551886307,1.56121190280453,0.03686782396838731,54.080560121233816,267.7783160833019,2.589246669073436,0.00040316571512157636,0.037916341087220785,0.001
468,0.049875488014597645,0.03472760898110114,41.70108975862202,240.4059480365954,1.5582363177554945,0.03680064638802351,62.58738596243346,262.21606571520994,2.5845287522703577,0.0004665833372022945,0.037128748629198585,0.001
469,0.0509195176786498,0.034889732438482736,50.12959349782843,245.40131980494448,1.572318770068033,0.037129703675471644,62.52816479693636,269.86532028172456,2.6076386186457094,0.00046614184873611643,0.03821185255430029,0.001
470,0.050334753566666654,0.03466038513732584,45.57258344951429,245.12849265650698,1.5554120296285205,0.03672839855164725,63.7154193153461,269.9292818428401,2.5794547487206665,0.0004749927244643441,0.038220909256139336,0.001
471,0.05076155635087114,0.03475353151167694,47.714742961682774,248.58837970934417,1.554994823412305,0.03671951815582244,57.55689087391895,268.7350730786019,2.5788310738509708,0.00042908144844171155,0.0380518140601709,0.001
472,0.050173600057238026,0.03456102223380616,46.64050031963148,242.2908124421772,1.549775334919815,0.0365994850923354,55.10671530918023,263.16132087225895,2.5704010886671695,0.000410815609820276,0.03726259298774618,0.001
473,0.049612832304678466,0.03449268266558647,41.16651093332391,240.6532295628598,1.5497045018349012,0.03660154732401393,50.16268543486496,257.85182822955886,2.5705459202826475,0.00037395831146034035,0.0365107900151034,0.001
474,0.05008353449796375,0.03475815342052987,43.53085668463456,241.21132378829154,1.5560483792657775,0.0367410169672345,66.05893549666465,273.50059429031796,2.5803409466844056,0.0004924634269685756,0.038726592848702834,0.001
475,0.05119954539757026,0.034673004460177924,53.65534149973016,250.04781140779195,1.5652035163980171,0.03695225118494541,78.50144960695641,281.8176167320572,2.5951760368994203,0.0005852212513687056,0.03990425004045601,0.001
476,0.05085092763367452,0.03454741639526267,50.29190123708624,250.63237722296464,1.563278981480099,0.03691404104049097,62.3727483812911,271.5639313044493,2.5924925183565763,0.00046498323332579546,0.03845236909744006,0.001
477,0.04946821496674889,0.03422449940913602,43.67322339509663,239.36446822317023,1.53060102115694,0.036151490435974536,50.147453450696794,252.94989679603717,2.538938188314285,0.0003738447583873671,0.03581669608345824,0.001
478,0.04866953507850045,0.033904307472862695,40.42979049682617,234.65986954538445,1.5296745729324241,0.0361262017381228,51.982235142174716,257.76780374088776,2.537162149762784,0.00038752289099321324,0.036498892482776164,0.001
479,0.04850018651861893,0.03386689251975009,40.05115930657638,232.58914345189146,1.5199658003124505,0.03589687633451001,48.39893376636439,256.3537895975512,2.5210565060462606,0.0003608097012918463,0.03629867372217934,0.001
480,0.04848266824295646,0.033906076201482824,39.05200616936935,232.95383573833266,1.5222412677261572,0.03594991381282254,54.402089489941474,257.46988097980704,2.5247813560448535,0.0004055626876672937,0.03645670780855755,0.001
481,0.049296465751371886,0.03419429171634348,42.51697038349352,238.26802625154195,1.529674672498635,0.036122324540863004,52.52113209288404,263.5121267068243,2.5368898521598964,0.00039154031932647223,0.03731226569415991,0.001
482,0.04877378379828051,0.03386833940289522,40.25776551899157,237.7222346255654,1.531563997251697,0.036167125264928005,55.63535746471914,263.4010518877344,2.5400362305753093,0.0004147565895772067,0.0372965379429797,0.001
483,0.04859043755813649,0.03387774850584959,38.7653549595883,236.10575706080385,1.5222320115052073,0.0359482288357633,52.63579950162935,259.7432282589363,2.5246630192197173,0.00039239515455274037,0.036778604712332075,0.001
484,0.048956889463098424,0.0340037992910335,42.730934946160566,234.9654131437603,1.5409118985890817,0.036391264562258864,56.63921768123249,259.92468814791073,2.5557776513198593,0.0004222402772676712,0.03680429870856239,0.001
485,0.05022928981404556,0.034136469819043815,50.2014035676655,246.55429799933182,1.5353084171015001,0.03625349162933615,67.31252337815167,266.497053171202,2.546101785774757,0.0005018088119567207,0.03773491937127247,0.001
486,0.04889706384978796,0.0339190642300405,41.29437014931127,237.6184226588199,1.5285148897745586,0.03609629494835883,56.123590954208794,261.09995626632946,2.535061780187258,0.0004183963263605377,0.036970711984658414,0.001
487,0.04863371033417551,0.03389696139646204,39.885312030189915,234.90701213635896,1.5116226110950242,0.035698330437779154,53.048808929780115,256.92822518952147,2.5071125232874905,0.0003954741027196803,0.036380011509929894,0.001
488,0.048553812464601116,0.03375422327142013,41.179231342516445,234.22294375770971,1.5090741744793517,0.03564024228872629,51.7448138968823,253.44099324483594,2.5030329620262473,0.00038575293694819606,0.03588623338106969,0.001
489,0.04919667679228281,0.033925753086805344,43.501160872609994,240.16674162212172,1.5358245596354074,0.0362658800213021,59.33068224350114,266.7095360396124,2.546971829058584,0.00044230490367943377,0.0377650060976052,0.001
490,0.0488671738850443,0.033950940558784885,41.445764441239206,236.1560162995991,1.497648947006386,0.03536675185652492,56.14908251035686,256.71198881676236,2.4838255851219837,0.0004185863636205246,0.03634939330235835,0.001
491,0.048515107090535914,0.033771448229488576,40.452550988448294,234.19436163651315,1.509717225813325,0.035644792518063226,63.40752609302989,268.7635803829428,2.503352527025914,0.0004726974081644032,0.03805585058071773,0.001
492,0.049799296808870214,0.03410898266654266,46.742022464149876,243.69324935109992,1.501651441503705,0.03546015461250356,60.61596688409842,258.8306800424371,2.4903853098024356,0.0004518865851579458,0.0366493915260614,0.001
493,0.049012399229564164,0.03382035658547753,45.0763073971397,236.2264115182977,1.5111716002762707,0.03568729328367319,57.92579341046153,257.16851331538453,2.5063373781492957,0.0004318315836958942,0.03641403534977135,0.001
494,0.04893144024045844,0.03359110741630981,45.454917305394225,238.62428283691406,1.50064988436973,0.0354350076771503,55.71215916789186,261.1402032148507,2.4886192273057666,0.00041532913937167575,0.036976410791978484,0.001
495,0.0490446931829578,0.03359633488090415,47.62015995226408,237.53693992213198,1.4996862047769075,0.03541722864828073,52.60369706032989,253.72945052049354,2.487370596756826,0.00039215583373811434,0.03592707778032091,0.001
496,0.047947088942715994,0.03348399581093537,39.53720494320518,229.95604826274672,1.5000090856255759,0.035424699582243216,49.82268529479173,254.16077320323762,2.48789528437858,0.00037142364097418466,0.03598815135116408,0.001
497,0.0485024609063801,0.033674091198726705,41.52747304815995,234.27618247584292,1.492344811593194,0.03524111300626869,55.86078210639745,256.3766672142174,2.4750019025848453,0.00041643711002049583,0.03630191310141462,0.001
498,0.048275037815696316,0.03351223723668801,40.58176361887079,234.38337386281867,1.500601500337611,0.03544025195040159,54.046067292179025,251.7160407465582,2.4889875353745925,0.00040290857418107454,0.03564198699009752,0.001
499,0.04797536918991491,0.03342591480989205,40.57426402443334,230.1276959870991,1.4870453356476867,0.035113461646719406,53.39999289417352,259.314826313811,2.466036880461514,0.0003980921476109777,0.0367179447062816,0.001
500,0.04816690773556107,0.033366314184508826,40.74924348530016,234.88801815635279,1.4984882940383177,0.035389447231625265,55.390384252366,252.62053733133206,2.4854194932526164,0.00041293033629649764,0.035770060097442935,0.001
501,0.04814843853053294,0.03335601816836156,42.950898822985195,231.42206854569284,1.4819343611840312,0.03499405283137574,55.42094907448701,256.408624081906,2.457650736553164,0.0004131581942983445,0.03630643806636728,0.001
502,0.04882381856441498,0.033387385504810435,46.71925916169819,238.64977304559005,1.4958599883538932,0.03531995392133683,60.90600742294959,262.9245586476799,2.4805389415189008,0.00045404881130719506,0.03722906840145774,0.001
503,0.048376471392418206,0.03306413432093043,46.390443299946035,236.66107579281456,1.4793037703389853,0.03493690968910829,59.540696636063046,248.32868057828927,2.4536375436155162,0.00044387054210058243,0.035162350306276575,0.001
504,0.04777944244836506,0.03322674971269934,41.20551139429996,229.24559342233758,1.4931458688042238,0.035268792579064775,51.31562255440703,243.7161193659557,2.4769458535412427,0.00038255335406434403,0.03450923004332699,0.001
505,0.04710931879909415,0.03306257067934463,36.90455426667866,225.57812981856497,1.4670419195965119,0.03464484870810077,57.949079197080486,250.00528570884904,2.4331259473008418,0.0004320051771422889,0.03539975090289215,0.001
506,0.04717655440694407,0.033026444872743206,38.47087619179174,225.2958775570518,1.4690328129593844,0.034696265300346044,50.19484781420175,244.20873084155048,2.436736961618376,0.0003741980791076476,0.0345789818626876,0.001
507,0.046815903759316393,0.03288628749157253,36.70246003803454,223.53864167865953,1.4693127396294194,0.034702552121585545,47.97776357406342,244.85550914278608,2.4371784883807743,0.0003576699153616291,0.03467056308941334,0.001
508,0.047056377718323154,0.033076015546133646,36.58717356230083,224.72648379677221,1.4680925171882622,0.03466822022320511,51.139943358082576,252.68592662907983,2.434767341099591,0.0003812436814452115,0.03577931896109225,0.001
509,0.04690809136158541,0.03249056882372028,39.517976459703945,229.07348311574836,1.4629635308410858,0.034550453350947856,50.163543003005294,246.85832870123886,2.4264965117178314,0.00037396470455375113,0.03495415434738073,0.001
510,0.047337214021306286,0.03295846518717314,40.52939314591257,226.7808982447574,1.471314541877858,0.034744236571987414,58.38907572625586,252.96896669027737,2.4401060092577254,0.00043528531172185573,0.03581939630439131,0.001
511,0.048238654866030344,0.03291389767668749,46.13855141087582,237.2873205887644,1.4663423515987921,0.03462517988564468,59.39576562368937,254.49291452160767,2.431744595554324,0.0004427900944292577,0.03603518123655838,0.001
512,0.047989796847105026,0.03299969905301144,42.46397259360865,236.10600521689966,1.4661961534007275,0.03462440144403612,52.235181968697304,250.865705023467,2.43168992519071,0.0003894085868509134,0.03552158284465751,0.001
513,0.04722267036375247,0.03263538860176739,41.417902293958164,229.61878405119242,1.4714990802846097,0.034750938184432686,52.616085612616274,249.81743618413083,2.4405766670246773,0.00039224818928196715,0.03537315215973599,0.001
514,0.046917132445071875,0.03271840414718578,38.05725840518349,226.88868793688323,1.4623934639915146,0.034538823099073065,47.99160386686688,244.148178056595,2.425679713011374,0.00035777309350055916,0.03457040782995136,0.001
515,0.04666450090314213,0.03267006379993338,37.740364476254115,223.27818619577508,1.4630367643371867,0.034554793904103556,47.92517268500066,243.10353600645837,2.4268013510490047,0.0003572778550103618,0.03442249068390914,0.001
516,0.04645969306952075,0.03250353577497758,36.90235599718596,223.76961075632195,1.485978980100828,0.03509101312367174,56.574132962733614,254.89573342838776,2.4644603088803803,0.00042175507654086176,0.03609221878645882,0.001
517,0.04655780407943224,0.032466881075187734,38.28510254307797,224.39080971165708,1.4475847268552648,0.034187910172287256,50.297050045266374,243.2549727299849,2.401034913589687,0.0003749599875546352,0.03444393351970835,0.001
518,0.04630249934761148,0.032517755894284496,35.63506608260305,222.24227503726357,1.4580551677667535,0.03443286620441186,53.027381294751834,248.35170708760694,2.418238304568008,0.00039531436162638955,0.0351656107681172,0.001
519,0.04696038404577657,0.03239099867641926,42.46111277530068,227.69605455900492,1.453866796335147,0.03433214415330301,65.90273598309646,249.64726698295487,2.4111645419407517,0.0004912989736336214,0.03534905687984664,0.001
520,0.04680190000094866,0.03237834386527538,39.68432125292326,228.94464914422286,1.4474663095379183,0.03418467153178163,47.13090631447252,244.05916918185633,2.400807462163514,0.000351356670604114,0.034557804528445306,0.001
521,0.045967974945118555,0.032344792626406015,34.462167840254935,220.7704042133532,1.4558658227965664,0.034383289350798714,49.69549823771984,244.98677861651413,2.4147564960622754,0.00037047547289486654,0.034689150323111026,0.001
522,0.04579133834493788,0.03223954886198044,35.202924025686166,218.23141881039268,1.4383908540136965,0.03397454075624151,48.8512650173243,236.1682825055318,2.3860498672725434,0.0003641817901137128,0.033440486460737946,0.001
523,0.04613912968259109,0.03252511795021986,35.355918884277344,219.24635716488487,1.4455100836350603,0.03414017176110224,46.85491585174509,241.210606372597,2.3976822198626677,0.00034929918650959273,0.03415445940078886,0.001
524,0.04648698042882116,0.03240126528237995,38.962798269171465,223.2701062654194,1.4354516355232707,0.03389716981650465,56.10691187473945,247.12355401471163,2.3806160654791824,0.0004182719853221544,0.03499170919348511,0.001
525,0.04619124198430463,0.03212313471656097,38.714624103746914,223.29020851536802,1.4311368109908007,0.0337996140517941,48.791264777558496,240.3055146692619,2.373764672811085,0.0003637344937188822,0.03402630202702977,0.001
526,0.04585360657227667,0.032155400044039675,36.16217623258892,219.7208645469264,1.4341822105749527,0.033864728196120686,63.259795192980555,250.19374890417046,2.3783376734159414,0.0004715960875821011,0.03542643653935709,0.001
527,0.04668333028492175,0.032298725686575235,41.873401039525085,224.88200137489721,1.441241263057048,0.034032592720463495,53.299839275757165,250.20696588856217,2.3901268872540813,0.00039734551138716033,0.03542830801160948,0.001
528,0.04685457678217637,0.032365184865499795,42.79162517346834,225.60042210629112,1.434819805679084,0.03388513212253043,46.872460660432914,243.21054488842975,2.3797706518997743,0.000349429981481491,0.03443764271461698,0.001
529,0.04613895929957691,0.03212515578458184,38.54300027144583,222.46157515676398,1.4317789276699326,0.03381186992060369,52.3808636944554,244.55432733250774,2.374625408923936,0.00039049463102304736,0.03462791694683237,0.001
530,0.046128871605584494,0.03206286647994267,39.0110505756579,222.80352140727797,1.4403505208510117,0.03401959905455868,49.80824397878081,238.27142102501006,2.389214335263165,0.00037131598226126104,0.03373828248330089,0.001
531,0.04568109112350564,0.031972988655692654,36.10893028660824,219.99865963584497,1.4356295864492528,0.03390917192486458,47.69506107925338,235.991326991672,2.3814589798621806,0.00035556239367118736,0.03341543026605082,0.001
532,0.04525406305727206,0.03181702614222702,34.916654887952305,216.3657595985814,1.4253448886654836,0.03366129098767279,51.815129673069755,241.44502685012915,2.3640501712625466,0.00038627713473992373,0.034187652405039334,0.001
533,0.04540138260314339,0.03184084417788606,34.99817245884945,218.71352506938734,1.4253173289694125,0.033661028441182066,49.325518747555925,240.99358531369023,2.3640317324844085,0.0003677173090482298,0.0341237300847898,0.001
534,0.04542512074112892,0.03176274885864634,36.4236435137297,218.6119842529297,1.4323610800819133,0.03383230691280715,49.409242341977986,234.85781888566441,2.376060709635854,0.00036834146091984597,0.033254930041084346,0.001
535,0.04536541021968189,0.03183177142943207,35.828458284076895,216.93010510896383,1.4177113761522513,0.0334853632256162,48.519256079074864,233.8424515087546,2.3516946719986587,0.00036170669331893064,0.03311115807196131,0.001
536,0.0458938030428008,0.03188615802087282,39.62678387290553,220.71272518760279,1.4178670347521283,0.03348068085753997,52.32866169138521,246.10571897654424,2.351365826825828,0.0003901054697819028,0.034847587813374284,0.001
537,0.04652538189762517,0.03195768447690889,43.58288594296104,225.97962550113076,1.4246392189335824,0.03364385226272022,51.9031723523806,242.47039096831136,2.3628254404366906,0.00038693348500120066,0.03433283987283826,0.001
538,0.046297900770839895,0.03177385394902606,44.13291770533512,224.28155919125206,1.4179166951890927,0.033486199516438976,47.999041631925955,239.8756293071076,2.351753405143015,0.00035782854137059275,0.03396543197504701,0.001
539,0.04675163505108733,0.03189385309815407,46.56561680843956,227.3072140342311,1.4180082503283202,0.033489332576314264,55.74014185825723,238.0391168272961,2.3519734415859865,0.0004155377478133578,0.03370538913582844,0.001
540,0.04620505790961416,0.03175389570625205,43.712234898617396,223.45490867213198,1.4202598610077497,0.03354374295390734,50.53408777752884,236.8600987935827,2.3557947110231714,0.000376727082544483,0.03353844488668933,0.001
541,0.045476999525961126,0.03163953292134561,37.51844345895868,220.47167085346422,1.4114818100373987,0.0333299105456435,49.71912806042858,245.11250727033743,2.340777148519025,0.0003706516310993897,0.034706952998818784,0.001
542,0.04558922271979483,0.031530436128377914,40.77683137592516,220.0104876066509,1.4198817780554267,0.033532227739026595,52.82689880255807,240.52299390141135,2.354985991425312,0.0003938197826657896,0.03405709621853182,0.001
543,0.045260035677960046,0.0314409123047402,37.753543050665606,219.7521563078228,1.4144557771465847,0.03340774280512495,46.51211792987293,234.4846792110144,2.3462433490406944,0.0003467436588115814,0.033202094952029554,0.001
544,0.04512552583688184,0.0317015946891747,35.224634270919,215.64167865953948,1.405549528545526,0.03319354811154631,48.20831108908611,238.61706969832576,2.331200343048335,0.0003593886263652737,0.0337872249562594,0.001
545,0.04484874892391657,0.03146772449345965,35.18445667467619,214.84379657946135,1.4055601472613024,0.033190236445870026,53.474464013380015,243.64245812377868,2.3309677630260164,0.0003986473231114437,0.03449879990535262,0.001
546,0.045258245185801856,0.031473607903248386,39.06499159963507,217.09525981702302,1.4277823857700904,0.03371805182901359,63.70542957470116,242.4324358780752,2.3680365150050333,0.000474918251845681,0.03432746558350654,0.001
547,0.045400465593526236,0.03143830479759919,39.337173763074375,220.23745165373148,1.3973103650454068,0.03299649370417039,61.26125587124345,240.20311721512024,2.317361108371457,0.0004566971565606679,0.03401180295610242,0.001
548,0.04592792356484815,0.031586785751738046,43.783296384309466,221.14780948036596,1.3982480104794675,0.03301753181875647,48.99978100929977,242.65432897321816,2.318838626224485,0.00036528896348576276,0.034358884760396585,0.001
549,0.04542460272970952,0.031403589993715286,41.475462461772715,218.2070641768606,1.3980900244541279,0.03301855212092127,50.790277202153774,235.46311511836026,2.318910282582179,0.0003786369516796021,0.03334063757242369,0.001
550,0.044883947427335535,0.03145145771926955,36.46136454532021,213.95775564093339,1.3996254193461037,0.033057388003783335,46.88699025412845,232.09917620378147,2.3216377470625167,0.00034953829829661927,0.03286431724467143,0.001
551,0.044382533548693905,0.03125772850685998,34.02939836602462,211.45201271458677,1.385221020959185,0.03271637115753814,47.712927484858376,230.8366280424985,2.297687954582347,0.000355695586119199,0.032685545462764504,0.001
552,0.04481119407634986,0.03134741006713165,36.5215546457391,214.49335600200453,1.4053290956439841,0.03318699087919091,51.46888434530217,240.41854591115543,2.330739825171036,0.00038369590694080347,0.03404230679987259,0.001
553,0.0454392472380086,0.031421749607512824,39.169348867315996,221.59594084087172,1.4047500423812391,0.033171319052131124,52.75943565653076,243.2225424014428,2.3296391845135442,0.0003933168509755209,0.034439341514588,0.001
554,0.04512394670593111,0.03149506047760185,37.22105779145893,216.74614193564966,1.3970321891474542,0.0329952617963321,45.13611112815128,233.0622706646023,2.317274590836014,0.00033648565177569556,0.03300068757745199,0.001
555,0.04464410912049444,0.031253374328738766,35.83002451846474,214.06965717516448,1.3963621974676348,0.03298007039284182,45.49717309278456,231.98915207041154,2.3162076905785023,0.0003391773362709792,0.0328487382663968,0.001
556,0.04456014264571039,0.031211646665868006,35.250516289158874,214.09415074398643,1.3888637498650187,0.032803266754632965,46.8775230329593,230.2130365019966,2.3037906780717465,0.0003494677210136859,0.03259724738884048,0.001
557,0.04394814646557758,0.03097567011259104,32.702279442235046,210.39610692074424,1.3905449955076874,0.03284135808532524,47.76239137074051,232.85512387618616,2.3064658522615797,0.0003560643349427996,0.03297135641875479,0.001
558,0.04452232683175489,0.03099940766237284,37.79189862703022,213.77053833007812,1.3893650298389466,0.03280153735184814,61.403789151270686,249.72261495312424,2.3036692212045353,0.00045775972935285027,0.03535972585177445,0.001
559,0.044477453945498714,0.030916827779851462,37.15118578860634,215.4857547157689,1.3854264417869329,0.03271871428847467,45.46383551971044,234.72228105884267,2.2978525139004615,0.0003389288076599827,0.03323573842561988,0.001
560,0.04385777445215928,0.030821107818107856,33.470050510607265,210.52825285259047,1.3741409696212448,0.03245597536701463,46.34757878119316,227.11563235043127,2.279400221250652,0.00034551703424640925,0.0321586673200227,0.001
561,0.04378974398500041,0.030788558682328777,34.2966634850753,208.57871607730263,1.3735308842561333,0.03243898124225643,47.84131494551106,230.780682425836,2.278206714930297,0.0003566527030993236,0.03267762378667536,0.001
562,0.04471893451715771,0.031161866297847347,38.25160347787958,213.7639569734272,1.3949256346859784,0.03294563617508031,51.52351608981739,232.18167106673167,2.3137893573533685,0.0003841031816860436,0.03287599818809999,0.001
563,0.04397985378378316,0.030809763818979263,35.6478453184429,209.93001998098273,1.3692946106762682,0.03233867696214118,43.535710369003546,230.6676640414329,2.2711622925796617,0.0003245548079549865,0.03266162083440187,0.001
564,0.04348989046717945,0.030554588786081263,33.21241519325658,208.88740619860198,1.3788030350612184,0.03256267026838577,48.274698810177306,232.88022674581785,2.286893460293434,0.0003598835408592994,0.03297491088493093,0.001
565,0.04382344276497239,0.030796173959970474,34.22538837633635,209.2073043020148,1.3716138387762447,0.03239764081772877,45.9711221853655,224.69854773341194,2.2753033551714434,0.00034271058415919023,0.03181641778273354,0.001
566,0.04349629384906668,0.030598654558784084,34.30731974150005,206.49179960552016,1.3823909491840378,0.03265128043746958,47.288612712340935,227.77772033066432,2.2931165990754523,0.0003525323576260926,0.032252416336206874,0.001
567,0.04412739076896718,0.030827099457383156,35.78236459430895,212.3322882401316,1.3814506028306146,0.03262916772014069,43.82146984365425,227.6582168076998,2.291563611306576,0.00032668511915538923,0.03223549511418964,0.001
568,0.04363968223333359,0.030506468525058346,34.77495835956774,210.50183346396997,1.3624214482080297,0.032175509270770564,48.212743156365605,230.50790787236167,2.2597029397916035,0.00035942166702850276,0.0326389999983092,0.001
569,0.043409886917001324,0.030364779363337317,35.22560280247738,208.06374559904398,1.3711073124087565,0.032382795794759854,46.72726286309699,228.86146529179015,2.274260781400137,0.00034834754495225036,0.03240587029841949,0.001
570,0.044404522368782444,0.030789519317056004,40.60563760054739,211.39160798725328,1.3849783987068065,0.03270875089346788,51.8228273290279,233.39161010584428,2.2971527794285787,0.0003863345200732518,0.03304732072822481,0.001
571,0.04429218741623979,0.030596197631798293,39.643989964535365,214.45381084241365,1.3677653475423128,0.03230054768674333,54.55877477955138,232.82186016200706,2.268484453513197,0.0004067307624189789,0.03296664640955355,0.001
572,0.04411667899081582,0.030767100029870084,37.93036320334986,210.0960364090769,1.3775158933870013,0.032530733446132026,52.143314748389166,234.74659939401963,2.2846505204683933,0.0003887237249802387,0.033239181804847626,0.001
573,0.0441510630281348,0.03062557468288823,39.52052477786415,211.22898222270766,1.3645090934682778,0.032225783088830846,50.080504904258845,229.3216615140835,2.2632336964770485,0.00037334566299078654,0.03247103224725367,0.001
574,0.04397767272434736,0.030497905161035687,37.04099956311678,214.03384158485815,1.3668216931638977,0.03228010563934426,45.23315488506423,230.40807031483,2.267048797772233,0.00033720910426150914,0.03262486339852751,0.001
575,0.04367446919020854,0.030518050648664172,36.64202971207468,208.16533620733964,1.3740279180695507,0.03245075975690759,50.33247534576213,230.6744919513445,2.2790339262095225,0.000375224079985922,0.03266258763920111,0.001
576,0.04353211231921848,0.030522119253873825,33.99054968984503,209.21404788368628,1.3517992154515195,0.03192773497561501,45.46310895014762,224.2456672380999,2.2423016207182664,0.00033892339114919353,0.03175229171164921,0.001
577,0.043416988888853474,0.030436040637524503,34.11092125742059,208.45259013928865,1.3451557986484342,0.03176830865117591,47.736140706143566,226.7581292711867,2.2311050260976963,0.0003558686385975524,0.03210804631048527,0.001
578,0.0434427016267651,0.030487070546338434,33.38228376288163,209.03920946623148,1.372111799194152,0.03240128408720081,47.836650127847385,236.76307239071704,2.2755592239027553,0.00035661792730289933,0.033524706335191466,0.001
579,0.04368617366019048,0.030283793807029724,38.26206729286596,210.65448078356292,1.3466626423601706,0.031795734616844755,56.711802759349716,238.68562513033453,2.233031166092155,0.00042278139250132794,0.03379693213188679,0.001
580,0.043329883170755285,0.03032929528700678,35.173734162983145,207.25116769891036,1.349507000002595,0.03187253886434001,49.97707748906088,225.19645184415367,2.238425168791319,0.0003725746209062004,0.03188691901811266,0.001
581,0.04319558645549573,0.030272978308953737,35.26040157518889,205.56155797054893,1.3455756341337908,0.031778221340163566,46.92494174052048,226.87610404824912,2.231801199459185,0.00034982122321671757,0.03212475106818266,0.001
582,0.0435414041735624,0.030376036602415536,35.5387981816342,209.99915755422492,1.367267467661262,0.03228923442192729,51.23475811521532,232.24974274097278,2.267689916974605,0.0003819505169379987,0.03288563686555773,0.001
583,0.04301314644123379,0.030134256046853568,34.430532355057565,205.9320068359375,1.3518804615613922,0.03193117750604722,46.33365836306089,221.94636878015413,2.242543391441226,0.00034541325878035444,0.03142672022450283,0.001
584,0.04328984453489906,0.03017939872255451,37.380424097964635,206.1382847836143,1.3600345729719527,0.032120949579364844,49.79075434611087,227.32368934783798,2.2558711839668204,0.00037118559862161707,0.03218812736068111,0.001
585,0.04333073861504856,0.03013295356772448,35.20271783126028,211.1516281931024,1.3621094616124763,0.03216953761005321,49.05662032924811,228.332384797614,2.259283546918444,0.00036571269550744723,0.03233095461154386,0.001
586,0.04312081380110038,0.030123344573535417,34.6557048998381,207.96582994962992,1.3420653952572184,0.03169671887016543,47.85439297199866,224.14834817108357,2.2260772381224685,0.00035675019861137883,0.03173851172007538,0.001
587,0.04362151575715918,0.030282872385884587,38.027232119911595,209.73201310007195,1.3566959266554601,0.03203847247432058,47.966150561601104,232.25039654345028,2.2500787734981746,0.0003575833413974618,0.03288572944137979,0.001
588,0.04285184411626113,0.03014115175526393,33.01060264988949,204.69794504266036,1.3457418302046968,0.031786881967933125,43.63481277646335,220.031184043926,2.2324094399027667,0.0003252936074956021,0.03115553770768816,0.001
589,0.04273927956819534,0.02993604138885674,34.52360243546335,204.27935951634458,1.3338860401018047,0.031504498561543325,50.59380318732394,221.1963038434564,2.2125775047437144,0.0003771722555574816,0.03132051402232271,0.001
590,0.04226723548613096,0.029758751294330546,32.219804663407174,201.83998348838404,1.3357735484730013,0.03154679167379097,44.348123976482476,225.24514870928513,2.215547772262239,0.0003306112783816887,0.03189381429990847,0.001
591,0.04299022041653332,0.029916556944188318,35.51824639972887,208.19590518349096,1.3359731871893796,0.0315414080208345,53.85343407830871,239.8050412357132,2.215169675483407,0.0004014725108849087,0.03395543698579311,0.001
592,0.04336529009436306,0.030044429984531905,36.99325621755499,210.92731676603617,1.334465232770325,0.03151895629801467,42.94463570580851,220.53854440502695,2.213592879180591,0.00032014839946470705,0.03122737791038648,0.001
593,0.042197568047987785,0.029721591131467568,33.0106201171875,200.00361954538445,1.3485057005987198,0.0318531817989447,52.678397839556915,218.49948016966013,2.237065711907159,0.00039271272133339235,0.030938654550789018,0.001
594,0.04262982328471385,0.029796257026885684,36.189119037828945,202.38764873303865,1.3406055031292028,0.03166063257226153,49.76725283549834,226.1918959328924,2.2235428784399716,0.00037101039697223884,0.03202786992912718,0.001
595,0.0431507686643224,0.029925581557970298,38.51144469411749,206.73657949347245,1.338631487873165,0.03159864753179562,57.08519713851848,248.33302187443206,2.2191896364451,0.00042556501403857687,0.035162965016488065,0.001
596,0.04282642195099279,0.029736304067467387,35.473899941695365,208.59150454872534,1.332082754490745,0.03145893880115469,46.15067283940583,225.54496373617337,2.209377818808054,0.0003440491181476408,0.031936266911415045,0.001
597,0.04321613300003504,0.029784699803904482,39.781945077996504,208.9557567395662,1.3271369689906782,0.03134583530054852,45.12612221954191,219.25005080195305,2.2014345004701945,0.0003364111853597829,0.031044932357447628,0.001
598,0.04258930663529195,0.02980998050617544,33.9928304772628,204.5972691586143,1.332049364491579,0.03145598761943998,43.091227939012974,228.91827223288846,2.209170555763965,0.00032124123138802034,0.03241391393461195,0.001
599,0.04297769638268571,0.029961352089517994,35.59691539563631,206.93151614540503,1.3589113680643148,0.032092227868181014,57.8122258852367,229.97629773217412,2.2538540430833067,0.0004309849480024174,0.03256372612365198,0.001
600,0.04280125702682294,0.029767203781949848,37.327383643702454,204.68998316714638,1.3193671381377317,0.031157615721871618,47.02924145779039,224.85005453299166,2.1882157404598,0.00035059876823485044,0.031837870541022266,0.001
601,0.042954222740311375,0.029819923011880172,37.879736850136204,205.86638440583883,1.3311725141777777,0.03143847316876831,45.127588149792324,223.9090547896318,2.207940506681026,0.00033642211373804677,0.03170462873207341,0.001
602,0.042356564810401516,0.029584983363747597,33.85814616554662,204.6444131951583,1.3260498629443662,0.03131542784050855,44.456996188460984,226.14328021436222,2.1992989685578426,0.00033142291093691347,0.03202098613736632,0.001
603,0.04204811979281275,0.02952798789269046,33.04105417351974,200.84104839124177,1.320440613988694,0.031185976952056618,44.44731879715465,220.6914268680993,2.19020756457316,0.00033135076685449674,0.03124902545713669,0.001
604,0.0424100199812337,0.02962926245833698,34.97697368421053,203.1496935392681,1.3223849374963037,0.03123124994175348,49.89972089552621,221.69662986184247,2.1933871104523015,0.00037199793445395464,0.03139135819016054,0.001
605,0.042532594188263544,0.029706831531305062,35.986656289351615,202.5352743048417,1.326099011619973,0.03132055089498374,44.07962968134005,220.27568676595197,2.199658763368264,0.00032860967754278284,0.0311901583175295,0.001
606,0.0421208670656932,0.029476662901671308,33.661727503726354,202.39150278191818,1.3234067768449198,0.031251215082369665,50.3039530947403,228.05059597228887,2.19478927277906,0.00037501144916804,0.03229105443825175,0.001
607,0.04197245855864726,0.029392890043948825,32.84124012997276,202.32951274671052,1.306234423496763,0.030851771572656807,41.203502543535016,216.50690670527288,2.1667361449922438,0.00030716840822725926,0.030656514098858067,0.001
608,0.042207555159142145,0.029535287402962383,32.89824887325889,204.09797588147615,1.3211539532439074,0.03119828820284869,47.47908006708479,227.40219444777765,2.191072190191771,0.0003539522746371309,0.032199243369587044,0.001
609,0.04205061201202242,0.029495654137511002,33.13513906378495,201.39645225123354,1.3308103545758112,0.031430920340637054,45.25592847225479,222.3522489255531,2.207410067588724,0.0003373788793071999,0.03148419123357696,0.001
610,0.042193895107821414,0.029455150134469334,34.91083767539576,202.40865125154195,1.3104951613425275,0.030950307623862937,42.174437386649,220.2904517673121,2.1736563836965375,0.00031440664021825535,0.031192248982807824,0.001
611,0.0414343660599307,0.029222001762766587,30.35450383236534,198.71554003263773,1.3219035567379405,0.03122101426539358,45.491491698687824,220.1607812459953,2.1926682535177746,0.000339134981988613,0.031173888154391545,0.001
612,0.04223223246241871,0.029412426250545604,35.96912313762464,202.4424366198088,1.3094347944107947,0.030922677457919236,48.150023209620855,223.64549791605504,2.1717159026093698,0.0003589540954625824,0.03166731013040101,0.001
613,0.042615835799982675,0.02934969853805868,37.56125369824861,208.98086949398643,1.310120252018901,0.030940778259432734,49.96402829143017,220.82111298041264,2.17298713142034,0.0003724773403106822,0.03126738849317587,0.001
614,0.04122749598402726,0.028994867578148842,32.06698156657972,196.55208949038857,1.3235179962467043,0.031260715613297387,44.34279387660168,218.15522576648846,2.1954565000632122,0.00033057154296612913,0.03088990950091958,0.001
615,0.04155040120607928,0.02916246231057142,34.35245764882941,196.23009129574424,1.3139450291784756,0.031032582952904172,53.22168832565233,219.10584222399368,2.1794346233303603,0.00039676290307807824,0.03102451299821949,0.001
616,0.04221981999121214,0.029322624108509013,36.12109957243267,203.76227609734786,1.295441216196539,0.030593858180931115,45.57236596189113,218.91921684279546,2.148622751833814,0.0003397378923520818,0.030998087588901276,0.001
617,0.04130807342497926,0.02894524994649385,32.81273390117445,198.0373703806024,1.3184743839488948,0.031139087993720144,50.42592248140148,220.715357400371,2.18691452836649,0.0003759207199833933,0.031252413925020435,0.001
618,0.04167219643530093,0.029189219992411763,34.041323611610814,198.59753096731086,1.2970792615823141,0.03063556281359962,45.33231830909791,214.71854478680763,2.151551690121966,0.000337948358675199,0.030403289186999142,0.001
619,0.04182176488010507,0.02927331146048872,34.936710959986634,198.56400901392885,1.300287004267038,0.03070150710622339,66.96237747369864,228.72710483853274,2.1561829924783757,0.0004991985057089814,0.03238684539435385,0.001
620,0.04225835615867063,0.029152863021743924,38.90519232498972,203.7520751953125,1.3085293897710912,0.03090030120972528,48.82495781299027,224.93389767583173,2.1701444069292277,0.00036398567226980725,0.03184974239550342,0.001
621,0.04195838519617131,0.02931533116651209,34.59885607267681,200.96279345060648,1.2936241629056835,0.030551499111157714,44.94455339875654,217.81828951131683,2.1456478520835636,0.0003350576061196342,0.03084220067160659,0.001
622,0.041437263747579174,0.029122713953256607,32.310183575278835,197.82572776392885,1.302321895182466,0.030759811590242627,48.207578124908984,214.81432706819803,2.1602777470580956,0.00035938316218320964,0.030416851575860313,0.001
623,0.04202239274194366,0.029017694392486623,39.108050095407584,201.43189199347245,1.2937211799282695,0.030549470765955204,45.77474995381861,224.21854983211358,2.1455054003331204,0.0003412466468222961,0.031748451995163504,0.001
624,0.04156843827743279,0.029181752255872676,31.543277037771123,200.41880316483346,1.334777633194092,0.03152472709970074,52.89595611849864,222.459196029073,2.213998165618336,0.000394334598749483,0.03149933451670258,0.001
625,0.042294252663850784,0.029095919508683055,40.121287396079616,203.7847257915296,1.2984145246804517,0.030661826877556544,48.05034835865489,222.6455742539913,2.153396229148058,0.00035821102840707773,0.03152572492967774,0.001
626,0.042695406040078716,0.029340478738671856,42.08080623024389,203.97733909205385,1.290196691231388,0.030463802409623583,48.528229259593736,227.0903168437566,2.139488866608026,0.000361773587573219,0.03215508274528971,0.001
627,0.0415902894578482,0.028907251789381628,35.911562166715925,199.79342089201273,1.2999640308307794,0.03069995075111681,45.02831571620506,220.79298430762407,2.1560736888406278,0.0003356820466679323,0.03126340558534605,0.001
628,0.041233814468509274,0.028815739739098047,33.73987970854107,197.75167686060854,1.287666129622648,0.0304091787486987,44.674873631165724,219.2134260220655,2.1356526181702655,0.00033304716769017197,0.03103974643475317,0.001
629,0.04126104869340595,0.028984862428746726,32.64039993286133,196.5631288227282,1.289062314076898,0.030444036755543816,48.07542583527391,216.46817206824463,2.138100714325646,0.00035839797874139174,0.030651029428811087,0.001
630,0.041357696644569696,0.02893868206362975,34.501365159687246,196.62825092516448,1.2871391185769148,0.03039823856102163,46.2137684263189,216.80147849125706,2.1348842830353743,0.00034451949007725466,0.030698224288373835,0.001
631,0.04073115967606243,0.028711083688234027,30.887140876368473,194.0708136307566,1.2779440665833801,0.030184204207137206,40.67105014367563,210.87826251993124,2.1198525377840753,0.0003031990234413716,0.029859520541233243,0.001
632,0.04075055510589951,0.02872198075056076,31.40966144360994,193.4569854736328,1.2831878471195333,0.03030518247369199,45.12405649593424,215.79792121684696,2.128348905076483,0.0003363957855759481,0.03055612458264091,0.001
633,0.040790307874742304,0.028622073170385863,32.6152622825221,194.44180619089227,1.2858385456151031,0.03036631038926304,45.45132537873653,218.4245187463788,2.132641950739158,0.0003388355456833923,0.030928040312358174,0.001
634,0.04103268486888785,0.028574922759281963,33.24331042641088,199.29026955052427,1.2849059569796042,0.030343290021007347,47.269991884839285,219.65122379219926,2.1310252181682854,0.0003523935410306463,0.031101736852134285,0.001
635,0.04135230909052648,0.028844334773327176,34.73574849178917,198.05586644222862,1.29182810335565,0.03050573811102416,52.59290284595666,222.084948007197,2.142434032974769,0.00039207536384011025,0.03144634249010303,0.001
636,0.041280407262475866,0.028910050462735325,33.96921268262361,196.45333059210526,1.2890630120866657,0.030442284719555762,41.44136561374681,219.44908656480476,2.1379776679166675,0.00030894165603734063,0.03107311502728895,0.001
637,0.040511441073919595,0.028649871286592986,29.841977972733346,192.46843518708883,1.2791917200926866,0.030211838049856138,43.60140859124343,213.66226795172642,2.121793277093101,0.00032504458229704546,0.03025372460183307,0.001
638,0.04037476723131381,0.02858952177982581,29.971213892886514,190.74809345446135,1.2913204681180934,0.030498769142800978,46.40711759693735,214.8548092195985,2.1419445986709102,0.00034596089076663,0.030422583686969592,0.001
639,0.0404548772463673,0.028704143864543813,29.898167359201533,190.16742425215872,1.2779973459274532,0.030185308603314143,43.285047793367035,210.97870765001142,2.119930100108473,0.0003226861409823412,0.029873743170863512,0.001
640,0.04022221286830149,0.028383988004766013,29.98553557144968,191.78619625693872,1.2823407874318093,0.030289613225254083,42.0794428207135,209.2137554808466,2.127255468569561,0.0003136984642670043,0.0296238329860976,0.001
641,0.040306521285521354,0.028391025274207716,32.05562902751722,190.22648459986635,1.2776033332991241,0.03017659781837525,48.04938021131865,209.77604814091976,2.1193183371005073,0.00035820381095569997,0.02970345138314339,0.001
642,0.04041250520630887,0.028311970104512415,32.643663807919154,193.0452053672389,1.2652454646717073,0.029882673013783886,42.03979936078856,211.06802398199258,2.098675843475204,0.0003134029258362871,0.029886390007088308,0.001
643,0.040522784975014235,0.028386764914581652,33.613851045307364,192.2996272036904,1.2663706988396881,0.029905953877565224,56.230486681997235,215.41347563656652,2.1003108707838587,0.00041919322440376537,0.030501688622460877,0.001
644,0.040977749777467626,0.0286553451105168,34.508547130383946,194.68526498894943,1.2629436664604543,0.029824955534633983,43.63331319162558,215.5859210534555,2.094622314556211,0.00032528242822541426,0.030526106205412802,0.001
645,0.04058524240788661,0.028526905924081802,31.758956106085527,193.52829862895766,1.275010678178244,0.030112220639351265,42.48287770079504,214.30973241760333,2.1147970939564824,0.0003167060350386169,0.030345402986734132,0.001
646,0.04009167085352697,0.028249982156251605,30.48659224259226,191.10387862356086,1.2732496984911505,0.030074610456621353,43.80070743130362,208.02019083804478,2.1121557110411207,0.00032653033723737237,0.029454828995154423,0.001
647,0.04081417973104276,0.028458103831661374,35.54442777131733,193.80488345497534,1.2802939755647302,0.03023638422206046,50.01274109341797,215.72312897969363,2.12351716767783,0.00037284048987135544,0.030545534300290715,0.001
648,0.0408440842048118,0.02840579438366388,34.36844323810778,197.213134765625,1.258200717202821,0.02971378136924323,44.30515496822531,213.49338697825408,2.0868144944453237,0.0003302909482870441,0.03022981172984635,0.001
649,0.041039341570515385,0.028643283894971797,34.92066513864618,195.54016273900083,1.2599753166651448,0.029756102246921264,45.10383167905852,213.1430292991322,2.0897867119446283,0.00033624501138387945,0.030180202480455224,0.001
650,0.04136999363177701,0.02882064594642112,35.73897010401676,197.37849747507195,1.2964655899019795,0.030616919998828002,54.614514878118754,220.30011251183933,2.1502423954347893,0.00040714629984406266,0.031193616905685256,0.001
651,0.0409065702635991,0.02829018029335298,35.80425162064402,198.62142542788857,1.2732998668373419,0.03007281233058178,43.58864996212592,212.4784563889216,2.1120294277035816,0.0003249494678636779,0.030086101608101417,0.001
652,0.04037680967073692,0.028410613634868673,31.312718140451533,192.3548479582134,1.2718936586885012,0.030042223295322624,41.4356623026803,208.45194244460612,2.1098811436680807,0.00030889913836593455,0.02951596329989866,0.001
653,0.04024476636397211,0.0283888644097667,31.87262093393426,189.3091109426398,1.2714608148043405,0.030028767366036706,49.11742263689277,212.78514873209974,2.1089361266767677,0.0003661659712462275,0.030129528020153257,0.001
654,0.04056311692846449,0.028325049892852183,34.51197353162264,192.99338651958266,1.2543861885479093,0.02962706601931402,43.42926043935082,207.87232709217764,2.080724429809172,0.0003237612332967937,0.02943389207873514,0.001
655,0.039926124834700635,0.028243966106521457,29.711896996749076,189.07533103541323,1.2468225359251581,0.029446010778652814,46.68973514561815,210.02100833233337,2.068008825025925,0.000348067779191313,0.02973813676882466,0.001
656,0.04022853292132679,0.028191325793925085,32.18105506896973,192.4725735313014,1.2566397934116842,0.029670995542449403,50.61516722282746,221.7065691994867,2.0838096233250627,0.0003773315225220313,0.031392765560711716,0.001
657,0.04033810155172097,0.02820781265434466,33.28614214846962,192.67657631321958,1.2624089016710163,0.029817957695133228,42.346671577997434,207.18281489189368,2.0941308526073428,0.0003156906306349174,0.029336259902417946,0.001
658,0.039866284124161065,0.02788862556611237,33.734210666857265,188.95185771741365,1.2525846748326526,0.029582209861418376,41.817454615576935,211.08754466203112,2.0775741582466756,0.0003117453657443462,0.029889154057491724,0.001
659,0.04028673156311637,0.028253869300610142,31.9554702357242,192.72404319361635,1.2508794993780705,0.02954197598402561,44.575194759958606,210.59673377512132,2.074748511875128,0.0003323040706641308,0.029819657194304326,0.001
660,0.040191005719335454,0.02818628459384567,32.4696582994963,191.38993514211555,1.2458077412485211,0.02942592899745306,41.31235540860073,204.35119226616672,2.066598470969632,0.000307979896552988,0.028935313437156152,0.001
661,0.03961882622618424,0.028108513668963785,30.076244053087738,185.0918900339227,1.2607012586195276,0.029774257002370783,46.23218103066177,211.7040336374521,2.0910617299689034,0.00034465675438776665,0.02997644643654045,0.001
662,0.039863936407001394,0.0280120902155575,31.70296317652652,189.48248531943872,1.26148225892596,0.029793280581141432,43.17080921325168,211.13703993848404,2.0923977659120068,0.0003218345026349677,0.02989616239114489,0.001
663,0.039968175323385945,0.028160164622884048,31.865741629349557,188.3616035862973,1.240531456283536,0.029298176082912717,47.548079141293904,207.80151241889163,2.057626316585863,0.00035446665653395085,0.029423865003557564,0.001
664,0.039488172060564944,0.027796134058582157,31.808809681942588,186.1275506270559,1.240133168293738,0.02928689202342454,43.87215604212308,210.72122764871827,2.056833831152807,0.00032706298020946615,0.029837285030058967,0.001
665,0.03980278047291856,0.027937592742474454,31.53605842590332,189.99967715614721,1.2561075262829604,0.029670638171599487,44.855214417128884,203.74631250026698,2.083784524982303,0.00033439159204109276,0.028849664875853383,0.001
666,0.039201319217681885,0.027572007653744596,29.573679171110456,188.22571041709497,1.2549140846055418,0.029641600755487833,38.857592664142764,205.12659407851828,2.081745211975653,0.00028967986091902605,0.02904510723983144,0.001
667,0.03934381666936373,0.027959577151035007,27.743805835121556,186.06907171952096,1.2426944454927202,0.02935421457050311,40.15914043544455,201.18545412085783,2.0615619290445135,0.0002993827825752636,0.028487057547485768,0.001
668,0.03918236572491495,0.027827319345976178,28.819352501317073,183.87190085963198,1.241624879646813,0.02932802755068993,42.95199489811564,202.23587084977927,2.05972280086916,0.00032020326158193685,0.028635792365002202,0.001
669,0.03946479606001001,0.027946911262054192,29.594156967966182,185.96645796926398,1.2417563790655695,0.029330304677437358,37.29990752277323,203.78860859842942,2.0598827246783573,0.0002780674581897147,0.028855653834586274,0.001
670,0.03913945410596697,0.02760285393972146,29.425125624004163,186.5943065442537,1.2417008597337105,0.029329589586873477,41.99452640849348,202.6449954272478,2.059832503491932,0.0003130654200459108,0.028693722772711677,0.001
671,0.039446255486262474,0.027849471000464338,30.406056052760075,186.3266143798828,1.2424561285191371,0.029342299869252738,45.737710693553545,210.20516167138297,2.060725153308794,0.00034097052246598645,0.0297642121468384,0.001
672,0.03994128009990642,0.027723510602587147,34.47020380120529,192.65008464612458,1.2493814043432092,0.029507926673671813,41.61802775542937,208.51668339778703,2.0723572108996917,0.000310258656425774,0.02952513036054429,0.001
673,0.03945110228500868,0.027799256342022044,30.600334067093698,187.13642321134867,1.2433109841981997,0.02936685726510233,39.3067961318413,204.1893410482159,2.0624498321360334,0.00029302863239779383,0.028912395950501647,0.001
674,0.039444584987665475,0.02782306202540272,29.81656134755988,187.70561539499383,1.2407141348589186,0.029300810247200458,43.38107631215756,210.5520226804432,2.057811315329311,0.00032340202495919826,0.029813326281700962,0.001
675,0.03908026257627889,0.027702058126267633,29.024872227718955,184.0267888119346,1.2364320159422006,0.029203407446413015,38.601341849779416,204.52775476798703,2.0509706653979896,0.0002877695341289246,0.02896031398290665,0.001
676,0.040004342794418335,0.02794031779232778,33.47473776967902,191.06840193899055,1.253634147149835,0.029604725018239943,43.30992568611731,214.56561886978642,2.0791554095527984,0.00032287160343685156,0.030381635487343163,0.001
677,0.039589967970785345,0.027809423933687964,31.671396456266706,188.10379028320312,1.2359078027491117,0.029182180137150283,46.763902603317796,217.172872122956,2.0494798603033075,0.0003486206909225376,0.030750812144713695,0.001
678,0.0397510150153386,0.027712558543211536,32.795983967028164,191.5751599763569,1.2287407419754728,0.029019680373775805,42.0861857825997,206.13371677931502,2.038067416449736,0.0003137487324418307,0.029187711795714198,0.001
679,0.03915102858292429,0.027534570937093935,30.21981480247096,186.99944024336966,1.2289864679637275,0.029021781235296314,44.34760703399625,211.5656312873674,2.0382149610593343,0.00033060742462191496,0.029956849216011765,0.001
680,0.040402950228829136,0.0278154697857405,38.666699961612096,193.7495574951172,1.2366618083203782,0.029207275185087044,50.902735210600355,206.23935769317472,2.0512422987194237,0.0003794753160252168,0.0292026701275958,0.001
681,0.03936058125997845,0.027729036286473274,30.548833144338506,186.8076565391139,1.2316405933548948,0.029089167951139118,40.28662445298933,205.23132654150814,2.042947565557104,0.00030033316446821727,0.029059936938694707,0.001
682,0.03905296011974937,0.02763411373292145,30.250778198242188,183.0007637425473,1.237597139134664,0.029228977713845385,44.489804539887636,207.3122824450731,2.052766478729239,0.0003316674942480928,0.029354591991355837,0.001
683,0.04035659153994761,0.027505907965333837,40.10980284841437,196.84897573370682,1.242456662029509,0.0293362569876807,52.32557351703684,218.86882303770545,2.060300758557549,0.0003900824477196906,0.03099095202717834,0.001
684,0.03989777910081964,0.027731538113010556,34.86515075282047,191.02710121556333,1.2414885494928811,0.029317340481286022,46.99264052364791,213.1111921110759,2.0589722423637284,0.00035032591156038936,0.030175694461660955,0.001
685,0.039788483004820976,0.02761251097054858,34.886852967111686,191.18916642038445,1.2239858789091456,0.02890597076966021,45.95789980411956,207.22468895309666,2.0300815311436105,0.0003426120124953857,0.029342189102401356,0.001
686,0.03906536710105444,0.02756679283553048,31.16762964349044,183.22003976922286,1.2207943810740727,0.028829153877880098,43.370024027579326,208.96538311535184,2.02468664042967,0.0003233196311710104,0.02958866445018146,0.001
687,0.03898402970088156,0.027456297196055714,31.14574663262618,183.83602985582854,1.2432444410004955,0.029364474531059795,44.221188117168644,205.12630005064844,2.0622824914709534,0.0003296649829590801,0.029045065606658278,0.001
688,0.03917133239539046,0.027380762033556636,31.96353310032895,187.8661177785773,1.2208230820578663,0.028834671548701313,39.30645359485663,201.9826418539795,2.025074149353634,0.00029302607881535913,0.028599936149613456,0.001
689,0.039073728809231205,0.027409704892258895,31.610245453683955,185.8651018644634,1.2151402575411987,0.028692521772614315,48.91509283384161,212.32196217851785,2.015090895810968,0.00036465762074921587,0.03006394265234042,0.001
690,0.039458218765886205,0.02735732672245879,34.536399138601205,190.2132383647718,1.2159894963286355,0.028719975489640476,40.845990794282606,201.8843898604435,2.0170189847978475,0.0003045031902685584,0.028586024059366943,0.001
691,0.039218335363425706,0.027403688254325015,31.95739866557874,188.35684766267477,1.2113503729242938,0.028608277823747492,42.86589536582491,204.1661084701579,2.0091743989713375,0.0003195613973070512,0.02890910631014963,0.001
692,0.039066540567498455,0.027401680714989964,30.81285295988384,187.07792342336555,1.2247641477807658,0.02892610394423756,40.58778314754472,205.03174420940863,2.031495494583844,0.0003025782754689784,0.02903167687682878,0.001
693,0.03889064000625359,0.027519788887155682,29.426408868086966,183.2774079975329,1.20983315953937,0.028571213481410597,40.873368235655484,205.8464662616539,2.006571350713879,0.0003047072866333991,0.02914703826858016,0.001
694,0.0380830486354075,0.026866177979268525,27.875493099814967,182.52417714972245,1.2307313571071814,0.029071460851962647,41.0152656080377,199.43401256803608,2.0417039866683435,0.00030576511879124116,0.02823906041208492,0.001
695,0.03864090144634247,0.027371752418969806,28.85359794215152,182.102588854338,1.2264639712202565,0.028970042748193592,39.78077235356016,199.71801715793566,2.0345813398966506,0.0002965620825312897,0.028279274328799592,0.001
696,0.03803016813962083,0.027088560458076626,27.710643868697318,177.26619278757195,1.2276651613783611,0.02900006133296023,41.81627309207403,197.35999395558392,2.0366895608940156,0.00031173655759282343,0.02794538765216467,0.001
697,0.038643514835520795,0.02720485147284834,31.31174790231805,181.80565281918174,1.215803505238211,0.028712954592522266,40.698979844676295,205.7713948276458,2.0165259035003777,0.0003034072368521022,0.029136408453069366,0.001
698,0.0385461694707996,0.02713792829921371,30.359046132940996,182.62624640213815,1.2125191732144394,0.028639064327908956,40.82551916395294,199.7362882388682,2.0113365513517123,0.0003043505761043733,0.028281861440955663,0.001
699,0.039357835132824745,0.02723066734248086,35.99988114206415,188.5435477808902,1.2191733300419239,0.028792784852700225,41.4678357582536,205.93968193098948,2.022132424661873,0.0003091389885855895,0.029160237235415484,0.001
700,0.038904214768033275,0.0272158973507191,31.427555887322676,186.62502650210732,1.2129575901297904,0.028644314850344906,47.89855709771819,207.032502719429,2.0117052983040637,0.0003570794381992921,0.02931497629856199,0.001
701,0.03883563687926844,0.027227650739644702,31.76996020266884,184.5047792133532,1.2144888694004738,0.0286834037114901,43.72963994966016,203.16079348761255,2.0144505295822874,0.000326000535549031,0.028766757719958236,0.001
702,0.038951793195385685,0.027141535360562175,33.454448097630554,186.02349451968544,1.21972612127063,0.028808931260782558,42.322506598656425,201.38921791483955,2.0232663953941983,0.00031551048288579875,0.028515909687669642,0.001
703,0.03868701210931728,0.0270129886308783,32.23442368758352,185.12882834986635,1.2126668882199303,0.02864156664232573,43.224727183500406,201.10265848122057,2.011512290209372,0.00032223645625720275,0.02847533401527846,0.001
704,0.03941755702621058,0.027391081577853152,35.22939682006836,187.6854143644634,1.2131423183956584,0.028644511225251034,48.98184174369754,213.20634195138334,2.0117190898170105,0.00036515522787302013,0.0301891672993883,0.0005
705,0.03750419087315861,0.02680749652024947,25.404691896940534,175.82684486790708,1.193294970647812,0.028189964945024307,34.40592772349862,189.48389677598942,1.9797960654739968,0.00025649309888747373,0.02683016371818227,0.0005
706,0.03709510988310764,0.0267752085469271,24.31811603746916,169.92085988898026,1.2007931945698695,0.02836752586782968,35.884959350109625,189.97474786455226,1.9922662624762837,0.00026751914673337846,0.02689966627376333,0.0005
707,0.036923669474689585,0.026762363451876138,23.94613296107242,167.30693776983964,1.2003035027071163,0.028357913120447824,34.623620267345274,187.0528348078369,1.9915911541715337,0.0002581159772363633,0.026485935043744097,0.0005
708,0.03681970799439832,0.026685901084228567,23.242162403307464,167.812888697574,1.195378413656219,0.02824040559787188,34.06991210810078,188.0170423578038,1.983338539054305,0.0002539881326746571,0.026622462985506364,0.0005
709,0.03679375487722849,0.026730324582833993,23.10286642375745,166.6143156352796,1.1967333842116457,0.028274250002815846,34.24062023775302,185.49471903003723,1.9857154494150326,0.00025526074643853137,0.026265312066691488,0.0005
710,0.036854156930195656,0.026819509405054544,22.794247978611995,166.50158048930922,1.1869484854395997,0.028040192239871614,36.452728533533865,188.12907628409135,1.9692774496135315,0.0002717518149665862,0.0266383265424388,0.0005
711,0.03692365222071346,0.026690618184052016,23.9455028333162,168.74241959421258,1.2072139745736197,0.028515662659096285,39.64460960317646,196.0815432569665,2.0026699872440696,0.00029554700146503773,0.02776436413442437,0.0005
712,0.03680188385279555,0.026477943419625883,24.736940383911133,169.3734090704667,1.1923246817857323,0.02816893184119255,37.12938953562349,186.37470154876513,1.9783188995288803,0.00027679626192110714,0.026389914080099098,0.0005
713,0.036838495417645105,0.026659634846605752,23.750831704390677,167.95096788908305,1.1955003695970046,0.028243340194100876,35.41527480275129,187.88607423112813,1.9835446372910093,0.0002640176906465188,0.026603918421348884,0.0005
714,0.03687157913258201,0.026766617439295117,23.4830611379523,166.8746466385691,1.196118199883699,0.028260228514540964,35.03149747673116,184.59350670885524,1.9847307129184517,0.0002611566651736779,0.02613770399796604,0.0005
715,0.03671122499202427,0.026685505419185285,23.51571354113127,165.240822239926,1.1901500420536508,0.02811739201772188,34.85039089872984,186.39446060509837,1.9746992306175692,0.0002598065319119395,0.02639271188363469,0.0005
716,0.03672709943432557,0.026668105568540722,23.324906499762285,166.19252897563734,1.187898311693747,0.02806382051965614,33.72572209970391,186.65432644146364,1.9709368761308241,0.0002514222270967202,0.026429507849165656,0.0005
717,0.03687012626936561,0.02674275852347675,23.740753776148747,166.93621344315378,1.201755121935538,0.028393326030003645,33.8386730312033,185.65975924843715,1.9940782214361554,0.00025226426613939127,0.026288681103085063,0.0005
718,0.03700556998190127,0.02676589875236938,24.432580445942126,168.14456096448396,1.1985358364851053,0.028311864454871393,40.251652062371804,192.85651834353098,1.9883571321673794,0.00030007244843936666,0.02730771347494914,0.0005
719,0.03711941230453943,0.026749608057894204,25.56529557077508,169.04814629805716,1.1872564654432518,0.028048460807409446,35.120264444143565,186.7710992919485,1.9698581554608223,0.00026181841493765534,0.026446042418855512,0.0005
720,0.03683414976847799,0.026700269234807866,23.29496955871582,167.73516042608964,1.1946448549753186,0.02822278701017078,34.771628133226,188.29292166755693,1.9821011763730152,0.0002592193625740457,0.026661526394973215,0.0005
721,0.036785084950296504,0.026582484966830203,23.73388661836323,168.45117107190583,1.1864605022812555,0.028028930410652395,35.295553656218836,187.71581189657778,1.9684865254239579,0.00026312518025926076,0.026579809954145325,0.0005
722,0.036531302489732444,0.0264583084928362,23.715435128462943,165.88672999331826,1.1833209526281794,0.02795621803327943,35.37761364974847,185.0428941292274,1.9633798969157281,0.0002637369301357428,0.026201335463576707,0.0005
723,0.036548764297836704,0.02646851343543906,23.866588391755755,165.80513402035362,1.1854163569715732,0.02800452004951847,35.75620937186238,187.14303311572561,1.966772172922137,0.0002665593272171683,0.026498706764238204,0.0005
724,0.0364377555486403,0.026437843120411822,23.260793987073395,165.10705646715667,1.187979655914677,0.0280667812036572,34.66166923311338,185.07202563165896,1.971144806525482,0.00025839962885644904,0.02620546036808255,0.0005
725,0.03662980073376706,0.026601513749674746,23.481986296804326,165.34276620965255,1.181495490575929,0.027911750085519292,36.14171596473628,186.70971727167378,1.9602568895552397,0.0002694332442189832,0.026437350969706824,0.0005
726,0.03670130983779305,0.026631181667509832,24.139967667429072,165.19261570980674,1.1902036648366119,0.02811801286981077,35.47467812108572,187.33129211268022,1.9747428333863282,0.00026446053704572777,0.026525363487029188,0.0005
727,0.03658612052861013,0.026504804625322943,23.257896322953073,166.73946742007607,1.1851547371134183,0.02799972955580793,33.22077607828837,185.16641537978904,1.9664357340291372,0.0002476578998899489,0.026218825579790446,0.0005
728,0.036627299103297685,0.026619445630594304,23.070825877942536,165.5508350573088,1.1924325469013402,0.02817301259432864,33.634446398663655,184.29554513259464,1.9786054929680263,0.0002507417749490238,0.026095513827672834,0.0005
729,0.03664004626242738,0.02644946916322959,24.08003927531995,167.69149057488693,1.1867563492640991,0.028036874748684205,34.69471628735371,186.37332341116127,1.9690444604625024,0.00025864599167565056,0.02638971894131334,0.0005
730,0.03675154047577005,0.026641524837989556,23.956168124550267,166.2660578677529,1.1899583342784925,0.028109098426039952,36.367272374833576,191.88573700567045,1.974116767311476,0.000271114746983993,0.027170254711051403,0.0005
731,0.036828781036954174,0.026615338988210026,24.191097560681794,167.9821986148232,1.1803661137861745,0.027884164894150982,36.60270557390292,187.85132368076202,1.9583195670561577,0.0002728698803230962,0.026598997882076238,0.0005
732,0.036628781180632744,0.02650654982579382,23.828033848812705,166.7025813052529,1.179920001984657,0.027875639747104962,34.45308249451102,184.89674128968431,1.9577208414950507,0.000256844633467256,0.026180640804666176,0.0005
733,0.036324826118193175,0.026370995628990625,23.23305802596243,164.2270299008018,1.1851763012104188,0.028000411193938958,35.4165681997698,184.79801261637152,1.9664836058336082,0.00026402733280504547,0.02616666121846528,0.0005
734,0.036619831856928374,0.026518367524994046,24.072722685964482,165.9202214291221,1.184353386278514,0.02797932904471056,36.87576349692454,187.03238672290033,1.9650029954044883,0.00027490550259767765,0.026483039676507586,0.0005
735,0.037191732149375115,0.026750255572168452,25.714350850958574,170.25800604569284,1.1778141301315832,0.02782450784051474,34.197313682828444,186.63132089458813,1.9541298208008098,0.00025493789996381886,0.026426250355523196,0.0005
736,0.036494213891656774,0.026400148966594747,23.99958660728053,165.88192829332854,1.1813820403016024,0.027908711982586355,35.45010672081108,187.26063119987094,1.9600435219882753,0.0002642773594650767,0.026515358183721593,0.0005
737,0.03648088911646291,0.026449934530415033,23.501134972823294,165.3673963044819,1.174920243195824,0.027755929748021723,34.890992440029244,186.44925734674212,1.949313545294254,0.000260109212753194,0.026400470883605344,0.0005
738,0.0364187275500674,0.02643664416513945,23.094416166606702,165.0000409578022,1.1888988361479798,0.02808858233576492,34.54711916603356,185.0963215299387,1.9726759115003876,0.0002575456684017509,0.02620890057033518,0.0005
739,0.0367320591681882,0.026594937631958408,24.197294837550114,166.4464874267578,1.1800688690800336,0.027879323586280855,35.3819558951096,184.62312425961727,1.9579795594580027,0.0002637693011846434,0.02614189772497608,0.0005
740,0.0363375193586475,0.026382032095601683,23.305810326024105,164.15102266010484,1.1772120522471055,0.0278120162662662,34.95113581190859,183.91839409993247,1.9532525309710045,0.0002605575761850668,0.026042110746329356,0.0005
741,0.036311069405392596,0.026417411079532223,22.858516291568154,163.5853954114412,1.1791076382599337,0.02785568903805378,34.96074186280134,185.8702375952583,1.9563196927046929,0.0002606291884311121,0.026318483997159064,0.0005
742,0.03637578671700076,0.026370101363251085,23.756756029630964,164.47856461374383,1.1745330074989768,0.027747827073856736,37.44022204532504,184.69767157341025,1.9487444902257947,0.0002791134903443323,0.026152453327155725,0.0005
743,0.03622798072664361,0.026257488876581192,23.450292486893503,164.2343958804482,1.1744227863168257,0.027744956727126967,34.75210461577171,185.2181074592036,1.9485429042652151,0.00025907381650613323,0.02622614497197745,0.0005
744,0.036440740682576835,0.026374637688461103,23.924836710879678,165.43479678505346,1.1784603869184902,0.027840809933807897,37.734201613116284,185.0084149453284,1.955274725387379,0.00028130508160030294,0.026196453348713025,0.0005
745,0.03645766251965573,0.026342470394937617,24.45839450233861,165.6162438643606,1.1822377547877403,0.027929310210716513,37.06748992968463,186.74255019317908,1.9614901463841319,0.00027633480592216525,0.026441999980384365,0.0005
746,0.036655997955485395,0.02648400515317917,24.82647695039448,166.20015515779195,1.1773410941163882,0.027813375273202615,36.1916181509532,186.387604542501,1.9533479747429607,0.00026980526053218656,0.026391741092527482,0.0005
747,0.036370417397273216,0.026267178846817268,24.349454076666582,165.5405915912829,1.1741258237132166,0.027737151948046834,36.818831730012164,186.23636310841718,1.9479947705252523,0.0002744810813921851,0.02637032590893413,0.0005
748,0.03658791964775637,0.026374461815545435,24.641992970516807,167.3061651932566,1.1734221436863557,0.027719235266756497,36.56740549551894,188.0610478468782,1.9467364725743985,0.0002726067214113982,0.026628693987171697,0.0005
749,0.036503838865380535,0.026249971926996584,24.729665956999128,167.98283627158716,1.1706647878323053,0.027651489924597615,35.891865322705776,191.5331079650084,1.9419786815618199,0.00026757063013839677,0.027120323845929217,0.0005
750,0.03649054232396578,0.02635223389064011,24.4925893482409,166.02729315506784,1.1738556855515039,0.027733585353855915,33.99687151857204,182.15290064801752,1.9477442867392634,0.00025344362164436744,0.025792123918085812,0.0005
751,0.036183421352976246,0.026151901209040693,24.26383580659565,164.23466250770971,1.1757201369723678,0.02777546933227273,35.751982892835954,185.5751115143068,1.9506858205736517,0.0002665278191958883,0.02627669532168763,0.0005
752,0.03651716148382739,0.026462966380150693,23.968025809840153,165.1318672581723,1.174730003657273,0.027751015248326138,35.47893407176771,187.01327713062753,1.9489683973956997,0.0002644922647755512,0.02648033383449151,0.0005
753,0.036176486038847974,0.026133132902415174,23.996858496414987,164.87177878931948,1.1787783920755222,0.027849270476565137,35.45938728045061,183.768402727618,1.9558689137553043,0.00026434654520308336,0.026020872566494633,0.0005
754,0.03625727327246415,0.02606503959549101,25.56902584276701,165.49112741570724,1.1708121708966541,0.027656953360762057,36.819417764064696,188.5591577442115,1.9423623815573121,0.000274485450223376,0.026699224361111062,0.0005
755,0.03626322256107079,0.026097659609819714,24.435996005409642,166.65727956671464,1.1738659760744472,0.02773217294035191,35.8699686748392,184.51929835892065,1.9476450921959745,0.0002674073925965499,0.026127196391716234,0.0005
756,0.036491092294454575,0.026312363284983133,25.17396445023386,165.81364039370888,1.1796260614026113,0.02786604746493256,39.301122785811515,188.53503909605448,1.957047170472725,0.00029298633811304333,0.026695809256768562,0.0005
757,0.03632872610499984,0.02625145704338425,23.954830872385127,165.6131407085218,1.1676202928914383,0.027586509181883358,32.593769309748026,180.89020582396867,1.937415049822364,0.00024298362078377925,0.025613331369316438,0.0005
758,0.035961260626974856,0.026116521636906424,23.20435895417866,162.0882463957134,1.1680450975214876,0.027595429953351767,32.90751924068225,182.6003723447917,1.9380415602947463,0.00024532259832008577,0.02585548412487899,0.0005
759,0.03590594643824979,0.025996851979901914,22.957095095985814,163.74624071623148,1.1693373955739441,0.027623959732276094,33.872539211189384,185.7311949266782,1.9400452216747224,0.0002525167354674071,0.026298796110086384,0.0005
760,0.03648175054082745,0.026338707459600347,24.06196544044896,166.76792425858346,1.1713119091149151,0.027672572068641196,35.305556793622465,183.04520703035197,1.943459291626807,0.00026319975274955587,0.025918470941406296,0.0005
761,0.036063551902770996,0.02620531069604974,22.83799964503238,162.90782165527344,1.1676148808979703,0.02758666804686777,32.83808286958689,180.44984866084536,1.937426206993779,0.0002448049564142817,0.025550978552100312,0.0005
762,0.03611862208498152,0.02621608776481528,23.44853973388672,162.87788150185034,1.1698239829081845,0.027639912755609754,34.09820317269225,179.1638255966434,1.941165610894432,0.000254199040018479,0.025368882817607956,0.0005
763,0.036211316914934864,0.026306555851509695,23.393212569387334,163.0054024144223,1.1683578812724458,0.027601257261384706,33.13655615834169,184.9623497821593,1.9384508152029527,0.0002470300479561548,0.026189930705414245,0.0005
764,0.036087373761754284,0.026150180320990712,23.66113361559416,163.2521643387644,1.1684441320786427,0.027604588670099642,36.44161000276894,182.8769477459697,1.93868478178926,0.0002716689273190305,0.025894646098114107,0.0005
765,0.036432961296094094,0.026288390551742754,24.72766083165219,165.79992756090667,1.1662381287475299,0.027551591545950764,36.428573194656046,183.838332506425,1.934962765884806,0.0002715717390862542,0.026030774344144827,0.0005
766,0.03631986334527794,0.02621237110150488,24.78223991394043,164.97649343390214,1.1788728080318833,0.027852740458376022,35.80209206781066,181.92109788484512,1.9561126124030273,0.0002669013785916775,0.025759301571743658,0.0005
767,0.03615745764813925,0.02604912015560426,24.492510042692487,165.42799216822573,1.1636687615221637,0.02748720196040277,40.49359358360805,188.70572173826523,1.9304406514240742,0.0003018761007352776,0.026719977237859745,0.0005
768,0.036146515686261024,0.02607302191226106,25.195172460455645,163.6771240234375,1.1700695942984873,0.027643049496704406,34.90364908411223,183.1269845466678,1.9413859058713754,0.00026020356689729525,0.025930050311413735,0.0005
769,0.03618667745276501,0.0261444418053878,24.467878943995427,164.1428985595703,1.1681283772011442,0.027592013009245846,36.37753301397305,190.44276214032277,1.9378015865129399,0.0002711912391265854,0.026965935227774837,0.0005
770,0.03644420304580739,0.02603911079074207,26.426633031744707,168.46190201608758,1.1708153959116905,0.02765758107236252,36.59129980883478,187.75102852035297,1.9424064660731768,0.00027278485136962577,0.026584796487553002,0.0005
771,0.03594823750226121,0.025845147669315338,24.50158651251542,165.30941852770354,1.1648404059732829,0.027518527046955538,36.88117626450718,183.65770228054382,1.9326406287290743,0.00027494585429352456,0.026005197824898057,0.0005
772,0.03588152069010233,0.025987612475690088,23.40123879282098,162.77630213687294,1.1643284762948511,0.027507049179045152,34.209844890912656,182.80002447231257,1.931834532028588,0.0002550313189938231,0.02588375406949809,0.0005
773,0.03584329509421399,0.02594653350350104,23.856413891440944,162.15061147589432,1.1817997107215419,0.02791893504725167,36.26169320681138,186.75488368321726,1.9607614931968576,0.00027032766377549464,0.026443746353361545,0.0005
774,0.03589807568412078,0.026005675918177554,23.147851241262334,163.12622311240747,1.1549389979061253,0.02728553613693556,34.72305975046603,180.82055105680925,1.9162775545695876,0.00025885728964573603,0.025603468532218208,0.0005
775,0.03599561868529571,0.026070654980446164,23.769012551558646,162.84575371993216,1.1577197940172685,0.027346649038760842,37.70672828097125,187.92360330853384,1.9205695458090004,0.0002811002703783741,0.02660923238896365,0.0005
776,0.0362066924571991,0.026114267836275854,25.60043043839304,163.44785188373766,1.1643420655955572,0.027508262655603233,35.300976148833456,181.41681407727853,1.9319197551255274,0.000263165604454347,0.025687896996749955,0.0005
777,0.03617753245328602,0.026145846141796363,24.094173431396484,164.4924685829564,1.1627075255230312,0.027467223808861168,33.14610705255739,184.8766811335581,1.92903757533318,0.00024710124901413,0.026177800366601323,0.0005
778,0.03590267249628117,0.026051741975702737,22.947751697741058,162.59698325709292,1.1541300426606385,0.02726476271016921,35.35918291696605,183.13182802368127,1.91481862588136,0.0002635995306793433,0.025930736128432736,0.0005
779,0.03586442317617567,0.025931431960902716,23.553680821468955,163.32931357935854,1.1615973461622513,0.02744052562248234,35.66263403220802,185.26811681076765,1.9271625476610572,0.00026586173147028766,0.02623322609661513,0.0005
780,0.03617656250533305,0.026108477264642715,24.953541805869655,163.93139728746917,1.1677831437781527,0.027591577802456708,33.42158410572629,179.05517870588915,1.9377710217112283,0.000249154905686536,0.025353498851392327,0.0005
781,0.03615863876123177,0.02605175687686393,25.319130847328587,164.15894759328742,1.154765678411578,0.02727770335984901,35.40301741059536,186.31953135133085,1.9157274545149074,0.00026392631288965027,0.02638210220027864,0.0005
782,0.036105227901747354,0.025922149517818502,26.303136424014443,164.2068682218853,1.1613505741363348,0.027436094252089524,34.75325627625136,183.19582409644912,1.9268513301875532,0.0002590824020315016,0.025939797716984042,0.0005
783,0.0358592673744026,0.025808316802507954,24.68633360611765,163.98951721191406,1.165983218835961,0.027546719725438457,34.89113493199874,182.16712338972522,1.9346206153677419,0.0002601102750180199,0.025794137801561038,0.0005
784,0.03588683628722241,0.025922239709057306,24.233567488820928,162.94158052143297,1.1536080435229914,0.027253527750147895,34.95603814159666,181.43772078598573,1.9140295887296879,0.0002605941226122861,0.025690857303282418,0.0005
785,0.03611257789950622,0.026031375813641046,24.934344341880397,164.22252213327508,1.1518041195401103,0.027209485358012247,38.59887873817123,183.0803103759353,1.9109364683645413,0.0002877511718532619,0.025923441435074,0.0005
786,0.035898451154169286,0.025907319921411966,24.552233846564043,162.99428277266654,1.1553384590832996,0.027295296658980395,34.15725502805239,180.43257485607862,1.9169630411666452,0.00025463926629280305,0.02554853265027006,0.0005
787,0.03557938592214333,0.025786877364704485,23.009824552034075,161.33544118780839,1.1574377668713232,0.027345814007107668,33.395927958228214,179.43420473563884,1.9205109010967871,0.0002489636414128277,0.025407167424841916,0.0005
788,0.035465182050278314,0.025762073989761502,23.428448124935752,158.91948981034128,1.1532398866124347,0.027244275519317893,37.263634950672134,182.08307536590027,1.9133797996919994,0.00027779704942476006,0.02578223693674993,0.0005
789,0.03576591512874553,0.025881569244359668,24.097219065616006,161.5410919189453,1.1566591388827592,0.02732659973821129,35.00187582457228,180.44533840459695,1.9191614728858548,0.00026093583841912976,0.025550339917812043,0.0005
790,0.035708714668688024,0.025910963647459682,23.80474733051501,160.24790553042763,1.1461338630017484,0.027075872855515208,37.07437484844362,181.74631326328227,1.9015527920365416,0.0002763861323727197,0.02573455276674364,0.0005
791,0.035826516190641804,0.025851560658530184,23.992210588957136,163.5108000102796,1.1526881422181499,0.027230451605123013,35.58240060742753,183.258205757782,1.9124089389269774,0.0002652635984996645,0.02594863071131787,0.0005
792,0.03577894050824015,0.025891401657932682,23.800071917082136,162.05067524157073,1.1518770851904994,0.027213397992008045,33.76681293594113,180.08934924175637,1.9112112547080373,0.00025172855558776,0.025499933272796697,0.0005
793,0.03562544443105396,0.02580469327145501,23.54170136702688,161.10246357164885,1.1518087047173706,0.027209194215039204,34.97049023462984,183.86646648998206,1.910916021240409,0.0002607018616669421,0.02603475800395827,0.0005
794,0.035720013670231164,0.025846366819582488,23.559341832211143,162.13391193590667,1.1504813558416462,0.027179867661737616,33.86155600680048,180.6910974715123,1.9088564019768297,0.00025243485666582194,0.02558513842107674,0.0005
795,0.03564087242672318,0.025810904212688144,23.472463206241006,161.39067238255552,1.1491196374524573,0.02714574964960902,35.2738027856108,183.29892302559674,1.9064602760396134,0.0002629630294737743,0.025954396113973262,0.0005
796,0.035852079720873585,0.025840775550980317,24.427335337588662,163.58509103875411,1.149483495002818,0.027157575960116163,35.020635382059446,178.56341578522168,1.9072908440469443,0.00026107568923414945,0.02528386718402358,0.0005
797,0.03566652007008854,0.02578155088581537,24.289131365324323,161.2656972784745,1.152731031877552,0.027232114186739872,38.60802142830324,182.13953455557038,1.9125257029084157,0.0002878193297864812,0.025790231332727735,0.0005
798,0.035798596904466025,0.025853956020192095,24.323458922536748,162.4076385498047,1.147795393490725,0.027113851617926548,35.73437952310312,183.9768606432983,1.904220060496796,0.00026639658765666277,0.026050389375580872,0.0005
799,0.03576683017768358,0.025810254149531062,24.77333671168277,161.97150059750206,1.1455273887369495,0.027062498195257394,33.89400694244412,180.39928594874226,1.9006134826118186,0.00025267677547446233,0.025543819073818284,0.0005
800,0.03556430202565695,0.02577208325658974,23.454178759926243,160.66310762104234,1.1503344357505088,0.027178970150829533,32.70825031977167,176.89929093337105,1.9087933693136814,0.00024383706642433026,0.025048233745075293,0.0005
801,0.0353732667863369,0.02556391089762512,23.803889927111175,160.48128067819695,1.1531187226629642,0.027241264396686064,35.43760965879922,182.38118606690253,1.9131683269657729,0.00026418419499097296,0.02582444822251153,0.0005
802,0.035469383785599155,0.02573546894678944,23.395428205791273,159.58515046772203,1.1420125671586188,0.026980060325197203,32.80876973993393,179.00763218112988,1.8948238276367408,0.0002445864296672862,0.025346766453203207,0.0005
803,0.0355554430892593,0.025740523773588632,23.814274637322676,160.57697336297286,1.1411769972566472,0.026959656242502295,33.34225694364553,179.83492788361656,1.8933908381769184,0.0002485635288228874,0.025463908223658283,0.0005
804,0.035589187160918585,0.02582538147505961,23.254107726247685,160.39494082802221,1.1468804269726391,0.027093448689223545,37.58220905076795,181.92960838911748,1.902787152082432,0.00028017199070858587,0.025760506625190607,0.0005
805,0.03553301311637226,0.025770639118395354,23.302982330322266,160.29301131399055,1.1414477811906112,0.026966937090740467,33.932244331275676,178.53198130086446,1.8939021759782728,0.00025296183177155127,0.02527941618646626,0.0005
806,0.03541925922036171,0.02566700752236341,23.96644993832237,159.09535297594573,1.1463816782333551,0.027083274238874452,36.069323022745515,179.53692607688126,1.9020725950828479,0.00026889356134288074,0.02542171235689038,0.0005
807,0.03564366443376792,0.025790227184954443,23.985942439029092,161.0898397345292,1.1389665630075634,0.02690791690879319,35.16880692875353,178.6714335827553,1.8897571575566234,0.0002621802947975844,0.025299162073149334,0.0005
808,0.03575531089384305,0.025842543691396713,24.236149436549137,161.90111983449836,1.1423211090904655,0.026985406645997072,33.2418746440071,181.92477748744565,1.8951993025585787,0.0002478151878011126,0.0257598225887898,0.0005
809,0.03550962045004493,0.025636966193192882,24.25175084565815,161.07545953047904,1.1475706664313023,0.027111641374564878,34.92317297662723,179.3728596950599,1.90406483394296,0.00026034911576125155,0.025398481211870598,0.0005
810,0.03552393203503207,0.02543218227985658,25.458920930561266,163.6466209010074,1.1504939313479856,0.02717632817969027,39.76594738003179,186.09096631691867,1.9086078222909444,0.0002964515636860554,0.026349738303409975,0.0005
811,0.035714742188390936,0.025657974183559418,25.44284429048237,162.9710878071032,1.1432792328475512,0.02700949880904736,35.45972314711913,179.79243685704054,1.8968913078416196,0.0002643490490589105,0.02545789166383982,0.0005
812,0.03549652644678166,0.025579263799284633,24.714826182315225,161.27300784462378,1.139882641398924,0.026929119265017874,34.55741657477414,179.5033209216987,1.8912462101863188,0.0002576224346584148,0.025416954001005455,0.0005
813,0.0356803591314115,0.02569300769583175,24.821780054192793,162.51435691431948,1.14193784851981,0.026977728541600847,34.65216586504249,179.74177447056508,1.894660065248295,0.00025832878210161193,0.02545071807206438,0.0005
814,0.03526661427397477,0.025481747953515304,24.329051971435547,159.2037522165399,1.146221486244782,0.027078403393107554,40.56741025526299,180.89115492701944,1.9017305130226665,0.0003024263973880664,0.025613465758521383,0.0005
815,0.035518387038456764,0.02563742018843952,24.56053302162572,160.7785419664885,1.140046660189556,0.02693409335528516,33.51513339705467,177.94865248949654,1.891595543162067,0.0002498523072454876,0.025196819154334096,0.0005
816,0.03539714687748959,0.02563131424157243,23.42700807671798,160.17613942999589,1.1454546697118202,0.027059532816775787,34.432734905363894,182.21550222158504,1.9004052225213226,0.0002566929440189383,0.02580098805111458,0.0005
817,0.03530327564007357,0.02549053316837863,24.039915887933027,160.19498001901727,1.140135734137608,0.026934661196333854,33.898120571431896,180.22890939095325,1.8916354229375905,0.0002527074422088468,0.0255196944330599,0.0005
818,0.035087993858676204,0.02544987446775562,22.507224735460785,159.0015539872019,1.1380810311346976,0.02688494293575247,34.49088021739243,181.62220281928418,1.8881436833461012,0.00025712641209420234,0.025716979223090266,0.0005
819,0.035177841782569885,0.025431626329296513,23.72953284414191,159.33001468056128,1.135448699506106,0.02682395073496237,33.60259203442002,179.47176787416888,1.8838601690038759,0.0002505043035265526,0.02541248621537598,0.0005
820,0.035223493646634255,0.025452521482580585,23.565228512412624,160.07160789088198,1.141215470349834,0.026960816454704883,35.178758507256525,179.37042024716527,1.8934723204901558,0.00026225448292090917,0.025398135795782432,0.0005
821,0.03538664979370017,0.025660407974531774,23.97130715219598,158.56787591231497,1.1338125859155501,0.026784656473627762,33.47941829674949,180.1732016302788,1.8811005123623128,0.0002495860543826678,0.02551180643642958,0.0005
822,0.035081151088601666,0.025407225089637858,23.127207705849095,158.78771731728003,1.145576397564672,0.027065015794511746,35.12697493464706,178.3188284079376,1.9007902949316609,0.00026186844104124216,0.025249234587335474,0.0005
823,0.03545841104105899,0.025550919928048785,24.87952413057026,160.8305350855777,1.139839286366801,0.02692808366023898,35.61014915828096,179.45791016171094,1.8911734791179886,0.0002654704614523287,0.025410524018586005,0.0005
824,0.035479684409342314,0.02549450511210843,24.81950699655633,162.47433551989104,1.1421587704657112,0.026982875091440102,33.70289115553076,179.93494220585362,1.8950215101504932,0.00025125202445987926,0.025478069852616945,0.0005
825,0.03539248830393741,0.02549716055785355,24.17418851350483,161.64526929353414,1.1414436297738642,0.02696685562691142,35.948284615246365,178.40046106815007,1.8938964547307104,0.0002679912308935071,0.025260793446296673,0.0005
826,0.03529998699301168,0.025425235397721593,24.451601229215925,160.81764060572573,1.1318835702682972,0.026740687177768816,34.26860918924294,177.4400648827557,1.8780125255871265,0.00025546940155633417,0.02512480517855004,0.0005
827,0.035022219152827015,0.02541862222317018,22.549498005917197,158.24769271047492,1.134249409442039,0.026794136111228363,34.68275965292324,181.42936009514082,1.881766272297112,0.0002585568560405942,0.02568967346281902,0.0005
828,0.03513148623077493,0.025393951488168615,24.125234704268607,158.56285657380758,1.137454315045377,0.026872062301799286,33.8574261239182,178.69120913417478,1.8872390696486008,0.0002524040687601148,0.02530196221232332,0.0005
829,0.035082869819904626,0.025391975417733192,23.780662135074014,158.1468915437397,1.136028213517524,0.026838952073467596,34.14034213028083,177.58545410932916,1.8849137208975164,0.00025451318215999146,0.02514539171291099,0.0005
830,0.03505725923337435,0.025401892042473742,23.36731539274517,158.05636837607935,1.1387991736837866,0.026903885703980893,34.453602762105675,178.79662119805403,1.8894740439223188,0.0002568485120154142,0.025316888139960827,0.0005
831,0.03524700395370785,0.025520658120512962,23.890023683246813,158.6918840910259,1.132641259719022,0.02676039319239147,33.65080811155163,174.90582390373845,1.879396489359064,0.00025086375004806694,0.02476596676787104,0.0005
832,0.03499173010258298,0.025318778365066175,23.957006052920693,157.5235266434519,1.1328475931328108,0.026763062065318914,32.234046345949764,178.295183904769,1.8795839257085347,0.00024030191841937574,0.025245886620031435,0.0005
833,0.03500963198511224,0.025459216809586474,22.361835078189248,157.46555448833266,1.1360760982398082,0.026837868504696546,34.369371538762366,180.87661346032044,1.8848376212927889,0.0002562205758158141,0.02561140674485914,0.0005
834,0.035102604839362596,0.025454681366682053,23.01514364543714,158.43576371042352,1.1260752080974235,0.026603936014313836,33.67329580009499,175.85065263231843,1.8684084194491744,0.00025103139374503845,0.024899750745848926,0.0005
835,0.034770006215886065,0.025237151176521654,22.77096888893529,156.5006497031764,1.1257924066969784,0.026596029067693667,36.79210056525265,177.4655967884574,1.8678531104291365,0.00027428180296141185,0.025128420394521785,0.0005
836,0.0347317914037328,0.025251048175912155,22.415300268875924,155.99191846345602,1.13252719184732,0.026758682427538805,32.639377200730294,173.47671946878165,1.8792763414436315,0.00024332362351196535,0.02456361128219301,0.0005
837,0.034721080605920995,0.0252347813036881,22.66742636028089,155.7248575310958,1.1376554076394683,0.02687722092263089,33.88913850588049,178.11455866503354,1.8876013623029406,0.0002526404817174395,0.025220310806803002,0.0005
838,0.035133003992469686,0.025302191117876453,25.203934117367393,158.81035332930716,1.1362547510991237,0.02684465818198233,37.27296126733801,176.92940106739377,1.8853144638998105,0.00027786657627728564,0.025052497219909577,0.0005
839,0.035198964962833805,0.025434522448401702,24.2557026712518,158.9053047581723,1.1291497709820355,0.02667433326690426,34.00673184507184,179.6517516652968,1.8733524555262147,0.00025351712949220985,0.02543797120204105,0.0005
840,0.03502071374341061,0.025260062300060924,24.21251859162983,158.8942517732319,1.125109681182828,0.02657903379709112,34.98185721940745,178.7412542852638,1.8666595236355308,0.0002607866015168321,0.025309048406030887,0.0005
841,0.03532232638252409,0.025488723559599174,24.67744285181949,159.6558982447574,1.1291764400042328,0.02667612723916553,38.0397971039774,177.71175438144925,1.8734784471417187,0.0002835832685187586,0.025163275327488747,0.0005
842,0.035294391214847565,0.025359850867014182,25.4983323749743,160.4433039615029,1.1358144527857992,0.02682988603974991,36.16166150132614,183.4208200744635,1.884277008580962,0.00026958193640162163,0.025971656249707778,0.0005
843,0.035356703949602025,0.025417122793825048,24.930390107004268,161.39604267321135,1.1278326887668537,0.02664593140850106,34.13700663544499,175.39774832273764,1.8713577780717212,0.00025448831634577356,0.02483562130275916,0.0005
844,0.034744808940511,0.025125993611781222,23.365591249967878,157.32792824193052,1.1328760594435947,0.02676473140126965,34.62910935504025,176.69034736072794,1.8797011640503938,0.0002581568978917882,0.025018648168900957,0.0005
845,0.034932693368510195,0.02529438428188625,23.806848124453897,157.05592426500823,1.128218106511529,0.026653592433372682,33.4651033227232,177.64346332286482,1.8718958158780084,0.0002494793375378844,0.02515360558608336,0.0005
846,0.0349206520538581,0.025321417243072863,23.4246479837518,156.84773174085115,1.128723362346725,0.026665309391666187,33.221645922556064,178.06317640320304,1.8727187040218582,0.00024766438450078584,0.025213035283549685,0.0005
847,0.034698464858688806,0.025182836640037988,22.436397150943154,156.65798066791734,1.1250038794324295,0.026579805819156786,33.58357399412315,173.93007899814435,1.8667137431512715,0.00025036252574541813,0.02462780518258751,0.0005
848,0.03482076574705149,0.025229381201298612,23.35293237786544,156.79829647666529,1.1242813976744672,0.026559166169531575,36.264611764982355,178.98816405964817,1.86526420970203,0.00027034942136434887,0.025344009844881724,0.0005
849,0.03472632581466123,0.02515348909716857,23.867672970420436,155.655223645662,1.1246725149291663,0.026570890353236523,35.560121259984186,175.39096821732733,1.8660876052903261,0.00026509750796686855,0.02483466126688656,0.0005
850,0.034872806287909806,0.02501626185288555,24.931598462556536,159.73349400570518,1.1262733957082967,0.0266070673039448,34.39075487112001,178.15193999506914,1.8686283315669558,0.00025637998663667703,0.025225603853979692,0.0005
851,0.03480573292625578,0.025271419435739517,23.43111891495554,155.5395901328639,1.122823224089214,0.026526693486174244,32.54892267670306,176.0117602622797,1.8629836360698313,0.00024264929316509634,0.024922562943411126,0.0005
852,0.034636259275047404,0.02521772653256592,22.197731319226715,155.07406214663857,1.12212036541407,0.026510930789288498,33.76734448493694,174.58298326858838,1.861876613576667,0.00025173251823774987,0.024720253822109753,0.0005
853,0.03469934941906678,0.025144068524241447,23.37659434268349,156.040721692537,1.1170550476264975,0.026390202773062938,33.476526763048334,175.37365048229606,1.8533978214965074,0.0002495644982588071,0.024832209144706137,0.0005
854,0.034467068647867756,0.02501317074424342,22.592368577655993,155.18940092387953,1.1219582248974216,0.026507781483162608,33.508165933085856,173.55726119156256,1.8616554361509707,0.00024980036542781274,0.024575015668766877,0.0005
855,0.03465704717918446,0.025060203122465236,23.74322509765625,156.3220439710115,1.1214747399924216,0.026494400963322024,32.50389570317172,176.44735010429434,1.8607157152046678,0.00024231362112429598,0.024984240726980494,0.0005
856,0.034704034657854786,0.025093026557251027,24.128536927072627,156.0273582056949,1.1244310675532,0.026566815641892456,33.89283120412928,173.0159011523782,1.8658014361694117,0.0002526680104509967,0.024498361247315067,0.0005
857,0.03451806659761228,0.025085175409913063,22.82670874344675,154.41776476408305,1.1232940215846816,0.026540425935030008,33.59876114507475,172.14759563624662,1.8639480731759783,0.0002504757445907913,0.024375412650882344,0.0005
858,0.03476219957596377,0.02513756240276914,24.14605883548134,156.27366397255346,1.121026441506997,0.026484022291218125,34.710787332369634,175.94418759701065,1.859986815603827,0.0002587657998718318,0.024912994923632716,0.0005
859,0.03446795291414386,0.024894722688354944,23.47538365815815,156.25152186343544,1.1193296557527666,0.026446628744914595,32.822213521142615,171.7679092675723,1.8573606471786366,0.0002446866518479143,0.024321650576075864,0.0005
860,0.034403500000112934,0.02499796146232831,22.303451337312396,154.65558825041117,1.1232102852915262,0.026538182078506188,32.986923205258776,172.56174150666584,1.8637904859520846,0.0002459145477394376,0.024434054053638025,0.0005
861,0.03437608137334648,0.02505255490541458,22.157962297138415,153.23358796772203,1.1167929619849417,0.026386738158277304,33.485508221069665,171.27374676238804,1.8531544997777911,0.0002496314542211324,0.024251679137114193,0.0005
862,0.034503130340262464,0.025134569524150146,22.47047354045667,153.6655128880551,1.1143368879142634,0.02632529837454227,35.344790487406044,175.86860680554068,1.848839551449923,0.00026349223641051756,0.02490229298513772,0.0005
863,0.03441154221562963,0.024974201462770764,22.465554488332646,155.0484827945107,1.1183276567537934,0.02641887136728819,33.4571513134154,177.6544967030943,1.8554112319480818,0.00024942005602319507,0.02515516786869924,0.0005
864,0.03462566788259305,0.025049165087310893,22.87734774539345,157.2140286094264,1.117091614348128,0.026389726527714447,36.94880313002953,177.19071428310517,1.853364374535187,0.00027545000649791424,0.02508949812858072,0.0005
865,0.03439945668766373,0.024820522454224135,23.88580241956209,155.74998393811677,1.1208565553477174,0.026482002854270197,33.288475848936585,173.02497232120285,1.8598449894847886,0.0002481625955954995,0.0244996456886255,0.0005
866,0.03448234733782316,0.025012735277414322,22.81137456391987,155.17518615722656,1.1098539832357592,0.026219391028204853,34.541881024665656,175.19943640201038,1.841401622811398,0.00025750661852864005,0.024807541126074438,0.0005
867,0.03432651952301201,0.024859572417641942,23.5852407154284,153.96108928479646,1.1266800731675877,0.026619476697378314,34.13728496992561,174.06087985457336,1.8694998497948963,0.0002544903913043108,0.024646326061945494,0.0005
868,0.0347411448234006,0.025170312704224335,23.806028767635947,155.70759903757195,1.115439513993913,0.026353199907089397,34.82681292124209,173.31467858919484,1.8507990907563827,0.00025963076020887903,0.024540666940207623,0.0005
869,0.03462610638847476,0.025057170344026464,23.96268653869629,155.43468595805922,1.1248663780834438,0.02657207199724641,38.2845482697768,180.33491383078606,1.8661705927706627,0.0002854078664623663,0.025534704238768777,0.0005
870,0.0345973586173434,0.024934003619771255,24.27619914004677,156.85280890213815,1.1100466174033319,0.026224563680629937,35.276576727353174,174.2662141009038,1.8417649009119283,0.00026298370896015095,0.024675400571915636,0.0005
871,0.03468871293099303,0.02494997335107703,24.887425472861842,157.4436613384046,1.1147441164874918,0.026333289569237677,38.27385406463802,178.20362698518682,1.8494007772565977,0.0002853281421242166,0.02523292252554257,0.0005
872,0.0347461322028386,0.025050985969995197,24.90053819355212,156.55212241724917,1.1110625861782788,0.0262465662050643,35.38985087812534,177.39661893873995,1.8433101497758628,0.0002638281575734507,0.025118653406232355,0.0005
873,0.03446257516349617,0.024946875870227814,23.641621840627568,154.85155607524672,1.1091310910045984,0.02620076795462017,35.81137492673536,177.3167251676413,1.8400937145581635,0.00026697058147064843,0.02510734076703128,0.0005
874,0.034540545097307154,0.024965190573742514,23.833519283093903,155.7568134508635,1.109837960252525,0.026219932310774262,31.640498486981617,173.98097658143126,1.8414396373709518,0.00023587707247689043,0.024635012077292982,0.0005
875,0.03445685978390669,0.024967010770189136,23.41257055182206,154.67811664782073,1.117674586793732,0.0264093359529184,32.08435863665907,168.85421867609523,1.854741554781445,0.00023918601000005077,0.02390908361432567,0.0005
876,0.03432899968404519,0.024947999731490488,23.09564911691766,152.97652395148026,1.1132526966242784,0.02630092891938455,36.77689963944781,173.76972185516584,1.8471280717963265,0.00027416848142574577,0.024605099250987528,0.0005
877,0.03443835871784311,0.024835867121031408,24.494801471107884,155.30763244628906,1.115129869283212,0.026344213352156913,33.21336414539289,175.83732030367753,1.8501679602767174,0.00024760264459637316,0.024897862941311095,0.0005
878,0.03457013380370642,0.024892466240807584,24.699072486475895,156.50473504317435,1.1142671822047452,0.02632455694511309,33.331959408620605,174.61638129014645,1.848787480471134,0.000248486761624785,0.024724982848699943,0.0005
879,0.03467323434980292,0.024937709009176807,24.838384929456208,157.45293707596628,1.1117409706052261,0.026263406737795977,34.510146846708665,176.33953996069187,1.844492869247408,0.0002572700430841338,0.024968975240822824,0.0005
880,0.03487735476933027,0.02512136003688762,24.794865056088096,157.9275938335218,1.1162766011090213,0.026371772920905222,32.80482630166041,175.34391455646065,1.8521034832857197,0.00024455703168938035,0.02482799865625804,0.0005
881,0.03442383155618843,0.024902554621037683,23.042008048609684,155.86252955386513,1.1130143031930118,0.026293981416669963,33.073021451193696,175.88436641782235,1.8466401450264271,0.00024655640242465625,0.02490452448335391,0.0005
882,0.034689061735805715,0.024954903968854955,25.165820975052682,156.93442655864516,1.109184831524141,0.026204463597770383,33.654850804008184,173.82890375192127,1.840353261520441,0.00025089388795698666,0.024613479171424663,0.0005
883,0.03440007537995514,0.024962291807720537,23.424294823094417,153.61923458701685,1.1146562437957015,0.026333877977710772,33.91084688882347,174.45486073996915,1.8494421014931548,0.0002528023157612016,0.02470211218328276,0.0005
884,0.034325947102747466,0.024834421708395605,23.835350538554945,154.07749135870682,1.1111239992105397,0.026250676108717338,36.89968289569567,173.3702866497091,1.8435987904711466,0.0002750838195657198,0.024548540819693074,0.00025
885,0.03368878697878436,0.02467601216937366,20.954443881386204,148.82382684004935,1.1048946328625557,0.026108954241050263,29.632538727304194,164.66204757834538,1.8336455891618835,0.0002209079129372901,0.023315488914190115,0.00025
886,0.03368759174880229,0.024844609985226078,20.153187400416325,146.62985871967516,1.1066075098436932,0.02614964594880645,30.782133639599483,164.53785384280837,1.836503389200664,0.0002294780396866556,0.02329790357678717,0.00025
887,0.033490748291737156,0.02468287248752619,20.251081868221885,145.7808966385691,1.1014317676437904,0.026026017475032182,30.940893501822522,165.72138774540755,1.8278208964612734,0.00023066158019071603,0.023465487254941603,0.00025
888,0.03334376353182291,0.02457456624037341,19.83584946080258,145.63017754805716,1.101291883487737,0.02602376869034075,29.50948205256346,164.20333831966107,1.827662963129576,0.00021999053648702563,0.02325053751346979,0.00025
889,0.03344961814582348,0.024702016362234167,19.673844889590615,145.44126008686266,1.1060061961106968,0.02613521462489886,30.148952538361073,164.81123759952996,1.8354898697320323,0.0002247577314851505,0.023336613625902336,0.00025
890,0.03332466151761381,0.024579243244309174,19.720095985814144,145.328224583676,1.1004214564011257,0.026002439270941303,29.822576131269845,165.18824960868085,1.8261649867862844,0.00022232462470391946,0.02338999702207134,0.00025
891,0.03355933196450535,0.02474027960316131,20.023399654187653,146.3459512810958,1.104422185439657,0.026097449987611238,29.707589661912685,165.09322284744374,1.8328376393918422,0.00022146741090946613,0.023376541611849252,0.00025
892,0.03350213003393851,0.02468609672627951,20.569421868575247,145.46653908177427,1.1088267684936168,0.02620180096217659,30.28843396083772,165.32425786553185,1.8401662632221931,0.0002257975529535841,0.023409255248550875,0.00025
893,0.03345353685711559,0.02467158446578603,20.121071464137028,145.45742797851562,1.1031924313125272,0.026069147746929627,29.8064887980389,163.77634837151237,1.830849958142333,0.00022220469508055918,0.023190077440557146,0.00025
894,0.033487152994463316,0.02467726827844193,19.979480442247894,146.2284698486328,1.1062019157543066,0.026139008747333204,31.747553810493553,165.99270554339748,1.8357563329462325,0.00023667516029189282,0.02350390477254381,0.00025
895,0.033653159870913156,0.024732718832398717,20.846242804276315,147.13946131656044,1.1085658469197432,0.026193065938222883,31.46084479174494,169.04645239570905,1.839552797895468,0.00023453777032558207,0.02393630314198554,0.00025
896,0.03367474273239311,0.024698298816618166,20.656116385208932,148.5446986148232,1.099493943360451,0.02598066245265789,31.21739803283491,164.7661242349945,1.8246355893840482,0.00023272289661809887,0.023330225753492282,0.00025
897,0.03336826525628567,0.02455717374227549,20.288292834633275,145.7893917686061,1.1051264250020396,0.026113920525577056,29.930603993437924,165.44161985787758,1.833994373936371,0.00022312996270719486,0.023425873238377477,0.00025
898,0.03359748874055712,0.024733885730567732,20.18454451310007,146.99524487947164,1.0994326758359265,0.025979556987668163,30.205806753035507,164.30082766651122,1.8245579519963664,0.00022518157454567926,0.023264341615988646,0.00025
899,0.033350783743356406,0.02463258959745106,19.914420378835576,144.4922497397975,1.1000779432209826,0.02599410228568252,30.22304981496014,165.44236117199054,1.8255794759264645,0.00022531012002257792,0.02342597820549793,0.00025
900,0.03344157651851052,0.02463628145817079,20.01964679517244,146.07644171463815,1.0970677262796147,0.025922881787636725,29.93847609301047,165.13582626177427,1.8205776228880821,0.00022318864850198985,0.023382574085325313,0.00025
901,0.03304038039947811,0.02432410752302722,19.93461046720806,144.42354623894943,1.1037721702994718,0.026083076533657122,29.578577662618795,163.53422246186466,1.8318281841604815,0.0002205056380499028,0.02315579337786478,0.00025
902,0.03320304598463209,0.02450659184863693,19.55073376705772,144.60298879523026,1.1009851519027825,0.026016936052039908,29.41538175421143,163.54387714929427,1.8271831033478703,0.00021928902722023543,0.02315716044308136,0.00025
903,0.03309819857148748,0.024390667971027524,19.681475689536647,144.62840270996094,1.1015466705144765,0.026029647668027917,30.249845623650053,164.41354695650156,1.8280758468247762,0.00022550988036804237,0.023280302217686705,0.00025
904,0.033408181251663914,0.0245516600185319,20.675789381328382,146.11674981368216,1.0992623891030804,0.025974970091312444,30.177244544965465,165.114407763968,1.824235811852684,0.00022496864585159405,0.023379541311498525,0.00025
905,0.033327051291340275,0.024556145071983337,20.0449834120901,145.3506501850329,1.1005206413446034,0.026004841059923338,30.50748522142516,165.08077533136768,1.826333665689788,0.00022743056041365923,0.023374779093240084,0.00025
906,0.03330835709838491,0.024554251448104258,19.905060115613434,145.22453067177221,1.0970557732132091,0.02592354469636063,29.52359571266345,163.74919311207915,1.8206241793164393,0.00022009575255458187,0.023186232364174407,0.00025
907,0.03328753713714449,0.024555609512485956,19.862438001130755,144.84489119680305,1.097332686608029,0.025929810515762215,29.939882945891153,164.18217292146258,1.8210642311087144,0.00022319913646377205,0.023247540577537563,0.00025
908,0.03331565533421541,0.02462395917820303,19.632653587742855,144.38493909333883,1.0990702557075154,0.025969999305624672,30.456875332070933,165.71153673702352,1.8238867109592931,0.00022705326823717326,0.023464092391461223,0.00025
909,0.03328950379632021,0.024520007305239375,20.14701240941098,145.16940789473685,1.0955085302318077,0.02588641298400596,30.719717249693485,164.30151928451238,1.8180163996271972,0.00022901273110968547,0.023264439546337962,0.00025
910,0.033489942942795003,0.024693712886226803,20.32372384322317,145.43902186343544,1.0938155501656548,0.02584603767853535,29.57315827970868,164.65734839920543,1.815180820687354,0.00022046523703738414,0.02331482352917423,0.00025
911,0.033348514747462775,0.024502270707958622,20.512874201724404,146.1555713854338,1.0964208790174972,0.025907732791497228,30.62829661101491,164.79956707118674,1.8195137009211217,0.00022833119846492193,0.023334961125655855,0.00025
912,0.03351234330942756,0.024605880344384594,20.890132402118883,146.79406256424753,1.0957202205972683,0.02589023648138572,32.184308562604414,166.010287312061,1.8182849258592644,0.00023993112771480393,0.023506394280833027,0.00025
913,0.033269590060961876,0.02446716621910271,20.57962989807129,145.1790377968236,1.0960798582944975,0.025899795692949933,30.45608599767354,164.57682080055068,1.8189562743153824,0.00022704738382018348,0.023303421142520268,0.00025
914,0.03332506943690149,0.024613019275037867,19.801915218955592,144.53813733552633,1.0999277174823474,0.025989925341988216,30.11768460370921,166.35837323372425,1.8252861269738208,0.0002245246318425796,0.02355568185843262,0.00025
915,0.03330378371633982,0.024529194067183294,20.29690300790887,145.04644293534128,1.0968389359761488,0.025918307922945687,29.302440566136784,163.89613623978877,1.8202563979650648,0.00021844706081392012,0.02320703892473597,0.00025
916,0.03343274542375615,0.024654708802700043,19.952825044330798,145.63148900082237,1.096748036033811,0.02591500856454122,30.639366977387127,165.52528278651562,1.8200246822889192,0.0002284137270512588,0.023437719575246697,0.00025
917,0.03323486917897275,0.024458005044021104,20.21337880586323,145.21720966539885,1.0949242797227559,0.025872037769066124,30.842538457988613,165.05414326530598,1.817006820720883,0.0002299283521787609,0.023371008098951145,0.00025
918,0.033204765696274605,0.02442934589558526,20.480511113217002,144.7876370078639,1.1003708145220708,0.026000754394985972,30.25875479734872,165.8840891717383,1.8260466570617289,0.0002255762974572388,0.023488525127710266,0.00025
919,0.03342383158834357,0.024608574905677846,20.44648421438117,145.63541050961143,1.1022137471671682,0.026043026185788836,31.283777887890643,168.00781754530593,1.8290154271639714,0.00023321775247153712,0.023789236591456077,0.00025
920,0.03342458007759169,0.02453635691812164,20.771711249100534,146.60688540810034,1.0962962742285591,0.025904509153627048,30.656092356564166,165.19479141515984,1.8192873031379269,0.00022853841324980178,0.02339092331576611,0.00025
921,0.03320753388106823,0.024465688945431458,19.886960380955745,145.00645607396177,1.0952367042081488,0.025881233059135745,30.32194348122991,162.43142275910265,1.8176526107790199,0.00022604736341638276,0.02299964134026737,0.000125
922,0.033115762040803305,0.024546631170730842,19.13159942626953,142.6852135909231,1.0907241025079921,0.02577490413318703,29.878480569377004,161.32197528478463,1.8101850743826506,0.000222741387265502,0.022842548004743106,0.000125
923,0.03299786836693162,0.024485395044872637,19.09412946199116,141.6082783749229,1.0920548949961968,0.025806560144694998,29.463960574201565,161.23297301930572,1.8124082927213148,0.0002196511779571579,0.02282994563908186,0.000125
924,0.03304247577723704,0.024524228255215445,19.074146120171797,141.75373318320825,1.0956750222579976,0.025892756194563625,28.903228773797217,160.8377271000511,1.8184618866410698,0.00021547097278186672,0.022773980393997834,0.000125
925,0.03273963957632843,0.024232262059261923,19.037248611450195,141.59167641087583,1.0996853068448902,0.025987866581544,29.527149057468893,160.89291335266216,1.8251415391449546,0.00022012224242074356,0.022781794547167264,0.000125
926,0.032874516554568946,0.024368720227166227,19.155872947291325,141.3821258544922,1.0916082228249724,0.025795891454723132,29.76701370244567,161.31901382520618,1.8116590250130629,0.00022191041179080292,0.022842128673883404,0.000125
927,0.03290035075655109,0.024401528172587093,18.870472456279554,141.6707450465152,1.0919797450910789,0.025804834819397618,29.127826253419038,161.16424110322342,1.8122871222181915,0.00021714532680636734,0.02282021347401386,0.000125
928,0.03302802978769729,0.02449042104968899,19.108347340633994,142.08965582596628,1.0920641546552246,0.025807409384225398,29.15244628947207,160.3126998371959,1.8124679352602187,0.00021732886696237513,0.02269963862850434,0.000125
929,0.032989755076797384,0.024482844299391696,18.86139407910799,141.84612956799958,1.0901058253067015,0.02576002870904948,29.883378790462807,161.62356614104226,1.8091403655212805,0.0002227779030634607,0.022885252066602593,0.000125
930,0.03292152805155829,0.024433521651907972,18.95360665572317,141.32972958213404,1.0935910830984525,0.025843381231389802,29.097056556949678,160.70882611986255,1.8149942570070814,0.000216915941484667,0.022755728529534745,0.000125
931,0.033103126836450475,0.02460220230645255,18.972206416882965,141.56018387643914,1.0911962276107934,0.02578682524027757,29.33822919483604,160.28364218190313,1.8110223000038947,0.00021871386182430926,0.02269552418045869,0.000125
932,0.03288861501373743,0.024434136520875126,18.693677199514287,141.0490594161184,1.0911541912957248,0.025785557508693796,29.059292798867602,160.7003081477486,1.8109332665479636,0.00021663441606224705,0.022754522418671222,0.000125
933,0.0328074532904123,0.02432273426338246,18.767639310736406,141.5429277921978,1.0914676501025742,0.025792698390601894,29.555747648323134,161.1174761943474,1.8114347744403372,0.00022033544234521498,0.02281359174951506,0.000125
934,0.033105197999822464,0.024583617813493077,19.01931551883095,141.9026272422389,1.0893762099411923,0.02574304241373378,29.244312008968556,161.16844541612446,1.807947409066791,0.0002180137176446338,0.02282080878794489,0.000125
935,0.03291454666147107,0.024420472842298056,19.110162835372122,141.21623711836966,1.0930616078929878,0.025830789364282552,29.064460734484836,160.7502631750504,1.814109923557057,0.00021667294255779652,0.02276159585121013,0.000125
936,0.033034195339209156,0.02453862444350594,18.906804335744756,141.55121090537622,1.0934091925005671,0.025839085098404522,28.85882564453283,160.69104340361108,1.814692537327841,0.0002151399514440074,0.02275321056786888,0.000125
937,0.032897357681864185,0.024408534463298947,18.990120937949733,141.29127582750823,1.0915578910501853,0.02579487270726244,29.08846697763226,161.09330930784736,1.8115874778430565,0.0002168519069428587,0.02281016981481566,0.000125
938,0.03276812579286726,0.02431369161135272,18.8449360696893,140.82127581144633,1.0941430515371235,0.025856844515707564,28.54188954165328,160.19596065343381,1.8159397905461492,0.00021277722128221105,0.022683108825888094,0.000125
939,0.03283429253650339,0.02436861817381884,18.82370998984889,141.07791579397102,1.092138960732195,0.025808930493323133,29.51248694504335,160.67190090611388,1.812574763552227,0.00022001293769039338,0.022750500066604323,0.000125
940,0.0329940181813742,0.024479910045077925,19.16617915504857,141.53289393374794,1.0910019093600294,0.025781703512374587,29.288886002084467,161.04553885554233,1.8106625983593367,0.00021834601275714957,0.022803405709379564,0.000125
941,0.03280615600708284,0.024351793292321657,18.816430643985147,140.86260745399878,1.0902670249043684,0.025764614525482094,29.319949664608814,160.52187832753552,1.8094624298213953,0.00021857758956936912,0.02272925746808715,0.000125
942,0.03292104366578554,0.02441283227189591,19.03652743289345,141.60942961040297,1.0928077451851965,0.02582521209140897,28.720667894323395,160.10288496175787,1.813718228749606,0.0002141099978333586,0.02266992967933085,0.000125
943,0.032897939905524254,0.024446153130970504,18.775795384457236,140.87203979492188,1.092461908573731,0.025816855682348067,29.032801828821466,160.3085053266902,1.8131313537459466,0.00021643692826147403,0.022699044702553375,0.000125
944,0.032853259263854274,0.024368169472405787,19.067752838134766,141.10016913163034,1.0894079622337307,0.02574411283492248,29.386392104363793,160.6894314875244,1.8080225853098948,0.00021907291198611532,0.02275298232698276,0.000125
945,0.0329194446339419,0.024398052966908404,19.442414635106136,141.26420512952302,1.092381693826136,0.025815024932335166,29.842250231234594,160.1574806329424,1.8130027792096008,0.0002224712933509135,0.022677660208526778,6.25e-05
946,0.03281329307509096,0.02437579337703554,18.868005451403167,140.4479940314042,1.0889806846008685,0.02573491921399327,28.666607275103015,159.31931002228453,1.8073769124763666,0.00021370698077586065,0.022558978594466955,6.25e-05
947,0.03273929694765493,0.024392282884371907,18.472539700959857,139.23148386101974,1.0899459850300979,0.025757913170055553,28.544478339743147,159.19769445173378,1.8089917901050039,0.0002127965205392984,0.02254175831493885,6.25e-05
948,0.032653103337476126,0.02429834743471522,18.59035717813592,139.20957866467927,1.0887342533488318,0.025729337967328562,28.837405486637323,158.9131694899507,1.8069849385874748,0.00021498026609206947,0.022501470715641826,6.25e-05
949,0.03280216984842953,0.024424571641965917,18.660588314658717,139.56109016820005,1.0889483812487823,0.025734057145006012,29.06948884887574,159.44015007197282,1.8073163689179597,0.00021671042669867038,0.022576089063335362,6.25e-05
950,0.0326564750192981,0.024294810369610786,18.66021186427066,139.24299059416117,1.0892959491079044,0.025742660754242953,28.934918807792265,158.91848633983568,1.8079206049200047,0.00021570721913710415,0.022502223560370623,6.25e-05
951,0.032776417798901857,0.02440558766063891,18.60053499121415,139.51579445286802,1.0882344587307706,0.025717341607818547,28.800062814020993,159.11682784674667,1.8061424279492295,0.00021470187982395087,0.02253030792634091,6.25e-05
952,0.032707325035804195,0.024342777207493782,18.541996504131117,139.477967513235,1.0910167184696995,0.02578320581836674,28.6116228777723,159.36873499514485,1.8107681060993501,0.0002132970770355763,0.022565976973411932,6.25e-05
953,0.032679010770822824,0.024311013225662082,18.49826300771613,139.61256248072573,1.0906973054124214,0.02577583916771956,28.616643020321945,159.05084848029438,1.8102507423496805,0.00021333450174709006,0.022520965511317485,6.25e-05
954,0.0327186195277854,0.02435012093107951,18.555043270713405,139.5374113384046,1.0881281311395097,0.025714656903796124,29.365664185651884,159.32721557677866,1.8059538797736316,0.00021891838721507497,0.022560097989439136,6.25e-05
955,0.03258169001262439,0.024243281271896865,18.471160185964482,139.06144312808388,1.0890804833846612,0.025737426094751565,28.810893781498727,159.10560070462202,1.8075529720305932,0.0002147826237130458,0.02252871820781381,6.25e-05
956,0.032748187450986156,0.024367622540969597,18.55044164155659,139.78563730340255,1.0895456631295442,0.025747769813048032,28.587610401753132,160.15244483815022,1.808279416807153,0.00021311806618501546,0.02267694716007768,6.25e-05
957,0.03262459329868618,0.024272596365527102,18.53785138381155,139.23316554019326,1.0880317217020863,0.025712836333799106,29.175968449849805,158.64178484241557,1.805826020185156,0.000217504222553897,0.02246304373241076,6.25e-05
958,0.03285219520330429,0.0244722538872769,18.606496308979235,139.6890828985917,1.08836000073914,0.02572049073395725,28.70715282806903,158.86899827941414,1.8063635927343311,0.00021400924422912185,0.022495216248478705,6.25e-05
959,0.032653273328354486,0.024336783607539377,18.255537133467826,138.94649023758737,1.0867167613330364,0.025681313723533123,29.059449709057866,159.11930740376167,1.803612170685883,0.00021663558581361289,0.022530659021720478,6.25e-05
960,0.03259130135962838,0.024257338360736246,18.42322399741725,139.0444356014854,1.0908830293496654,0.025780203370672772,28.686783082087715,159.1115563469718,1.8105572426185723,0.00021385738960359664,0.022529561503006754,6.25e-05
961,0.03265747506367533,0.024293338193705206,18.539771230597246,139.47308269299958,1.0876947143545288,0.025704261796936526,29.077275715619457,159.50538057152255,1.8052238259512536,0.0002167684770903869,0.02258532544179346,6.25e-05
962,0.032620177751308994,0.024285681741802317,18.442201815153425,139.02661775287828,1.0884551359961256,0.025722835115175122,28.70838527146622,158.73993898644483,1.8065282398603622,0.00021401843198387994,0.02247694196755755,6.25e-05
963,0.03260250928762712,0.024256530855047077,18.587747875012848,139.03794860839844,1.0894810399491406,0.025746994698239625,28.63030736699281,159.02159346646775,1.808224980086463,0.00021343636822341498,0.022516823118090928,6.25e-05
964,0.032642874572622146,0.024288034262625796,18.500338353608782,139.34629741467927,1.0890894339031885,0.025737941861730385,28.71722304767685,158.6591413789744,1.8075891946167995,0.00021408431681122002,0.02246550134873266,6.25e-05
965,0.032588503960716095,0.024273495042794628,18.428173115378932,138.65792324668482,1.0882383460638336,0.025717356258627196,28.78401872161037,159.2331409448657,1.806143456883227,0.00021458227255701973,0.022546777396930232,6.25e-05
966,0.03260476436269911,0.024269663777790572,18.611440658569336,138.78485107421875,1.0888887762883575,0.02573314992441893,28.798580272449676,158.69958212731407,1.807252654338948,0.00021469082760978265,0.02247122759733373,6.25e-05
967,0.03274685869875707,0.024375908468898973,18.55176363493267,139.5913664165296,1.0868816263449337,0.0256851550833447,29.00547885164753,159.22796334148057,1.803881951405932,0.00021623323792234134,0.022546044268950207,6.25e-05
968,0.032755904193771515,0.024383807946976862,18.662239275480573,139.44857386538857,1.0868682320392615,0.02568505192661584,29.106696747467833,158.90315302556712,1.8038747066546057,0.00021698780823855134,0.022500052424252105,6.25e-05
969,0.03269293276887191,0.024318450081505273,18.567188664486533,139.63887827019943,1.0883506060317742,0.025719867027997497,28.747230031284356,159.46320488263532,1.8063197895367202,0.00021430801617708536,0.022579353532533493,6.25e-05
970,0.03272374542920213,0.02439210142352079,18.30740737915039,139.1717673853824,1.0885832265110351,0.02572591775604787,28.430715486583562,158.69075757322568,1.8067447353502657,0.0002119484286936234,0.02246997807568593,3.125e-05
971,0.032667579325406176,0.024334753324326715,18.334696518747432,139.1544743588096,1.0873669195065017,0.025697382590099717,28.680032213208975,158.18739228742072,1.8047406956367726,0.00021380706248285146,0.022398703559708653,3.125e-05
972,0.032609340979864725,0.02430525039763827,18.321938213549164,138.5988994397615,1.0866204368401648,0.025679418468853982,28.447287336805136,158.5702477938755,1.803479065952899,0.00021207197034760203,0.022452914371779577,3.125e-05
973,0.032692803462084974,0.024381767860368678,18.225241460298236,138.8828518516139,1.087945972680244,0.025711104012333216,28.371168039892453,158.23386479305788,1.8057043583374384,0.0002115045078304691,0.022405283881075558,3.125e-05
974,0.032541123365885334,0.02428154921845386,18.169624027452972,137.93704544870477,1.0867010695494435,0.02568131520750153,28.62742923953114,158.5857407876779,1.8036122749057646,0.00021341491204186482,0.022455108117882944,3.125e-05
975,0.03259906368820291,0.0243307163840846,18.166230151527806,138.11760109349302,1.0886285660670212,0.025727261114839247,28.454560880076045,158.29163355210605,1.8068390801447651,0.0002121261939589646,0.022413463706851947,3.125e-05
976,0.032579142404230016,0.02428623141818925,18.332334819592926,138.35972113358346,1.0881935200818564,0.025716794599360555,28.41906653996881,158.50520837732427,1.8061040112575089,0.00021186158684357927,0.02244370504991162,3.125e-05
977,0.03245591891831473,0.0241613491977516,18.23512197795667,138.53871235094573,1.0874026423969034,0.025698144326971806,28.594047152364404,158.31990957634625,1.8047941928179587,0.0002131660515823086,0.022417467479059358,3.125e-05
978,0.03247603783874135,0.024172933380070486,18.36072540283203,138.52100532933287,1.0871735989823916,0.025692651672517462,28.563686445937595,158.40653135241092,1.8044084408065983,0.00021293971524461683,0.022429732776918006,3.125e-05
979,0.032612693643099384,0.02430476983518977,18.25541114807129,138.77535689504523,1.0856394869758283,0.025656305500525153,28.899492273464368,158.29896401453593,1.801855830030184,0.00021544311750770965,0.02241450167108252,3.125e-05
980,0.032575170950669995,0.024286967555159016,18.31235293338173,138.29553744667456,1.0879965997498642,0.025712237786788664,28.480085854739386,158.32882966207384,1.8057839839137881,0.00021231648035097933,0.022418730527606085,3.125e-05
981,0.03264440978436094,0.024330021715477892,18.444109264173004,138.6216029116982,1.0877571739879017,0.02570656160021743,28.625463245663756,158.31267186350775,1.8053853423453243,0.00021340025573428052,0.022416442647800836,3.125e-05
982,0.03272489095596891,0.02442237381872378,18.29820321735583,138.60303939016242,1.0873820558395006,0.02569748206709059,28.516819854654415,158.5824559218652,1.8047476819581647,0.00021259032901881523,0.022454642993990907,3.125e-05
983,0.03258231841027737,0.024268669125280883,18.22351616307309,138.93772285862974,1.0859180500510315,0.025662701457697397,28.607794845373235,158.6338297010286,1.8023050214665424,0.00021326853939809218,0.022461917316132406,3.125e-05
984,0.03271537048644141,0.024411499990444434,18.280448461833753,138.65674751683287,1.0866563829796523,0.025680519688220084,28.5284308799397,158.1967071387578,1.8035564051682007,0.00021267688816875642,0.02240002250549052,3.125e-05
985,0.03256087465897987,0.024241150994049877,18.272812291195518,138.98525278191818,1.0858136709687394,0.025660490203666952,28.777906834054082,158.22936222915658,1.8021497239329067,0.0002145367089846039,0.022404646335992946,3.125e-05
986,0.0327087667231497,0.02441660197157609,18.25406877618087,138.4621975547389,1.0850538801612322,0.025642404718099927,28.821051821247437,158.3083461811154,1.8008795707689134,0.00021485835098640133,0.022415830148434117,3.125e-05
987,0.03260138091680251,0.02431176798908334,18.31835661436382,138.3147261770148,1.0864329103730888,0.02567519753755105,28.720297399767944,158.21463802560257,1.8031826277273644,0.00021410723582974652,0.022402561447521178,3.125e-05
988,0.03261231405562476,0.024329947405739835,18.331819032367907,138.14961523758737,1.08646319641256,0.025675833301911453,28.672314421155722,158.34061410268527,1.8032272777927956,0.00021374952703674414,0.022420399157375218,3.125e-05
989,0.03231927938759327,0.024066145678884106,18.250273353175114,137.68726389031661,1.0871011541799296,0.025690988004681652,28.49747458659983,158.3273652278947,1.8042916005394318,0.00021244611178415713,0.0224185231695696,3.125e-05
990,0.03266721052166663,0.024345833906217626,18.321349445142243,138.9455156828228,1.0864735721413024,0.02567595085576332,28.61822733379925,158.53492926432534,1.8032355336616432,0.0002133463126616705,0.022447913408920783,3.125e-05
991,0.032460016247473265,0.024143971894916735,18.346738815307617,138.80078205309417,1.0855858241180973,0.025655018661413034,28.59153061375749,158.33503636527885,1.8017654546424868,0.00021314729101317226,0.022419609372014367,3.125e-05
992,0.03260083604407938,0.02429412119090557,18.385094993992855,138.55666070235404,1.0879569075813003,0.02571143727045562,28.576342706806393,158.11331243350998,1.805727763230662,0.00021303406653189078,0.02238821414798311,3.125e-05
993,0.03246943309511009,0.02419652348678363,18.17836560701069,138.19064812911185,1.086247285573273,0.025670831973583635,28.389685596762245,158.17316964734727,1.8028760318737294,0.00021164255455263654,0.02239668969062443,3.125e-05
994,0.032562800830132084,0.02427544552636774,18.185732188977692,138.4685183073345,1.0851045546987659,0.025643356659576757,28.729406704946733,158.68610994691866,1.8009464261195343,0.00021417514488114011,0.022469319990345488,3.125e-05
995,0.03267360674707513,0.02440362707956841,18.333037526983965,137.90004047594573,1.086932154017046,0.025687142823290335,28.510328883500918,158.0805411311786,1.8040215514278275,0.00021254193941225297,0.022383573862334725,3.125e-05
996,0.03254463151097298,0.024260780725039933,18.283714093660052,138.2514479787726,1.0863679312506649,0.025673680572602678,28.672703697947128,158.17982725163722,1.8030760904811456,0.00021375242906023715,0.022397632380827183,3.125e-05
997,0.03247947932073945,0.024198649549170545,18.25926429346988,138.22769968133224,1.0869128897762401,0.025686687404607042,28.370752445330545,158.08528848798437,1.8039895671341581,0.00021150140961036235,0.022384246069115855,1.5625e-05
998,0.032561598247603366,0.024295098785507053,18.09768641622443,138.1834588301809,1.086449299904842,0.025675853123463033,28.50346425139225,157.82930019070346,1.803228669870789,0.0002124907641968533,0.02234799914764735,1.5625e-05
999,0.03252969054799331,0.024302318005969648,18.08202668240196,137.42441317909643,1.086194049175016,0.025669792554631882,28.31710236835034,157.84375308543363,1.8028030329340332,0.00021110145310836674,0.022350045619872222,1.5625e-05
1000,0.03253168563701605,0.024283727630972862,18.141477283678558,137.74695306075247,1.0858514085804023,0.025661612442277135,28.419548595173243,157.91094480431664,1.802228539340776,0.0002118651805218028,0.022359559699162392,1.5625e-05
