epoch,loss_total,loss_data,loss_cont,loss_mom,val_score,val_data,val_cont,val_mom,norm_data,norm_cont,norm_mom,lr
1,8.057963497498456,0.34820978206527586,102796.71185661765,,27.730016283079017,0.6625562925582402,40342.41008751491,,39.524761317193004,0.20894453681305536,,0.001
2,2.5524481044096103,0.6388589880045723,25514.520450367647,,26.798523032690806,0.6410456142696688,18949.22609921774,,38.24154291797755,0.0981433003550831,,0.001
3,1.483590048902175,0.5558285239864799,12370.152975643383,,22.6033344145833,0.5408584736832,11530.211779407744,,32.26488423522244,0.05971816642532154,,0.001
4,1.094463569276473,0.4785255807287553,8212.505916819853,,20.191207514162134,0.48321507427775134,8294.820876457805,,28.826170229179382,0.04296117912189664,,0.001
5,0.8979490504545324,0.4353337743703057,6168.20352711397,,18.69862551601572,0.447528124140015,6782.522015712763,,26.69726706702489,0.03512856366100044,,0.001
6,0.7818111952613381,0.40508188920862537,5023.057100183823,,17.484049109634334,0.41848626308856424,5602.882212135898,,24.964776350147762,0.02901888176966268,,0.001
7,0.6952583439209882,0.38336286649984475,4158.606100643382,,16.677389798662645,0.39919958233785907,4780.919383110352,,23.81423040886759,0.024761708184452346,,0.001
8,0.6344631664893207,0.36498255940044627,3593.0746783088234,,15.896368965922367,0.3805187913843884,4176.136846123496,,22.699828792060963,0.02162937159897773,,0.001
9,0.5885896156815922,0.3487612149294685,3197.7118278952207,,15.253795780908991,0.365148715703764,3698.3115502325345,,21.782927723386152,0.019154581795619005,,0.001
10,0.5493386808563682,0.33649864091592674,2837.866986443015,,14.814360350811764,0.3546412082579539,3274.7895643243924,,21.156102910915195,0.01696104390376389,,0.001
11,0.516294910627253,0.32624337603064146,2534.020414464614,,14.364967728731674,0.34389011082349163,2989.479730624472,,20.514746750287294,0.01548334510189957,,0.001
12,0.49114278835408826,0.3166306825245128,2326.827938304228,,13.984898260180877,0.3347986512006852,2716.5449440100283,,19.97239619735713,0.014069740102951478,,0.001
13,0.46793755363015566,0.30840085709796233,2127.155833524816,,13.570204317784341,0.3248771628218079,2466.941514740764,,19.380530321972724,0.012776974678117404,,0.001
14,0.4462972791755901,0.29923350846066193,1960.8502125459559,,13.26243503466887,0.3175142031029283,2271.6783489375575,,18.941293341288187,0.011765652557131174,,0.001
15,0.4293833252261667,0.29150690225993886,1838.3522302964154,,12.89472986975588,0.30871308019946,2153.3907883429174,,18.416262810312904,0.011153008456157094,,0.001
16,0.41225163726245656,0.28462005362791176,1701.7543873506434,,12.632659860630396,0.30244249009164054,2011.9299724156772,,18.04219108219974,0.010420343635265257,,0.001
17,0.3979405217310962,0.27781422348583446,1601.6838522518383,,12.402255163606856,0.29693083771892304,1853.2455223167685,,17.713393745366883,0.009598472833460782,,0.001
18,0.38399599930819345,0.2716126783805735,1498.4442497702205,,12.130292899354625,0.29042245223207186,1736.0574531649984,,17.325136346233563,0.008991523303776864,,0.001
19,0.3727540777010076,0.2669159384334789,1411.1751349954045,,11.91499349976116,0.2852705414678695,1630.8170810771137,,17.017799376424804,0.008446454212658237,,0.001
20,0.3609961060916676,0.2622140645980835,1317.09377154182,,11.658572484219516,0.279133367501714,1539.389285612348,,16.65168658133266,0.007972924288843986,,0.001
21,0.35018350797541004,0.25609771556714,1254.4771943933824,,11.461629931053285,0.274420517598887,1448.5263149444643,,16.37054176446924,0.007502319749390981,,0.001
22,0.34032341487267437,0.25153756667585936,1183.8113080193016,,11.223068685416427,0.2687107640903623,1364.4021255670646,,16.029926714639934,0.007066617228245019,,0.001
23,0.32983096732812767,0.24528762347557964,1127.2445499195771,,11.062639294261704,0.26487113241054794,1305.01748630832,,15.80087368564428,0.006759047702358691,,0.001
24,0.3223191341933082,0.2424315293045605,1065.168026194853,,10.859012178900924,0.25999805450036517,1218.2176573984973,,15.510170475300642,0.006309487301587589,,0.001
25,0.3147384384099175,0.2382528799421647,1019.8073550953585,,10.67691092432452,0.2556388675959142,1174.2563984673047,,15.250123406288294,0.006081799742386967,,0.001
26,0.305897032513338,0.23307317057076624,970.9848309685202,,10.508530262354022,0.25160928019734,1102.6359336967555,,15.009738578728282,0.00571085748074828,,0.001
27,0.3014848670538734,0.23146580159664154,933.5874274758731,,10.332730045338174,0.2474009949746906,1058.426990242433,,14.758693541728247,0.005481887094670214,,0.001
28,0.29306749736561494,0.22568009180181167,898.4987074908088,,10.184747882323828,0.2438589944340787,1011.0189278399047,,14.547395682926693,0.005236347583807766,,0.001
29,0.28725667911417346,0.22334163592142217,852.2005184397977,,10.033136520190839,0.2402301107406711,962.9079794083074,,14.330914814144993,0.0049871676311507495,,0.001
30,0.28167807091684904,0.21922516647507162,832.705368939568,,9.898210776364715,0.2370004912015991,923.1383444974456,,14.138252027811342,0.004781189655921996,,0.001
31,0.27675508138011484,0.21718251617515788,794.300827923943,,9.724372271158607,0.2328385536684195,895.8580809867291,,13.889971859826172,0.004639897600959995,,0.001
32,0.27072206928449516,0.2134688847205218,763.3757970473346,,9.64244516061444,0.23087861749710864,842.3197310671725,,13.773051969036388,0.0043626076298995155,,0.001
33,0.2673784818719415,0.21173813413171208,741.871244542739,,9.47997180853101,0.22698886794590764,814.3966142544631,,13.541009161018888,0.004217986059295482,,0.001
34,0.26107050127842846,0.2079071630449856,708.8444644703585,,9.339126327164642,0.2236171195137061,784.5039622974937,,13.339867682926789,0.004063163719635715,,0.001
35,0.2561966136974447,0.2045091697398354,689.165875603171,,9.231632679051554,0.22104389347356004,758.9651317602124,,13.186362016775382,0.00393089102928867,,0.001
36,0.25241084046223583,0.20204731471398296,671.5136036592371,,9.127127495720512,0.21854214073827363,735.9037203266839,,13.037120086923606,0.0038114495799607545,,0.001
37,0.24923136742676005,0.20026076804189122,652.9412877699908,,8.993000935882815,0.21533158385370843,698.1657853430386,,12.845594482257258,0.0036159943424493184,,0.001
38,0.24383479795035193,0.19705355430350585,623.7499030618106,,8.890547035162395,0.2128792613024787,666.8368512434353,,12.699301307475276,0.0034537330990062997,,0.001
39,0.24038775002255158,0.19446544962770798,612.297316607307,,8.759276835674026,0.20973619882386607,653.489477397078,,12.511802078100333,0.0033846033459759796,,0.001
40,0.23703103118083058,0.1925368896302055,593.255173627068,,8.658916117670165,0.20733372082422524,629.7232558799082,,12.368482377461818,0.0032615114896409427,,0.001
41,0.23305633927092834,0.18970794186872594,577.978619743796,,8.553420492566158,0.20480816173961142,609.0269119895255,,12.217820281073903,0.0031543193814223508,,0.001
42,0.2302747254862505,0.18787353179034064,565.3492539349725,,8.447630735634647,0.20227539634145222,592.7023203480326,,12.06672829242467,0.0030697697912567,,0.001
43,0.22567368342595942,0.1843156306182637,551.4406917796415,,8.349660622552372,0.19992989818385468,576.1534847900804,,11.926807721312125,0.0029840587796202914,,0.001
44,0.22176761136335485,0.18189271670930526,531.6652275534237,,8.240175847218401,0.19730838672850973,566.8315488119606,,11.770421591217847,0.002935777886363694,,0.001
45,0.2190789256025763,0.17992094246780171,522.106398638557,,8.142111849718297,0.1949605847319927,551.7760722297527,,11.630363584713882,0.0028578013952679678,,0.001
46,0.21563328364316156,0.17775457746842327,505.0493846220129,,8.04704697428713,0.1926844777638069,540.098047199016,,11.49458254141176,0.0027973176629960163,,0.001
47,0.21292833457974827,0.17584969190990224,494.381882611443,,7.926784920398367,0.18980494576806944,529.0144927581081,,11.322804209343865,0.0027399128588736542,,0.001
48,0.2099565837313147,0.17365664857275345,483.99912037568936,,7.825811771541018,0.18738723495085016,520.4809023732633,,11.17857579576165,0.002695715026209573,,0.001
49,0.20620216078617992,0.1707629175747142,472.52322208180146,,7.730296966913744,0.18510021789432557,512.4451693079677,,11.042143911704738,0.002654095734758238,,0.001
50,0.20390066767440124,0.16848453528740825,472.2150717342601,,7.626041072933522,0.1826032412752549,521.4642137511728,,10.893186900818446,0.0027008078687034793,,0.001
51,0.2004858456990298,0.166426783098894,454.1208065257353,,7.57085976728102,0.18128303482644137,488.3112476719387,,10.814430053491112,0.0025290994574712934,,0.001
52,0.19721126819358153,0.16412937816451578,441.0918704762178,,7.450102449444811,0.17839140697494513,483.5608846404844,,10.641930143774397,0.0025044960091114184,,0.001
53,0.19498039431431713,0.16251839434399323,432.82665297564336,,7.354118920378052,0.17609322467195382,473.92846831987174,,10.504832197517787,0.002454607052003132,,0.001
54,0.19118287545793197,0.15942680046838872,423.4143299775965,,7.276865184145486,0.1742434921825438,466.36683771437,,10.394486501664087,0.0024154432687539264,,0.001
55,0.18937627708210664,0.15820314428385565,415.6417631261489,,7.1770131853294625,0.17185267954783312,456.4966788113218,,10.251862697766303,0.0023643229768379286,,0.001
56,0.18652389242368586,0.15586473047733307,408.78878963694854,,7.114969791876825,0.17036749081685584,440.92586148341,,10.163263840941315,0.0022836773930137713,,0.001
57,0.1845540702342987,0.1547176066566916,397.8194849350873,,7.024299004099878,0.16819611910809484,442.4440919000262,,10.033730774115691,0.0022915407296485234,,0.001
58,0.18240204541122212,0.15303650761351867,391.54048964556523,,6.940433476341351,0.16618801301410224,435.94238983891523,,9.913937309083162,0.0022578666104596024,,0.001
59,0.17925211962531595,0.15021071451551773,387.2187069163603,,6.857832183480648,0.16421011159903298,431.32892287432855,,9.795945702607431,0.0022339721848185267,,0.001
60,0.17765875160694122,0.1491837370045045,379.6668431899127,,6.78048170352186,0.16235803342775698,424.54497148464685,,9.685460075223501,0.0021988362180330916,,0.001
61,0.1757423509569729,0.1476964095936102,373.9458707921645,,6.720498342964573,0.16092197558066637,414.3820267125619,,9.599792118732168,0.0021461995068536295,,0.001
62,0.17316578503917246,0.1456447778379216,366.9467575970818,,6.629035961334802,0.15873183227519247,410.9312165310848,,9.469139233276863,0.002128326803328124,,0.001
63,0.1708705872297287,0.14396144099095287,358.7886065314798,,6.5663839364634775,0.15723175411551926,403.8096148222314,,9.379652148354179,0.0020914420518421454,,0.001
64,0.16872715950012207,0.14221583262962453,353.48434627757354,,6.484311201221621,0.15526642769690666,401.4133716662511,,9.26241070264078,0.002079031243582757,,0.001
65,0.16639864269424887,0.14029070734977722,348.1058026482077,,6.418577657826208,0.15369257906557185,393.6630093295504,,9.168522844051873,0.002038889966324846,,0.001
66,0.16486499151762793,0.1393683110089863,339.95570104262407,,6.356238918902058,0.15220027829137375,379.14930693697227,,9.079499718656898,0.001963719474098892,,0.001
67,0.16273552266990438,0.137046320911716,342.52267097024355,,6.277758961260634,0.15032068683620192,384.8733970944717,,8.967372787747141,0.0019933661254526508,,0.001
68,0.1603619009256363,0.13549949754686916,331.49869851505053,,6.217440799138103,0.14887668604357293,372.7047916559875,,8.8812309952511,0.0019303415411135066,,0.001
69,0.15899733497815974,0.1345988779383547,325.3127602969899,,6.156904910783511,0.14742722270212374,367.21756523595747,,8.794763334688108,0.0019019216727855022,,0.001
70,0.15685977830606349,0.13292862387264476,319.08203125,,6.0868140363297245,0.14574909684097262,357.6174354845231,,8.694654823355274,0.0018521999367784741,,0.001
71,0.15474209277068868,0.13131028983522863,312.4240157183479,,6.023112929908529,0.14422379802378807,353.130926186622,,8.603663201414989,0.0018289630601237615,,0.001
72,0.15330244074849522,0.1300321199438151,310.2709422392004,,5.972328380561718,0.143007804279015,348.93559124820786,,8.531123157549764,0.0018072342562773633,,0.001
73,0.15192028880119324,0.12883643060922623,307.7847702923943,,5.905415877424099,0.14140560580705455,344.32984367451763,,8.43554409068664,0.0017833798115038622,,0.001
74,0.15013161301612854,0.12747158942853704,302.13362570369947,,5.837098592990221,0.1397695941190405,344.3622336466799,,8.337947898171105,0.0017835475681578685,,0.001
75,0.1481219381093979,0.1255363602848614,301.1410307042739,,5.786284021541403,0.13855281898249855,341.8451365489753,,8.265361240420377,0.001770510823797468,,0.001
76,0.14726352165727055,0.12513864215682535,294.9983771829044,,5.722720968139289,0.13703119643836198,327.40711328430814,,8.174588926358368,0.0016957322947758315,,0.001
77,0.1455462899278192,0.12379246029783697,290.05106308880977,,5.67021066107359,0.13577370757415028,327.7263860295788,,8.099573493292162,0.0016973858969213875,,0.001
78,0.1433217893628513,0.12198192275622312,284.5315174775965,,5.624355017628388,0.13467588468768368,319.8448221806042,,8.03408292585886,0.0016565650906231494,,0.001
79,0.14186575219911687,0.1207964705193744,280.9237365722656,,5.566652141617714,0.1332941882113053,316.3991712021631,,7.951657894121859,0.00163871910804184,,0.001
80,0.1405104490764001,0.1198819967753747,275.04601961023667,,5.500847730354865,0.13171844430603344,313.97507335808086,,7.8576569730643975,0.00162616403262313,,0.001
81,0.13883482577169642,0.1182370216530912,274.6373829561121,,5.454344429563512,0.13060516970201946,304.5377203424357,,7.791244634221088,0.0015772853625011006,,0.001
82,0.13749467011760264,0.11716019186903448,271.12635803222656,,5.398154285096887,0.12925935173019262,310.4243314420505,,7.710959932814877,0.0016077737549134385,,0.001
83,0.13588933997294483,0.11597587562659208,265.5128479003906,,5.36530943116465,0.12847301235805983,304.9346535828019,,7.664050898296685,0.0015793411899014495,,0.001
84,0.1342269506524591,0.1146836272057365,260.5776133817785,,5.3052699739697635,0.1270356765515952,293.01405219337744,,7.578306705205082,0.0015176010873532086,,0.001
85,0.13243940867045345,0.11327430299099754,255.53472002814797,,5.2615791773953156,0.12598923072981805,297.63074225594386,,7.515881033904889,0.0015415122063131268,,0.001
86,0.1318181731245097,0.11267192530281403,255.28330275591682,,5.210769473743051,0.12477241255782189,299.4031050997115,,7.44329180887637,0.0015506917653095368,,0.001
87,0.13071214758297978,0.1117425477680038,252.92799018411074,,5.159598650904442,0.12354745141453008,287.60780030328385,,7.370216815316953,0.0014896006085860787,,0.001
88,0.129645115312408,0.11109193195314969,247.3757647346048,,5.118253704456136,0.1225574946045603,283.829351965008,,7.311160993090427,0.001470030976127322,,0.001
89,0.128099720705958,0.1096417619025006,246.10612128762637,,5.071161096081967,0.12142953571872453,289.76445664002796,,7.243872664175572,0.0015007705302235912,,0.001
90,0.1265750492320341,0.10830807335236493,243.5596663531135,,5.039300980625821,0.12066700796961773,278.09739158229144,,7.198384110795734,0.0014403435626931863,,0.001
91,0.12521677508073695,0.10741073156104368,237.41388388241037,,4.99963564833994,0.11971727909079745,274.1629098766496,,7.141728083718432,0.0014199657901257713,,0.001
92,0.12479139732963898,0.10682769820970647,239.51598223517922,,4.9590028705570575,0.11874399135910098,280.7421254424336,,7.083666654492969,0.0014540413732652975,,0.001
93,0.12334330730578479,0.10556977417539148,236.98043284696692,,4.90715644488985,0.11750290598318489,267.47966289662475,,7.009629770671463,0.0013853513994233004,,0.001
94,0.12253636779154048,0.10521611615138896,230.9366715375115,,4.862162481334491,0.11642541214105255,267.8168959966034,,6.945351931325032,0.0013870980232298655,,0.001
95,0.12039603336768992,0.10329874429632635,227.9638438505285,,4.83310838621036,0.11572958406485719,269.5007657761104,,6.903842343478191,0.0013958192520897516,,0.001
96,0.12056056848343681,0.10340804562849157,228.70030571432676,,4.7860991380780495,0.11460382452908467,269.97742698874976,,6.83668521667745,0.0013982880127829185,,0.001
97,0.11900410888826146,0.10196770946769153,227.15199549057905,,4.748672405349709,0.11370797940313324,258.63960694949117,,6.78324362208677,0.0013395662965683037,,0.001
98,0.11770833941066966,0.10116780154845294,220.54049413344438,,4.715589070372984,0.11291558372297703,262.4311943778533,,6.735973298827112,0.0013592039800206987,,0.001
99,0.11629053249078639,0.10003073776469511,216.79725018669578,,4.682908547884039,0.1121332360903185,255.4242747635144,,6.689302391320515,0.0013229131989263526,,0.001
100,0.11598650979645111,0.099629707634449,218.0906847785501,,4.650854858568508,0.11136559166702294,256.6873234962064,,6.643508603006952,0.001329454878807454,,0.001
101,0.11466441128183813,0.09867188991869197,213.2335923138787,,4.598086077785894,0.1101022485011448,247.99177835997108,,6.568143931878044,0.0012844182375436742,,0.001
102,0.11291463410153109,0.09729626292691511,208.2449358771829,,4.55509439103323,0.10907271521289848,248.01864129807961,,6.506727176889691,0.001284557368154571,,0.001
103,0.11221691790749044,0.09664435772334828,207.634131936466,,4.531407530114279,0.10850571217120007,241.78549475271194,,6.472902639803611,0.0012522741725055138,,0.001
104,0.11158162618384641,0.09596923738718033,208.1651934455423,,4.51075121800647,0.10801091996851232,245.2931587726651,,6.443385836578741,0.0012704413378373577,,0.001
105,0.11073913994957418,0.09519060350516263,207.3138167437385,,4.464043557053773,0.10689270996184672,236.97222360667277,,6.376679076545863,0.001227344905563278,,0.001
106,0.10893524832585279,0.09413219637730542,197.37402433507583,,4.419522707714441,0.10582663270384028,234.97657128605292,,6.313082292934171,0.001217008868403692,,0.001
107,0.10885778551592547,0.09370670818230685,202.01434326171875,,4.394826767984544,0.10523526285642515,234.17633320282889,,6.277804155315074,0.0012128642133055784,,0.001
108,0.10778239763834897,0.09311140197164872,195.61327496696921,,4.37736841174808,0.1048172389608288,232.68285107065094,,6.252866961473727,0.0012051290549035506,,0.001
109,0.10760365689502042,0.09262020710636587,199.77931841681985,,4.3317149839624225,0.10372380253387879,237.0577257268056,,6.187638068055702,0.0012277877447701806,,0.001
110,0.10671220325371798,0.09177512894658481,199.16098561006433,,4.285383620917501,0.10261443049346658,233.39510722188308,,6.121458536441932,0.0012088180271609989,,0.001
111,0.10501205176115036,0.09071553498506546,190.62021502326516,,4.26008794847788,0.10200885882172839,228.29160250663662,,6.08533318972839,0.0011823855600243756,,0.001
112,0.10378368330352447,0.08979574459440567,186.50583514045266,,4.233125943748686,0.101363428708087,221.96206551572772,,6.046830089727476,0.0011496031315096288,,0.001
113,0.10317317878498751,0.08926014514530406,185.50711418600645,,4.19725431777626,0.10050439001617001,222.29036087292494,,5.995584181052829,0.0011513034642661162,,0.001
114,0.10295818001031876,0.08905412300544627,185.38741796156938,,4.185427673485933,0.10022137565248493,216.88468734842846,,5.978700973845183,0.0011233059810149093,,0.001
115,0.10168390545774908,0.08809828319970299,181.1416015625,,4.137741017260695,0.0990797315262838,208.29187287496447,,5.910596252625124,0.0010788014103612564,,0.001
116,0.10103612130179125,0.08765189261997447,178.45636255600874,,4.127044214767977,0.09882357191708846,208.31070489956426,,5.895315064405692,0.0010788989466425226,,0.001
117,0.0993415454731268,0.0861658957951209,175.6753297693589,,4.0750906072371835,0.09757940347477437,208.92550150401692,,5.821094260417893,0.0010820831488622942,,0.001
118,0.09890055218163658,0.08571286324192495,175.83584056181067,,4.037271748734421,0.09667359877650691,212.8862535533759,,5.767058528056531,0.0011025969828298088,,0.001
119,0.09813244202557732,0.0848633892395917,176.920680326574,,4.0276191044710234,0.09644281615295092,202.90001861029205,,5.75329120260108,0.0010508755008915062,,0.001
120,0.097841475816334,0.0847478267901084,174.58196662454043,,3.9826344678794032,0.09536536734168626,208.02977594849082,,5.689016049568727,0.0010774439376474705,,0.001
121,0.09741612962063621,0.08434277422287885,174.31140226476333,,3.97067900021209,0.0950792110046865,204.1562348913869,,5.671945408105725,0.0010573817936097892,,0.001
122,0.09608872673090767,0.08313243660856695,172.7505205939798,,3.9468757408738786,0.09450955862570667,194.21204020121615,,5.637962824941338,0.0010058780498074427,,0.001
123,0.09560203464592204,0.0831205121734563,166.42029347139245,,3.914843916257737,0.0937420604512568,205.6165113440564,,5.59217776109509,0.0010649449705831071,,0.001
124,0.09503821239751928,0.08251264428391177,167.00757374482995,,3.8784086501814463,0.09286971808587928,200.73227915928348,,5.540138222469182,0.0010396481767296674,,0.001
125,0.09427575153463028,0.08187039525193326,165.40473668715532,,3.86339131422726,0.09251038383798792,192.951405500273,,5.518702156522,0.000999348872866659,,0.001
126,0.09336853158824585,0.08113624944406397,163.0970853917739,,3.836165375456108,0.0918582507319995,196.90169418885606,,5.479799189859789,0.0010198085141851455,,0.001
127,0.09261202417752322,0.0804041260305573,162.7719699635225,,3.8069884602064845,0.09115981913600105,189.51020665087702,,5.438134289173937,0.0009815259490971349,,0.001
128,0.09172704728210673,0.07960517660659902,161.62493627211626,,3.7844941650243915,0.0906211964009071,188.070349282495,,5.406002777808462,0.0009740685282276129,,0.001
129,0.0912095523055862,0.07922974009724225,159.7308188045726,,3.7650595834582252,0.09015582100583516,187.2851669959252,,5.378240832718346,0.000970001851278337,,0.001
130,0.09057315351331935,0.0785887591979083,159.79191723991843,,3.746867676514647,0.08972036481816154,182.18437965575856,,5.352263716395989,0.0009435834581813203,,0.001
131,0.08984772422734429,0.07839613188715543,152.6878958309398,,3.712756675641278,0.08890366072813054,177.87699692025788,,5.30354327620424,0.0009212743277006831,,0.001
132,0.08911382757565554,0.07761670057387914,153.2950241986443,,3.691238234620845,0.08838831151215572,179.00362190923892,,5.272800145416427,0.0009271094311556824,,0.001
133,0.08899088028599234,0.07740271792692296,154.5088213752298,,3.6613046777603584,0.08767143137792266,180.45571288395053,,5.2300346981376835,0.0009346302132671962,,0.001
134,0.08813091805752586,0.07651982894715141,154.8145195456112,,3.6329710397819466,0.08699277682111922,184.27460298387464,,5.1895495957007105,0.0009544093048320691,,0.001
135,0.08783018589019775,0.07614977833102732,155.73874798943015,,3.6219852997468402,0.08672974821954495,182.9425560063545,,5.173858638096675,0.0009475102638940733,,0.001
136,0.08748217102359324,0.0761007464983884,151.75232472139245,,3.601648743864873,0.08624287963636425,179.29223832136975,,5.144814517983114,0.0009286042556448119,,0.001
137,0.08601748855674968,0.07490161740604569,148.2116070915671,,3.5782440276407845,0.08568285993149556,166.96511247397677,,5.111406571493927,0.0008647586501187086,,0.001
138,0.08560533164178624,0.074887715280056,142.9015484978171,,3.540008120414494,0.08476711326262173,169.71121350675304,,5.05677775139096,0.0008789814694071592,,0.001
139,0.08498627078883789,0.07423938986133127,143.29173637838926,,3.5502331404700356,0.08501219442213301,163.7949065980078,,5.0713980552682685,0.000848339274158784,,0.001
140,0.08593352270476959,0.07451779789784375,152.20965127383963,,3.529626491288893,0.08451859310205656,167.25977077345712,,5.041952294083896,0.0008662847672190377,,0.001
141,0.08433980713872348,0.07347622557598002,144.84775677849265,,3.4918757824092426,0.08361467630047366,164.34308856888643,,4.988029184101473,0.0008511784607057957,,0.001
142,0.08375897214693181,0.0730274192550603,143.08735746495864,,3.478158191962342,0.08328639782053396,158.43142491314185,,4.968445748382995,0.000820560314153208,,0.001
143,0.08328977183384054,0.07272132091662463,140.91267888686235,,3.4624744480822534,0.08291059684292414,164.30587290570352,,4.946027360527308,0.0008509857104588702,,0.001
144,0.0828027449109975,0.07215084968244329,142.02526945226333,,3.4304366133706403,0.08214362593907842,157.67172386987818,,4.900273750981643,0.0008166256116340284,,0.001
145,0.08216564664069344,0.0715103640275843,142.07041617000803,,3.4107856438547985,0.08167303210817473,157.86860508079238,,4.872200500372259,0.00081764531405965,,0.001
146,0.08186812172917758,0.07144163461292491,139.01980860093062,,3.3979493417830127,0.08136540381266566,164.16481999367792,,4.8538489503364675,0.0008502551582854778,,0.001
147,0.0813439931063091,0.07074400870239034,141.33311282887178,,3.3803361294950904,0.08094389153138368,156.75904328766916,,4.828703657027716,0.0008118985856310145,,0.001
148,0.08051335548653323,0.06998772656216341,140.3417205810547,,3.3543245823787453,0.08032082751406651,161.03831571280713,,4.7915348053446305,0.0008340621250137062,,0.001
149,0.08022696174242917,0.06997778157100958,136.6557316499598,,3.3560798535317353,0.08036304314220173,156.15435008735327,,4.794053176454589,0.0008087667117449496,,0.001
150,0.07972614335663178,0.06956677314113169,135.45827573888442,,3.30536671615837,0.07914891217293897,147.85633855710293,,4.7216242563659545,0.0007657890073416589,,0.001
151,0.07929057452608557,0.06925423289923106,133.81786884981042,,3.298780721556101,0.07899110447917215,150.30987036561194,,4.7122102465675315,0.0007784965294300248,,0.001
152,0.07844532018198687,0.06862781898063772,130.9000176822438,,3.2708252363668984,0.0783216746729332,149.58589851947485,,4.672275446147711,0.0007747468783375726,,0.001
153,0.07810114148785086,0.06825737874297534,131.25015393425437,,3.253524647884842,0.07790695996689315,160.69461318510096,,4.647535661837955,0.0008322819942456818,,0.001
154,0.07779592626235064,0.06798875200397828,130.76230486701516,,3.243213982733922,0.07766057976802736,146.40269118135618,,4.632837863835233,0.0007582601641972848,,0.001
155,0.07688108086585999,0.06740414570359622,126.35912457634421,,3.213395900414874,0.07694642602484841,148.90038452694532,,4.590235059273617,0.0007711964111409616,,0.001
156,0.07690365919295479,0.06707105500733151,131.10138881907744,,3.1988953863343466,0.07659936754138702,143.82568611185218,,4.569531303417713,0.0007449131398265457,,0.001
157,0.07569257126134984,0.0662472784957465,125.93722893210018,,3.1847968147981836,0.0762618033078191,142.27609610469858,,4.549393926547475,0.0007368873831701517,,0.001
158,0.07539231812252718,0.06616944797775325,122.97159576416016,,3.1730033937244664,0.07597954413184281,137.9566346064324,,4.532555770023484,0.0007145156934253101,,0.001
159,0.07522173182052724,0.06569374330780085,127.03984698127297,,3.1430828124389096,0.07526297910998718,139.29092674509457,,4.489809120757296,0.0007214263626758899,,0.001
160,0.07480101024403292,0.06567953680368031,121.61964012594784,,3.127163269957213,0.07488157416103446,144.0163293632388,,4.467056428281392,0.0007459005341287478,,0.001
161,0.07446528883541331,0.06513706770013361,124.37627276252297,,3.101617770249783,0.07427021333410223,133.71194445720687,,4.4305857298145845,0.0006925312652461085,,0.001
162,0.07437551941941767,0.06505611473146607,124.258716358858,,3.109860059001226,0.07446742041505157,138.36124885635687,,4.442350108014792,0.000716611302905632,,0.001
163,0.07357236742973328,0.0644768719725749,121.27326426786534,,3.0738132617396343,0.07360431181144876,135.33127040845972,,4.390861408969317,0.0007009182037086323,,0.001
164,0.0725590648020015,0.06375279277563095,117.41695538689109,,3.0620977952602266,0.07332379568913713,134.33746649316154,,4.374127234221416,0.0006957710174519233,,0.001
165,0.07297507804982803,0.06408533826470375,118.52984888413373,,3.0697752781208743,0.07350757442254031,136.3746133529947,,4.385090545044244,0.0007063219663447793,,0.001
166,0.07258192931904513,0.06354800808955641,120.45228127872242,,3.0313213341565697,0.07258626859987312,148.1985469112364,,4.330130093909656,0.0007675613993701189,,0.001
167,0.07225076284478693,0.06317494941108368,121.01083239387063,,3.04018199750302,0.0727987151275585,141.2623943143413,,4.342803580515616,0.0007316371402968754,,0.001
168,0.07211344338515226,0.0629994235932827,121.52026815975414,,3.014657780353387,0.07218783952681679,131.6146373602775,,4.306361828192071,0.0006816687297909385,,0.001
169,0.07110412375015371,0.06230899253312279,117.26841197294347,,2.993675921924122,0.07168547600842527,129.08554616568398,,4.2763933585210285,0.000668569864674403,,0.001
170,0.07069647399818196,0.06211287988459363,114.44791502111099,,2.9739122287218147,0.0712119153458101,136.46917494794627,,4.248143121719556,0.0007068117270857613,,0.001
171,0.07012452404288684,0.06151139692348592,114.84168961468865,,2.9664296557579286,0.07103303266971198,128.2909304099951,,4.237471884941682,0.000664454329170783,,0.001
172,0.07089439976741285,0.06170022728688577,122.58896771599265,,2.95721339740711,0.07081173166583767,144.33666669840082,,4.224270185017266,0.0007475596500807735,,0.001
173,0.06984297755886526,0.060926196987138075,118.89040823543773,,2.9427851769240134,0.07046656814670572,134.86161075466515,,4.203679473160292,0.0006984857060316467,,0.001
174,0.06897082179784775,0.06058779534171609,111.77368074304917,,2.9030470992712445,0.06951523740861155,127.15943205898189,,4.1469278872509685,0.000658593985221467,,0.001
175,0.06930096031111829,0.060545797076295406,116.73550370160271,,2.909651791831747,0.06967333743563703,128.88316915276772,,4.156359336174797,0.0006675216979651344,,0.001
176,0.06845979502095896,0.060097439324154574,111.4980733534869,,2.903417002031863,0.06952403641912025,128.74884248455353,,4.147452791767144,0.0006668259828749658,,0.001
177,0.06782661948133917,0.059785950271522295,107.20891660802505,,2.865457152918551,0.06861487467988892,132.19102981951167,,4.09321679530095,0.0006846540262855199,,0.001
178,0.06777866316192291,0.05947524966562495,110.7121712179745,,2.8618122647017414,0.06852782851795942,125.7717176604809,,4.088024061019375,0.0006514066272625697,,0.001
179,0.06737451452542753,0.05926322849357829,108.15047409955193,,2.843220308623118,0.06808264200535004,124.70900063496222,,4.061466482666932,0.0006459025208847242,,0.001
180,0.06658661540816813,0.0586926025502822,105.25350503360524,,2.845750761508462,0.06814326642492038,123.98190992510642,,4.065083029276518,0.0006421367163315919,,0.001
181,0.06707650707925067,0.059128298478968,105.97610159481273,,2.816893399995561,0.06745240999027777,118.66705429815893,,4.023870024449013,0.0006146096041736476,,0.001
182,0.06650961409596835,0.058559878345798046,105.99648240033318,,2.815021773655594,0.06740721381140793,128.7692720948115,,4.021173848739351,0.0006669317934956837,,0.001
183,0.06634662322261754,0.058184100862811595,108.83362938376034,,2.785949113068483,0.06671132560467931,120.12061686392083,,3.979660673808663,0.0006221380080635756,,0.001
184,0.06561694491435499,0.0576817108427777,105.80312571806066,,2.786816245355468,0.0667321844646217,117.60954610200938,,3.9809050080181962,0.0006091324757685487,,0.001
185,0.06537136698470396,0.05762125398306286,103.33483348173253,,2.779099445903855,0.06654734677402835,118.72846008264375,,3.969878525159034,0.0006149276417715252,,0.001
186,0.06525986356770291,0.057447710677104837,104.16203218347886,,2.7562889091404603,0.06600082271709891,126.10931828657455,,3.9372756608486914,0.0006531551545888725,,0.001
187,0.065460574320134,0.057306736050283205,108.71785152659697,,2.762837298984025,0.06615791036583982,118.80518418351987,,3.9466467163983867,0.0006153250171808075,,0.001
188,0.06466177368865293,0.056801164413199705,104.80811803481159,,2.739111063269958,0.06558973420322836,118.75882849355308,,3.9127521968449974,0.0006150849281988217,,0.001
189,0.06414142557803322,0.05655562724260723,101.14398193359375,,2.7383306484140633,0.0655710364175561,119.00078580564124,,3.9116367814091215,0.0006163380922609866,,0.001
190,0.06372420117259026,0.056262698462780786,99.48669298957375,,2.714240397003769,0.06499415266755584,118.69684982413574,,3.87722281118104,0.0006147639234709039,,0.001
191,0.06385584328981007,0.05619719602605876,102.11529226864086,,2.7184159842240136,0.06509409276619502,120.13993045735968,,3.883184732589224,0.0006222380385234942,,0.001
192,0.06344780501197367,0.05572279257809415,103.00016784667969,,2.70427408005784,0.06475560242671807,115.59129281313736,,3.862992108918948,0.0005986793819226434,,0.001
193,0.06351303418769556,0.05597289651632309,100.53515535242417,,2.697733676735117,0.06459882747274896,119.63169469927234,,3.853639707159669,0.0006196057444975541,,0.001
194,0.06295877147246809,0.05537996704087538,101.0507251515108,,2.6837251934358806,0.0642634761008748,116.59060458395564,,3.833634338439162,0.0006038550948915143,,0.001
195,0.06308461594230988,0.05554531295509899,100.52403618307675,,2.6572461803534484,0.06362960752103826,110.38962898136832,,3.7958209411385773,0.0005717385214825141,,0.001
196,0.06240239169667749,0.055171428138718885,96.41284493839039,,2.641436608283712,0.06325111085092919,107.72993158874603,,3.7732417418864648,0.0005579632106233262,,0.001
197,0.06224795891081586,0.05498074258075041,96.89621869255515,,2.6456139786961557,0.06335114705828054,107.73770264776199,,3.7792093966548967,0.0005580034590944293,,0.001
198,0.06173609262880157,0.05439281858065549,97.9103209551643,,2.6080911931370463,0.062452324491002735,114.6009701270803,,3.725590182956101,0.000593550225918211,,0.001
199,0.06157015395515105,0.05415052767185604,98.92834248262294,,2.6121090934161337,0.06254857947277921,113.59704134006579,,3.731332268908702,0.0005883506001412434,,0.001
200,0.061825069215367824,0.054503356051795626,97.62283190558938,,2.627682348825085,0.06292136316893648,117.70375836034195,,3.7535706609956083,0.0006096204271982404,,0.001
201,0.061760307892280465,0.053971256841631496,103.85400615018956,,2.6014601525571357,0.06229362076918521,112.14440731841559,,3.7161227206507204,0.0005808270054389398,,0.001
202,0.061233269160284716,0.053723805967499226,100.12617582433364,,2.5848873878646503,0.06189681403690736,110.39052771024005,,3.6924512355882513,0.000571743176248737,,0.001
203,0.060792671406970304,0.05351863100248225,96.98719652961282,,2.5915368964578938,0.062055837964073,116.12729701736076,,3.7019377997270895,0.0006014554964368323,,0.001
204,0.060026134419090604,0.053171349798931795,91.39712300020106,,2.5494306508958777,0.06104781861060632,107.82116056799308,,3.6418044574037585,0.0005584357108227776,,0.001
205,0.059910808635108614,0.05296844835667049,92.56480093563304,,2.544386247288124,0.06092695481886339,109.54769344692001,,3.634594334167158,0.0005673779037135177,,0.001
206,0.05978828997296445,0.05290358995690065,91.79598819508271,,2.5419548759514123,0.0608688473260027,106.39944046009889,,3.6311279346900784,0.0005510722278583899,,0.001
207,0.06005835555055562,0.05290814050856758,95.3361951042624,,2.553430279927972,0.061143215761612274,118.11253190829865,,3.647495369506173,0.0006117375788372713,,0.001
208,0.059998130535378176,0.05243831851026591,100.79748804428998,,2.5136850601106233,0.060191672474208105,111.52606100296094,,3.590731103978771,0.0005776244182808484,,0.001
209,0.05983593117664842,0.05264706252252355,95.85157371969784,,2.5366863460176505,0.06074235191673725,115.23209327935153,,3.6235818576018466,0.0005968189878597321,,0.001
210,0.059136429472881204,0.05229108671055121,91.27122362922219,,2.50841333756281,0.060065537530387035,108.6163441921302,,3.583206530437954,0.000562554187474674,,0.001
211,0.05935884595793836,0.05227427096927867,94.46100481818704,,2.530367751236364,0.060591271526179005,108.98297871840808,,3.614569164727908,0.000564453089426903,,0.001
212,0.05884989285293747,0.05179055166595122,94.12453595329734,,2.50158276645,0.059901921483533904,109.76428285153726,,3.5734460236369956,0.0005684996803433273,,0.001
213,0.058600621407522875,0.05159806438228663,93.36741638183594,,2.4866262299552275,0.05954415000362583,99.11342667798563,,3.5521031845329167,0.0005133359406208475,,0.001
214,0.05793653231333284,0.051395571626284546,87.21279413559857,,2.4876292262601756,0.059568114690567796,100.57295722328108,,3.5535327966912513,0.0005208952543328867,,0.001
215,0.057426213999004924,0.05085005348219591,87.68213788200828,,2.457623996016921,0.058849597722514156,99.88722298024177,,3.510669704175717,0.0005173436463977663,,0.001
216,0.058231453027795345,0.05097826438791612,96.70917959774242,,2.4557413841603206,0.05880390305099104,116.31643056637228,,3.5079437909126416,0.0006024350715714931,,0.001
217,0.05757278116310344,0.050538612858337516,93.78890946332146,,2.4612039147853677,0.058935044388705164,107.47982391257304,,3.515767020621855,0.0005566678335638498,,0.001
218,0.05764982564484372,0.05068616678609567,92.84878225887523,,2.438778395263012,0.05839816536352546,103.44051292063713,,3.483739530181004,0.000535747121032718,,0.001
219,0.05723868858288316,0.050294694874216526,92.58657477883732,,2.4225139837571326,0.05800845799685259,109.34187440069168,,3.460491557406007,0.0005663119097585658,,0.001
220,0.0569976410445045,0.05022016934612218,90.36628812902114,,2.4348866381990333,0.058304889473328236,105.56488588968155,,3.4781751617822687,0.0005467498381503185,,0.001
221,0.0563860478646615,0.0498114151551443,87.66175976921531,,2.4142038967357355,0.05780962482131799,104.76010955831784,,3.448630174617534,0.000542581678205731,,0.001
222,0.05666435312698869,0.05003833398222923,88.34691978903378,,2.420080391810834,0.05795062215205677,97.46382241685676,,3.457041363080168,0.0005047921823892815,,0.001
223,0.05602292760330088,0.04967502416933284,84.63870688045726,,2.394076745960814,0.05732768717518098,103.36026746395486,,3.4198802092979297,0.0005353315075445437,,0.001
224,0.05546078261207132,0.04919861147508902,83.49560816147748,,2.390131445907804,0.05723335095455803,99.52163407920855,,3.414252586942565,0.0005154501600288392,,0.001
225,0.055610184941221684,0.04932922738439897,83.74609599393956,,2.3704257118314054,0.05676143352901122,100.04463436840803,,3.3861003773632974,0.0005181589236585485,,0.001
226,0.05541392503415837,0.04914909141028628,83.53111132453469,,2.3856190875585837,0.057125360388406904,97.6949907805908,,3.407810415311908,0.0005059894674940004,,0.001
227,0.055036296301028305,0.04885378896313555,82.43342635210823,,2.393632507637422,0.05731725540685777,97.81013422024654,,3.4192579026988943,0.0005065858273201421,,0.001
228,0.054970003883628285,0.048774755176375896,82.60330963134766,,2.3558995798229905,0.05641368263040839,97.09138030050194,,3.3653553155179936,0.0005028632013164448,,0.001
229,0.0547472571625429,0.048436379169716555,84.1450329948874,,2.341595629622181,0.05607126338624234,93.84214486306912,,3.344928313241976,0.0004860345093270916,,0.001
230,0.05439894273877144,0.04839300539563684,80.0791612512925,,2.323639762692693,0.055641186208152095,96.0916989686084,,3.319272081457724,0.0004976855742882125,,0.001
231,0.05405649783856729,0.048063852112082875,79.90193580178654,,2.3164994272436967,0.05547026958705796,94.08374608137792,,3.3090760592785324,0.0004872858290807576,,0.001
232,0.053903012810384524,0.04782604732934166,81.02620517506318,,2.3148656400152317,0.05543100689903075,97.79231100805784,,3.3067338456577775,0.0005064935159582971,,0.001
233,0.05413027874687139,0.04794518561924205,82.46790942023782,,2.3367350986283317,0.055954764834045476,96.59000203547605,,3.3379785981444097,0.000500266424150016,,0.001
234,0.05375847351901671,0.04777921122663161,79.72349503461052,,2.2959610462751585,0.05497857968051008,90.11547572295866,,3.27974432336921,0.0004667330557042981,,0.001
235,0.05391462081495453,0.04779455788871821,81.60083232206456,,2.2998705271520916,0.0550719137050864,97.83559721337954,,3.285312159771319,0.0005067177072275277,,0.001
236,0.05341184007770875,0.047311889336389655,81.33266763126149,,2.290666035897811,0.05485161684823091,94.46772458935153,,3.272170362185304,0.0004892745603271226,,0.001
237,0.053325082011082596,0.04717093552736675,82.0552816951976,,2.294981199862441,0.05495475814041246,99.7078727390719,,3.278323250628461,0.0005164147417292735,,0.001
238,0.05353891783777405,0.047170462853768295,84.91272690716912,,2.2727172759901166,0.05442169955505245,96.99432731269664,,3.2465236683271836,0.0005023605369605149,,0.001
239,0.05353634870227646,0.047283545355586445,83.37071228027344,,2.265879668012666,0.05425809718426256,93.24585842424956,,3.2367639773710692,0.00048294617639168234,,0.001
240,0.052707874818759805,0.04683199700187234,78.34503173828125,,2.2508207031510303,0.053897596185374944,90.02985681521868,,3.215258308953634,0.00046628961162196975,,0.001
241,0.0528220291085103,0.046793511685203105,80.3802261352539,,2.2412901443881474,0.05366927456510317,92.47636247318798,,3.201637794521642,0.00047896074332694227,,0.001
242,0.05315392135697253,0.04665675496353822,86.62888066908893,,2.226648606226169,0.053318411833261775,98.8804122085943,,3.1807070964256603,0.0005121290940226374,,0.001
243,0.05258284114739474,0.046401198076851224,82.42190372242646,,2.2210217914574812,0.05318367193622539,98.6978492649593,,3.1726691948464554,0.0005111835498765566,,0.001
244,0.052472340271753425,0.04622016299296828,83.36236033720128,,2.214225207183004,0.05302119413869425,91.12854585345146,,3.1629765902498472,0.0004719800270358514,,0.001
245,0.05156603499370463,0.045951906591653824,74.85504464542164,,2.218707394417362,0.053128766188719645,84.78511497891202,,3.1693937953226996,0.00043912563824224617,,0.001
246,0.051414384999695945,0.04579482797314139,74.927427852855,,2.225183112315872,0.053283668740456494,89.43525376032143,,3.178634499023789,0.0004632099973990311,,0.001
247,0.051113578764831316,0.04537636260775959,76.49621043485753,,2.196342731772338,0.05259315012916678,85.97006740507496,,3.1374416470309052,0.0004452628356802035,,0.001
248,0.051105314098736816,0.04552024033139734,74.46764373779297,,2.1939522440953008,0.052535824518410414,88.12079300516844,,3.134021890690264,0.00045640204038683023,,0.001
249,0.05121006378356148,0.04563285870587125,74.36272744571461,,2.1975988994846274,0.05262326199321745,85.16077114400646,,3.139237968721283,0.00044107126576539994,,0.001
250,0.05090355171876795,0.04519803690559724,76.07352492388557,,2.1888299702098757,0.05241300864492357,92.19363580876855,,3.126695316118333,0.000477496423475608,,0.001
251,0.05096250531428,0.04519479590303758,76.90279119154987,,2.188192076928047,0.05239765914009821,94.17490245660952,,3.1257796422029633,0.0004877579532438655,,0.001
252,0.051341734607430065,0.04519735013737398,81.92512198055492,,2.222753460889932,0.053225248351356884,95.80311379914777,,3.175149433737783,0.0004961909116135417,,0.001
253,0.051217382006785446,0.044956190182882196,83.48255651137409,,2.193308219682013,0.05252037745608713,88.77801383140132,,3.133100396987409,0.00045980596942387167,,0.001
254,0.051384917296030945,0.04509460071430487,83.87088640998391,,2.183239288817227,0.052279408493398946,84.63511125955374,,3.118725405998602,0.0004383487273538396,,0.001
255,0.05015780952046899,0.044837295789928996,70.9401788150563,,2.152103149866965,0.05153380869524369,83.96782998406327,,3.07424668865604,0.00043489269245833073,,0.001
256,0.05046622739995227,0.04472790570820079,76.51095132266774,,2.1409758538417756,0.051266627877473665,103.12395559891708,,3.0583080308098998,0.0005341075828192574,,0.001
257,0.05081226479481248,0.044545982909553195,83.55041952694164,,2.149245152383598,0.05146540219349562,83.0365159311284,,3.0701659023371946,0.0004300691585396622,,0.001
258,0.049533009309979045,0.04410680887453696,72.34934099982766,,2.1339636201177763,0.0510995408636946,80.63901968634688,,3.048340463656744,0.0004176518601856418,,0.001
259,0.04925205383230658,0.04377339714590241,73.04875026029698,,2.102614764908832,0.05034838512855397,92.38732758463348,,3.003530307181075,0.0004784996069320451,,0.001
260,0.049441748463055664,0.04377351745086558,75.57641063017003,,2.1233239861558557,0.0508444612813003,88.42487506162979,,3.0331237043801917,0.00045797696573964507,,0.001
261,0.04954773078069968,0.04391912699622266,75.0480463364545,,2.1145217986273748,0.05063356485583339,91.33596861373123,,3.0205426890417915,0.0004730543270709045,,0.001
262,0.048932222320752984,0.04347015500945203,72.82756266874425,,2.0994466502496776,0.050272747464659484,86.20756368450313,,2.999018146258904,0.00044649289481629115,,0.001
263,0.04988641839693574,0.04351170010426465,84.99623960607192,,2.108432076712721,0.05048779502862111,89.66400449187562,,3.011846797549209,0.0004643947609158005,,0.001
264,0.04961245002992013,0.04364978916504804,79.50214071834789,,2.1060100341102825,0.05042995439601805,85.34767344742436,,3.008396317606978,0.0004420392846599635,,0.001
265,0.04885845083524199,0.043356800999711544,73.35532468907974,,2.100296554514241,0.05029329502973041,80.97486053369714,,3.000243910189003,0.00041939127312949615,,0.001
266,0.0477479409207316,0.04260543974883416,68.56667103486903,,2.076350210002681,0.04971964168304453,86.46981513143498,,2.9660226495033304,0.0004478511678344093,,0.001
267,0.04857887612546191,0.043104691978763134,72.98912250294404,,2.076446061529561,0.049722030548502334,83.95735096782134,,2.9661651571484904,0.0004348384187252995,,0.001
268,0.048035698559354335,0.04270045459270477,71.1365805233226,,2.066451229862489,0.04948284645353851,79.53504234379952,,2.9518966423513375,0.00041193405517621687,,0.001
269,0.04802997234989615,0.04269415885210037,71.14417423921473,,2.0374742176924383,0.04878870753262339,85.43212818874257,,2.9104878209752547,0.00044247669920133867,,0.001
270,0.0479574689970297,0.04271644244299216,69.88035179586971,,2.0413625354279743,0.04888208732134851,78.30192744081283,,2.9160583874352897,0.0004055474109057605,,0.001
271,0.04765268393299159,0.04237603637225488,70.355297313017,,2.080365531652894,0.049815831855361654,85.54808222596908,,2.97176086925099,0.00044307725733723935,,0.001
272,0.04782023784868857,0.042380589334403765,72.52864074707031,,2.0520712571674493,0.049138392774973894,82.03458869176376,,2.9313482759966423,0.0004248798993334003,,0.001
273,0.047246673527885884,0.04214669544907177,67.9997049219468,,2.047971288773719,0.04903989844005664,90.40365820995724,,2.92547260154841,0.00046822563277475394,,0.001
274,0.04746326234410791,0.04214611276984215,70.89532403384938,,2.051211957667698,0.04911763456712389,86.88170631439789,,2.9301099461824673,0.0004499844665702774,,0.001
275,0.046957299332408345,0.04186205061919549,67.93664820053998,,2.0195850550061816,0.048360735132811805,74.04524734425775,,2.8849571496302047,0.00038350088346214334,,0.001
276,0.04702802309218575,0.041975971311330795,67.36068748025333,,2.0145282393386093,0.048239251190411524,84.4502615529982,,2.8777100313382586,0.00043739133942801936,,0.001
277,0.04687647368101513,0.04181774880956201,67.4496643963982,,2.0244454564169927,0.04847685988792096,81.25991814993807,,2.8918845658818637,0.0004208676656271503,,0.001
278,0.04637002090320868,0.04147758093826911,65.23252913531135,,1.9972985306183002,0.04782686249874899,78.66406805651101,,2.853109005295723,0.0004074230376480425,,0.001
279,0.04687059736427139,0.0416045408038532,70.2140884399414,,1.9822889968699637,0.047467392250911795,79.55966498024813,,2.8316648262788155,0.00041206158264313597,,0.001
280,0.04623048401930753,0.04101931961143718,69.48219344195198,,1.9990798712366074,0.04786962848843679,75.76700271286373,,2.855660208195596,0.000392418332301178,,0.001
281,0.046457692323362124,0.04133704370435547,68.27531276029698,,1.9865591782072045,0.047569659223126566,79.34707784192891,,2.8377655572096376,0.00041096053486110797,,0.001
282,0.04653518252512988,0.041361230699455034,68.98602451997645,,2.0054048992319435,0.04802086653962075,81.91928814756122,,2.8646823063059967,0.0004242827258192143,,0.001
283,0.046329397050773394,0.0409863424651763,71.24072624655331,,2.004721760755098,0.0480043630569637,85.7947356158358,,2.863697791902845,0.0004443547436893753,,0.001
284,0.04706308881149573,0.04099286873550976,80.93626269172219,,1.9726937770713098,0.04723742854311945,84.52261971446104,,2.8179463532008318,0.00043776610242553737,,0.001
285,0.046089467537753726,0.0408013914437855,70.5076836978688,,1.967756945455672,0.04711942879929554,78.50917400978635,,2.810907084594504,0.0004066207983971456,,0.001
286,0.04529057114439852,0.04027247998644324,66.90787663179286,,1.949726505957084,0.04668758443444419,80.2582948629514,,2.7851454313755455,0.0004156799806746004,,0.001
287,0.04518235628219212,0.040238518048735225,65.91784106983857,,1.9380515578521706,0.04640810054900312,77.60000432036556,,2.7684728346646947,0.0004019119562821504,,0.001
288,0.04512709883206031,0.04023732617497444,65.19696471270393,,1.9418361854300923,0.04649831279660447,88.8645787582754,,2.7738544416230457,0.0004602543132018146,,0.001
289,0.04518762669142555,0.0401706465465181,66.89306640625,,1.9367005500280385,0.046375401549908615,86.9012656564065,,2.766522177567271,0.0004500857698302336,,0.001
290,0.0451597722575945,0.03998487946741721,68.99857061049518,,1.9303961125272613,0.04622480558930127,76.74441812592812,,2.7575383833369633,0.0003974806379570288,,0.001
291,0.045297312385895676,0.040177177637815475,68.26845887128044,,1.9406069727583564,0.0464691445520306,81.66177992152817,,2.772114411503684,0.0004229490192583691,,0.001
292,0.04523726158282336,0.04009952155106208,68.50320546767291,,1.9277101307260343,0.046160540395636766,75.22165650427371,,2.7537046465373547,0.00038959383295397953,,0.001
293,0.044454730608884024,0.039759510361096435,62.60294409359203,,1.9283076483807848,0.04617481463332218,76.15320076711586,,2.7545561754471812,0.00039441855919364094,,0.001
294,0.04436799204524826,0.039594708558391124,63.643781549790326,,1.9226981211498066,0.046040481773969584,76.15745239227473,,2.746542555679921,0.00039444057954015954,,0.001
295,0.044945465729517096,0.039688278208760655,70.09582923440372,,1.9231901738906554,0.046051436768740475,98.41859395533152,,2.747196075325593,0.000509737209134985,,0.001
296,0.04516243189573288,0.03962160975617521,73.877623165355,,1.918734523899823,0.04594522772092257,85.20998322573817,,2.740860180078836,0.0004413261487929814,,0.001
297,0.04450289598282646,0.03937422067803495,68.38233297011432,,1.8940168792982592,0.045353117222541345,90.3459494689644,,2.705537858964717,0.0004679267431910465,,0.001
298,0.04452291021452231,0.03945745659225127,67.53938360775219,,1.9093107483591418,0.04572006714742219,71.4269183794373,,2.727428237728273,0.0003699398311702297,,0.001
299,0.04408330667544814,0.039156549774548584,65.69009780883789,,1.9026163977476935,0.0455597794346881,70.79493163340442,,2.7178662825268036,0.00036666659643697075,,0.001
300,0.04380960631019929,0.039034288157435024,63.67090651568245,,1.8681278406927633,0.04473373378759493,74.55359694331763,,2.6685885722323324,0.000386133767102071,,0.001
301,0.04332897176637369,0.038618114722125674,62.81142717249253,,1.8797591311334965,0.04501230831482335,73.55355082488295,,2.685206921226105,0.0003809542507431142,,0.001
302,0.04394180568702081,0.03902741609250798,65.52519001680263,,1.9045612536093595,0.04560607651813164,78.23533953932055,,2.7206281326417914,0.00040520253368587014,,0.001
303,0.04364603692117859,0.03869167824878412,66.05810950784122,,1.85604951606897,0.04444460556516947,71.4809483688268,,2.651340643098181,0.0003702196674785344,,0.001
304,0.04350252602906788,0.038679930874530005,64.30126908246208,,1.8924747790227394,0.04531662520463761,78.60063756845476,,2.7033609295266783,0.00040709451354851577,,0.001
305,0.04381190897787318,0.03875831032500548,67.38131511912627,,1.9033661228664005,0.045577545179318384,75.85028002676664,,2.718926097102593,0.0003928496486192347,,0.001
306,0.044158881201463586,0.03879002306391211,71.58477065142463,,1.8640562879724267,0.04463615514080998,76.60128522433584,,2.6627675231122065,0.000396739312940476,,0.001
307,0.04380437293473412,0.038187034756821746,74.89783836813534,,1.8539713167227552,0.04439443100448607,82.43049813701093,,2.6483474822792727,0.00042693042421472575,,0.001
308,0.04357721086810617,0.0383386476074948,69.84750411089729,,1.869712322678819,0.04477176706093966,72.15359679708567,,2.6708574451838785,0.0003737035003476092,,0.001
309,0.04249037714565501,0.037863166893229765,61.696134230669806,,1.8453753639451778,0.0441890584027356,69.61762150173716,,2.6360959903585846,0.000360568980562934,,0.001
310,0.042664664194864386,0.03807969150297782,61.13296665864832,,1.848964451310492,0.04427468768184969,78.20325781396232,,2.641204200569191,0.0004050363735276001,,0.001
311,0.04326104723355349,0.03808164793778868,69.05864895091338,,1.8295937272144045,0.04381002532785794,99.35290459081943,,2.613484791907784,0.0005145762631862438,,0.001
312,0.04373305247110479,0.03823996554402744,73.24115842931411,,1.838245963817244,0.044018261479044404,71.43062717002765,,2.625907108721766,0.000369959040025882,,0.001
313,0.042556678328443974,0.037574947318610025,66.42307864918428,,1.8280951462381227,0.043775337910347586,67.11693489036026,,2.6114155158127477,0.00034761723066511466,,0.001
314,0.04212739384349655,0.03765129473279504,59.681317048914295,,1.8312495861605371,0.04385084736707469,67.94138144441811,,2.6159200285429884,0.00035188726815149797,,0.001
315,0.04201759222675772,0.037510960855904746,60.08841570685892,,1.7999167215630467,0.04310026663395434,74.52771481055959,,2.571144173783058,0.00038599971635425666,,0.001
316,0.04176428651108461,0.03710599265554372,62.110588298124426,,1.8250441601314582,0.04370205416402898,73.05763292867249,,2.607043777721651,0.00037838575434202614,,0.001
317,0.04144464433193207,0.03715375876602005,57.21180612900678,,1.8060404116955753,0.04324717534081411,67.45351269672021,,2.579908005082026,0.00034936046052418547,,0.001
318,0.04148030806990231,0.03712907893692746,58.016385695513556,,1.7955830437843894,0.04299653384240867,73.26900405041893,,2.5649559994759694,0.0003794805040367806,,0.001
319,0.04154835466076346,0.03697979647447081,60.914106256821576,,1.808879017894978,0.04331469383468115,79.77030213361043,,2.583935817336721,0.00041315253091195363,,0.001
320,0.041918742963496375,0.03699546044363695,65.64375776403091,,1.810434118991162,0.04335219967298899,72.63604255461624,,2.5861732261784582,0.0003762022208039719,,0.001
321,0.04186742358347949,0.036979172817047906,65.17667388916016,,1.7937204674730574,0.0429515276840826,84.08886547412867,,2.562271159432004,0.00043551956884858097,,0.001
322,0.04255411708179642,0.036995681988842344,74.1124662511489,,1.7845055861958548,0.042731201098232835,74.83305076131148,,2.5491275883643754,0.0003875811359735564,,0.001
323,0.04182720469201312,0.036799115074031497,67.04118930592256,,1.7917121956035422,0.04290359422011953,79.81281704423394,,2.5594116911218756,0.00041337272743190883,,0.001
324,0.041360010557314926,0.03668899571194368,62.280189738554114,,1.7722177432845247,0.042436536712228856,85.7027577567923,,2.531549399678678,0.0004438783648336448,,0.001
325,0.04104993601932245,0.036477350136813,60.96780709659352,,1.7691034040203746,0.042362058207278626,82.97952375327608,,2.5271063883232916,0.00042977398023530487,,0.001
326,0.041405667276943434,0.03642198772114866,66.44905987907859,,1.7455802845033328,0.04179889899632698,78.8244888285944,,2.4935111547613285,0.00040825390134323185,,0.001
327,0.04155079976600759,0.0364905475255321,67.47002343570485,,1.7531911726055893,0.041980911022934886,85.48274565970806,,2.5043690727817864,0.0004427388611297557,,0.001
328,0.04129585075904341,0.03649463877081871,64.01615614049575,,1.7461400374170566,0.04181255951548964,71.94490605858783,,2.494326072324466,0.00037262263310150235,,0.001
329,0.0412482689408695,0.03628742716768209,66.14454965030446,,1.7463552775680886,0.04181760328894333,74.9182423509036,,2.4946269583686167,0.00038802236685661656,,0.001
330,0.04062919756945442,0.035992780590758604,61.81888849595014,,1.7258616872529753,0.041327196308082514,65.29773422500605,,2.4653717553247105,0.00033819508559326946,,0.001
331,0.04107712406445952,0.03613195995635846,65.93551119636086,,1.7335204926155243,0.041510493088395474,68.2668788692612,,2.4763063152609033,0.00035357310963990055,,0.001
332,0.04034183218198664,0.03589427909430336,59.30070675120634,,1.738447399952596,0.0416284981281386,67.750824388731,,2.483345899795017,0.00035090032028074286,,0.001
333,0.04007754343397477,0.03565585580380524,58.95583410824047,,1.7196254101500614,0.04117731425738237,79.82168879150123,,2.4564305493529424,0.00041341867667290524,,0.001
334,0.04091464465155321,0.03612545187420705,63.855898688821235,,1.7307346965367627,0.041443670516827555,71.23502351142905,,2.472320018214919,0.0003689459543982221,,0.001
335,0.04027427601463655,0.03593227902756018,57.89329259535845,,1.721308914141948,0.04121783428699243,74.31886492800388,,2.4588477696207014,0.0003849180248569118,,0.001
336,0.03971361434634994,0.035535393063636386,55.709617390352136,,1.7064710801032819,0.04086247107782709,75.34065975693967,,2.4376485957830503,0.0003902101838227947,,0.001
337,0.03995870667345384,0.03556802660665091,58.5423963210162,,1.699520190759488,0.04069607338385431,73.81066982740673,,2.427722149967237,0.00038228594140739583,,0.001
338,0.03968764710075715,0.03539344723172048,57.255990869858685,,1.6958423848743227,0.04060844770985529,61.780449832833206,,2.422494844923168,0.00031997809368405813,,0.001
339,0.03924656900412896,0.03517203186364735,54.3271551693187,,1.6938459827251788,0.04056044691957505,66.95305773860856,,2.4196313602650754,0.000346768465420482,,0.001
340,0.0394023696289343,0.03511845539597904,57.11884801528033,,1.6896788144554562,0.04046066244392891,66.74591101693733,,2.4136787225384806,0.0003456955950659829,,0.001
341,0.03920452472041635,0.0349648489671595,56.52900920194738,,1.6741852746319068,0.040089642502184546,66.54186877242992,,2.391545547129727,0.00034463880366020395,,0.001
342,0.03915352965979015,0.034919508787639,56.45361238367417,,1.7029131913387783,0.04077751936528209,68.62430720789578,,2.4325808057710296,0.000355424330191619,,0.001
343,0.039502513540141726,0.034919587018735265,61.105682373046875,,1.6877087515265807,0.04041321411060758,74.02271613274527,,2.410848194671659,0.00038338418806533643,,0.001
344,0.03929376558345907,0.035109700963777656,55.78753303079044,,1.6911707492573858,0.040496224639891915,71.19449231392086,,2.415800183496803,0.0003687360320789691,,0.001
345,0.03957240371143117,0.03491684575291241,62.074101840748504,,1.6720659803175655,0.04003883647164977,68.01406239396667,,2.3885147160095404,0.0003522637029580852,,0.001
346,0.03903627965380164,0.03471503187628353,57.6166348176844,,1.666447321144687,0.03990431487684708,67.21341446154942,,2.38048983723878,0.0003481169251372672,,0.001
347,0.03878984337343889,0.03450533901067341,57.126719530890966,,1.6559013787604164,0.03965183641220469,65.39232903994484,,2.3654282475069994,0.00033868501838978376,,0.001
348,0.038690327721483564,0.03445278458735522,56.500570858226105,,1.6512331501567585,0.039540283376754116,58.991682672088196,,2.3587735569547927,0.0003055342946790587,,0.001
349,0.03849847790072946,0.03438633285901126,54.82859892003677,,1.644605060606948,0.03938145339874141,61.82755357359475,,2.3492985628426277,0.000320222057028693,,0.001
350,0.039027392425957846,0.03447524874525912,60.695249669692096,,1.661791619828965,0.039792791306705856,68.08332007461519,,2.3738369044380767,0.0003526224077050862,,0.001
351,0.03853010780671064,0.03430751426255002,56.30124395033892,,1.6542130010698917,0.0396113193105343,67.6797978004602,,2.3630112019053295,0.00035053245387029635,,0.001
352,0.03833803315373028,0.03429573697640615,53.89727648566751,,1.6356208810607116,0.039166251557616855,63.319868729239914,,2.3364607081561584,0.00032795117133542305,,0.001
353,0.038435176891439105,0.033946685712127125,59.84654998779297,,1.6495457989178959,0.039499660508540695,64.78227840734175,,2.3563502018554763,0.0003355253968752225,,0.001
354,0.038240199141642624,0.033982134040664226,56.77419191248276,,1.63424625499218,0.039133314305857356,63.82377745562655,,2.3344958381083445,0.0003305610544634392,,0.001
355,0.038721946889863294,0.034104673411039746,61.56364351160386,,1.6283872165542586,0.03899318394301627,59.054925942281116,,2.3261363685707446,0.00030586184912531855,,0.001
356,0.038048555745798,0.033774045460364395,56.99346519919003,,1.6178196232894324,0.03873980620462836,67.46783522201919,,2.3110211327102506,0.0003494346408571922,,0.001
357,0.03824685820761849,0.033881947617320454,58.19881035299862,,1.6939202241752402,0.040562303975492625,64.82512120293248,,2.419742142839657,0.00033574729160241063,,0.001
358,0.038123281782164294,0.03399017464150401,55.10809236414292,,1.6467471391715764,0.03943254795095439,67.26496478318812,,2.3523466057085844,0.0003483839185581857,,0.001
359,0.03762429623919375,0.03355433353606392,54.2661595064051,,1.6015385030631997,0.03835006752092614,63.45728053149747,,2.2877712917194892,0.0003286628651909232,,0.001
360,0.03793318438179353,0.03379058059962357,55.234718322753906,,1.6153178077742345,0.03868015766001587,60.3986847867358,,2.3074628018707326,0.0003128215490721971,,0.001
361,0.037938449093524146,0.033500692533219564,59.17008949728573,,1.605433384001794,0.038443082625988716,70.352094253402,,2.2933201029945236,0.00036437301875910297,,0.001
362,0.03789077808751779,0.033326984109247434,60.850585488712085,,1.6023851026700269,0.03837014780223269,68.65614459011898,,2.288969179860826,0.00035558922482898785,,0.001
363,0.03756463111323469,0.033303436877972936,56.81591550041647,,1.5762029799601733,0.03774338640670367,62.52292254431156,,2.251579761272008,0.0003238235658920805,,0.001
364,0.038179415661622494,0.03351121735485161,62.242637634277344,,1.6321201942520205,0.03908184462702171,78.77694256929769,,2.331425417083141,0.000408007646072305,,0.001
365,0.03875099034870372,0.03366827581296949,67.7695198059082,,1.587607657911173,0.03801623728962895,69.5021768803743,,2.2678566665613187,0.0003599710608331534,,0.001
366,0.03816391659133574,0.033359345048666,64.0609494377585,,1.5870035928798438,0.03800115157565014,86.16551067118309,,2.266956729075238,0.0004462750905906465,,0.001
367,0.03790143833440893,0.03307121794889955,64.40293525247013,,1.579630169302632,0.037825384782872576,64.49431979934718,,2.2564713701554733,0.0003340339793362545,,0.001
368,0.03765591672238182,0.033118561238927,60.49806774363798,,1.620979841318878,0.03881487385059211,83.8848335561156,,2.315499289242286,0.00043446283092658176,,0.001
369,0.038321474238353616,0.03319356141283231,68.3721674750833,,1.5723857226474893,0.03765134927867148,79.30245822186332,,2.2460892911660704,0.00041072943746689786,,0.001
370,0.03812643096727483,0.03325076576541452,65.00886558083927,,1.569839527197163,0.037590877919313696,65.78423876733474,,2.2424818753555376,0.0003407148276224095,,0.001
371,0.03788845065762015,0.03297577634015504,65.50231821396771,,1.5488386376364738,0.037087980117484036,65.36594659062192,,2.2124815330336642,0.00033854837636364266,,0.001
372,0.03639953473911566,0.03248446818222018,52.20089272891774,,1.544885259130245,0.036993416264921336,62.44578551184244,,2.2068403313067235,0.00032342405179549004,,0.001
373,0.03646789578830495,0.03256338725195212,52.06011334587546,,1.5517042233296334,0.03715630882921554,73.27159337696895,,2.2165576787931003,0.00037949391487751815,,0.001
374,0.03664883423377486,0.0325039151836844,55.26558752620922,,1.5705320655198802,0.03760764227080314,60.94750161592381,,2.2434819518753746,0.00031566402372656553,,0.001
375,0.036917097209131014,0.03262312096707961,57.253012264476105,,1.5625879201527393,0.03741730037879987,63.67608637648106,,2.232127116166179,0.00032979612138044957,,0.001
376,0.03671127141398542,0.032498134409680086,56.17515900555779,,1.5254992873646032,0.036529254994509486,60.31538337110608,,2.1791508147603227,0.0003123901079246091,,0.001
377,0.036883808891562855,0.03235509465722477,60.38285446166992,,1.5491417579456304,0.0370952776445346,64.32770035164721,,2.2129168666319092,0.00033317101097992194,,0.001
378,0.03680090474731782,0.03223391457953874,60.89319431080538,,1.53030803195815,0.036644138392082845,67.64613625571651,,2.1860041778924764,0.000350358111389031,,0.001
379,0.03652768406797858,0.032209173940560394,57.580137589398554,,1.5374293721732555,0.036814961473170774,59.94285886881899,,2.1961946199474425,0.0003104607001521672,,0.001
380,0.03658641841919983,0.03222537084537394,58.147295110365924,,1.5228241943442338,0.036464599283466355,76.29582669206637,,2.175293781666718,0.0003951572584374806,,0.001
381,0.03662023233140216,0.03208622259690481,60.45346091775333,,1.5083805249658495,0.036118996644490566,68.67950799041151,,2.154676874138201,0.0003557102303624181,,0.001
382,0.03666403889656067,0.03214089013636112,60.3086514192469,,1.534152013233433,0.036736444134321845,60.84678667271181,,2.19151067216501,0.00031514239308739616,,0.001
383,0.03626346358043306,0.03202030018848531,56.57550587373621,,1.5219072577712265,0.036443087824065995,64.2921733300626,,2.1740105166703194,0.0003329870066764299,,0.001
384,0.03574247088502435,0.03177861694027396,52.85138814589556,,1.4942668554502918,0.035781299522607106,60.984422793124324,,2.1345315698223817,0.00031585524874886886,,0.001
385,0.03548918620628469,0.031554730718626696,52.45940309412339,,1.5093619935014562,0.03614289970100607,57.940311707586616,,2.1561028097366375,0.000300088952699739,,0.001
386,0.03601731622920317,0.03182294778525829,55.92491060144761,,1.512291443703103,0.036212810994124885,64.41612006632184,,2.160273364306768,0.00033362896121858534,,0.001
387,0.03570210374891758,0.03158959691577098,54.83342653162339,,1.5031092490527855,0.03599300919238966,62.093349886457254,,2.147161099208312,0.000321598689891162,,0.001
388,0.03542190943570698,0.03145534873885267,52.88747697718003,,1.4971367257103112,0.03585011937788555,58.44792255386821,,2.138637014724673,0.00030271801013402486,,0.001
389,0.03664449492798132,0.031854792004998994,63.86270096722771,,1.497451495023174,0.03585709777210422,73.48366894083452,,2.13905331047036,0.0003805923130734894,,0.001
390,0.036966452703756446,0.031539592891931534,72.35812669641831,,1.5205985061289125,0.036411034687872094,83.43131861964969,,2.1720983884907805,0.0004321139512207806,,0.001
391,0.036442296250778085,0.03159982075586038,64.56633556590361,,1.5002812025852852,0.03592544194125361,57.88307115839423,,2.14313037834126,0.0002997924880112887,,0.001
392,0.03559264069532647,0.0315819017808227,53.47651492848116,,1.4893606368311956,0.03566401359091958,55.489259367352254,,2.12753488364208,0.00028739427246561686,,0.001
393,0.03490149350289036,0.03111417405307293,50.497585745418775,,1.477431174846858,0.035378135282271114,60.88061812867558,,2.110480827945975,0.00031531761558602043,,0.001
394,0.03471281039802467,0.031050293980275884,48.833553314208984,,1.4683439946149954,0.0351606233360066,58.16755657383765,,2.097505164057027,0.00030126591692222754,,0.001
395,0.034769973334144146,0.031066430403905755,49.38056766285616,,1.4661287297368464,0.0351074763965993,60.78675347083676,,2.094334686139291,0.0003148314644757446,,0.001
396,0.034395428264842313,0.03080531538409345,47.86817281386431,,1.4584506439466771,0.03492381276166727,55.26825561963347,,2.083378241509798,0.00028624963272790965,,0.001
397,0.034861476653639006,0.030901642297120654,52.79778626385857,,1.4630449078354932,0.03503308145977273,75.45827921992422,,2.089896660035993,0.00039081936766084983,,0.001
398,0.034882355481386185,0.030800278901177293,54.42768231560202,,1.4610052658788533,0.034984975485130215,55.6290278724392,,2.087026900610217,0.0002881181723390526,,0.001
399,0.034724297549794704,0.030894725200007942,51.060966716093176,,1.4488155386547577,0.03469292642401468,59.35728685390595,,2.0696047289952864,0.0003074278601914094,,0.001
400,0.03516910312806859,0.030911432140890288,56.768944908590875,,1.4730509454100928,0.03527329820417033,59.33979077883845,,2.1042267774816343,0.00030733724316349523,,0.001
401,0.035979195990983176,0.031010124503689653,66.25428031472599,,1.4480667614242755,0.034674126121197656,82.71610032546258,,2.0684831979044493,0.0004284096372029773,,0.001
402,0.03601255432209548,0.03093150707290453,67.74729403327493,,1.4793970175422069,0.03542378763236326,99.15538338375727,,2.1132042165262774,0.0005135532460429737,,0.001
403,0.03645663270178963,0.03126621827044908,69.20551973230698,,1.4561601956027344,0.0348682032901957,75.68149820508462,,2.080060861369309,0.0003919754807279929,,0.001
404,0.034588340560303014,0.03044945198823424,55.185172361486096,,1.4335299519333848,0.03432691687661927,58.333781151639286,,2.0477704484019195,0.00030212684013778074,,0.001
405,0.034846794298466516,0.030570071957567158,57.02296537511489,,1.447532400799845,0.03466189129385278,67.62195490681518,,2.0677533299128616,0.0003502328694727761,,0.001
406,0.034939140410107726,0.03054933753960273,58.53070202995749,,1.442180661593076,0.034533924009391335,62.45907392007881,,2.0601194481860445,0.0003234928761492633,,0.001
407,0.034895824487595,0.030403956113492742,59.89157037174,,1.4218807455196105,0.034047741713640244,63.94557294078584,,2.0311162685135526,0.00033119186707917836,,0.001
408,0.03427850005819517,0.030264171607354107,53.52438107658835,,1.4329143988031479,0.03431212742747103,59.64126456913245,,2.046888184578962,0.00030889865958203867,,0.001
409,0.03437322465812459,0.030383628300007653,53.19461687873392,,1.419745077737255,0.033997006461028725,52.97777832013047,,2.028089659646712,0.00027438661518911406,,0.001
410,0.034257722689824945,0.0302579314174021,53.33054396685432,,1.4462601852691424,0.03463120008068395,73.67323761335221,,2.065922447180846,0.00038157414183353496,,0.001
411,0.03474721202955527,0.03016213119468268,61.1344061458812,,1.3979673715078067,0.03347488806556786,69.16784741843193,,1.9969427138072495,0.0003582394757737342,,0.001
412,0.03451659409877132,0.030183548984282157,57.77393475700827,,1.4177633055875973,0.03394933558947903,58.69943329382279,,2.0252458562734033,0.0003040206540501746,,0.001
413,0.033461533815545196,0.02981940426808946,48.56172741160673,,1.4127923889285319,0.033830378923421826,56.4667974028913,,2.0181495025208096,0.0002924572132172915,,0.001
414,0.03362608076456715,0.02980732939699117,50.91668768490062,,1.4193107305613846,0.03398627710648756,61.79122559528178,,2.0274496005572575,0.0003200339043480403,,0.001
415,0.03456993685925708,0.03020283053903019,58.22808254466337,,1.4063385545319913,0.033675804450546534,57.083437450032356,,2.0089283703472143,0.0002956509631382994,,0.001
416,0.03369270539020791,0.029932177570812842,50.14036851770737,,1.38917753876298,0.03326461893987888,63.171462154871946,,1.9843991200046125,0.0003271825325041272,,0.001
417,0.03277640450088417,0.02934840726940071,45.70663137996898,,1.3993694228646774,0.033509003334188096,54.65497956814924,,1.9989778583898787,0.0002830733058739131,,0.001
418,0.033235128640252,0.0295284152688349,49.422838772044464,,1.4022021043024693,0.03357656998832961,61.86432516566564,,2.003008543643253,0.0003204125073081003,,0.001
419,0.0328961560393081,0.029409479788121057,46.48900447172277,,1.4042588106975606,0.03362588924769201,60.06863780656408,,2.005950681506155,0.0003111121441742515,,0.001
420,0.03292263584101901,0.0293560786282315,47.554099812227136,,1.3661775435342802,0.03271366789150409,67.59559937843166,,1.9515321637488816,0.0003500963668776507,,0.001
421,0.03356416260494905,0.029597874402123338,52.88384089750402,,1.4092034406153802,0.033743794758966446,73.6335284669874,,2.012984328674624,0.0003813684771452717,,0.001
422,0.03402046771610484,0.029525650774731356,59.930885314941406,,1.3751777963045981,0.03292914289762253,69.10645315805692,,1.9643863140789135,0.0003579214978624193,,0.001
423,0.03376056505914997,0.029479263459934908,57.08402499030618,,1.3719336398303672,0.03285129635767643,73.35121626095004,,1.9597423827702867,0.0003799063038889098,,0.001
424,0.03489711551981814,0.029679302564438653,69.5708355623133,,1.4020814053344066,0.033573686203297454,61.68634966721247,,2.002836511596518,0.0003194907228136266,,0.001
425,0.033662479918669254,0.02949953725671067,55.50589258530561,,1.4216933453162939,0.03404311752808783,67.61318966085933,,2.030840412963921,0.00035018747183162565,,0.001
426,0.03493425984154729,0.029755228911252582,69.05374975765453,,1.4058626832402228,0.03366357060387258,79.60610979813825,,2.0081985608574997,0.00041230213324336943,,0.001
427,0.03433846989098717,0.0296714819748612,62.2264965281767,,1.399714908533541,0.03351701001074409,61.82403367024813,,1.9994554962651419,0.000320203826472492,,0.001
428,0.03328657720018836,0.029277076506439376,53.46000222598805,,1.3675760653959632,0.032747557255469,56.88244823452398,,1.9535538320009973,0.00029460998421691824,,0.001
429,0.03282007750342874,0.029033649931935704,50.4856980267693,,1.3564676508546345,0.03248172149229552,52.04170700636023,,1.9376954133171511,0.000269538442096445,,0.001
430,0.032810164615511894,0.029008577632553437,50.68782649320715,,1.3506991508250654,0.03234339081464225,57.175343299696586,,1.9294433039062207,0.00029612696903747214,,0.001
431,0.03238404169678688,0.028748382102040684,48.47546072567211,,1.3486618314386625,0.03229453888052275,58.88879555629112,,1.92652904430648,0.000305001413755296,,0.001
432,0.032970630728146606,0.02887797377565328,54.568760367000806,,1.3445347482755465,0.03219590377414756,53.590341262521584,,1.9206449721442154,0.00027755924865323036,,0.001
433,0.03227793041835813,0.028734434286461157,47.24660649019129,,1.3684873258277743,0.032769238023554574,60.682761913905956,,1.954847197098244,0.0003142928633448692,,0.001
434,0.032763713532510924,0.02881075025481336,52.70617608463063,,1.3430348554312879,0.032159458561799956,67.7514118331483,,1.9184708348892032,0.00035090336281839513,,0.001
435,0.03344694119604195,0.028866195393835798,61.0766056285185,,1.3451636448890767,0.03220947284500693,93.6686855270275,,1.9214544343635562,0.00048513611529097696,,0.001
436,0.03346428505199797,0.028863357927869347,61.34569123212029,,1.3492796175956299,0.032309147789933615,63.870534789717475,,1.9274005380407548,0.0003308032236717995,,0.001
437,0.03249592410729212,0.02868334182045039,50.83442463594324,,1.3331762250960533,0.031923768857279385,57.0740191737159,,1.9044107777729598,0.0002956021832716962,,0.001
438,0.03250010563608478,0.028699632514925563,50.67297026690315,,1.3405643991694485,0.032100135725847426,72.11124294640139,,1.9149319341829258,0.00037348413800177314,,0.001
439,0.03256633844884003,0.028546849484829342,53.59318205889534,,1.339658421033027,0.032078760359719585,63.50278038755304,,1.9136567878236508,0.00032889852157158984,,0.001
440,0.03206456178689704,0.028367448269444352,49.29484670302447,,1.3574853483438696,0.03250541201801824,70.33095664382633,,1.939108670402151,0.0003642635412134496,,0.001
441,0.03251613062970778,0.028374747756649468,55.21843584846048,,1.3447069742877273,0.03219958852288832,65.40445078110194,,1.9208647856395031,0.0003387478002510048,,0.001
442,0.034494653672856444,0.028618422062957987,78.34975186516257,,1.3318462622024434,0.03189068023111323,90.39095867887762,,1.9024368774927567,0.00046815985837918815,,0.001
443,0.03404498198891387,0.028723181499277845,70.95733934290269,,1.326524710550265,0.03176426706710266,62.88897220798534,,1.894895706740945,0.00032571943867858416,,0.001
444,0.032979771385298055,0.028692732291186556,57.160525378058935,,1.347019319798919,0.032254948929131465,65.77772946106012,,1.9241673078066908,0.00034068111411888867,,0.001
445,0.03270192104665672,0.028723389348563028,53.04708593031939,,1.3206381156414444,0.03162364417933152,53.621818588746805,,1.886506855654152,0.00027772227846067064,,0.001
446,0.03196375400704496,0.028305835802765453,48.772237441119024,,1.3215174332291024,0.03164471626705412,53.22251994482553,,1.8877639099558698,0.0002756541999789135,,0.001
447,0.03150959411526427,0.02801073539782973,46.65144527659697,,1.3328855521850758,0.031916880230742926,55.133948381763176,,1.9039998371137057,0.00028555401827288395,,0.001
448,0.03180866085869424,0.02818431968198103,48.32455085305607,,1.299711033760764,0.03112246641428692,54.47885633939445,,1.8566091220376066,0.00028216111479820996,,0.001
449,0.031081882798496413,0.027848747284973368,43.10847203871783,,1.3005943814008756,0.031143651510999813,53.63610499975802,,1.8578729178847877,0.0002777962717477594,,0.001
450,0.031526870477725476,0.027885551509611747,48.5509147644043,,1.3168861786597335,0.031533643843307806,57.7014012490794,,1.8811378902699891,0.000298851569137768,,0.001
451,0.031721573213444036,0.027876124552944127,51.272646960090185,,1.3461307232896382,0.032233096816950045,81.16863099873831,,1.9228637211862811,0.0004203948641390131,,0.001
452,0.034227788229199016,0.02862774350625627,74.66725988949047,,1.3138948981185323,0.03146144677739054,72.86311600561206,,1.8768309780419525,0.00037737829721928623,,0.001
453,0.03320139295914594,0.028468384571811733,63.10677158131319,,1.3170773463710024,0.03153795085959222,64.98255060387245,,1.8813948251033652,0.0003365626621563464,,0.001
454,0.03205576725304127,0.028117598308359876,52.50891539629768,,1.327262601161604,0.03178193730445941,62.89453624373035,,1.8959498238352783,0.0003257482563637207,,0.001
455,0.032734742497696596,0.028097557123093045,61.82914352416992,,1.359673667705514,0.032556425985598825,107.69424134787371,,1.9421519059960362,0.0005577783609618499,,0.001
456,0.03409912864513257,0.028564395054298287,73.79644820269417,,1.295002238480203,0.031009038232355044,72.36509777402436,,1.8498425697191765,0.00037479892259843897,,0.001
457,0.031796949312967414,0.027732635355171037,54.19085020177505,,1.3181070378449518,0.03156265730186608,63.687904120510765,,1.882868686637607,0.000329857328756189,,0.001
458,0.03136454588350128,0.02761454288573826,50.00003680060892,,1.2711454731697118,0.030438102981017685,62.462611959828855,,1.8157834568707432,0.00032351120063893056,,0.001
459,0.03152699878110605,0.027755768969655037,50.28306242998909,,1.3031161627168664,0.031203097213018557,79.00651843060271,,1.8614191481598814,0.0004091966831650264,,0.001
460,0.03327514998176519,0.02807987152653582,69.27037631764131,,1.304123415135447,0.03122678390790293,90.67637586342387,,1.8628321767164184,0.00046963811318087535,,0.001
461,0.03239717630340772,0.027860796298174298,60.485064787023205,,1.3128994622475743,0.031437419218629026,77.9591102346012,,1.875397615268479,0.00040377186546343197,,0.001
462,0.03146471116034424,0.02755541288677384,52.12397541719324,,1.2908226193868535,0.030909422727640395,59.60356796966987,,1.8439000119447484,0.00030870341843266137,,0.001
463,0.030526033657438615,0.02719501712742974,44.41355402329389,,1.268601553745767,0.030377478263690774,54.53076986996812,,1.8121668924985048,0.0002824299893789927,,0.001
464,0.030423291465815377,0.027165213161531615,43.441039590274585,,1.2710233628553833,0.030435323658917674,58.56883000526386,,1.8156176565548148,0.0003033442233764739,,0.001
465,0.030403493191389477,0.027183956740533605,42.92715162389419,,1.2793307922345178,0.03063462242870732,48.92715468209003,,1.827506814344458,0.0002534073113245613,,0.001
466,0.030761250020826563,0.02729737462804598,46.18500765632181,,1.2670296732887343,0.03033972391567051,57.54477842053903,,1.8099146588227435,0.0002980403760461126,,0.001
467,0.0306109764120158,0.02717381759601481,45.828782698687384,,1.2519295340359924,0.029978439434051797,48.88570366281202,,1.7883622517835633,0.000253192624993113,,0.001
468,0.03015395494944909,0.026943442576071796,42.80682507683249,,1.253450824046487,0.030014401551168284,61.47899599318974,,1.7905075700175836,0.0003184167805954702,,0.001
469,0.030875905581256923,0.027246593442909858,48.3908312180463,,1.2636927866476375,0.030259785823911377,58.320475737490845,,1.8051459560990368,0.00030205792770566966,,0.001
470,0.030235720140969053,0.026954242192647037,43.75303762099322,,1.2409896767550634,0.029716132039642913,57.700664585112385,,1.7727143177556262,0.0002988477537506594,,0.001
471,0.03038472364492276,0.02686192884164698,46.97059406953699,,1.2576465723694623,0.030115097293039357,55.589395072732984,,1.79651456928363,0.00028791290307132034,,0.001
472,0.030157884911579246,0.026834775638930938,44.3081252154182,,1.2353073458097554,0.02958040733939552,48.25535058486958,,1.7646176677918735,0.0002499278514802354,,0.001
473,0.029772091328221208,0.026752341429100317,40.26332810345818,,1.2535725481044406,0.03001750016831086,56.543022035924324,,1.7906924178627392,0.00029285200174401267,,0.001
474,0.029957809321144047,0.02680691649370334,42.01189938713522,,1.2314999706558523,0.02948896561711597,55.39321278079934,,1.7591627165852715,0.00028689682054104817,,0.001
475,0.029950620277839547,0.026696840410723406,43.38373363719267,,1.2340884465904387,0.029551297543252458,46.11936897780694,,1.7628811244106248,0.0002388650100049555,,0.001
476,0.03011191910242333,0.026804115184966254,44.104049009435315,,1.234820895766624,0.029568409307041656,57.63204835534677,,1.7639019257932105,0.00029849237125578287,,0.001
477,0.03027438492897679,0.026887530570521075,45.1580545762006,,1.2259750680638322,0.029356741481687005,53.18838372720214,,1.7512748926344597,0.00027547739903508296,,0.001
478,0.030303078539231244,0.026752268128535327,47.34413528442383,,1.2384626664204696,0.029655613908059958,57.786821420913974,,1.7691041117504231,0.0002992939839116932,,0.001
479,0.031090347644160774,0.026874063755659497,56.21711955350988,,1.2608056822219482,0.030190751621673163,55.52588110048784,,1.8010277243399617,0.0002875839465840125,,0.001
480,0.03138432991417015,0.02701906081946457,58.203581866096044,,1.222073903000455,0.029262757698931885,68.28271651616426,,1.745668294941847,0.00035365513720813925,,0.001
481,0.03030718961621032,0.026526351952377486,50.41116692038143,,1.2375511386469007,0.029633682902236856,60.53967513757454,,1.7677958187339051,0.0003135517772238421,,0.001
482,0.030151473906110313,0.026444997309761888,49.419682446648096,,1.2328945576689823,0.02952277235807511,44.36815277692729,,1.7611794559662575,0.00022979497534023034,,0.001
483,0.029976024675895187,0.0265834586804404,45.23421096801758,,1.29701523790697,0.03105725785816435,71.9930578486466,,1.8527191089994213,0.00037287202458428,,0.001
484,0.03148062198477633,0.02682106744717149,62.12738396139706,,1.2340293300945988,0.02954931913745701,61.24290107175647,,1.7627631027153636,0.00031719397948131323,,0.001
485,0.03095246303607436,0.026793501175501767,55.452822741340185,,1.2027613530793757,0.028800801450771987,54.14517167543889,,1.7181103188836828,0.000280432869326495,,0.001
486,0.029735583592863643,0.026252126211629194,46.44609585930319,,1.2395938983342787,0.029682918445338,52.01792398861002,,1.7707329625075778,0.00026941526324775813,,0.001
487,0.02952853568336543,0.026386673507445,41.89149497537052,,1.206595635148775,0.028892341531973873,61.68091212590346,,1.7235711376867024,0.00031946256027827615,,0.001
488,0.02926365187501206,0.02615190505543176,41.489958819221044,,1.2081973551869507,0.028931298047727826,45.56269706197425,,1.7258950866163538,0.00023598185167707724,,0.001
489,0.02950391315800302,0.026177269790102455,44.35524413164924,,1.196921368938533,0.028660856192528412,56.66473278770367,,1.7097618917512607,0.0002934823755020637,,0.001
490,0.02948319144985255,0.0260880828342017,45.26811487534467,,1.2128757503286864,0.029042798466184218,59.92052981654151,,1.7325466383044976,0.00031034505179413724,,0.001
491,0.029911168796174666,0.026177386369775322,49.78376119277056,,1.2288290176700922,0.029424906093992002,58.01538556868116,,1.7553412490511067,0.0003004777810592529,,0.001
492,0.03037763452705215,0.026335511137457454,53.894973530488855,,1.2374567118193358,0.029630209782130913,93.10878184813726,,1.7675886299338661,0.00048223621876541326,,0.001
493,0.031682369463584,0.026646979481858367,67.13852758968578,,1.223827409755204,0.0293047830309874,67.377474245488,,1.7481753139490266,0.00034896663628467597,,0.001
494,0.030751871383365464,0.02662124265642727,55.075043846579156,,1.246927668952808,0.029857848705087817,70.65096615318134,,1.7811684180928982,0.0003659209592646495,,0.001
495,0.03138153222115601,0.026468791615437057,65.50320546767291,,1.1988108269447977,0.028705700465344403,67.49640168128282,,1.712437074523507,0.00034958259447687634,,0.001
496,0.029656992019975886,0.026020752266049385,48.48319670733284,,1.199343389334989,0.028719239846465957,46.3728855696975,,1.7132447656030765,0.00024017804278490313,,0.001
497,0.028921766206622124,0.02587090531254516,40.67814591351677,,1.1888746029091695,0.028468548744185116,46.17265175488422,,1.6982898008804024,0.00023914097629334466,,0.001
498,0.029242578674765193,0.025984810117413017,43.43691298540901,,1.1981409286746698,0.028689775370392485,64.348749047945,,1.7114870638089488,0.0003332800280190359,,0.001
499,0.0311027813483687,0.02638183336924104,62.94596526202034,,1.2155182496835586,0.029105473163469446,76.20354776205156,,1.736285494124976,0.00039467932025164285,,0.001
500,0.029895415091339278,0.025855736368719268,53.86237761553596,,1.1816498579250638,0.028295207315007266,55.00708975309832,,1.687949126900563,0.00028489698223191324,,0.001
501,0.029691685100688654,0.025693371344138596,53.31084801169003,,1.1922329016800688,0.02854833024116856,63.38613476418088,,1.7030491619508759,0.0003282943815191266,,0.001
502,0.02915638279827202,0.02568463729146649,46.289938534007355,,1.1708717002794118,0.028037076975766226,55.63057897901284,,1.672550374882324,0.00028812620595042765,,0.001
503,0.029060807079076767,0.025801943724646288,43.451508690329156,,1.194782882053512,0.02860973256534866,54.32029194864557,,1.706712114419667,0.0002813398658170956,,0.001
504,0.02905764606069116,0.025747709524105575,44.132486679974726,,1.1642529993882789,0.027878636610752097,54.037916106677145,,1.6630986231134102,0.00027987736297258785,,0.001
505,0.029001961845685455,0.025650595479151782,44.68488401525161,,1.1689343898320577,0.027990920351210286,49.27144604940895,,1.6697969038350011,0.0002551904918563424,,0.001
506,0.029262961929335314,0.02567933324505301,47.7817185345818,,1.194463522269458,0.028602279894530198,49.07651043838909,,1.7062675257279833,0.0002541808662324752,,0.001
507,0.0296402313910863,0.02586218966718982,50.37388453764074,,1.1597027351816345,0.0277697153301312,52.828700637400225,,1.6566009297592632,0.0002736145005013782,,0.001
508,0.028514191617860514,0.025503783103297737,40.13877778894761,,1.1806603732729668,0.028271525530143646,54.640437940655744,,1.68653639125106,0.00028299799074984035,,0.001
509,0.0285598575411474,0.025442163514740327,41.5692502190085,,1.1849161667470935,0.028373225041282663,60.4186732975457,,1.692603270320798,0.00031292507511646906,,0.001
510,0.02876792541321586,0.025430284440517426,44.501879299388214,,1.1839955214410598,0.028350839963347054,69.50691606244956,,1.691267889655926,0.0003599956063722385,,0.001
511,0.029124583282014904,0.025262251715449727,51.497751123764935,,1.1623606907996955,0.027833094289862432,60.13192385718936,,1.6603817983194826,0.00031143992019224206,,0.001
512,0.028561806525377667,0.025253369418137214,44.11249452478745,,1.154492912832172,0.02764516815103206,47.08563031542549,,1.649171074240699,0.0002438695456088299,,0.001
513,0.02799713414381532,0.025161833776270643,37.804000181310315,,1.1484508105837834,0.027500627999965114,43.01325386510785,,1.6405485390148793,0.00022277757789311453,,0.001
514,0.028648906332605025,0.025159721536671415,46.522462508257696,,1.1527257507378543,0.027602890651006087,45.97952865030221,,1.6466490121663022,0.00023814073814328737,,0.001
515,0.028748947688761878,0.02536773232414442,45.082872951731964,,1.1654171963255933,0.027906661727832793,50.11915957485661,,1.6647704600213715,0.0002595810354441099,,0.001
516,0.028561796554747748,0.025239962974891943,44.29111458273495,,1.1539011291521948,0.027630649809987137,56.404779683928545,,1.6483049833576038,0.0002921360062409417,,0.001
517,0.02889510539962965,0.025242684080320245,48.69894768210018,,1.1631106079726619,0.027851191798277077,56.39460975714476,,1.6614614042466451,0.0002920833333679861,,0.001
518,0.028313515050446287,0.024919849546516642,45.2488733179429,,1.1510009843223221,0.027561543221792013,47.16290365875757,,1.6441824334180184,0.0002442697656972057,,0.001
519,0.028271669521927834,0.025066429858698565,42.73652581607594,,1.1463454441926408,0.027449950348066993,49.999104913654094,,1.637525366315613,0.00025895923903871933,,0.001
520,0.027679085621938986,0.024756499730488834,38.96780844295726,,1.1406894702158654,0.027314552770452954,48.72534889003512,,1.6294482308356109,0.0002523621031266467,,0.001
521,0.02824529479531681,0.024914429577834466,44.4115353752585,,1.1515354501298065,0.027573936044553576,58.07856226010071,,1.6449217266180058,0.00030080499067556995,,0.001
522,0.02819330573958509,0.02477173529127065,45.62093734741211,,1.1550197515289986,0.02765745305777402,55.99283409099691,,1.6499039297161262,0.0002900024257007469,,0.001
523,0.028270632028579712,0.025024241055635846,43.28521055333755,,1.1415411927148544,0.02733488151591961,50.54369674016685,,1.63066094109355,0.0002617798312317995,,0.001
524,0.028140460962758344,0.024816714117632192,44.31662032183479,,1.1710527592574194,0.0280411015032762,63.99782833179383,,1.672790457862492,0.00033146251225001636,,0.001
525,0.028489803347517464,0.02479214034974575,49.302173390107995,,1.1267564171899056,0.02698019136327412,67.62481479851456,,1.6095019184077313,0.00035024768164550364,,0.001
526,0.02848716901943964,0.024861583157497293,48.34114411297966,,1.1261857977451808,0.026966854614390922,58.80936386073509,,1.6087063153438461,0.0003045900149618122,,0.001
527,0.028586361228543168,0.02489831703988945,49.17392124849207,,1.1496480523186998,0.027528840951819296,55.313687512717934,,1.6422315811965245,0.0002864849371094892,,0.001
528,0.027828686268014068,0.024562630692825597,43.54740344776827,,1.124735135247772,0.02693254284198484,47.317675199811106,,1.6066594483380496,0.0002450713704572367,,0.001
529,0.027835849782123286,0.02479274494244772,40.574733285342944,,1.1313307653896834,0.027090372306053368,50.48039989886695,,1.6160747568426939,0.0002614519993259107,,0.001
530,0.0273028726086897,0.024438406505128917,38.19287692799288,,1.1187173216972448,0.026788474660274557,46.19293162794044,,1.598065068419757,0.00023924601138354296,,0.001
531,0.027271395549178123,0.024422310950124964,37.98779274435604,,1.158466450776773,0.027740247195799695,49.13424342256238,,1.6548430097319422,0.0002544798813783417,,0.001
532,0.027629024513504085,0.02458493334843832,40.58787962969612,,1.1147026117351786,0.026692274584588525,47.77449763315384,,1.592326257887138,0.0002474373806071893,,0.001
533,0.028025270932737517,0.024563589516808006,46.155750947840076,,1.13137122617512,0.027091067364710276,57.840630944010535,,1.616116220530873,0.0002995726783638876,,0.001
534,0.027947888216551614,0.02447632546810543,46.28750139124253,,1.128131431756926,0.027013589461478575,54.985531926878004,,1.611494280226351,0.0002847853282676476,,0.001
535,0.028109399711384493,0.02470491169130101,45.3931718714097,,1.1449367940951496,0.027415979396578142,56.386513616067184,,1.6354988309639824,0.00029204140120667605,,0.001
536,0.029331620234776947,0.025102176210459543,56.39258126651539,,1.226584350531423,0.029370074651565783,86.983172421143,,1.7520702821930214,0.0004505099876938317,,0.001
537,0.03129191291244591,0.02541942521929741,78.29983296113856,,1.165993143524917,0.027919646590290375,71.82057202000992,,1.6655450713187616,0.00037197867261316256,,0.001
538,0.028666942106450304,0.02466498819344184,53.359378814697266,,1.1177597502851597,0.026765605763825997,44.5186769705618,,1.596700825586553,0.00023057458190934443,,0.001
539,0.027742086964495042,0.02457080167882583,42.28380046171301,,1.1214788452604874,0.026854353160175655,52.975482236439525,,1.6019950469193527,0.0002743747231345182,,0.001
540,0.027519310221952552,0.02433697254780461,42.431166031781366,,1.1239606093861758,0.02691362349134824,57.304368035505796,,1.6055308154557018,0.00029679522394843557,,0.001
541,0.02785416374749997,0.024443374179741916,45.47719170065487,,1.1174290564133054,0.026757551007730515,48.161635882291066,,1.596220319528852,0.00024944247702986505,,0.001
542,0.027807199779678795,0.024431403945474064,45.01061114142923,,1.1088776231440778,0.026552698557091133,50.021846397696464,,1.583999857195756,0.00025907702349530897,,0.001
543,0.02749448433956679,0.02426790982923087,43.02099272784065,,1.1066503814808508,0.026499129630694132,56.273945975367646,,1.5808042056660052,0.00029145838215810955,,0.001
544,0.028226876850513852,0.02425550198292031,52.95166329776539,,1.1289637792779186,0.027032902949606405,71.61972283904602,,1.6126464253603252,0.0003709384189695467,,0.001
545,0.027820083257906577,0.02440330243724234,45.55707370533663,,1.1048387699291946,0.02645582960977245,54.04120352093061,,1.5782211451605337,0.00027989438940326,,0.001
546,0.027481489431332138,0.024106440956101698,45.00064378626206,,1.11050061790037,0.02659146962160559,52.579902290172065,,1.5863127430413202,0.0002723259048198443,,0.001
547,0.02722709867007592,0.0240698468816631,42.0966864193187,,1.1202108314272725,0.026824126700210647,49.24053360859103,,1.6001918890156406,0.0002550303877471816,,0.001
548,0.0275946131304783,0.02435681804576341,43.1705997691435,,1.127846623612984,0.027006816684841246,53.70646274064926,,1.6110902505868294,0.0002781606740120228,,0.001
549,0.027370654156102854,0.024126583381610757,43.25427807078642,,1.126144296493015,0.02696612776096091,51.63399396092959,,1.6086629549401241,0.00026742678309428465,,0.001
550,0.027715245700057817,0.02426518631332061,46.00078919354607,,1.1339946326812815,0.02715349114245467,68.57922423199946,,1.6198401077591387,0.0003551908329489809,,0.001
551,0.027644882964737275,0.02417679547387011,46.24116291719324,,1.1108577482644766,0.026600032511890047,52.29493371918183,,1.586823561817747,0.0002708499735122534,,0.001
552,0.0293423914734055,0.024522188941345495,64.26936564725987,,1.1380995960601172,0.027252024905305223,62.365239847321455,,1.62571813427869,0.00032300688344761175,,0.001
553,0.028323845280443922,0.024296736673397178,53.69478203268612,,1.0808157705145707,0.025880435293347593,56.990963131974475,,1.543896027015251,0.00029517201298356665,,0.001
554,0.027012785239254728,0.02381419445223668,42.64787797366871,,1.0868294248476316,0.02602488923647885,45.07140224057456,,1.5525134195111325,0.0002334372994633318,,0.001
555,0.026727336294510785,0.02376938720836359,39.43932140574736,,1.098630659688717,0.026307532355116736,44.101137293417324,,1.5693744801147151,0.00022841202805465977,,0.001
556,0.02670663069276249,0.023685902904938248,40.27637145098518,,1.121636823074139,0.026858183466700204,51.70767188553356,,1.6022235436566938,0.0002678083815113432,,0.001
557,0.027361168690464076,0.02373206944150083,48.38798926858341,,1.0827720125014033,0.02592753405637468,50.21395515042184,,1.546705701284275,0.0002600720080356193,,0.001
558,0.026555639417732462,0.023530468782957864,40.33560786527746,,1.0728928613061726,0.02569111127627454,46.03119423465518,,1.5326019125823,0.00023840832854178835,,0.001
559,0.026749257217435277,0.02370549091959701,40.583547704360065,,1.096328429480362,0.02625239074033171,44.35787419972286,,1.5660850099406298,0.0002297417397365959,,0.001
560,0.026978979654171887,0.02387555261306903,41.379024505615234,,1.122592234489101,0.02688088960584891,56.36593199093852,,1.603578077211605,0.0002919348032587587,,0.001
561,0.0268882549203494,0.02366149436463328,43.02347183227539,,1.0837157256876597,0.02594977295434858,59.90061606719937,,1.5480323615911022,0.000310241912960253,,0.001
562,0.027470711837796605,0.023810495019835586,48.80289055319393,,1.0822194164209702,0.025914216432055655,52.48418934684895,,1.545911239095275,0.0002718301809261483,,0.001
563,0.026760467273347518,0.023532529745031807,43.0391632528866,,1.0742020155087937,0.025722522297449122,44.4081967527604,,1.5344757354236183,0.00023000237420322468,,0.001
564,0.02627631013884264,0.023311374380308038,39.53247429342831,,1.0726437078534443,0.02568523507987082,43.60323766861394,,1.5322513683901784,0.0002258332677312617,,0.001
565,0.02611912995138589,0.02332187137183021,37.29677738862879,,1.0860978340830127,0.026007046322158202,53.76111243915719,,1.5514490013814612,0.0002784437199658203,,0.001
566,0.026131078491316122,0.02333622447708074,37.26471957038431,,1.053342303336335,0.0252229892830688,44.42048813171114,,1.504676119322765,0.0002300660346656533,,0.001
567,0.025843574720270494,0.023223037886268953,34.94048791773179,,1.0572578241267916,0.025316846399657922,41.96956077580993,,1.5102751607518052,0.0002173720017600756,,0.001
568,0.025815243668415967,0.023252452011494076,34.170553880579334,,1.09758621437246,0.026282273704755114,50.74113622988322,,1.5678676766355981,0.00026280242513825925,,0.001
569,0.0266446481075357,0.023422143257716122,42.966726415297565,,1.082120063843414,0.02591179926824245,53.5039389834322,,1.5457670433131887,0.00027711174727329893,,0.001
570,0.026796349269502303,0.023432811722159386,44.84716662238626,,1.075270986537114,0.02574818049343541,42.81478367900384,,1.536006373776281,0.0002217496457240462,,0.001
571,0.026788115939673257,0.02355420118307366,43.11886327406939,,1.0627052552896463,0.025447042682071555,48.813774027731014,,1.518042013236015,0.00025282008145264206,,0.001
572,0.026146329281961218,0.023238802109571063,38.76702813541188,,1.0636003212355263,0.025468243016218,55.1033006003107,,1.5193067180715054,0.00028539528490801946,,0.001
573,0.026418160318451768,0.023194788242964184,42.97829010907341,,1.0529509205100267,0.02521373328546997,41.28839995166821,,1.5041239532653967,0.00021384408083054398,,0.001
574,0.02613609119811479,0.023206002900705618,39.06784416647518,,1.0600356495178849,0.025383249672563238,45.14035496880963,,1.5142364445577883,0.00023379442477715963,,0.001
575,0.026274236357387376,0.02312009420026751,42.05522784064798,,1.0656247027933174,0.025516618880532065,57.85772705229818,,1.5221925777516596,0.0002996612238528586,,0.001
576,0.02683661352185642,0.023285509580198455,47.34805028578814,,1.0500310563580735,0.025143243827963457,56.52044970236214,,1.4999189083286628,0.00029273509336469897,,0.001
577,0.026705873363158283,0.02317897087949164,47.02536728802849,,1.0471203037465673,0.02507343853026027,59.22956750605995,,1.4957546769095618,0.00030676636624695104,,0.001
578,0.026316980776541373,0.023178892210125923,41.84117889404297,,1.0519064136519483,0.025188340070986207,51.505248616142055,,1.5026091223705431,0.00026675997522695316,,0.001
579,0.026109857813400382,0.023047738982474104,40.82824684591854,,1.0512148499509608,0.02517136106663284,62.73811313482388,,1.5015962407452261,0.0003249380976754713,,0.001
580,0.02587987153845675,0.023011083440745577,38.25050522299374,,1.0649148633109549,0.025499865096438323,51.27560133478468,,1.5211931316292657,0.0002655705682299616,,0.001
581,0.026234707521165117,0.023088813485468134,41.945254381965185,,1.074472881393456,0.02572863096507765,54.56232151130474,,1.5348401476746154,0.0002825934040850172,,0.001
582,0.02664164377047735,0.023319967638920334,44.28901447969324,,1.0956068568060142,0.02623462940390606,57.30269700962502,,1.5650254583360597,0.0002967865692416914,,0.001
583,0.027651846847113443,0.02347699147375191,55.66473388671875,,1.0605344138491495,0.02539498079170028,50.862400235066964,,1.5149362638623258,0.00026343048507172003,,0.001
584,0.027401244267821312,0.023270273800281918,55.079602634205536,,1.0796411180942151,0.02585116015490356,87.7754287325325,,1.5421496201476015,0.00045461330298068246,,0.001
585,0.028146874597843957,0.023492754163110956,62.05493231380687,,1.0689335695540847,0.025595548344850658,66.15591573710469,,1.5269011108576402,0.0003426398457887559,,0.001
586,0.02750594333252486,0.023270155577098623,56.4771661197438,,1.0479350168318298,0.025092995574749515,57.9687429940633,,1.4969213513856618,0.0003002362062220492,,0.001
587,0.02749517636702341,0.023290079415721053,56.067955914665674,,1.072315770858065,0.025676281244830755,73.18355431439613,,1.5317172278246038,0.00037903793614172055,,0.001
588,0.027462584897875786,0.023393861072904924,54.24964949663948,,1.0601828003309741,0.025386158410263104,61.67187267606474,,1.5144099651546232,0.0003194157424591251,,0.0005
589,0.02546106739079251,0.022490485516541144,39.6077568951775,,1.0199910503676768,0.024424534675075705,38.618412142589676,,1.4570443510368032,0.00020001547304895114,,0.0005
590,0.024414956131402182,0.022400148651179147,26.864099726957434,,1.018370525794193,0.024385852843837076,35.25196698138818,,1.454736788397687,0.00018257971937464388,,0.0005
591,0.024258499965071678,0.02232103290803292,25.832893259385052,,1.0280285542259997,0.024617200655667703,33.51377017351775,,1.4685378301303886,0.00017357711575917924,,0.0005
592,0.02426749193931327,0.02230716759667677,26.137652116663315,,1.0187461693258089,0.024394652643178492,40.51488241887209,,1.4552617399716365,0.00020983781887801674,,0.0005
593,0.024590830592548147,0.022452305673676377,28.51366087969612,,1.0437365475118985,0.02499318870292031,38.21844569645294,,1.4909673776159262,0.0001979439358342058,,0.0005
594,0.02473211704808123,0.022429727784851018,30.698520436006433,,1.0234792583931966,0.024507897923318964,43.17943831027674,,1.4620173812931736,0.00022363829325062597,,0.0005
595,0.024414559059283313,0.022242993006811422,28.954213310690488,,1.0331259506975266,0.024739059213986274,39.15823951916117,,1.475807296115538,0.00020281138883365644,,0.0005
596,0.024433190222172177,0.02226725034415722,28.87919863532571,,1.0166480949890957,0.0243444729432314,38.811198380846946,,1.452268272570219,0.00020101396647483256,,0.0005
597,0.02430855154114611,0.02223939832080813,27.588708877563477,,1.0354694992351303,0.024795247197228216,37.372067909305194,,1.4791591873457266,0.00019356031040575937,,0.0005
598,0.024466560057857457,0.02233964347225778,28.358887055340936,,1.0249552323099038,0.024543517950349328,35.801516936306264,,1.4641422921608238,0.00018542599109060986,,0.0005
599,0.024438756901551697,0.022292465848081252,28.61721420288086,,1.0120393598959005,0.02423406138502114,40.02240811310133,,1.4456816767836635,0.00020728715778740807,,0.0005
600,0.024174633709823385,0.022185917395879242,26.516216839061062,,1.0194838787747742,0.0244125959518321,33.06496627364674,,1.456332147120041,0.00017125263581921002,,0.0005
601,0.023973227533347467,0.022072942160508213,25.337137558880976,,1.0170447553731927,0.024354063500341454,36.34846924431863,,1.4528403967579016,0.00018825880887240727,,0.0005
602,0.024286094614688086,0.02217551539925968,28.14105449003332,,1.0120598659970579,0.024234755740024448,34.55890663898611,,1.4457230984954237,0.00017899016753794006,,0.0005
603,0.024063017767141846,0.02205310038783971,26.798896452959845,,1.0057263009287807,0.02408316450954396,32.404059012565,,1.436679931492381,0.0001678296137131052,,0.0005
604,0.023985676138716584,0.022071471547379214,25.52272953706629,,1.009920955189709,0.024183576614574192,33.43316872355265,,1.4426700104173773,0.0001731596584830055,,0.0005
605,0.02425990133162807,0.02216772220152266,27.895725586835077,,1.0188551013412606,0.024397363072035858,37.77876737575453,,1.455423430464743,0.00019566671980110863,,0.0005
606,0.024440792772699806,0.022189783370670152,30.013458925134994,,1.0080576776361063,0.024138852122118203,36.23184939546677,,1.4400019731363034,0.000187654802313337,,0.0005
607,0.024098520550657723,0.02202893826453125,27.594431035658893,,1.01021333370519,0.02419043926147903,37.16916182908899,,1.4430794012630528,0.00019250940351012876,,0.0005
608,0.024122640819234008,0.022046910160604644,27.676404504215014,,1.018685906820477,0.024393411669689426,35.082104789202205,,1.4551877097624193,0.00018169995594476064,,0.0005
609,0.024011825375697193,0.021931734483908203,27.734544529634363,,1.0162763165393587,0.02433556539933965,38.93148473778874,,1.4517368935006996,0.00020163696289675212,,0.0005
610,0.024052902617875266,0.02207007193390061,26.43774144789752,,1.005231729152002,0.024071139432449134,37.28052368186817,,1.4359625761410966,0.00019308617744845106,,0.0005
611,0.024164244203883058,0.022131704013137257,27.100534214692956,,1.0092940160838004,0.024168444467605327,36.622870170592506,,1.4417673029736797,0.00018968000741550355,,0.0005
612,0.0240665461648913,0.022010122261503163,27.418984918033374,,1.0057144978544317,0.024082855817450125,33.103920631018084,,1.4366615164815113,0.00017145439124582307,,0.0005
613,0.02388717420399189,0.021939254858914542,25.972256604362936,,1.0055482251613446,0.024078874235400765,33.09880831587894,,1.4364239954105722,0.00017142791314705622,,0.0005
614,0.02378955461523112,0.02189504190841142,25.260169870713177,,1.0026794348716328,0.024010033950465897,36.879421191277615,,1.432317331778185,0.00019100875634422846,,0.0005
615,0.024080946164972642,0.022029551622622153,27.351928262149585,,0.9941345224314876,0.023805472457627555,35.116782956645274,,1.4201142265176407,0.00018187956379709763,,0.0005
616,0.02394658206578563,0.02189571684335961,27.344871184405157,,1.0034551690628328,0.024028665156804824,35.41437564117556,,1.4334287754273791,0.0001834208788918886,,0.0005
617,0.02405686610761811,0.021934693569646162,28.295631408691406,,1.0015733805705602,0.02398351117530072,37.842260820536886,,1.4307351169993843,0.00019599556997099027,,0.0005
618,0.02430488695116604,0.0219790015150519,31.01180637584013,,1.005940650782361,0.024088005792230697,40.246417995475255,,1.4369687379603167,0.000208447367130693,,0.0005
619,0.02407123948283055,0.02187222395749653,29.32020658605239,,0.9986651999610415,0.023913921615199025,36.408671573919925,,1.4265837553957266,0.00018857061344348575,,0.0005
620,0.023969225585460663,0.02191158734700259,27.435176624971277,,0.9970337048917115,0.023874904871141002,34.98261866544395,,1.4242562135497154,0.0001811846897025381,,0.0005
621,0.0237583132351146,0.021832365652217585,25.67930030822754,,0.9904204577103786,0.023716556822146156,34.41888608704008,,1.4148099688881506,0.0001782649622438784,,0.0005
622,0.023807720116832676,0.02184582337298814,26.158624985638788,,0.9975318292004827,0.023886843252927434,34.72249600313473,,1.4249683970968678,0.00017983744225071567,,0.0005
623,0.023742250002482358,0.02177723902551567,26.200144487268783,,0.9954850051052407,0.023837814553986963,35.06942466571253,,1.422043592600887,0.00018163428206648875,,0.0005
624,0.023704863865585887,0.021746920750421637,26.10590452306411,,0.9978841522713433,0.023895274224086598,34.88897184392237,,1.4254713462447075,0.00018069966682699855,,0.0005
625,0.023841118001762557,0.02179331606363549,27.304024976842545,,1.0006395295893251,0.023961124580065742,38.47223560406444,,1.4293996458200966,0.00019925838419211696,,0.0005
626,0.02396613107446362,0.02182116633390679,28.59952803219066,,0.9939984618799221,0.023802280590458125,33.332053914436564,,1.419923815846963,0.00017263595682735653,,0.0005
627,0.023713871507960206,0.02176928147673607,25.927866094252643,,0.9887538967038225,0.02367666676138324,33.895421576222624,,1.41243032937934,0.00017555379428158864,,0.0005
628,0.023589789209996954,0.021643312428804004,25.953020320219153,,0.9975552229388731,0.023887189189776687,40.48130889734818,,1.424989033941693,0.00020966393229343293,,0.0005
629,0.02384013178593972,0.021748309955000877,27.89095676646513,,0.9931388424565685,0.023781611513298658,35.57785355237716,,1.4186908031195156,0.00018426757635892354,,0.0005
630,0.0236956872703398,0.02165423662346952,27.21933869754567,,0.9894694892886702,0.02369363866698281,38.31809776390342,,1.4134427875288669,0.00019846006154485956,,0.0005
631,0.023818997994941825,0.02169696559362552,28.293764563167798,,0.9847812321948854,0.023581364056615258,38.419883370032096,,1.4067450514623603,0.0001989872374443821,,0.0005
632,0.02361290595110725,0.021611203056047943,26.689372904160443,,1.0022022006607394,0.023998663623416645,35.31754244462979,,1.4316390355069581,0.00018291935289588358,,0.0005
633,0.023835258558392525,0.02162191326565602,29.511268503525677,,0.991397027055743,0.023739858625177267,36.685513874209065,,1.4162000367411156,0.00019000445654008538,,0.0005
634,0.02365365646341268,0.021615071550888175,27.18113338246065,,0.9862037414599784,0.02361549848461201,36.55861418872245,,1.408781338996603,0.0001893472078544416,,0.0005
635,0.02366633198278792,0.02161616218440673,27.335595411412857,,0.9953518249702399,0.023834391181449883,41.36029115421467,,1.4218393714894921,0.00021421642531825353,,0.0005
636,0.023986237014041227,0.021751551505397346,29.795804528629077,,0.9867996029803883,0.02362982461193599,35.029734237114184,,1.4096359633801308,0.00018142871432273215,,0.0005
637,0.02369023147313034,0.021516826989896157,28.97872318941004,,0.9957212154303755,0.023843397302026243,37.05383499954031,,1.4223766311460264,0.00019191209385684095,,0.0005
638,0.02370879821041051,0.02154122227255036,28.90101208406336,,0.9851086499400514,0.02358932531455341,35.181236143839364,,1.4072199798923282,0.00018221338473925703,,0.0005
639,0.02354545222924036,0.021554931669550782,26.540273666381836,,0.9946063941815937,0.023816875803807182,32.340032780972756,,1.42079449254338,0.00016749800409248745,,0.0005
640,0.023547992438954467,0.021507500725633958,27.20655418844784,,0.9809978603498991,0.023490795632153054,37.53586327924159,,1.4013421967918218,0.00019440865207967622,,0.0005
641,0.02375064866946024,0.021561240339103865,29.192111856797162,,0.9762336100170049,0.023376637025193627,39.36219075399479,,1.3945320710062035,0.00020386770887507978,,0.0005
642,0.023553499294554487,0.02152486320804147,27.04848065095789,,0.9931663741457852,0.02378229193892343,35.01031006334174,,1.4187313938749204,0.00018132811113658002,,0.0005
643,0.02344899416408118,0.02144768154796432,26.68416640337776,,0.9796633576831656,0.023458991313427435,33.4148404232988,,1.3994449118054666,0.00017306473112990974,,0.0005
644,0.02330706509597161,0.021379402455161598,25.702165379243738,,0.9758267231285057,0.023367003300046218,36.40339569704636,,1.3939573716314884,0.00018854328821310814,,0.0005
645,0.02325262994888951,0.021297710345071906,26.065594841452207,,0.976690086779508,0.02338764746490548,37.236871778330965,,1.3951888982169571,0.00019286009212668166,,0.0005
646,0.023648473269799176,0.02148993148961488,28.78055527630974,,0.9711437122326538,0.02325466073562841,41.70787265602004,,1.387255581769633,0.00021601664636954824,,0.0005
647,0.02359130759449566,0.021400795263402602,29.20683254915125,,0.9871444812109712,0.02363734191407834,54.959953986931204,,1.4100844076500938,0.00028465285301881583,,0.0005
648,0.02381853079971145,0.021501566886025315,30.892851324642407,,0.9854245279117532,0.023596724552880203,39.620173357864864,,1.4076613810714889,0.00020520387237038222,,0.0005
649,0.02386469273444484,0.021473882829441744,31.877464070039636,,0.9806861751882575,0.023482985288654317,46.8439724974609,,1.400876271154921,0.00024261793270984026,,0.0005
650,0.0238628561663277,0.02143743382219006,32.33896064758301,,0.9731293899671943,0.023302342658613414,38.20280350433784,,1.3901000444157432,0.00019786292058055236,,0.0005
651,0.023445869412492302,0.021410883897367644,27.133138544419232,,0.9785154728228038,0.023431333400940894,37.963142434459684,,1.397794980468551,0.00019662164939399752,,0.0005
652,0.02364070253337131,0.02144092321395874,29.33039093017578,,0.9731867955007631,0.023303815478556957,35.565907625948675,,1.3901879054131943,0.00018420570509097037,,0.0005
653,0.023530130110242787,0.0214321832446491,27.972624386058133,,0.97664893428553,0.02338673056982208,35.39339465224633,,1.3951342008882452,0.00018331221252802516,,0.0005
654,0.023498797241379234,0.021371128475841356,28.368913089527805,,0.9899300148843538,0.023704554883403776,41.3308526211769,,1.4140939938540829,0.00021406395498649373,,0.0005
655,0.02342053721932804,0.02132665376891108,27.918447718900794,,0.9767875490101189,0.023390121519482627,33.47155396176778,,1.3953364878146197,0.00017335846628357867,,0.0005
656,0.023285396725815886,0.021282842273221296,26.700725555419922,,0.9741783529427731,0.023327590557518364,34.759275914044395,,1.3916062065172692,0.00018002793561569744,,0.0005
657,0.02346841333543553,0.02128873798338806,29.06233372407801,,0.9655764287113031,0.023121492318177225,37.60499074253105,,1.3793114267236923,0.0001947666823948395,,0.0005
658,0.02323803524760639,0.021210390855284297,27.035256217507754,,0.9752278857586117,0.023352690735460216,35.65254416931741,,1.3931035563323924,0.00018465441979061262,,0.0005
659,0.02317910290816251,0.021226344082285378,26.036786247702207,,0.9670340584023185,0.02315637034322659,38.3624622129946,,1.381392073501596,0.00019868983733778355,,0.0005
660,0.023251847747494194,0.02117732375421945,27.66031904781566,,0.9682855652187924,0.023186482501700734,34.545545365822484,,1.3831884127557907,0.00017892096579648855,,0.0005
661,0.023210888290229964,0.021212449626011008,26.6458475449506,,0.9672146607632944,0.02316081625665795,35.11094443297242,,1.3816572942370795,0.0001818493244628127,,0.0005
662,0.023287322481765467,0.021206438212710267,27.745122460757983,,0.9728934948610051,0.023296521569026583,42.82677681757283,,1.3897527876179288,0.0002218117615167764,,0.0005
663,0.02357637805535513,0.021291016107972932,30.47149175756118,,0.9886594868510862,0.023674096631795205,42.20726976319755,,1.412277008431879,0.00021860316256971146,,0.0005
664,0.023380735122105655,0.02124640027828076,28.457794413847083,,0.9616697333069806,0.02302801920054198,35.41574691543405,,1.3737352927323572,0.00018342798110180028,,0.0005
665,0.0232809462091502,0.021208305788390776,27.635205773746264,,0.9772759135141241,0.023401660213432297,37.6718637804137,,1.3960248280045708,0.00019511303641522054,,0.0005
666,0.023539479931487757,0.021232489386902136,30.759872660917395,,0.9819709154103263,0.023513943292826446,41.68336030600002,,1.4027230692904207,0.00021588969010664718,,0.0005
667,0.023491126430385253,0.021151373820269808,31.196699366850012,,0.9643333872743501,0.023091809777630905,35.324013855362736,,1.377540716304731,0.00018295287012787815,,0.0005
668,0.02332548808087321,0.021146853728329435,29.04845686519847,,0.9657353809700979,0.023125317709866547,37.09641184296282,,1.3795396302667926,0.00019213261114394851,,0.0005
669,0.023067850509987158,0.02109927004751037,26.247734743006088,,0.9544196191727593,0.022854429758283012,34.5882807434974,,1.3633798235450092,0.00017914230417648237,,0.0005
670,0.023036598173134467,0.021064211997915718,26.298481772927676,,0.9656545315222678,0.0231234394858266,35.54040501062955,,1.3794275849089672,0.00018407361996928783,,0.0005
671,0.023013959474423352,0.020980389131342665,27.11426566628849,,0.957955621195042,0.022938943514975368,38.98875131407011,,1.368421487323323,0.00020193356238671872,,0.0005
672,0.02316135956960566,0.020993852330481306,28.900095546946805,,0.9614500955969981,0.023022589187553216,39.99250531938468,,1.3734113655887457,0.00020713228292076059,,0.0005
673,0.023337405941942158,0.021092612186775488,29.930580139160156,,0.9594948252764689,0.022975606614030704,44.27223518167555,,1.3706086225985996,0.00022929819149740535,,0.0005
674,0.02334915309706155,0.021101103109471938,29.973998799043542,,0.9680347673155637,0.023180358387394306,37.72211584934409,,1.3828230790340232,0.00019537330582509915,,0.0005
675,0.02314035441069042,0.021046042771023864,27.924154730404126,,0.9525590949242377,0.022809749401943597,37.97278872265329,,1.3607144192016836,0.00019667161019738547,,0.0005
676,0.023321816807284075,0.02100138070390505,30.9391445833094,,0.9586619344531595,0.022955950361049984,36.50030441352442,,1.369436029845079,0.00018904520534779914,,0.0005
677,0.02320310824057635,0.021024611614206257,29.04661829331342,,0.9622008358380033,0.023040743244163605,35.26515754277242,,1.3744943448955966,0.00018264803695241762,,0.0005
678,0.023077982313492718,0.020921044818618718,28.759164249195774,,0.9542186296048599,0.02284956385401611,36.00618701763781,,1.363089548277984,0.00018648603423752498,,0.0005
679,0.022996858638875625,0.020921754924690023,27.66804728788488,,0.9447524883800039,0.022622944501424266,34.162168130591155,,1.3495705825362736,0.00017693534870850822,,0.0005
680,0.023123408612959525,0.020970897420364266,28.70014706779929,,0.9512046124696301,0.022777390475301102,35.89824610565182,,1.3587840491087713,0.00018592697830087756,,0.0005
681,0.022837732535074737,0.02088233598453157,26.07195192224839,,0.9428040992964051,0.02257628691994607,34.13632218531271,,1.3467872269296992,0.00017680148538569272,,0.0005
682,0.023086363887962175,0.02094060818062109,28.610072079826804,,0.9483763605834907,0.02270953500283583,39.301810100285024,,1.3547361344132522,0.00020355498071395882,,0.0005
683,0.02300958094351432,0.02086046294254415,28.6549072265625,,0.953004309534379,0.02282045385899832,36.82264651829353,,1.3613529930328738,0.00019071470455794107,,0.0005
684,0.02347246393123094,0.02098943676580401,33.10702795140884,,0.9476729556427623,0.022692341494496837,48.67863528104411,,1.3537104565637823,0.0002521201603827125,,0.0005
685,0.023248704369453824,0.02093484143123907,30.85150696249569,,0.9505253451996948,0.022761124940515926,35.870233633418906,,1.3578137294735926,0.00018578189393375624,,0.0005
686,0.022794656345949453,0.020857358460917193,25.8306381001192,,0.9565912674070782,0.022906323728018388,37.57182463477082,,1.3664755556218606,0.00019459490591919461,,0.0005
687,0.023260693887577337,0.02084136217394296,32.2577522502226,,0.9446441590764326,0.022620182241072342,38.67917215370234,,1.3494058000380436,0.00020033016600733294,,0.0005
688,0.02302385209237828,0.02083276190301951,29.214531842400046,,0.9467755584449056,0.02267127185252602,37.37633974185484,,1.35245354816326,0.00019358243541196235,,0.0005
689,0.02280869652681491,0.02077734032097985,27.08474832422593,,0.9485451480173439,0.02271366676937658,36.88912516259355,,1.3549826147322466,0.00019105901590451394,,0.0005
690,0.02280118130147457,0.020771573462030467,27.061437606811523,,0.9413042658424114,0.022540272786533373,36.7502198708983,,1.3446388056662224,0.00019033958685277445,,0.0005
691,0.023100554066545823,0.02083064758164041,30.265419679529526,,0.9568047841091744,0.022911376726370777,39.18804336625215,,1.3667769919768658,0.00020296575122827202,,0.0005
692,0.023255789104629967,0.020845002220834002,32.14382519441492,,0.9568899331860093,0.022913494909620864,37.062263196760696,,1.366903352088944,0.00019195574582905986,,0.0005
693,0.022990757270770913,0.02083293184199754,28.771005406099206,,0.9390868551413656,0.02248725538234704,34.50708173688689,,1.3414760551653844,0.00017872175198862077,,0.0005
694,0.02260701358318329,0.020700843128211358,25.415604086483228,,0.9419079082020544,0.022554847401349134,33.550825911424354,,1.3455082535582026,0.00017376903770871982,,0.0005
695,0.022775367231053466,0.02062988971524379,28.606367111206055,,0.9387829411896986,0.022479955312884912,35.10287545895598,,1.3410405698997092,0.00018180753300725105,,0.0005
696,0.02312962097280166,0.020705344593700242,32.32368278503418,,0.9427686714076894,0.02257520124799144,40.513083064588116,,1.3467224612254751,0.0002098284995228614,,0.0005
697,0.02276364198940642,0.020600095172138774,28.847291273229263,,0.9431281515668954,0.02258392034530142,37.542302097616734,,1.3472425985239191,0.0001944420005068054,,0.0005
698,0.022862146005910987,0.020644464584834436,29.569083157707663,,0.943397401670736,0.02259041251747458,36.3497081619689,,1.3476298887186642,0.00018826522557071615,,0.0005
699,0.022553165498025277,0.020538336871301428,26.8643798828125,,0.9444010230437906,0.022614391747825438,37.82066738857926,,1.3490603684633031,0.00019588373159473056,,0.0005
700,0.02279491481535575,0.020628608653650564,28.884081223431757,,0.9322704474012791,0.022323686245857382,43.509698977964824,,1.3317183467997291,0.00022534880489551685,,0.0005
701,0.022704085225568098,0.02052296040689244,29.08166447807761,,0.9465487521183947,0.02266547354353933,47.237527972247065,,1.3521076503409675,0.00024465626572492416,,0.0005
702,0.02286442752708407,0.020723681349088165,28.543280657599954,,0.9392392829268489,0.02249091388703056,34.28456054173261,,1.3416943030727972,0.0001775692529695553,,0.0005
703,0.022512696902541554,0.020489197881782755,26.979989668902228,,0.9379987097294884,0.022461255478469642,32.943563510414286,,1.3399250322461753,0.00017062385721930973,,0.0005
704,0.022461527301108137,0.02049167366588817,26.264712726368625,,0.9309083266804546,0.022291400540297518,34.55139947669954,,1.329792344706709,0.00017895128586122946,,0.0005
705,0.02253710719592431,0.020496163188534623,27.212582419900333,,0.9330127155541162,0.022341578933300632,40.35418351633504,,1.3327857341424514,0.00020900551466802704,,0.0005
706,0.02295660983551951,0.020679728949771208,30.35840617909151,,0.9349166653728056,0.022387202603953393,39.566056734004114,,1.3355074118522832,0.00020492358735811,,0.0005
707,0.02259532274568782,0.020479876548051834,28.205948549158432,,0.9399326680260053,0.022507353878652898,38.71008451563995,,1.3426750299215613,0.00020049026970795072,,0.0005
708,0.02240947655895177,0.020437809912597433,26.28888926786535,,0.9367981130810983,0.022432264770513643,39.38640471383631,,1.338195593064558,0.00020399311969244348,,0.0005
709,0.022354237297002005,0.02038964782567585,26.194522184484146,,0.9294068430315509,0.022255295124865987,38.556483458259116,,1.3276384780191266,0.00019969472720766845,,0.0005
710,0.022381735089070657,0.020397691384834403,26.45391632528866,,0.9312053642919548,0.022298429655719435,36.81204296938407,,1.330211666223149,0.00019065978583566705,,0.0005
711,0.022323943236294913,0.020288015332292107,27.14570135228774,,0.9304852452521568,0.022281235272627913,35.45534354055457,,1.3291859361903622,0.00018363306301131486,,0.0005
712,0.022280761862502378,0.02040679270730299,24.98625429938821,,0.9343296842358767,0.022373405936707298,32.58084310851498,,1.3346843723822797,0.00016874522760340215,,0.0005
713,0.02217845355763155,0.02039706049596562,23.751906675450943,,0.9342501953838093,0.022371423262697244,34.70763183595267,,1.3345660960668972,0.00017976045660409142,,0.0005
714,0.02217076510629233,0.020277515711153254,25.243324616376093,,0.9201469730668221,0.022033599620563324,37.136539072032384,,1.3144132441920895,0.00019234044119855712,,0.0005
715,0.022228799212504837,0.020257377010934493,26.28562556996065,,0.9393305256679134,0.022492858035635648,40.75784568358089,,1.3418102811571415,0.00021109619304795455,,0.0005
716,0.022349829949876842,0.020336637382998186,26.8425672194537,,0.9266683187986691,0.022189787371899406,36.61212887125445,,1.3237306164087077,0.00018962437524553422,,0.0005
717,0.02247664047514691,0.02038062528214034,27.946867550120633,,0.9252940416135688,0.022156736486379284,40.39452235776206,,1.321758967544789,0.00020921444072175704,,0.0005
718,0.022650890271453297,0.02030480039470336,31.281200408935547,,0.9256079837210843,0.022164350796058715,37.8074387477257,,1.3222131987943522,0.0001958152167928182,,0.0005
719,0.022529561729992136,0.020311684402472833,29.57169869366814,,0.9278923026221715,0.02221885380816692,43.185824669453886,,1.3254645731588264,0.00022367136997701134,,0.0005
720,0.022360095096861616,0.02024612027932616,28.186328214757584,,0.9180501142811657,0.021983551813817448,32.67049650971014,,1.3114276448727595,0.00016920956744690183,,0.0005
721,0.02231389163609813,0.020243922905886873,27.599583569694968,,0.9171111260470647,0.021960924826069848,36.45481676457594,,1.310077833090582,0.0001888096121911276,,0.0005
722,0.02243892147260554,0.020240573102937025,29.311312731574564,,0.919656004154492,0.022021778995947615,38.83704146368033,,1.3137080854428578,0.00020114781497225078,,0.0005
723,0.022937959388774985,0.020426546606947395,33.48550224304199,,0.9236168525969112,0.02211670745810406,36.76577255168626,,1.3193710379362293,0.00019042013850242533,,0.0005
724,0.022133383023388246,0.02007899126585792,27.39189136729521,,0.9217220179516452,0.022071417429250093,34.45359848019427,,1.3166692636106243,0.00017844474736067092,,0.0005
725,0.02228000803905375,0.020209404256413963,27.60804770974552,,0.9259848751739617,0.02217348151146708,34.98002026917529,,1.3227578911491367,0.0001811712318872109,,0.0005
726,0.02221738054033588,0.020233855527990004,26.4469975864186,,0.9265384106138517,0.022186660406034644,37.04275899891446,,1.3235440774219984,0.00019185472817602296,,0.0005
727,0.022422200507100892,0.020262562834164676,28.795167586382696,,0.9530501770518661,0.02282134530144961,42.38471587769186,,1.3614061719861354,0.0002195222052377588,,0.0005
728,0.022340195582193488,0.020287482396644706,27.36950694813448,,0.9235961891025173,0.022116239317734016,36.04838051906411,,1.3193431110467004,0.00018670456609005723,,0.0005
729,0.022502105683088303,0.020427401122801444,27.662722082699048,,0.934031492064604,0.022366300905209458,31.617406888514868,,1.3342605220962624,0.00016375532406764028,,0.0005
730,0.022184605764992097,0.02020794273737599,26.355507570154526,,0.9145071862535069,0.021898588962806293,35.88208087451274,,1.3063591903961174,0.00018584325408297622,,0.0005
731,0.02219343766131822,0.02015338038258693,27.200761234059055,,0.9245167253001226,0.022138230525196423,37.475322192463516,,1.3206549953888933,0.00019409509299117453,,0.0005
732,0.022388721432755974,0.020152282517622497,29.819182564230527,,0.9143812992805704,0.021895460800730408,38.93287299748076,,1.3061725800494954,0.00020164415307893745,,0.0005
733,0.022211715359898174,0.02014490874374614,27.557418374454272,,0.9087067317406803,0.021759689437138987,35.73810583498217,,1.2980731463863717,0.00018509756740034877,,0.0005
734,0.022077200167319355,0.02009654012234772,26.408797095803653,,0.9246681147071911,0.022141774709871883,39.65690047395598,,1.3208664235421461,0.00020539409229634824,,0.0005
735,0.02218524180352688,0.020059807554763907,28.339121538050033,,0.9176857185223983,0.021974688829345463,36.34466211994193,,1.3108989239931181,0.00018823909071878796,,0.0005
736,0.022081499371458504,0.020055793554467315,27.00940996057847,,0.909581463075335,0.021780671384983644,34.80967922004012,,1.2993248233983397,0.0001802889883243055,,0.0005
737,0.0220587046488243,0.02003585481468369,26.971331315882065,,0.9207089564077506,0.02204698945751827,38.967116078203176,,1.3152120142221453,0.0002018215074964122,,0.0005
738,0.02192824081901242,0.019947476575479788,26.410188899320715,,0.9052664386679121,0.02167736074967488,34.210504029567225,,1.2931618327996992,0.00017718569374245856,,0.0005
739,0.02197294868528843,0.019863044514375573,28.132054609410904,,0.9131856011204843,0.021866894230722064,37.12947985054378,,1.3044684427951785,0.00019230387953154225,,0.0005
740,0.02204638730515452,0.01996004701975514,27.817870644962085,,0.910976284567578,0.021813882103937737,39.95382583372422,,1.3013060071174838,0.00020693195113101476,,0.0005
741,0.02205757544759442,0.020032879403408838,26.995945425594556,,0.924962218995442,0.02214884630375063,38.888061991030874,,1.321288279108728,0.00020141206444153364,,0.0005
742,0.02201445082969525,0.01995234070893596,27.494799109066236,,0.9078532237094146,0.021739254504048167,35.62443576270063,,1.2968541015112127,0.0001845088385526956,,0.0005
743,0.021971026435494423,0.01998974339050405,26.417104160084445,,0.9093927232595186,0.021776120019431307,35.65807142218819,,1.2990533119220409,0.00018468304696703637,,0.0005
744,0.02187322507448056,0.01985221027451403,26.946865642772,,0.913682602628156,0.02187886269110751,35.338360386442766,,1.3051824206795972,0.0001830271747934866,,0.0005
745,0.021784076248021686,0.019848077612764695,25.813313315896426,,0.9206647130489262,0.02204599056568081,37.338079180794736,,1.3151524253813165,0.00019338427334897283,,0.0005
746,0.022185226464096236,0.019940247101818815,29.9330576728372,,0.9154409043129096,0.021920631007759955,44.426467187860425,,1.3076741074462181,0.00023009700185663127,,0.0005
747,0.022074708167244408,0.019941301249405918,28.44542177985696,,0.8997134618950177,0.021544398774931476,33.76708885926306,,1.2852299930827988,0.00017488912352828194,,0.0005
748,0.02213222730685683,0.019958873553311125,28.978045968448413,,0.9203888658959061,0.02203936279612574,37.92910219369417,,1.314757046131777,0.00019644534554094745,,0.0005
749,0.022673109436736387,0.020015351912554574,35.43676320244284,,0.9145722010963199,0.021899970372962315,40.59913320263594,,1.3064415983474285,0.0002102741770666199,,0.0005
750,0.022043161642025497,0.019951373557834065,27.890506632187787,,0.9110762981118936,0.021816425224708176,35.97433115315136,,1.30145771685533,0.00018632104387538597,,0.0005
751,0.022028279983822036,0.019898895064697546,28.391799141378964,,0.9254618580005456,0.022160754868030572,40.404139192503244,,1.321998683894075,0.00020926424897754162,,0.0005
752,0.022160738049184576,0.019975742873023537,29.1332685807172,,0.9069655932606016,0.02171785588253918,39.44936544424213,,1.2955775678533794,0.00020431921078674148,,0.0005
753,0.021983375772833824,0.019841192509321606,28.562441320980298,,0.9035417781006564,0.021635982931883863,36.278705519181216,,1.2906934412224318,0.00018789748318057158,,0.0005
754,0.022293763344778735,0.019868659732096335,32.33471365535961,,0.9049508422190332,0.021669331042166198,46.89683013887194,,1.2926828210141463,0.00024289169710263933,,0.0005
755,0.02189255757805179,0.019823117948630276,27.592528399299173,,0.8971072646866141,0.021481964599408928,34.383678479891,,1.281505485575616,0.00017808261227638512,,0.0005
756,0.021638451801503405,0.019683664335924035,26.06383435866412,,0.8987126271304277,0.021520395510366035,34.73549197210518,,1.2837980795783337,0.00017990475198037924,,0.0005
757,0.021696503328926423,0.019758880795801386,25.83496643515194,,0.9122799827730854,0.021845141422580875,38.896459076795416,,1.3031707801521455,0.0002014555552788893,,0.0005
758,0.02192146867951926,0.019847217947244644,27.65667724609375,,0.9048720040240991,0.02166765929897946,41.086001838648436,,1.2925830932609252,0.00021279580483798396,,0.0005
759,0.021745829240364188,0.019661675042965832,27.788723216337317,,0.9008608843599759,0.02157184675236632,34.563270928359834,,1.2868674007550784,0.0001790127714036916,,0.0005
760,0.021754477501792067,0.019774739027899856,26.396511190077838,,0.8984655956661397,0.021514505236446175,34.0515649471099,,1.2834466955927157,0.0001763625041290097,,0.0005
761,0.021778941373614705,0.019748646437245256,27.070596919340247,,0.8974168970839989,0.02148919832544685,39.25122412266226,,1.2819370131277563,0.00020329298189830313,,0.0005
762,0.0216517808901913,0.019650568528210417,26.682826659258673,,0.8956548337080318,0.021447163966997015,34.892094506031356,,1.279429455651491,0.00018071583996059592,,0.0005
763,0.02149931450977045,0.01960042798343827,25.31848638197955,,0.9049618452798969,0.021670066950507022,34.20050269996377,,1.2927267215881038,0.00017713389408108545,,0.0005
764,0.021532429601339734,0.019618116867016342,25.524169921875,,0.9119443873666212,0.021836992553927362,41.914144954194086,,1.3026846598146695,0.00021708498784210392,,0.0005
765,0.022038708495743135,0.01971693172612611,30.957022498635684,,0.9081371723461802,0.021745968184152694,37.93857418825973,,1.2972546057501306,0.00019649440362926946,,0.0005
766,0.0217891137170441,0.019729401916265488,27.462822745828067,,0.8980701111208174,0.021505129662917236,31.4932943367439,,1.2828873962394303,0.00016311251072093603,,0.0005
767,0.021558046560077107,0.019612782141741586,25.9368574479047,,0.8859463724003239,0.021214757255749884,32.63046507774237,,1.2655652453289405,0.000169002233552067,,0.0005
768,0.02133029293926323,0.01951950109180282,24.143892288208008,,0.892809047966114,0.021379047087959863,34.036429341785805,,1.275365946760465,0.00017628411262892409,,0.0005
769,0.02164373974151471,0.019570163725053564,27.647678824032056,,0.8962288196063778,0.021460853587050528,36.39062762163259,,1.2802461092267652,0.00018847715880741477,,0.0005
770,0.021521740976501915,0.01948659078163259,27.135336371029126,,0.8890069665811219,0.021287830494835312,38.53088632195474,,1.2699244256219446,0.00019956215253557385,,0.0005
771,0.02174177557668265,0.019603591083603746,28.509124868056354,,0.8896872119076641,0.02130402865478824,40.99908863245487,,1.2708907260149953,0.0002123456572247983,,0.0005
772,0.021607197492438203,0.01960485428571701,26.69791086982278,,0.9014930794851437,0.021586752621743442,40.83758183551458,,1.28775660962076,0.00021150916870550448,,0.0005
773,0.02156827226281166,0.01955618873676833,26.827775730806238,,0.8958389599635441,0.02145140922841939,39.30111379383548,,1.2796827065017704,0.00020355137434963246,,0.0005
774,0.021423547802602545,0.019476275124094066,25.963635388542624,,0.896756506906198,0.021473487146744637,36.47381513144105,,1.280999763575995,0.00018890801000514577,,0.0005
775,0.021506869179361007,0.019531057161443374,26.344160079956055,,0.8837022657414945,0.021160968738322065,33.930000322241234,,1.2623564941076195,0.00017573288720277907,,0.0005
776,0.021798259195159462,0.0196381545461276,28.801391938153436,,0.884419347611824,0.021178031654107973,36.865236041346535,,1.2633743814650988,0.00019093528751637352,,0.0005
777,0.021455283221953055,0.019501142861212,26.05520248413086,,0.8831523473860827,0.021147828218059116,33.163859731718,,1.261572597051912,0.0001717648324813756,,0.0005
778,0.02127153064836474,0.019411681000800693,24.797993603874655,,0.8829922155384199,0.02114378680730686,38.718853787146195,,1.2613315069028006,0.00020053568819854376,,0.0005
779,0.021961858934339357,0.019644074580248666,30.903789520263672,,0.8848405190630373,0.021187876655322704,43.33932109627599,,1.2639616845026675,0.00022446637056659508,,0.0005
780,0.021628251847098854,0.019463872317882144,28.85839338863597,,0.8758500051059991,0.020972893124949755,34.887693033693374,,1.2511368531327784,0.0001806930435139543,,0.0005
781,0.02157196117674603,0.019459569717154783,28.165216782513788,,0.896443544676988,0.02146592402527223,38.31583820482954,,1.2805485859562709,0.00019844835866139103,,0.0005
782,0.021407547242501202,0.019473862998625812,25.782457015093634,,0.8863625259714428,0.021224593425741584,36.112432803153894,,1.2661520215403568,0.00018703631064378927,,0.0005
783,0.021329936954905006,0.019377430133959827,26.033422021304858,,0.8839898863807625,0.02116773937844486,37.07658410008331,,1.2627603962934772,0.00019202991776140095,,0.0005
784,0.02094863004544202,0.019187533789697814,23.48128251468434,,0.8854480997326278,0.021202788625746885,33.60803667002685,,1.2648512573259956,0.00017406534810343819,,0.0005
785,0.02135122096275582,0.019412814036888236,25.84542409111472,,0.8786379855177676,0.02103964915681115,35.11364186043554,,1.255119180756016,0.00018186329518817706,,0.0005
786,0.02123246988391175,0.01932281146154684,25.46211119259105,,0.8852243342887455,0.02119720807310684,39.574030458530146,,1.2645183497472836,0.0002049648854901292,,0.0005
787,0.02143972980625489,0.01934689875034725,27.904412998872644,,0.8867891581717345,0.021234752963078474,37.64773622484944,,1.2667580882140024,0.00019498807310958587,,0.0005
788,0.0212172321317827,0.019296796773286426,25.605804667753333,,0.8982332272916912,0.021508772778326173,38.56330757850277,,1.2831047261004647,0.00019973007122009543,,0.0005
789,0.021296314456883597,0.019317295950125244,26.386913411757526,,0.885833874579832,0.021211768350424973,40.555813841417304,,1.2653869423365856,0.00021004981407379846,,0.0005
790,0.02118813739541699,0.01927615614498363,25.493083056281595,,0.8818281669889408,0.02111608286772728,34.10135456771236,,1.2596788298220338,0.00017662037839066909,,0.0005
791,0.021413690794040176,0.019337548381265474,27.681897668277514,,0.8759187495695249,0.020974400945734415,38.60776400013844,,1.2512268021035937,0.00019996032336434957,,0.00025
792,0.020822231493452015,0.019105889231843108,22.884562660666074,,0.8677034689522636,0.02077801417267184,29.29457680474386,,1.2395113593278846,0.00015172474248126237,,0.00025
793,0.02059875231455354,0.01908452118582585,20.189747529871322,,0.8683079377532641,0.020792443461168805,30.53276780050073,,1.2403721377858439,0.0001581376772447851,,0.00025
794,0.020548850188360494,0.019024041864801857,20.330777897554285,,0.8690414503944593,0.020810031129960358,29.939771060429745,,1.2414213292566967,0.00015506638257208212,,0.00025
795,0.020453684908502242,0.01893952675163746,20.188772762522976,,0.8711938540312041,0.02086156800215969,30.13479662875388,,1.2444957586985304,0.00015607647410979122,,0.00025
796,0.02053372868720223,0.019040710895377046,19.90690175224753,,0.8649969353654595,0.020713221138814106,28.730771328040294,,1.2356461342488871,0.0001488046374620794,,0.00025
797,0.02054708023719928,0.01906556252609281,19.75356954686782,,0.8732083797249476,0.020909798849762545,30.443457899919405,,1.2473729674142882,0.00015767511648628546,,0.00025
798,0.020516851697774494,0.019020515877534363,19.95114247939166,,0.8656460723915073,0.02072871693174163,30.054327158060897,,1.2365705349734144,0.00015565970039089187,,0.00025
799,0.020519194138400695,0.019024196026079795,19.93330686232623,,0.8691848260094749,0.020813511964331826,28.666311014313646,,1.2416289782508458,0.0001484707796096303,,0.00025
800,0.02050042722155066,0.018984669381204772,20.210099949556238,,0.870066298747786,0.020834571915140848,29.98023042641858,,1.242885308525613,0.00015527593285596323,,0.00025
801,0.020536440479404786,0.019006536616122022,20.39871653388528,,0.8711007273174456,0.020859329376744874,30.363171123986643,,1.2443622136153534,0.00015725928899424686,,0.00025
802,0.020461740191368497,0.018971503986155287,19.869815265431125,,0.8650464429258203,0.020714318216623256,31.10901581130619,,1.2357115803687717,0.00016112222560086991,,0.00025
803,0.020589122000862572,0.019048922750003198,20.535990210140454,,0.8732107071761694,0.020909867633013023,30.092809474803616,,1.247377070675533,0.0001558590109880986,,0.00025
804,0.020661740837728277,0.019075661678524578,21.147720673505,,0.868567202279312,0.020798688322803422,29.560108250800866,,1.2407446746832207,0.00015310000352504547,,0.00025
805,0.02055531323832624,0.01901331719230203,20.55994695775649,,0.8623687544758453,0.020650228775999917,30.200351589941246,,1.231888328107731,0.00015641600144520272,,0.00025
806,0.020519463564543164,0.018971497740815666,20.63954398211311,,0.867297384123038,0.020768267917018583,29.87627577978404,,1.2389299469516712,0.00015473752289375475,,0.00025
807,0.02048149168053094,0.018925642046858284,20.7446626775405,,0.8658713017709405,0.020734088944415825,30.635092164071942,,1.2368910021112642,0.00015866764351860709,,0.00025
808,0.020502565319047254,0.01897284815854886,20.39622957566205,,0.8708144249123752,0.020852510662267405,29.35700519090382,,1.2439554435563573,0.00015204807641698616,,0.00025
809,0.020514767288285142,0.019000472500920296,20.190597534179688,,0.8642559928946991,0.02069543319243135,29.924530733151943,,1.234584995228704,0.00015498744868793808,,0.00025
810,0.020520505002316308,0.01893421689815381,21.150503831751205,,0.8634132427734231,0.020675242469359114,30.171319420193807,,1.2333805186895552,0.0001562656357816889,,0.00025
811,0.020540798411649817,0.018969132729312953,20.95554306927849,,0.8694846314049675,0.020820638154323088,30.099361023380027,,1.2420540907456923,0.0001558929432762226,,0.00025
812,0.020426563809023184,0.018920889343408978,20.075657227460077,,0.8620801952788977,0.02064333256333696,29.824526659666585,,1.2314769348984937,0.00015446949984034843,,0.00025
813,0.020390440764672616,0.018903803628157165,19.821825925041647,,0.861526193040224,0.020630055575383707,30.09765447177995,,1.2306848968697892,0.0001558841045719198,,0.00025
814,0.020284316557295182,0.0188272823305691,19.427122340482825,,0.8633422121722601,0.020673566889778876,29.488488008943037,,1.2332805620764784,0.00015272906241793364,,0.00025
815,0.020426512421930536,0.01890330630190232,20.30941166597254,,0.8590890151583216,0.020571699275424366,29.899141752123775,,1.2272036548181267,0.0001548559521097818,,0.00025
816,0.020641322959871852,0.01899213015156634,21.989235260907343,,0.8696785323676024,0.020825227964915746,31.539409629866526,,1.2423278956588801,0.00016335135462095597,,0.00025
817,0.020365097724339542,0.018827883745817578,20.496185190537396,,0.8587793210378933,0.0205642696566682,30.25655649641966,,1.2267604412960251,0.00015670710225264774,,0.00025
818,0.020479839733418298,0.018914310480741894,20.8737231983858,,0.8663041080322863,0.020744329261926736,33.97296688179572,,1.2375018877220072,0.00017595542293787986,,0.00025
819,0.020404351875185966,0.018842011909274495,20.831200206980984,,0.8637376692683943,0.020683004432969377,30.363636437035044,,1.2338435582267149,0.00015726169897964832,,0.00025
820,0.020436108879306737,0.018891253125141647,20.59807788624483,,0.8675777778309539,0.020774978291802904,29.99132771335097,,1.2393302540118838,0.00015533340878446975,,0.00025
821,0.020484240506501758,0.018857924596351737,21.684209487017462,,0.8698286290695459,0.020828864217480012,30.414658844619115,,1.2425448161172712,0.0001575259581871824,,0.00025
822,0.02046713068643037,0.018908641903715974,20.779847425573013,,0.8592897477524597,0.02057651013509217,29.79519232182892,,1.2274906464024435,0.00015431756916444404,,0.00025
823,0.020341471385429886,0.018845076946651235,19.951926399679746,,0.8603303225037899,0.02060142983032963,29.773671438518843,,1.2289772295311838,0.00015420610653776217,,0.00025
824,0.02033165130106842,0.018870015792986927,19.488470975090475,,0.8612239809598893,0.020622871934668375,28.65969331170399,,1.230256357154974,0.00014843650469141044,,0.00025
825,0.020297520410488632,0.018832003697752953,19.54022228016573,,0.8579456950412898,0.020544343925097765,29.2538058099577,,1.225571772811192,0.0001515135781853633,,0.00025
826,0.02032252729815595,0.018807095968547988,20.205747716567096,,0.8663577354494603,0.020745797281841692,29.033513953617263,,1.2375894623740016,0.00015037262553065352,,0.00025
827,0.02036815881729126,0.018837863688959795,20.403936834896314,,0.8608315474407318,0.020613327640190148,32.5994679153007,,1.2296869927621972,0.00016884169064610663,,0.00025
828,0.020367404007736373,0.018782566246740958,21.131168141084558,,0.8620124065704466,0.02064171574512821,29.64891407131639,,1.2313804836919897,0.00015355995351300274,,0.00025
829,0.020254169097718072,0.018748956020264065,20.069505915922278,,0.8568107899501368,0.020517154158166087,29.574188660954324,,1.2239497686731056,0.00015317292987652696,,0.00025
830,0.020306918222238037,0.018829704207532546,19.696189319386203,,0.8605869236767321,0.0206075494453268,30.45295019099532,,1.2293422948468906,0.00015772427969586687,,0.00025
831,0.020229788168388253,0.018733477439073956,19.95080622504739,,0.8565140551874949,0.020510056628356314,29.34711619179082,,1.2235263658999014,0.0001519968585463947,,0.00025
832,0.020291141398689327,0.018752400051144993,20.516552644617416,,0.857660739284155,0.020537358734325998,33.58843772441448,,1.225155071617482,0.00017396383972542815,,0.00025
833,0.020418695338508663,0.018808150773539263,21.47392407585593,,0.8638918930281249,0.02068668570232825,30.685178499784012,,1.234063164159657,0.00015892705455015723,,0.00025
834,0.020372610539197922,0.018823426655110193,20.655785280115463,,0.8594838623123989,0.020581173021222265,29.408779691140023,,1.2277688106330324,0.0001523162309210704,,0.00025
835,0.020255255019840074,0.018749022198950544,20.08310116038603,,0.8570727953984908,0.020523309706160224,32.765895489682165,,1.2243169775698852,0.00016970366523727805,,0.00025
836,0.020330841379130587,0.018768066321225726,20.836999220006607,,0.854146086737691,0.020453308739796918,30.464516078919775,,1.220141073546999,0.00015778418263894748,,0.00025
837,0.020316880963304463,0.01873482150190017,21.094125859877643,,0.8572725415789122,0.02052819020568418,30.155504362260103,,1.224608123516214,0.00015618372520799086,,0.00025
838,0.02033563911476556,0.018772707813802886,20.839082942289465,,0.8566595160946806,0.020513496868951573,30.506702005181758,,1.2237315932744335,0.00015800267525760162,,0.00025
839,0.020258036935154128,0.018730033408193028,20.373381109798657,,0.8589447971469301,0.02056818196846472,31.61065702611853,,1.2269938300536185,0.00016372036465721104,,0.00025
840,0.020215621108517927,0.018688524141907692,20.36129379272461,,0.8606396326327396,0.020608821197735386,30.1971417700205,,1.2294181611709578,0.00015639937689711206,,0.00025
841,0.020182544475092608,0.018702696570578742,19.73130484188304,,0.8517030749744526,0.020394852589169604,29.194894607290617,,1.21665387490891,0.00015120846071896326,,0.00025
842,0.020228293998276487,0.01864616835818571,21.095008737900677,,0.8608494575288662,0.020613813496335787,31.068676468534136,,1.2297159764854015,0.0001609132969505348,,0.00025
843,0.020310478175387663,0.018708599402624017,21.358384749468634,,0.855048475957714,0.020474943698551726,29.7865445718861,,1.2214317058909911,0.00015427278006775006,,0.00025
844,0.020245216458159333,0.01871928419260418,20.345762252807617,,0.8546536260391686,0.020465430033744382,31.347964672009365,,1.2208641687096444,0.00016235980805847036,,0.00025
845,0.020238665096900043,0.01869371084167677,20.599390254301184,,0.8556973298193807,0.020490469835614908,30.112349351199747,,1.2223579167933596,0.00015596021343024612,,0.00025
846,0.02026925630429212,0.018696026438299346,20.976396672865924,,0.8515499494795853,0.020391114842721037,31.098026652970862,,1.2164308998381075,0.00016106530970037315,,0.00025
847,0.020232997177278295,0.01869043631150442,20.567475150613223,,0.8526401445428392,0.020417248692246103,30.380845112454075,,1.217989913277991,0.00015735082748503002,,0.00025
848,0.02017335856662077,0.018614592797615948,20.7835412866929,,0.8504813409507718,0.020365513731188608,31.39057643665496,,1.214903666855583,0.00016258050621228287,,0.00025
849,0.02016051212216125,0.018611857667565346,20.648726856007297,,0.8649972549431191,0.020713075005515738,32.863831523588466,,1.2356374166745414,0.0001702109031340093,,0.00025
850,0.02030165197656435,0.018676239558879065,21.672164468204272,,0.8501233690318287,0.020356956011276735,30.99497282819087,,1.2143931565174648,0.00016053156534452635,,0.00025
851,0.020234912305193788,0.018624259816373095,21.47536838755888,,0.8520801586986776,0.020403676582714213,34.73447659556299,,1.217180269786798,0.00017989949306350148,,0.00025
852,0.020383172065896148,0.01871261132114074,22.274142209221335,,0.8500725129844131,0.02035565731041663,33.167544432337735,,1.2143156825849182,0.00017178391656838516,,0.00025
853,0.020190169925198835,0.01861255813170882,21.0348222395953,,0.8516439261709794,0.020393346733059866,31.597697116447165,,1.2165640431406755,0.00016365324168866383,,0.00025
854,0.020203565521275297,0.01861428633770522,21.19038738923914,,0.8527749083944629,0.020420410368602288,32.14241908371407,,1.2181785229172684,0.00016647450791682365,,0.00025
855,0.020253893974072793,0.018672529169741797,21.084862316355984,,0.8481850407158937,0.020310577099955998,29.954783342078734,,1.2116264249647006,0.00015514413534463217,,0.00025
856,0.020199761342476395,0.018661388250834802,20.511639090145337,,0.8533469220018739,0.020434178335299393,30.26601144601223,,1.2189998502575083,0.0001567560720603247,,0.00025
857,0.020225192474968293,0.018653934383217025,20.95010409635656,,0.8490522530997443,0.02033125193781639,32.44091943448267,,1.2128597813464632,0.00016802052406693916,,0.00025
858,0.020285599919803003,0.018638718489776638,21.958418116850012,,0.846579187560587,0.020272129053181997,29.74768366075579,,1.2093328087257136,0.00015407150862515055,,0.00025
859,0.02022894219878842,0.018571964191163286,22.093036876005286,,0.8563635975039408,0.020506386453392658,31.15121892323633,,1.2233074218025317,0.0001613408072288684,,0.00025
860,0.0202162935234168,0.018575079519959056,21.882852666518268,,0.8536725259343122,0.020441922576838217,31.692402742671995,,1.2194618325854143,0.00016414374840757854,,0.00025
861,0.020177301567266968,0.018559797502615872,21.566720064948587,,0.8476578415886783,0.020297885207748754,31.753485561969658,,1.2108692907924208,0.0001644601132791293,,0.00025
862,0.020125049549867127,0.01850182508282802,21.642989551319797,,0.8583538246378835,0.020554003454704078,32.31889209696118,,1.2261480115495664,0.00016738851062347734,,0.00025
863,0.020151728435474282,0.01853047059301068,21.616768332088697,,0.847262483040086,0.02028846493777277,30.477537755665644,,1.2103073250749017,0.00015785162551631383,,0.00025
864,0.02015998258310206,0.01858653161017334,20.979343077715704,,0.8476415446623276,0.020297475489144748,32.27626962507206,,1.2108448490503192,0.0001671677570138794,,0.00025
865,0.020065174821545097,0.018539849997443313,20.337661069982193,,0.8488883097361345,0.02032744190984792,29.32436580906356,,1.2126324943253346,0.00015187902800104663,,0.00025
866,0.020063553772428456,0.018566211904673016,19.964555628159466,,0.8474453500182954,0.020292795068707615,31.795200663042397,,1.210565638811552,0.00016467616736347493,,0.00025
867,0.020111950223936755,0.018557696329320177,20.72338384740493,,0.8477414959473445,0.020299955208874065,29.96063042691977,,1.210992776602341,0.00015517441901958284,,0.00025
868,0.019954413285150248,0.018497659003033358,19.423390781178195,,0.8466593120931478,0.02027406616932486,29.254396285199185,,1.2094483672888883,0.0001515166364204951,,0.00025
869,0.019993212074041367,0.01849801016642767,19.93602472193101,,0.8540766658755427,0.02045162639440214,30.999530873771263,,1.2200407133196063,0.0001605551727274393,,0.000125
870,0.01999792522367309,0.01850970451007871,19.84293982561897,,0.8438591558705117,0.02020706850022466,27.68629694179342,,1.2054516248086846,0.00014339501477533283,,0.000125
871,0.01977143863983014,0.018405493896673706,18.21259644452263,,0.847081020984408,0.020284195838788474,28.42381467818266,,1.2100526521961004,0.00014721482379236907,,0.000125
872,0.01978080369093839,0.01841167141409481,18.255097277024213,,0.8445584200885206,0.02022379739868296,28.131094012823123,,1.206449586379785,0.00014569874223684283,,0.000125
873,0.019809142850777683,0.018440841204103303,18.24402281817268,,0.8409110636079393,0.020136438820480364,28.51952665673891,,1.201238214921618,0.00014771054268926972,,0.000125
874,0.01973716903697042,0.018358851180357093,18.377573013305664,,0.8441367903207074,0.020213674596508142,28.828037943443256,,1.2058457111403302,0.000149308408254619,,0.000125
875,0.019742761574247304,0.018382227157845217,18.140458387487076,,0.8400228858116054,0.02011517361576781,28.40656604419848,,1.1999696402358662,0.00014712548833049002,,0.000125
876,0.019805849036749673,0.018442930982393378,18.172239584081314,,0.8424379530955728,0.020173014752038705,28.2201127601151,,1.2034201502243762,0.00014615979503166226,,0.000125
877,0.019842660492833925,0.018458186374867663,18.459655425127814,,0.8436878666580495,0.020202968648448474,27.631140789794618,,1.2052070483633173,0.00014310934575836583,,0.000125
878,0.019788696704541937,0.018434487064095104,18.056128894581516,,0.8454927893422592,0.02024616399941571,28.372033625192298,,1.2077838647880776,0.00014694663534975267,,0.000125
879,0.01974966289365993,0.01838055198245189,18.25480909908519,,0.84106198671132,0.02014005444673554,28.480979122666625,,1.2014539049186086,0.00014751089431341545,,0.000125
880,0.019731150282656446,0.01835361999623916,18.367072049309225,,0.8415896925181989,0.02015269948672331,28.26754072397719,,1.2022082441241624,0.0001464054376177064,,0.000125
881,0.01970068770734703,0.018343348713482126,18.097848443424,,0.8402466007123657,0.02012055495185221,27.7620572159264,,1.200290663561269,0.00014378739825845165,,0.000125
882,0.019750198678058738,0.018361957688980243,18.509881243986243,,0.8398806703078108,0.020111763607093977,28.523197358758374,,1.199766216345041,0.0001477295542736439,,0.000125
883,0.01973889351767652,0.018377966521417394,18.14569361069623,,0.8411670795462506,0.020142583352592218,28.152497913221417,,1.2016047666665108,0.00014580959897656195,,0.000125
884,0.01974985091125264,0.018395611249348697,18.05652977438534,,0.8394671742743199,0.02010183724759824,29.17546956924786,,1.1991740598834328,0.00015110785305651536,,0.000125
885,0.019783272134030565,0.01840909986811526,18.322295525494745,,0.8411025313006347,0.02014101562903586,28.74298032143799,,1.2015112441989524,0.0001488678712268669,,0.000125
886,0.019744917859925944,0.018363866845474523,18.414013021132526,,0.8426270973967093,0.020177562179352942,27.7378849462245,,1.203691426765285,0.00014366220336589,,0.000125
887,0.01972294324899421,0.01836184719029595,18.14794641382554,,0.8382175201280256,0.02007195605267847,27.977521547658245,,1.1973914987481122,0.0001449033478235813,,0.000125
888,0.019678877885727322,0.018325758330962238,18.041593327241785,,0.8390810084571391,0.020092645513571712,27.67389264226683,,1.198625727466142,0.00014333076946590657,,0.000125
889,0.019650625941507956,0.01828376587261172,18.224798651302564,,0.8392110274115611,0.020095759890703217,27.652879342370127,,1.198811515472621,0.00014322193575457635,,0.000125
890,0.019699820810381102,0.01835209448986194,17.969682020299576,,0.8387368296574699,0.020084379735094544,28.30938101985699,,1.198132632879191,0.00014662214012069918,,0.000125
891,0.01969588821863427,0.01834133278359385,18.060736095204074,,0.8387475828649201,0.020084622610023,28.702694280138783,,1.198147121570469,0.00014865921863965075,,0.000125
892,0.01968048348584596,0.01833030318512636,18.002403259277344,,0.8391076308062541,0.020093290264699623,27.479871059864838,,1.1986641900612844,0.00014232587784989312,,0.000125
893,0.0196576190783697,0.018322466489146736,17.802032358506146,,0.8377345454361383,0.020060406146564187,27.54737393729717,,1.1967024896970617,0.0001426754939840817,,0.000125
894,0.019661327495294458,0.018306642332497763,18.06246785556569,,0.8386132481294991,0.02008143143798926,28.01000194661434,,1.1979567523680745,0.0001450715728230462,,0.000125
895,0.01963378138401929,0.018238475984510255,18.60406718534582,,0.8393636267992463,0.02009935968178963,29.118747965267254,,1.1990262608234392,0.00015081407612932356,,0.000125
896,0.01965459337567582,0.018273770370904135,18.410975175745346,,0.8403685566940873,0.020123473636991924,27.811082156020447,,1.200464777572113,0.00014404131202756007,,0.000125
897,0.019671218141036874,0.01831993756487089,18.017078063067267,,0.8388809888281207,0.020087852823350905,27.748389397004996,,1.1983398197792448,0.00014371660883145452,,0.000125
898,0.019605663221548584,0.0182749125010827,17.743345821605008,,0.836043005216247,0.020019915966310205,27.075946720069062,,1.1942870500910934,0.00014023384160557695,,0.000125
899,0.01958998665213585,0.018240135272636133,17.998018433065976,,0.841895936913867,0.02016005143841712,27.77724544275991,,1.2026468244216815,0.0001438660622999369,,0.000125
900,0.019578694858971762,0.018224698765312925,18.053281110875748,,0.8397733631718146,0.02010921726136798,27.89527817219955,,1.1996143142226383,0.0001444773865596439,,0.000125
901,0.019464234876282075,0.01810944945934941,18.06380546794218,,0.837957635856962,0.020065751930735603,27.456425802289807,,1.1970213921749366,0.00014220444835488154,,0.000125
902,0.019630684681675014,0.018276025048073602,18.062126271864948,,0.8389277153930383,0.020088953894209064,28.229497303343138,,1.1984055041042612,0.00014620840018523962,,0.000125
903,0.019664282417472673,0.018296138438231805,18.241919798009537,,0.8381032268378202,0.020069240121620292,27.41104512452155,,1.197229480021501,0.00014196940923163676,,0.000125
904,0.019697077572345734,0.018316255444112944,18.410961151123047,,0.8420593708346165,0.020163934244907145,28.609978519314172,,1.202878453041744,0.00014817901798582905,,0.000125
905,0.019714716274072144,0.018288977882441354,19.009843601899988,,0.8389948583930307,0.020090536717060653,28.9031751340492,,1.1984999273194945,0.00014969756461524633,,0.000125
906,0.019738246851107654,0.018353928209227675,18.45758348352769,,0.8385222778904555,0.020079230495446812,28.613522624884155,,1.197825455254697,0.00014819737389206098,,0.000125
907,0.01958748117527541,0.018246219548232415,17.883487869711484,,0.8356147522156572,0.020009639241391663,27.646968670518987,,1.193673992598334,0.00014319132274485504,,0.000125
908,0.019597114885554594,0.01823534060488729,18.156991958618164,,0.8385449859927773,0.020079797403969316,27.992376359939005,,1.1978592741532454,0.00014498028501857573,,0.000125
909,0.01961674661759068,0.018224311554256606,18.565801788778867,,0.836112212421398,0.020021529451052608,28.254078246618267,,1.1943833024398351,0.0001463357117116434,,0.000125
910,0.01965164458926986,0.018283357734189314,18.243823668536017,,0.8370949495535249,0.020045067787241515,28.133323795717935,,1.195787480666078,0.00014571029090121708,,0.000125
911,0.01964103485293248,0.018260045963175157,18.41318489523495,,0.8403394087218267,0.02012273275419049,28.963208968483652,,1.2004205802469654,0.00015000849650309854,,0.000125
912,0.01960954157745137,0.018234903211979306,18.328510396620807,,0.836114081424543,0.020021564979633928,28.50210780283959,,1.1943854218955139,0.00014762032561121434,,0.000125
913,0.019672694013399238,0.01828213468851412,18.54079044566435,,0.8373936092889216,0.020052202215164718,28.607640674946406,,1.1962130845943275,0.00014816690964109943,,0.000125
914,0.019527752938516,0.0181626195416731,18.20177796307732,,0.8370463807108578,0.020043930532293155,27.43900356981031,,1.1957196377810348,0.00014211421377822187,,0.000125
915,0.019642644068774057,0.018273284658789635,18.258124071009018,,0.8341218852602541,0.019973880444983032,27.88216750120972,,1.1915408034506103,0.00014440948275639228,,0.000125
916,0.019589488668476835,0.01820059438400409,18.518589468563306,,0.8344679843983211,0.01998211013010428,29.452611960951383,,1.1920317448902833,0.0001525432504098251,,0.000125
917,0.01966576650738716,0.018254516207996535,18.816668117747586,,0.8343331694389717,0.019978900847137892,28.937589708527913,,1.1918402952811398,0.00014987580724647423,,0.000125
918,0.019602873526951847,0.018247955314376774,18.06557487039005,,0.8322087300439873,0.019928055427185596,28.157063022761047,,1.188807114387291,0.00014583324294568006,,0.000125
919,0.019639079623362598,0.018265963805948988,18.308209363152,,0.8350056589951167,0.019995053005181174,27.650569839545803,,1.192803851432653,0.00014320997419856493,,0.000125
920,0.01956858135321561,0.018156681538504714,18.82532849031336,,0.8366085971624946,0.020033372161503114,29.445586845336514,,1.195089778718398,0.00015250686538659464,,0.000125
921,0.019639143720269203,0.01823541582288111,18.716367945951575,,0.8365407849560561,0.02003181195926306,27.73327738239225,,1.1949967049345742,0.0001436383395142094,,0.000125
922,0.01959753211806802,0.018214891938602224,18.43519749360926,,0.8330809109860566,0.019948905192590374,29.13967711352629,,1.190050906062654,0.00015092247399597035,,0.000125
923,0.019557905766893837,0.01817929109229761,18.38152851777918,,0.8332929488087769,0.019954024157727117,28.031223050618173,,1.190356277662763,0.00014518148280951264,,0.000125
924,0.01957988870494506,0.01819572564871872,18.455504361320944,,0.8424936637272681,0.02017431247259824,29.19825096483057,,1.2034975656771434,0.00015122584422604782,,0.000125
925,0.01959186014445389,0.018184850430663896,18.760129255406998,,0.835052053149095,0.019996140477748333,28.283200039945594,,1.1928687245523242,0.00014648654156054793,,0.000125
926,0.019518521340454325,0.01815011867267244,18.245368620928595,,0.8325483292693308,0.019936174579436527,28.51483520900697,,1.18929146199431,0.00014768624437959497,,0.000125
927,0.019534382202169475,0.018173248671433506,18.14844512939453,,0.8316108117906272,0.019913745703508418,27.921395672613187,,1.1879534685624638,0.00014461265634186076,,0.000125
928,0.019582701189553037,0.018192116609391046,18.54112793417538,,0.8331519659192028,0.01995062723626957,28.58942958097214,,1.1901536344891477,0.00014807258933185024,,0.000125
929,0.019527590778820655,0.01813486240365926,18.569709441241095,,0.8314321760229524,0.019909434096069434,28.829073915710055,,1.1876962598439995,0.0001493137738424698,,0.000125
930,0.019577404922422242,0.01818351951592109,18.58513635747573,,0.8333690926962138,0.019955818044438918,28.825371281576153,,1.1904632918816458,0.00014929459687281385,,0.000125
931,0.0196278176325209,0.01818736763123204,19.205999710980585,,0.8319923444313918,0.01992285020670913,28.78546338527432,,1.1884965972293582,0.00014908790280347388,,0.000125
932,0.019547867095645738,0.018151467775597292,18.618656943826114,,0.8362847366567712,0.020025664114424125,28.168509602700755,,1.194629955569119,0.00014589252795959984,,0.000125
933,0.0195244839962791,0.01816157646038953,18.17209759880515,,0.8309584493165628,0.019898110498285444,28.26872622221338,,1.1870207512046718,0.00014641157764204595,,0.000125
934,0.01958911427680184,0.01820010133087635,18.520172006943646,,0.8362799560271573,0.020025504045821714,29.393641433086295,,1.1946204066849326,0.00015223782568176192,,0.000125
935,0.019590029054704833,0.018141009351786447,19.320262908935547,,0.8315799846630797,0.019912970324644737,28.919927881659707,,1.1879072133765094,0.0001497843317439883,,0.000125
936,0.01961457510204876,0.01821219899198588,18.69834462334128,,0.8319351325459144,0.019921530587338514,27.429670785338306,,1.1884178754041503,0.00014206587669760498,,0.000125
937,0.01952111129375065,0.018164618050350863,18.086575508117676,,0.8315816212772488,0.019913060953747102,27.537548507370357,,1.1879126198509171,0.00014262460535594587,,0.000125
938,0.01962420914103003,0.01817626736181624,19.30588856865378,,0.8307003648723852,0.019891893118397713,29.262293668375868,,1.186649853729482,0.0001515575391594814,,0.000125
939,0.019650224596261978,0.018185758963227272,19.52620741900276,,0.8320681180972807,0.01992470318921305,27.753120668105783,,1.1886071368046591,0.00014374111339740748,,0.000125
940,0.019543862189440167,0.01815519602421452,18.51554831336526,,0.8318314853023521,0.019919028352545703,27.971726645175664,,1.188268604717182,0.0001448733344155456,,0.000125
941,0.019524467999444288,0.018140042529386634,18.459006590001724,,0.8322550483682085,0.01992917058111505,27.99694370581125,,1.1888736388371963,0.00014500394057028102,,0.000125
942,0.01948765369460863,0.018126321518245864,18.151093426872702,,0.8288699103229248,0.01984811040073506,27.87502084715559,,1.1840379979749276,0.0001443724682518581,,0.000125
943,0.019446045050726217,0.018048855202162966,18.629196727977078,,0.8328293890515338,0.01994291901735096,28.1431077304305,,1.1896938010887852,0.00014576096461412348,,0.000125
944,0.019496879923869583,0.018133353880223108,18.180349910960476,,0.8290555796582957,0.019852545341614382,28.17945034142007,,1.1843025641433875,0.00014594919308146887,,0.000125
945,0.019448046517722747,0.01808041673811043,18.235061308916876,,0.831435216452244,0.01990954041405468,27.928532324037324,,1.187702602237903,0.00014464961903999846,,0.000125
946,0.01949547855731319,0.018113421824048546,18.427422018612134,,0.8335068888243956,0.019959108351636022,29.081490904712005,,1.1906595749870763,0.00015062111147391886,,0.000125
947,0.01942277907886926,0.018063837169286084,18.119227016673367,,0.8314847502008328,0.019910719510468185,28.11935286043605,,1.1877729411733824,0.00014563793155047462,,0.000125
948,0.019450653234825414,0.018092462354723143,18.10921354854808,,0.8280267711112517,0.019827904759095457,28.27233635780766,,1.1828326314694155,0.00014643027553609697,,0.000125
949,0.019470420392120585,0.018075508449007485,18.59882859622731,,0.8270478139807906,0.01980442801852067,29.170460140578303,,1.1814321277263429,0.00015108190783532535,,0.000125
950,0.01950090520960443,0.018123521633884487,18.365111294914694,,0.8310936409408332,0.019901374632161017,27.552029197170288,,1.1872154729419617,0.00014269960486679354,,0.000125
951,0.019443685846293673,0.018101720742004758,17.89286764930276,,0.8282491645962644,0.019833243143793745,27.931710424592925,,1.1831510925321043,0.00014466607930469497,,0.000125
952,0.01950529809383785,0.018119345802594635,18.479363385368796,,0.828779338653531,0.019845937424349445,27.983456965551802,,1.1839083691811874,0.00014493408899992328,,0.000125
953,0.0196444937849746,0.018149094108273003,19.938664829029758,,0.825066878532917,0.019756922592968268,30.984189799273036,,1.1785981940254335,0.00016047571704548344,,0.000125
954,0.01970201325328911,0.01813430119963253,20.902827318976907,,0.8263812603925856,0.019788390773035847,31.189497190271247,,1.1804754266775528,0.0001615390609960149,,0.000125
955,0.019459063625511003,0.01806269816177733,18.61820467780618,,0.8276852188589995,0.01981971089994176,28.66538870402176,,1.1823438272259812,0.00014846600270868862,,0.000125
956,0.019394837538985646,0.018034447094096857,18.13853656544405,,0.8287449028229975,0.019845109988451716,28.05851338234179,,1.1838590085355634,0.00014532282701054317,,0.000125
957,0.019387812189319554,0.018050067017183584,17.83660181830911,,0.8276733539834159,0.01981944699502925,28.121804608539293,,1.1823280839920938,0.00014565062983425844,,0.000125
958,0.019431172157911694,0.018078009543173453,18.042166429407455,,0.8300897813558199,0.019877323619513974,27.856933144928625,,1.1857807110281615,0.00014427878702270925,,0.000125
959,0.019377092228216285,0.01801474764943123,18.16459364049575,,0.8282803551433396,0.019833991440141377,27.894923550979033,,1.1831957321119662,0.00014447554987793588,,0.000125
960,0.019251708379563165,0.017918163143536624,17.780604306389304,,0.8327323473064657,0.019940585163531643,28.411102016565398,,1.1895545751600696,0.0001471489813901051,,0.000125
961,0.019522386219571617,0.018129834357429955,18.56735610961914,,0.8270041356226607,0.019803405711683795,28.534338502763504,,1.1813711420649369,0.00014778725735010038,,0.000125
962,0.019457841839860466,0.01807329014820211,18.460689432480756,,0.8236351389544275,0.019722712165938537,28.947418160177342,,1.1765573727728145,0.00014992671152495003,,0.000125
963,0.01942718741210068,0.01806194127044257,18.20328000012566,,0.8266483343865922,0.01979486988021337,28.94750612158225,,1.1808619374806597,0.00014992716710147524,,0.000125
964,0.0193703656687456,0.018019451266702485,18.012190650491153,,0.8260556862801209,0.019780711290589597,28.04187466873304,,1.1800173075499605,0.00014523665049554063,,0.000125
965,0.01941613294184208,0.018025094643235207,18.547175856197583,,0.830754852484946,0.01989316266133399,30.21059188402864,,1.1867255882475929,0.00015646903876995053,,0.000125
966,0.01943455055794295,0.018042674671639416,18.55834747763241,,0.827485753147762,0.01981495595444077,28.081979194684347,,1.1820601711983896,0.0001454443629643997,,0.000125
967,0.019437535611145636,0.01803527377984103,18.69682570064769,,0.8344139068758878,0.019980831011923873,29.025581825939724,,1.1919554391614797,0.00015033154284025576,,0.000125
968,0.019469076438861734,0.018077431027503574,18.555271036484662,,0.8275413313297406,0.019816272592171842,28.46646848565388,,1.1821387151540448,0.00014743573969764232,,0.000125
969,0.019375611206187922,0.01802237978314652,18.043082742130053,,0.8251411531091803,0.019758839387224805,27.272084390208125,,1.1787125402875318,0.00014124969302719247,,0.000125
970,0.01934483230990522,0.01799560508088154,17.989696390488568,,0.8255747316296905,0.019769142159177574,29.428492914221255,,1.1793271516147692,0.00015241833117380358,,0.000125
971,0.019353179041953647,0.017987577792476204,18.20801409553079,,0.8270470271620753,0.019804459782555225,27.810401714752345,,1.1814340226081792,0.00014403778783341094,,0.000125
972,0.01939284341300235,0.018027405090191784,18.20584499134737,,0.8250104735975908,0.019755699213781962,27.561254245550618,,1.178525213403436,0.000142747383952295,,0.000125
973,0.0192886515356162,0.01795529607026016,17.778072918162625,,0.8233160829523213,0.019715096210080024,28.287489883372793,,1.1761030433205233,0.00014650875985008373,,0.000125
974,0.019415630794623318,0.018048301229582113,18.231059971977682,,0.8241345678918252,0.019734672873172338,28.92693783025972,,1.1772708881433733,0.00014982063821303998,,0.000125
975,0.01936570061918567,0.01801035027293598,18.071335736443014,,0.8225911690886559,0.019697703930338876,29.163428888606294,,1.1750655077733527,0.00015104549103019842,,0.000125
976,0.019341565997285003,0.017953190295135275,18.511676339542163,,0.8223745126110418,0.01969254686643345,28.32327857331806,,1.1747578633931712,0.00014669411940662828,,0.000125
977,0.01932415914009599,0.017969346879159704,18.06416051528033,,0.8228612773346063,0.019704216542538098,27.973794196303576,,1.1754540173167936,0.00014488404283658,,0.000125
978,0.019400405533173504,0.01800395909915952,18.61928580789005,,0.824139991081006,0.019734797530222132,29.067048934146204,,1.1772783245532226,0.00015054631250072928,,0.000125
979,0.019348848939818496,0.01796680918949492,18.42719554901123,,0.821603802246,0.019674059146544323,29.165362359894615,,1.1736549794207083,0.00015105550501453657,,0.000125
980,0.019340300603824502,0.01793879664996091,18.686718211454505,,0.820890768629613,0.019656996446298623,28.82975134094402,,1.172637104921269,0.0001493172824157412,,0.000125
981,0.019408264909597003,0.017937952981275672,19.604156718534583,,0.8224083469730423,0.01969335592882464,28.354917136963206,,1.1748061279682145,0.0001468579843074095,,0.000125
982,0.019331615527763087,0.017963201026706135,18.245524686925553,,0.8249799319783189,0.019754952019578078,27.986064335214106,,1.1784806395719023,0.00014494759329094627,,0.000125
983,0.019307421629919726,0.017966265297111345,17.88208490259507,,0.8223499101674131,0.019691989128369083,27.47878569525129,,1.174724591557828,0.0001423202564453722,,0.000125
984,0.019295686746344846,0.017956396729192314,17.857200566460104,,0.820706525994556,0.019652546890163672,29.836322551954456,,1.1723716668804915,0.00015453059403985311,,0.000125
985,0.01931371748009149,0.017904914915561676,18.784032260670383,,0.8206479281624788,0.01965120889284239,28.08246180868751,,1.1722918487195886,0.00014544686255624686,,0.000125
986,0.01930842559565516,0.017966898048625272,17.88703379911535,,0.8205533408700203,0.019648916587916457,28.81347733765073,,1.172155101387956,0.00014923299483666908,,0.000125
987,0.019271976369268754,0.01790226360454279,18.262837129480697,,0.8194029496281199,0.01962136602741561,28.863574375297077,,1.170511574128187,0.00014949246129650665,,0.000125
988,0.019245948204222846,0.017870591022074223,18.33809257956112,,0.8212041446111789,0.019664512305951093,28.52419311913288,,1.1730854631395728,0.00014773471159294576,,0.000125
989,0.019275221973657608,0.017925203175229186,18.000248740701114,,0.82101263381786,0.01965995709770941,27.692484380947878,,1.1728137224278403,0.00014342706123972063,,0.000125
990,0.01929896598791375,0.01792845086139791,18.27353780409869,,0.8202031149775806,0.019640545958016287,28.375033154380002,,1.1716557518947963,0.0001469621707437815,,0.000125
991,0.0191980799769654,0.017854061963803628,17.920240682714127,,0.8225419825792546,0.019696564768489258,28.122832908179085,,1.1749975511322137,0.00014565595568344483,,0.000125
992,0.019256936714929694,0.017937679775059223,17.590091929716223,,0.8201839670206135,0.019640127230794474,27.305030979945677,,1.1716307727440658,0.00014142033255808191,,0.000125
993,0.019175156622248536,0.01784132749718778,17.7843900568345,,0.8214169383916704,0.019669591838340064,28.962035001941913,,1.1733884823811558,0.0001500024162046046,,0.000125
994,0.019250204677090925,0.0178416740587529,18.780408634858972,,0.8197082589775714,0.019628613884669553,30.56906649070654,,1.1709439446772874,0.00015832567823420346,,0.000125
995,0.019311586066203958,0.017863209085429415,19.311692406149472,,0.8198385420347657,0.01963179243686114,28.9933002046046,,1.1711335610436517,0.00015016434736525044,,0.000125
996,0.019285024746375924,0.017890121185165996,18.59871415530934,,0.8197317932119098,0.019629237818761212,28.947028919981847,,1.1709811654332103,0.00014992469554196388,,0.000125
997,0.019263287348782316,0.017911288120290813,18.026655309340534,,0.8239813282128521,0.019731034708151653,28.080296667447705,,1.1770538535974935,0.00014543564868894186,,0.000125
998,0.019277831210809594,0.017899717259056428,18.374849319458008,,0.8203160145953707,0.019643249990292082,28.364339278794056,,1.1718170608001606,0.00014690678419458438,,6.25e-05
999,0.019088191144606647,0.01778704903143294,17.3485626893885,,0.8201497227276878,0.019639316637401184,27.050711016186142,,1.1715824168371718,0.00014010313889229012,,6.25e-05
1000,0.019103025250575122,0.017808088484932396,17.265823981341192,,0.8179712319421645,0.01958714180099809,27.211755894206725,,1.1684699296738041,0.00014093723500531682,,6.25e-05
