epoch,loss_total,loss_data,loss_cont,loss_mom,val_score,val_data,val_cont,val_mom,norm_data,norm_cont,norm_mom,lr
1,4.653119915410092,0.26375013766320127,58524.92845394737,,21.46757830356684,0.42189045392183483,25707.334357952146,,30.56179679435948,0.24773515838400909,,0.001
2,1.7460048763375533,0.4077105004536478,17843.924033717107,,19.037639951870396,0.37469402128925544,13013.72268459837,,27.14288136233881,0.1254099941107768,,0.001
3,1.053826325818112,0.33501624433617844,9584.13420024671,,15.55002967847516,0.3061953604588725,8110.882224950915,,22.180829878301736,0.0781625455464891,,0.001
4,0.786246751484118,0.28097292310313177,6736.984040912829,,13.61837481405089,0.2682183137712925,6066.111037262961,,19.429767907293595,0.05845759648457919,,0.001
5,0.633592774993495,0.24872638991004542,5131.551590768914,,12.247963861044868,0.24126556467697083,4790.227062140015,,17.477307420897688,0.04616222138829164,,0.001
6,0.5344380799092745,0.22627635064877963,4108.8228567023025,,11.427755257289906,0.22514040276774094,3914.2422421094448,,16.309198692755345,0.03772057453721967,,0.001
7,0.46154691984778956,0.21500204268254733,3287.2648797286183,,11.001775876035007,0.21677048104529187,3375.7951347790226,,15.702880525353585,0.032531694291662396,,0.001
8,0.413782841280887,0.20620191567822507,2767.745489823191,,10.453812711169066,0.20599105908543847,2905.615704161851,,14.922017861988529,0.028000692590320425,,0.001
9,0.37725784590369776,0.19945854732864782,2370.6571237664475,,10.111121530509934,0.19925265643311987,2559.8303581622336,,14.433887138327053,0.02466844560332054,,0.001
10,0.3473714621443498,0.1910078321632586,2084.8482858758225,,9.848847408485833,0.19409623343613433,2282.497190550362,,14.060355217055301,0.021995855157076426,,0.001
11,0.3257859521790555,0.18648361767593183,1857.3642963610198,,9.474811118172992,0.1867315563876843,2079.2449520242676,,13.526857098483237,0.02003716411575535,,0.001
12,0.30275356926416097,0.1791529129994543,1648.0086412931744,,9.187366439740739,0.18107423072532508,1881.2121780324212,,13.117039726022444,0.018128771750098856,,0.001
13,0.2877027596298017,0.17572901358729914,1492.9831992701481,,8.919378142534534,0.17579667395952386,1752.0224799658577,,12.734732859517717,0.016883802907103968,,0.001
14,0.2762356322062643,0.17159681414303027,1395.184146278783,,8.729457863644228,0.17205878980965153,1620.814698139376,,12.46396006822242,0.015619386295120894,,0.001
15,0.2645494349692997,0.1677951930384887,1290.0564671566613,,8.5079286479775,0.16769518814992093,1531.1150394071462,,12.147860222927214,0.014754973094841084,,0.001
16,0.25399912893772125,0.16468654180827894,1190.8344469572369,,8.306243112172162,0.1637238866055814,1424.4288657492086,,11.860178646634147,0.013726865094201282,,0.001
17,0.2447233741220675,0.1600174982296793,1129.4116339432567,,8.141717961577521,0.1604828295564661,1363.084383060354,,11.625396072121712,0.01313570364108051,,0.001
18,0.23472135866943158,0.15575005427787178,1052.9506450452302,,7.978453896970051,0.1572676281403898,1284.4437177585837,,11.392486482872588,0.012377863197466742,,0.001
19,0.22808007974373667,0.1532978815467734,997.095947265625,,7.833552050136733,0.15441368834163433,1220.7916209160874,,11.185746729976781,0.011764463843290907,,0.001
20,0.2192184744696868,0.14937323645541542,931.2698075143915,,7.693817075103802,0.15166024153400148,1181.7205923649103,,10.986286701818516,0.011387946102805774,,0.001
21,0.21578523202946312,0.14779440195936905,906.544343647204,,7.535973153449699,0.14854973174934538,1141.6235642327456,,10.7609609873307,0.011001541060698514,,0.001
22,0.2089440367723766,0.14475923149209274,855.7973472193668,,7.393660785057959,0.14574812578122745,1055.7406033406805,,10.558012303615403,0.010173908423925267,,0.001
23,0.20297829414668836,0.14181101714309893,815.5636339689556,,7.239864070359016,0.1427160189976357,1040.3893905959721,,10.338366112246261,0.010025972622113107,,0.001
24,0.197342806740811,0.138802118207279,780.5424387078536,,7.071925692326338,0.1394068408642271,993.2483189149837,,10.098648837940953,0.00957168589223794,,0.001
25,0.1936914677682676,0.13774170412829048,745.9968133223684,,6.991268744883076,0.13781854124853277,952.670091467665,,9.983592216839014,0.00918064365255531,,0.001
26,0.18771623388717049,0.13284055810225637,731.6756495425576,,6.819562542406708,0.13443386555014292,926.4602235361174,,9.73840588956515,0.008928065703677567,,0.001
27,0.18466955815490924,0.13213065423463521,700.5187024568256,,6.751169537165983,0.13308644474133402,902.9827664970036,,9.640798559101736,0.008701819315893705,,0.001
28,0.1793728470802307,0.1289879405184796,671.7987413908306,,6.596587781645408,0.13003946547598783,876.9482405856229,,9.420075003310188,0.008450931094256155,,0.001
29,0.17536875135020205,0.12689459912086787,646.3220118472451,,6.483238132591048,0.12780603043233582,843.592940955006,,9.258284691813497,0.008129494405337811,,0.001
30,0.17199906079392685,0.12482795746702897,628.9480173211349,,6.389740702321585,0.12596344588136849,821.6308589138536,,9.12480763847035,0.007917851307801932,,0.001
31,0.1688691236470875,0.12323596054001858,608.4421675832648,,6.231601026429103,0.1228449041234391,820.1124517568028,,8.898900086842692,0.007903218797394371,,0.001
32,0.16479849658514323,0.12059147342255241,589.4269377055921,,6.121923640914042,0.12068345499110987,794.3654223649802,,8.742324443688108,0.007655101107886518,,0.001
33,0.16179127677490837,0.11886303715015713,572.3764969675165,,6.070106033000479,0.11966192695359514,788.182313607528,,8.668324825986282,0.007595516033603656,,0.001
34,0.15877253836707064,0.11714838327545869,554.9887052837171,,5.926992620039236,0.11684180000499343,750.074420101091,,8.464034480148234,0.0072282797849111576,,0.001
35,0.1561984082585887,0.1153965153192219,544.025241249486,,5.832968429353912,0.11498869936133678,730.3573981623655,,8.329795639746731,0.007038271770667542,,0.001
36,0.15256241512926003,0.11381052630512338,516.6918270713404,,5.704552274401184,0.11245693236616097,718.2183082338616,,8.146394124690017,0.006921290393905491,,0.001
37,0.14997432341701106,0.11152842287954531,512.6120123612253,,5.648994513937966,0.11136282514401157,691.3501640249287,,8.067136861853806,0.006662368801008972,,0.001
38,0.14789347978014694,0.11008034724938243,504.1750793457031,,5.570567800098481,0.10981730431042747,671.8728978276217,,7.955179141032283,0.00647467125294387,,0.001
39,0.14494486074698598,0.10826751942697324,489.0312082391036,,5.486493802255169,0.10815904921661232,676.3506814069451,,7.83505493642115,0.006517822534550391,,0.001
40,0.14295895162381625,0.10741578160147917,473.90891145405016,,5.406013973663921,0.10657407948974112,638.631841343835,,7.720239532878449,0.006154335496688561,,0.001
41,0.14023470133543015,0.10510738507697456,468.3641919587788,,5.342319113451149,0.10531829329244019,632.9782333609147,,7.629270225034894,0.0060998530890772635,,0.001
42,0.13862313173319163,0.10435471644527033,456.9121736225329,,5.243806506272824,0.10337607495435629,623.8357621854788,,7.4885756877989405,0.006011749378551273,,0.001
43,0.13559001684188843,0.10229420622712687,443.9441223144531,,5.14409298644566,0.10141027494131755,612.9184781529698,,7.346172891105251,0.005906542239948036,,0.001
44,0.1336075710622888,0.10091234076964228,435.93636924342104,,5.067450274181298,0.09990057677033526,582.2005243647441,,7.236810168404431,0.005610520993987746,,0.001
45,0.1309788587846254,0.09927921702987269,422.66189735814146,,5.016228125142229,0.09889092627819804,573.6553719286677,,7.163670961562506,0.005528173494916453,,0.001
46,0.12861635143819608,0.09793009491343248,409.1500838430304,,4.959312852675197,0.09776895824430572,565.9003296019791,,7.08239545806904,0.00545344008956505,,0.001
47,0.12786112451239637,0.09773937965694227,401.6232331928454,,4.893851201337653,0.09647853926264134,556.5702092760137,,6.988917347031909,0.005363528051058423,,0.001
48,0.12554441666916796,0.09566730143208253,398.3615128366571,,4.812211785957326,0.09486873297090972,553.381646873534,,6.872302779651111,0.005332800671828953,,0.001
49,0.1241737972748907,0.09520927032357768,386.1936774002878,,4.7716962155540985,0.09407071668948364,536.1934389166904,,6.8144943812746614,0.005167162206119701,,0.001
50,0.122211660209455,0.09381584313354994,378.61089445415297,,4.685746519558108,0.09237650466707144,522.5492430596978,,6.691765452297483,0.005035676499566508,,0.001
51,0.12074168065660879,0.0928882266345777,371.3793640136719,,4.636228366142128,0.09140048103240556,513.6035460970703,,6.62106217918034,0.004949469052966494,,0.001
52,0.11813442291397798,0.09113304042502453,360.0184245862459,,4.587971183604465,0.09044876109387602,514.5425594704136,,6.5521194688248485,0.004958518090238534,,0.001
53,0.1172854668999973,0.09030780235403463,359.7021853798314,,4.5118772349055,0.08894855639210206,507.127034298906,,6.4434444542106215,0.004887056526885282,,0.001
54,0.11468449274176046,0.08829897955844276,351.8068365799753,,4.480679976162371,0.08833420992887142,491.5875762080871,,6.39894112023837,0.004737306651704627,,0.001
55,0.11266829034215525,0.08746441453695297,336.0516694721423,,4.435913572289605,0.0874525902092676,470.43431441870894,,6.335076478433926,0.0045334579528562,,0.001
56,0.1118349538821923,0.08683805089247854,333.29201628032484,,4.360898018359967,0.0859734523081853,466.5253694972125,,6.227927545473978,0.004495788427274224,,0.001
57,0.1104173523030783,0.08583341421265352,327.78583888003703,,4.307898343832666,0.08492810348533401,469.28021051528407,,6.152202347128715,0.004522336141884845,,0.001
58,0.10871533069171403,0.08470271998330166,320.16812615645557,,4.252977293257904,0.0838455404071166,460.1664735251955,,6.073781343510353,0.004434509335523983,,0.001
59,0.10775741189718246,0.08393308245822002,317.6577068128084,,4.213108883389811,0.0830594734852138,457.24011892456576,,6.01683855821943,0.004406308787369891,,0.001
60,0.10621628557380877,0.08274114406422566,313.0018712093956,,4.176020937246017,0.08232883704456448,443.8296177734472,,5.963911163863606,0.004277075138309983,,0.001
61,0.1054446689392391,0.08236665474741083,307.70684171977797,,4.137520876347813,0.08156987273802115,438.83728239713815,,5.908931695389908,0.004228965249593597,,0.001
62,0.1035091096633359,0.08102638431285557,299.76965171412417,,4.061439483457002,0.08006819316200547,461.6338300377868,,5.800149840702734,0.004448649883625587,,0.001
63,0.10281350385201604,0.08009906466069974,302.8591710140831,,4.029152661167987,0.07943357825308864,424.72152259433017,,5.754178258011791,0.00409293519911201,,0.001
64,0.10119792505314476,0.07939441423667104,290.71347447445515,,4.004999857870841,0.07895774686475174,416.3148306764989,,5.719708973240004,0.004011922009461513,,0.001
65,0.09960171305819561,0.07858314247507799,280.2475915206106,,3.9543246059051014,0.07795854057264513,413.7508341896094,,5.647326345543324,0.00398721341591653,,0.001
66,0.0994176029374725,0.07785137742757797,287.5496537057977,,3.8925533308315496,0.07674056605039362,410.2512853364369,,5.559096120128803,0.003953489137959836,,0.001
67,0.09723078930064251,0.07658168281379499,275.3214167544716,,3.8628847344483406,0.0761556507833839,407.2550279583368,,5.516724785660114,0.0039246149542040525,,0.001
68,0.09637457132339478,0.07608909081471593,270.4730561908923,,3.824019884940861,0.07538970951140904,398.4577997080409,,5.461239904945448,0.0038398382634907587,,0.001
69,0.09518224353853025,0.07525864988565445,265.6479058516653,,3.789536657643968,0.07471014760143538,390.1759681720622,,5.41201235592475,0.0037600283221445566,,0.001
70,0.09413451426907589,0.07453313156178124,261.35175684878703,,3.752425238046121,0.0739777109600794,400.2212581450594,,5.35895455480652,0.003856832271858773,,0.001
71,0.09262094607478694,0.07320828618187654,258.8354572496916,,3.7186383588637772,0.07331233510221849,383.9839620555131,,5.310754645159867,0.0037003575062350283,,0.001
72,0.09245255863980244,0.07342664583733208,253.67881293045846,,3.6751637795773062,0.07245538231362783,377.01657095694,,5.24867687889659,0.0036332144989790305,,0.001
73,0.09120808110425346,0.0724502507793276,250.10439742238898,,3.6415553230689,0.07179241410951655,380.26549782067053,,5.200651379986097,0.003664523595439877,,0.001
74,0.09023195230647137,0.07196672319581635,243.53636892218339,,3.5945682286658354,0.07086643060362473,369.1129087832472,,5.133573020002068,0.0035570488812938267,,0.001
75,0.08900400643285952,0.07112509678853185,238.38544664884867,,3.568161442128836,0.07034598569270809,363.57133746467133,,5.095871926122755,0.003503646143025127,,0.001
76,0.08826139686923277,0.07042732403466576,237.78762335526315,,3.544400228875937,0.06987767963816388,358.62181556550723,,5.061947777464014,0.0034559488370912955,,0.001
77,0.08752189302130749,0.06979559067832797,236.3506790964227,,3.4938534361823983,0.06888102795675032,355.6841977729346,,4.989750206082697,0.003427639748370491,,0.001
78,0.08621302874464738,0.068832140219839,231.74517420718544,,3.4850564135845565,0.06870813534672567,345.3179360607863,,4.97722584397471,0.0033277426741989418,,0.001
79,0.08473422535155949,0.06807217099948933,222.16072002210115,,3.445553300363926,0.06792938519198492,340.4121393009758,,4.920813086204248,0.003280466736508597,,0.001
80,0.08445325493812561,0.06796313292886082,219.8682901482833,,3.4098170408643917,0.0672250708644925,332.86206666920054,,4.869792468989318,0.0032077085728966226,,0.001
81,0.08356152004317234,0.06732678432997904,216.4631243254009,,3.4010914007795736,0.06705293316219658,333.94592588542054,,4.857322792490805,0.0032181534533675987,,0.001
82,0.08274100015037938,0.06645093485713005,217.20084340948807,,3.354269429494194,0.0661292082273364,340.2941543635228,,4.790408043672358,0.0032793297451441925,,0.001
83,0.08167154106654619,0.06580314687208126,211.5785779451069,,3.3197883128313386,0.06544965498267165,332.5903990370389,,4.7411811223677125,0.0032050905798000117,,0.001
84,0.08067715050358522,0.06509576816307872,207.75176198858964,,3.305265489974238,0.06516390508932389,321.1783695253182,,4.720481364662073,0.003095115702622808,,0.001
85,0.08032116999751643,0.06488819890900661,205.77293556614927,,3.262408473328218,0.06431917966712788,313.35878381028493,,4.6592893503365564,0.003019760308763706,,0.001
86,0.07941685969892301,0.0643089143069167,201.43926600406044,,3.257349145418536,0.06421884786008378,323.149799071222,,4.652021301793649,0.0031141138766068136,,0.001
87,0.07933075843673003,0.06411916919444736,202.8211798416941,,3.2442721749771177,0.06396190678505077,306.5535723690674,,4.633408458458877,0.0029541801863460274,,0.001
88,0.07818448033772017,0.06343034811710056,196.72175116288034,,3.216472006676677,0.06341391312535613,302.24429086771835,,4.593711729802182,0.0029126527171657096,,0.001
89,0.07790278682583257,0.06308611011818836,197.55566888106497,,3.154826468879183,0.06219818637638659,302.8114633974492,,4.505644333362921,0.002918118417130065,,0.001
90,0.07680662486114,0.06255860665911123,189.97356695877878,,3.1426201942498238,0.06195777038691686,297.5400569470932,,4.488228569275378,0.002867319190197325,,0.001
91,0.07597920886780087,0.06185303491197134,188.34897974917763,,3.115161354335624,0.06141591393541112,303.65002129222256,,4.448976420740869,0.0029261993900533264,,0.001
92,0.07589662584819291,0.06158171770604033,190.8654391640111,,3.122939461146348,0.06156996618250822,292.0320291554244,,4.4601359846222755,0.002814239702516779,,0.001
93,0.07423446170593563,0.060500041238571466,183.12559509277344,,3.076828570978669,0.06066113054227943,283.1861565469783,,4.394299818153123,0.0027289942382774934,,0.001
94,0.07327087380384144,0.06009403557369584,175.69116933722245,,3.070054182136674,0.06052766102219401,280.97073719825977,,4.3846312695685965,0.0027076447955231534,,0.001
95,0.07296627289370487,0.0596479148064789,177.5781041195518,,3.0261517755485285,0.05966223455992924,274.6454984318109,,4.321939669333675,0.0026466900498539215,,0.001
96,0.07252030074596405,0.05952047713493046,173.33097036261307,,2.997137277256753,0.059090038407262506,274.8094133831585,,4.280489709085096,0.0026482696572868894,,0.001
97,0.0719017249188925,0.059020965703223884,171.7434475547389,,2.996816365532379,0.05908400161636789,269.6909493509777,,4.280052403204159,0.002598944298226356,,0.001
98,0.07123046682069176,0.05832179224020556,172.11565278705797,,2.9816907669158232,0.058785701164823366,269.9145972842262,,4.258443481506541,0.0026010995374819747,,0.001
99,0.07120101506772794,0.058524435484095624,169.02105873509458,,2.9459832062007685,0.05808191993418692,262.9409509407193,,4.207461481893958,0.0025338962499933853,,0.001
100,0.07044818173897893,0.058194165559191456,163.38687455026727,,2.940004699290076,0.057964028530056146,262.78206007347177,,4.198921413960793,0.002532365058403653,,0.001
101,0.06954873117961381,0.05745710530563405,161.2216588070518,,2.9075419766208004,0.05732370583348488,265.1397726739871,,4.152536358424426,0.0025550857456744422,,0.001
102,0.0692506861921988,0.05704761159263159,162.70764963250411,,2.9106543739250466,0.05738547198064807,258.3443119402896,,4.157010705783614,0.0024895995883889776,,0.001
103,0.06844377635340941,0.05646223339595293,159.75391428094161,,2.8725948165293334,0.056634875530128345,258.9505212611073,,4.1026374058378385,0.002495441476155929,,0.001
104,0.06819976709390942,0.055968206375837326,163.0874690005654,,2.8303193029169837,0.05580146074182459,253.88512425432623,,4.042264735233937,0.0024466275107606944,,0.001
105,0.06775298949919249,0.05605448762837209,155.9800133956106,,2.8278555447157747,0.055753065657397606,250.51743998737527,,4.038758989317303,0.0024141739788758393,,0.001
106,0.06728546086110566,0.05556641636710418,156.25390865928247,,2.8046839040202514,0.05529613730382203,249.93699442272526,,4.0056590427275065,0.002408580369990156,,0.001
107,0.06652445973534334,0.05494262238866404,154.42449549624794,,2.7878059578780947,0.05496306587479107,253.90402700422487,,3.981531307109347,0.0024468096718387286,,0.001
108,0.06572333880160984,0.05445138698345736,150.29268284847862,,2.7824441136557776,0.054857383324299056,252.90636041422988,,3.9738756500476087,0.0024371954081719716,,0.001
109,0.06487190468530905,0.05387310134737115,146.65070222553453,,2.7453682344883825,0.05412659707876095,246.2973554053545,,3.920937403807066,0.0023735060781217717,,0.001
110,0.06520981616095493,0.05416995345761901,147.19816268117805,,2.731338891951554,0.05384999075657284,245.20253857647594,,3.900900007529988,0.002362955601875299,,0.001
111,0.06463044019121873,0.053713196398396244,145.5632408543637,,2.735837869459397,0.05393890526398642,241.84488812757658,,3.9073409854719725,0.0023305987633881176,,0.001
112,0.0641409701814777,0.05340693185203954,143.12050990054482,,2.7143748782862747,0.05351607662606445,234.17982089267073,,3.8767112265123136,0.0022567324255164866,,0.001
113,0.06472174372327955,0.052902094431613624,157.59531041195518,,2.694667962829436,0.05312675096776782,246.30140945581712,,3.848508427550912,0.0023735451459931996,,0.001
114,0.06382651195714348,0.052823542764312344,146.70624542236328,,2.6721353409437,0.052682734006696035,240.29271553510557,,3.8163437838350363,0.0023156408639155037,,0.001
115,0.06327485587251813,0.05258468754197422,142.5355634187397,,2.6614070215238543,0.052471902527715754,227.3358979051186,,3.801071125355678,0.00219077924959863,,0.001
116,0.0626646670463838,0.052234734163472525,139.06576538085938,,2.6387062902350857,0.05202407660971035,229.98694070644817,,3.768630560327239,0.002216326686727871,,0.001
117,0.06175753278167624,0.051425934622162266,137.75463224712172,,2.629682785213911,0.05184641600363249,224.91068310372125,,3.7557608039939514,0.0021674080604829615,,0.001
118,0.06141180486271256,0.05140805695401995,133.3833027889854,,2.6124019719540725,0.05150587057789416,220.61938393738174,,3.7310916511275733,0.0021260538825723517,,0.001
119,0.06093849339767506,0.05103670668445135,132.02382097746195,,2.5977489392850295,0.05121648804394717,227.8839283014152,,3.710128744486497,0.002196060481605627,,0.001
120,0.06057993322610855,0.05065957692108656,132.2714165135434,,2.564946375979711,0.05056960233691341,227.80550432380596,,3.6632682636584475,0.0021953047293271676,,0.001
121,0.06087921363742728,0.050577190949728616,137.36030096756784,,2.564006923790521,0.05055156767661629,219.17566919748677,,3.661961830630318,0.002112141164327468,,0.001
122,0.05997109766069211,0.05032985226104134,128.549939205772,,2.5500652089596474,0.050276733647492355,217.30538880966068,,3.642052819482564,0.002094117739508345,,0.001
123,0.05944994170414774,0.04990816214366963,127.22372356214021,,2.526992693933172,0.049821692449172644,217.91193971862398,,3.6090895786534993,0.0020999629190749116,,0.001
124,0.059022657573223114,0.04963508130688416,125.16767321134868,,2.533412768619567,0.049948492839685055,214.54617104784893,,3.6182750146648193,0.002067527847311803,,0.001
125,0.058580137397113596,0.04924847813029038,124.42212154990749,,2.5120530619543326,0.04952779264428268,205.27449713863498,,3.5877994403451954,0.0019781790423209237,,0.001
126,0.057671855154790376,0.04862746792404275,120.59182217246608,,2.4903451373066403,0.04909907087412586,216.25194784305313,,3.5567427821557254,0.0020839659921090665,,0.001
127,0.05814471978105997,0.048986666100589854,122.10737328780324,,2.4875297702545076,0.04904423457648979,204.24122104328117,,3.5527704339555477,0.001968221618747845,,0.001
128,0.05746824176687943,0.048470351648958104,119.97186399760999,,2.4649927626391186,0.04859961433022642,207.29703115874156,,3.5205620881855895,0.0019976696973546754,,0.001
129,0.05710199553715555,0.04820222309545467,118.6636280260588,,2.454750233776793,0.048397855128963684,203.24802690311245,,3.505946626629006,0.001958650454962649,,0.001
130,0.05692658749850173,0.04805420593995797,118.29841172067742,,2.447349603689145,0.04825190057416407,203.40234776076034,,3.4953736605817025,0.001960137606511659,,0.001
131,0.056450350896308295,0.04768316173239758,116.89584952906559,,2.432192004804374,0.04795306322381207,201.9742781171411,,3.4737258458678983,0.001946375656150751,,0.001
132,0.05600305744691899,0.04733842552492493,115.52842069927014,,2.421160371039865,0.04773586626771146,195.75099663450487,,3.4579920714366565,0.0018864034473522044,,0.001
133,0.0554547060869242,0.04683881154970119,114.87858862625926,,2.4167562058640844,0.047648739195246856,200.55274578837398,,3.451680575504009,0.0019326767042597635,,0.001
134,0.055256797687003485,0.04680892040855006,112.63836308529503,,2.407005519848076,0.04745669714430239,196.19407440073294,,3.4377690255213578,0.001890673277085017,,0.001
135,0.05484553799033165,0.04631717757959115,113.71147075452302,,2.403176047491354,0.04738129910853051,194.05565829513586,,3.432307182461072,0.0018700658953458389,,0.001
136,0.05491913541367179,0.04663652475727232,110.4348080283717,,2.359252687400249,0.04651466666547024,201.6353408778587,,3.3695282208277884,0.0019431094026572265,,0.001
137,0.05449969086207842,0.04597991881401915,113.59695795962685,,2.345616693651762,0.04624600603232885,197.23308072278343,,3.3500664112504794,0.0019006859214211087,,0.001
138,0.054686078311581364,0.04628172595249979,112.05802355314556,,2.3587661711968475,0.04650540281398619,195.83669921680834,,3.368857146277614,0.0018872293417255858,,0.001
139,0.053647980093955994,0.045412186925348486,109.81057458174855,,2.318026729601343,0.04570254403884848,186.1483914035608,,3.3106979570562496,0.001793865539895021,,0.001
140,0.05340516312341941,0.045366451732422174,107.18281314247533,,2.3351006066894806,0.04603906965303734,189.36767677028772,,3.335075914275549,0.0018248889886549938,,0.001
141,0.0538172647356987,0.04557405392590322,109.90947121068051,,2.3236460775790753,0.0458131164278291,190.44917739244707,,3.3187078346244174,0.0018353111399442882,,0.001
142,0.053257301253707784,0.04512836823337957,108.38576547723068,,2.318114346702483,0.04570446008612117,182.84783533257297,,3.3108367557582636,0.0017620589056630846,,0.001
143,0.0527196512802651,0.044959870020025654,103.46374913265831,,2.294643120624346,0.04524137057791364,186.7069850746805,,3.2772904943629757,0.0017992485675423172,,0.001
144,0.053090290999726245,0.04479978645318433,110.54005271510074,,2.295533925269067,0.04525938516778801,178.86175998559185,,3.2785954734871927,0.0017236460934412878,,0.001
145,0.05258334035936155,0.044421950649274025,108.81852119847348,,2.2721000046047775,0.04479724826212135,178.9162943060989,,3.2451182187380834,0.0017241716270629409,,0.001
146,0.05210876876586362,0.044369849915567194,103.18558502197266,,2.2770305699142876,0.04489376219360761,191.55143030448966,,3.252109699902183,0.0018459332758663518,,0.001
147,0.05258364740170931,0.044268234976028144,110.87216507761102,,2.253006535379025,0.04442066865402752,179.6642045452339,,3.217838745233818,0.0017313790511765896,,0.001
148,0.05184487586742953,0.043944161973501504,105.34284651906867,,2.24686701661874,0.04429937108131986,183.55524131865158,,3.2090519340265957,0.001768876000409774,,0.001
149,0.051410639560536334,0.043727266945337,102.44497078343441,,2.229522408983766,0.04395696497695893,189.83357661234265,,3.184247993370082,0.001829378749030591,,0.001
150,0.05441255063602799,0.04391607485319439,139.95300333123458,,2.257665375751173,0.04451097516010243,207.18739183385895,,3.2243805597314306,0.0019966131305735103,,0.001
151,0.052300038110268746,0.043443527072668076,118.08680363705284,,2.2119776898294052,0.04361155326216628,179.6116173851619,,3.1592263259212134,0.0017308722818535627,,0.001
152,0.050689144942321275,0.04299299497353403,102.61532914011102,,2.221267276830994,0.04379452049631475,183.6477676423457,,3.172480495049931,0.0017697676534740663,,0.001
153,0.050855406412952824,0.04272458761146194,108.41091678017064,,2.192021658003144,0.04321807019471032,178.48458156629306,,3.130722363724813,0.0017200113192502753,,0.001
154,0.05055254854654011,0.042933303274606406,101.58992927952816,,2.1876853429728578,0.04313314543580165,168.12736089372507,,3.124570403659232,0.0016202013713183124,,0.001
155,0.0495709665119648,0.04234096898060096,96.39995534796464,,2.1849538380149087,0.043079442387843586,165.24736479393164,,3.1206801482062465,0.0015924475684543856,,0.001
156,0.04957563979061026,0.04235663813980002,96.25335010729339,,2.173249251457204,0.04284810717622688,174.23360033468552,,3.103922196792347,0.0016790456752034829,,0.001
157,0.04908223018834466,0.04161723703145981,99.53323163484272,,2.159875361055548,0.042584645765470525,169.29890856167847,,3.0848370195292873,0.0016314912834902088,,0.001
158,0.04914393570078047,0.041898440373571294,96.60659749884354,,2.1464800381016174,0.042320221243291954,173.84354846991133,,3.0656820743553816,0.001675286842834777,,0.001
159,0.04941218483604883,0.041768334805965424,101.91799605520148,,2.1623740602147588,0.042633241355620626,181.23576673383872,,3.0883572901053657,0.0017465238033427704,,0.001
160,0.04908360011483494,0.04165139461034223,99.09607495759663,,2.1453692324081888,0.04229867480416008,167.53886847567614,,3.06412124763302,0.0016145302169168821,,0.001
161,0.04861066470804967,0.04150460405569328,94.74747667814556,,2.1218325076775106,0.04183449453065689,167.8739978135349,,3.030495971064466,0.0016177597746157685,,0.001
162,0.0483927867914501,0.041319192240112705,94.31458884791324,,2.1086016941788075,0.04157400266030802,160.3440985781545,,3.011625907676732,0.001545196016984649,,0.001
163,0.04804245343333796,0.040986347747476476,94.08140483655427,,2.12519380042458,0.041900756422888395,168.31638917241304,,3.035295990753852,0.0016220229896124446,,0.001
164,0.048014609633307705,0.04098806059674213,93.68732010690789,,2.10869374396894,0.04157579513119471,160.74430985663588,,3.0117557544900206,0.0015490527530849822,,0.001
165,0.04767746929275362,0.040896427670591755,90.41389103939659,,2.0961493388391563,0.04132851088558991,158.98225654187172,,2.9938424530764256,0.0015320722855290709,,0.001
166,0.047115608069457506,0.0403986849675053,89.55896759033203,,2.090673105941876,0.04122054115795499,158.53446485498742,,2.986021112618857,0.001527757028920639,,0.001
167,0.046521021935500596,0.04012413264105195,85.29185405530427,,2.0764148763536197,0.0409397492641684,151.68227019301938,,2.9656805130161956,0.001461724140943064,,0.001
168,0.04698114822569646,0.04052587873057315,86.0702566849558,,2.050563716445241,0.04042984160073105,153.50935480117988,,2.9287427386508478,0.0014793312988257564,,0.001
169,0.04633335004511632,0.040033962381513494,83.99183534321033,,2.050039081986266,0.040419503242052957,153.37235502187485,,2.927993826666303,0.0014780110661811686,,0.001
170,0.046587421901916205,0.040141399753721135,85.94696406314247,,2.0486769161401184,0.040391713354889516,169.6316967562281,,2.925980723794379,0.0016346982801759456,,0.001
171,0.04617723881414062,0.039501439976064784,89.0106405960886,,2.0443902178969386,0.040308142526241715,152.68912114204903,,2.9199268426047764,0.0014714269119831813,,0.001
172,0.04615895528542368,0.039705944688696614,86.04013262296978,,2.0903579907526404,0.041214403690525286,157.18686044603683,,2.9855765137172345,0.0015147705019224753,,0.001
173,0.04611118706433397,0.039651184489852505,86.13336743806538,,2.0568575385831798,0.040554095046671214,151.14604648006448,,2.937743673681546,0.0014565566869936019,,0.001
174,0.045548694698434124,0.03932868336376391,82.93348452919408,,2.0233589452214846,0.03989339903928803,152.5424808510161,,2.889882772983777,0.001470013776135696,,0.001
175,0.04534511679881498,0.03882538762531782,86.92971721448396,,2.039385984257581,0.04020904227372773,159.9358818341657,,2.9127480080247383,0.0015412621342133384,,0.001
176,0.04536548276480876,0.03901141352559391,84.72091955887645,,2.0192004830333277,0.03981122542967058,155.44952612532833,,2.8839301065139815,0.0014980282451363858,,0.001
177,0.045640103126827036,0.03910688673587222,87.10955007452714,,2.003611587609285,0.03950393462346413,153.10898909325604,,2.8616699224098956,0.0014754730745274696,,0.001
178,0.045793547246016954,0.038968588568662345,90.99944706967003,,2.0119941100467518,0.03966891761298492,158.83383915331672,,2.873621310627829,0.0015306420242367624,,0.001
179,0.04667593519154348,0.039018591179659494,102.09791243703742,,2.0198006873177223,0.039822147888980364,171.48095751515035,,2.884721330820711,0.0016525191440829505,,0.001
180,0.046855820440932325,0.03914957728825117,102.74990523488898,,2.030268613916248,0.04002820719146435,178.0715621097245,,2.899648292242952,0.0017160311539377625,,0.001
181,0.04795711507138453,0.03890782986816607,120.6571273803711,,2.013129041428919,0.039690778406029706,167.9698343751966,,2.8752049091866203,0.0016186833276163111,,0.001
182,0.04565991010320814,0.03837424810779722,97.14215770520661,,1.9713508540403821,0.03886781375140814,151.6350566296303,,2.8155892475624196,0.0014612691556287096,,0.001
183,0.04444292579826556,0.03817544250111831,83.56644118459602,,1.9621148683218685,0.038686070794530174,144.66587228127486,,2.8024237652309814,0.001394108867272592,,0.001
184,0.043718644074703515,0.03790889033361485,77.46337850470292,,1.962582476442866,0.03869547237842928,141.5084415310265,,2.8031048171343813,0.0013636814959976178,,0.001
185,0.043610394393142904,0.03766561181921708,79.26376784475227,,1.9720951878532689,0.038882977028012286,143.13740168813328,,2.816687677199793,0.0013793793780457132,,0.001
186,0.04379051315941309,0.03794361013723047,77.95869927657277,,1.9424535767944722,0.03829847209622934,142.27810612060475,,2.77434606746581,0.0013710985613512936,,0.001
187,0.04329828996407358,0.03756759786292126,76.40922646773488,,1.9363265962445837,0.03817773545691407,140.6674096008598,,2.7655998903430854,0.0013555766814133936,,0.001
188,0.04356509584345316,0.037416520479478334,81.9810024060701,,1.9331373851598037,0.03811464106654988,144.19029093551902,,2.761029324881721,0.001389525808664695,,0.001
189,0.04308967939332912,0.03719795946227877,78.55626317074424,,1.9166915895170413,0.03778992395376588,151.1040658940377,,2.7375067769683845,0.0014561521305746599,,0.001
190,0.04275209044939593,0.037006561889460214,76.60703839753803,,1.9169611715036317,0.037795940877926947,138.8161315311197,,2.7379426437006797,0.0013377363771860501,,0.001
191,0.0428368457053837,0.037085169632183876,76.68900901392887,,1.9230789307375784,0.0379165008994478,140.33503863763852,,2.746676026608477,0.0013523737054817254,,0.001
192,0.042930235792147484,0.037148954640877876,77.08374384829872,,1.9415791566735572,0.03828066544340079,152.14352610400638,,2.7730561513269754,0.001466169148915218,,0.001
193,0.04258486275610171,0.036675924925427685,78.7858348645662,,1.914806706751364,0.03775280578044717,150.17318108195823,,2.734817931890713,0.0014471814262166471,,0.001
194,0.042978422618226,0.03686420913589628,81.52284240722656,,1.8921851758830133,0.03730753010529767,135.48867166202317,,2.7025621067709733,0.0013056704777734932,,0.001
195,0.04216633011635981,0.036462118358988514,76.05615194220292,,1.8881117450431688,0.037227294665081435,133.81273557300986,,2.6967498415329243,0.0012895199004062695,,0.001
196,0.042490059607907346,0.03646255735504,80.36669339631733,,1.8869294415876146,0.03720363290175516,139.8795432509716,,2.695035780463631,0.0013479842102432115,,0.001
197,0.04361881158853832,0.03631379553361943,97.40020952726665,,1.931547281314687,0.03808033173322938,195.95629240696445,,2.758543952521802,0.0018883818314194777,,0.001
198,0.04631613881180161,0.03699281105869695,124.3110267237613,,1.92132329016697,0.037880918561955995,157.17048162332716,,2.744098437668543,0.001514612663300173,,0.001
199,0.044204490945527426,0.0366251051033798,101.0584736874229,,1.8811443676333772,0.037090066145986644,130.7751442529724,,2.6868089905940624,0.0012602473917790735,,0.001
200,0.04230792232249912,0.03602902022631545,83.71868976793792,,1.8554817196379438,0.036583899239894586,132.19589021483452,,2.650142197154642,0.0012739387656486663,,0.001
201,0.042181782816585744,0.03595235385000706,83.05905030903064,,1.87670998163169,0.03700209773268848,139.8805427721924,,2.680436547827109,0.001347993842379492,,0.001
202,0.042576760837906284,0.0360292108043244,87.30065978200813,,1.8874541619712537,0.03721348784596561,148.52527161281643,,2.695749673844199,0.001431300934382842,,0.001
203,0.0416829929147896,0.035747606699403967,79.13847913240132,,1.8475636542932532,0.036427332828854075,139.50050204434703,,2.638800506925432,0.0013443314848361465,,0.001
204,0.04129850393847415,0.035549770746576156,76.64976842779862,,1.846742159496156,0.03641186313406825,126.68284374540067,,2.637679880316984,0.0012208109142243853,,0.001
205,0.041064462771541195,0.03517532044727551,78.52189495688991,,1.8505557847214371,0.036486117096488385,143.40661926451563,,2.6430588465618103,0.0013819737605669103,,0.001
206,0.04167233642778898,0.0352425149788982,85.73094699257298,,1.8332856333963716,0.03614482103234696,155.9693325265334,,2.6183353173564363,0.001503037489554282,,0.001
207,0.041776321044093685,0.03505257115160164,89.64999791195518,,1.8268619501418233,0.0360188416633742,143.6863264839862,,2.6092093562472516,0.001384669229157774,,0.001
208,0.04157191064012678,0.03521322811904706,84.7824293437757,,1.834517801531848,0.036169882313799154,142.60331216841146,,2.6201507596923044,0.001374232490783223,,0.001
209,0.040806346229816735,0.03487741770712953,79.05237097489207,,1.8352106696166834,0.0361839967213837,134.70074485341175,,2.6211732091278432,0.0012980774239777005,,0.001
210,0.04042092122529682,0.03476936997551667,75.35401555111534,,1.8472144037594156,0.0364206062292991,136.67882474054932,,2.638313231219606,0.0013171396856386285,,0.001
211,0.040343377150987327,0.034842614574651966,73.34350023771587,,1.8139106210105185,0.03576429091443574,128.6232746828502,,2.5907696684311565,0.0012395103623635342,,0.001
212,0.04021892696619034,0.03457524088260375,75.2491435000771,,1.800612676349772,0.03550214524777038,126.88014133361216,,2.571779803833194,0.0012227122217883582,,0.001
213,0.03992689244057003,0.03451687479881864,72.13356379458779,,1.8049478888238406,0.03558723523565476,133.95790184742296,,2.5779437331062622,0.0012909188315238641,,0.001
214,0.040493900250447426,0.03463897844286341,78.06562564247533,,1.7939246885708795,0.03536964592304722,137.53362206742426,,2.5621815363210088,0.001325377153911728,,0.001
215,0.0399485591210817,0.03421053192333171,76.50701823987458,,1.794266107925789,0.035376927823803035,127.90662119101549,,2.5627090381146784,0.0012326041517143073,,0.001
216,0.0393610028059859,0.03424963178603273,68.15161273353978,,1.8006532205771832,0.03550293853498854,126.99018890960326,,2.5718372696576406,0.0012237727227834565,,0.001
217,0.03945339510315343,0.03402602280441083,72.36496292917352,,1.7771083048483962,0.03503824185899622,133.54967944832276,,2.5381745848287425,0.001286984894255658,,0.001
218,0.03966603271271053,0.03403364945399134,75.09843786139237,,1.7707608322719683,0.03491342525315552,127.23313305835173,,2.5291328544250207,0.0012261139148468045,,0.001
219,0.039673253893852234,0.034057299851586946,74.87938228406404,,1.7927407501659496,0.03534708418213524,123.74069815936318,,2.560547161011804,0.0011924581922892015,,0.001
220,0.03886582290655688,0.033788684755563736,67.69517175774826,,1.7536811137679642,0.03457683588202496,123.11159908037938,,2.5047502786449596,0.001186395721641673,,0.001
221,0.03854865227874957,0.0334415621075191,68.09453562686318,,1.74752406972943,0.034455312098017124,124.90838350151343,,2.4959470806631034,0.0012037108841923118,,0.001
222,0.038357900945763836,0.03357949911763793,63.712023684853,,1.7379648902667786,0.0342674482443814,113.50659138730417,,2.4823381998115734,0.0010938346622571728,,0.001
223,0.03920542527186243,0.03364648209198525,74.11924442492034,,1.7663901887171873,0.03482692795362609,132.58383641222596,,2.522866979321885,0.0012776773062268929,,0.001
224,0.03917682719858069,0.03358491902288638,74.5587746469598,,1.7230268016989092,0.03397249060666565,119.9572192399802,,2.4609714319622036,0.0011559977512226637,,0.001
225,0.03812456248622192,0.03314797139089359,66.35454780177066,,1.7405341417163815,0.03431788738104064,117.51185933291433,,2.4859920171253638,0.0011324324287568018,,0.001
226,0.037926876819447466,0.0331037862128333,64.3078727722168,,1.7302977597605458,0.034115788743947224,121.54270484530673,,2.471351966795118,0.0011712766798771094,,0.001
227,0.0382873576722647,0.03320375016253246,67.78143330624229,,1.7378568633570588,0.034264952403577756,119.91691370614303,,2.4821574007942857,0.0011556093368631712,,0.001
228,0.04352140250174623,0.0338991541219385,128.29664411042867,,1.8315099173083285,0.03610830044018155,182.31751979725868,,2.6156897611316072,0.0017569483873454224,,0.001
229,0.04098927190429286,0.03371194475575497,97.03102553518195,,1.8071968031665473,0.03563166974875855,132.47925519161072,,2.5811625747451536,0.0012766694831328157,,0.001
230,0.04043492714041158,0.033774943630162035,88.7997747722425,,1.7732173835506073,0.034960050023636675,159.15896169114674,,2.532510358579909,0.0015337751489039107,,0.001
231,0.04032758427293677,0.033114051250250714,96.18043558221115,,1.7253085786513824,0.03401675371049306,132.85217556534852,,2.4641778566918595,0.0012802632236026041,,0.001
232,0.03921108143894296,0.03287942589897858,84.42206653795745,,1.720776506383433,0.033928210513677566,118.24968755054408,,2.457763776535641,0.0011395426949481371,,0.001
233,0.03912615874095967,0.03299422062149173,81.7591771577534,,1.722521523381983,0.033959959195253686,164.9812430815901,,2.4600636549656896,0.0015898830200014667,,0.001
234,0.040005637234763095,0.032685759918470135,97.59835373727898,,1.7176497241610105,0.033863906954596706,164.57520552446618,,2.453105618742511,0.0015859701375095163,,0.001
235,0.04015587231046275,0.03265598955515184,99.99843115555613,,1.7389424866825056,0.03428339213280996,172.0022234493369,,2.4834931770662987,0.0016575424536555334,,0.001
236,0.039295439461344166,0.03267193389566321,88.31340749640214,,1.6925448302130435,0.03337111895216401,124.25831221282714,,2.417407994743091,0.0011974463095996615,,0.001
237,0.03754530298082452,0.032377160987571665,68.90856411582546,,1.68091234836972,0.033142218763459234,115.47554265799799,,2.400826436690862,0.0011128089537221625,,0.001
238,0.036896142716470515,0.03199704216891214,65.32133222881116,,1.6917615964586685,0.03335598134262115,118.850356373046,,2.4163114244308193,0.001145331190317079,,0.001
239,0.03663705054082369,0.0318864363392717,63.341510571931536,,1.71064452856123,0.03372852775937746,116.01954934696327,,2.4432987330544997,0.0011180514102669067,,0.001
240,0.03709013367954053,0.031969674715870304,68.27277876201428,,1.6750480334996631,0.03302675024236407,112.31850321324401,,2.3924618827052213,0.0010823853533604721,,0.001
241,0.03668123032701643,0.03159646856549539,67.79682460584138,,1.6661217848403926,0.03285016582113858,122.00693505819328,,2.379670085336081,0.0011757503504535578,,0.001
242,0.03722321849904562,0.03187776043226844,71.27276671560188,,1.6796417855233357,0.03311714095799844,115.8507346981787,,2.3990097973537625,0.0011164245856738991,,0.001
243,0.036768733082633266,0.03176475208448736,66.71974402979801,,1.6596852079012017,0.032723897493481695,110.33231440300567,,2.370523192023988,0.001063244948033588,,0.001
244,0.03646267911321238,0.031663186848163605,63.993226503071035,,1.662034379704828,0.03277042640041838,106.79721951581858,,2.373893751811828,0.0010291781218280582,,0.001
245,0.036447685800100625,0.031572661117503516,65.0003258554559,,1.6445904794649977,0.03242642514815754,106.70905628502042,,2.348974258443654,0.001028328514799912,,0.001
246,0.03611549656642111,0.03143899613305142,62.353336936549134,,1.637941685888193,0.03229535419950548,105.8662631486801,,2.339479462671171,0.0010202067279118194,,0.001
247,0.03633156477620727,0.03133012383784119,66.68587795056794,,1.6485487851935923,0.03250422216866668,111.33290419259524,,2.35460988425577,0.0010728873818444942,,0.001
248,0.036497276668485845,0.03112232136098962,71.66606561761154,,1.6383350196601851,0.03230245347993134,117.39948870906039,,2.339993735425495,0.001131349541129849,,0.001
249,0.03648035267465993,0.031006504536459322,72.98464243035568,,1.6696816676193467,0.0329208310042808,113.90826385070272,,2.384789079965025,0.0010977054794314846,,0.001
250,0.037201505350439174,0.0311929602175951,80.11393436632659,,1.6736661519318634,0.032998030537704025,138.06705525443098,,2.390381423738551,0.0013305177162598238,,0.001
251,0.03701936669255558,0.03115975180346715,78.12820012945878,,1.6574000327578557,0.03267839700072479,117.96552141225412,,2.3672271306868495,0.001136804256870645,,0.001
252,0.036665039431107674,0.031081381302915122,74.44876520257247,,1.6406545026965171,0.032348304174419,115.49083716315438,,2.343315165419433,0.0011129563430471142,,0.001
253,0.03607689530441636,0.030660375560584822,72.22025660464638,,1.6246157818496734,0.03203231754220851,110.07985872093661,,2.3204250546013765,0.001060812095700029,,0.001
254,0.036788203018276316,0.03109575013973211,75.89936688071803,,1.6232046703550644,0.032003370901114755,129.69826171644428,,2.318328156331309,0.0012498697438272062,,0.001
255,0.03838692811366759,0.031167255616501757,96.26229818243729,,1.6318306383412176,0.03217385917196858,123.06876187998135,,2.330678347811635,0.0011859829102440554,,0.001
256,0.03716286977655009,0.03080851584672928,84.72471377724095,,1.6183433467985884,0.031908597953810895,110.47714887953312,,2.311462792277256,0.001064640681697856,,0.001
257,0.03533816337585449,0.030253413770543903,67.79666097540604,,1.602338152165599,0.03159298912877294,110.03614984761295,,2.288600049857624,0.001060390884208209,,0.001
258,0.03489100197820287,0.03042987528208055,59.481684835333574,,1.5902738636086744,0.03135540914699659,104.13436081428652,,2.2713897265190406,0.0010035168178206975,,0.001
259,0.03468180761525506,0.03030857159511039,58.30980883146587,,1.6054711520702165,0.03165506031125331,105.01682143681138,,2.293096494013011,0.0010120208703624665,,0.001
260,0.03458837527585657,0.03008009650205311,60.11037906847502,,1.5827311366365846,0.03120694780476537,99.10626729026042,,2.260635168479363,0.000955062336768721,,0.001
261,0.03561085952739967,0.03005321167017284,74.10197027106034,,1.575665724428816,0.031067027477339207,109.37248756203148,,2.2504993226112053,0.0010539953365741091,,0.001
262,0.03558032606777392,0.029928735114241902,75.3545480025442,,1.5809591672382857,0.031171554553809773,106.9770545705387,,2.258071276991557,0.0010309111473196843,,0.001
263,0.035011249251271546,0.03005653051169295,66.06291540045487,,1.589634100120793,0.03134272127487347,105.38451705342531,,2.2704706154892103,0.0010155642611532265,,0.001
264,0.034832458747060674,0.029896626739125503,65.81108595195569,,1.5711529005959828,0.03097802675162031,109.45297523056351,,2.244052099004493,0.0010547709761263902,,0.001
265,0.035159197684965636,0.029884441216525278,70.33008193969727,,1.575413086586807,0.031062846526152477,95.3187157395512,,2.2501964539888224,0.0009185626487716145,,0.001
266,0.03585551885005675,0.03009112620432126,76.85856869346217,,1.602552960550761,0.031597125118716665,111.7933978907381,,2.288899661481989,0.0010773250445619037,,0.001
267,0.03494994734462939,0.029812654872473917,68.49723093133224,,1.5679615678354193,0.030914792431219754,114.6963219935122,,2.239471396993944,0.0011052997988621307,,0.001
268,0.03552360538589327,0.029994249049770206,73.72475232576069,,1.5992584407529287,0.03153201048775807,114.32487389495968,,2.2841827495414666,0.0011017202463404637,,0.001
269,0.03476323961819473,0.029743627792126255,66.92815399169922,,1.55362148526506,0.030633122582910358,94.9305111044787,,2.2190671982567887,0.0009148216176940246,,0.001
270,0.033643598423192374,0.029339125477953962,57.392968227988796,,1.5390674015583117,0.030346301629530507,91.49162435375183,,2.198289852829619,0.0008816819252625354,,0.001
271,0.03358253209214462,0.029058487399628286,60.320592177541634,,1.5470400197500045,0.03050310818050903,98.84472371522422,,2.2096489388257146,0.0009525419066811934,,0.001
272,0.034078141478331464,0.029424284927939113,62.05141569438734,,1.5539724575313791,0.030640058618663663,94.67425712162985,,2.219569645546791,0.0009123521620848337,,0.001
273,0.033206390118912646,0.02888891179310648,57.56637191772461,,1.5688807147745505,0.030933660615869968,101.68273504985139,,2.240838210629564,0.0009798911128528552,,0.001
274,0.033835946043071,0.02947449997851723,58.152612384996914,,1.5366531483955042,0.030298952709871232,86.89808580152248,,2.1948598912184765,0.0008374151419028062,,0.001
275,0.03349869551235124,0.029153924729478985,57.93027456183182,,1.568449963850098,0.03092449800902871,113.39738227259463,,2.240174470253867,0.0010927822413039604,,0.001
276,0.033814937170398865,0.028973036788796123,64.55866904007762,,1.5538504504284765,0.030637490698547935,97.51311637710798,,2.219383625095199,0.0009397095394578881,,0.001
277,0.034146309389095554,0.029044013568445257,68.03060370997379,,1.5372277678286839,0.030309767003549544,95.97697314178865,,2.1956432799934507,0.0009249061108953059,,0.001
278,0.033149861191448415,0.028627931777583927,60.29239373458059,,1.515602245009012,0.02988351498790569,92.13798417674344,,2.164765531127137,0.0008879107333875737,,0.001
279,0.033448844952018636,0.028518082966145716,65.74348730789988,,1.5357678234032965,0.03028008073437983,111.67710980526175,,2.193492802973851,0.00107620440533605,,0.001
280,0.03392685283171503,0.0289015927793164,67.00346073351409,,1.523249696111624,0.03003350749000046,106.53366975663896,,2.1756310065771864,0.0010266383586451737,,0.001
281,0.03381350558055075,0.029175337894182456,61.84223355745014,,1.4998163745298825,0.029571716566365026,100.7269596926959,,2.142178814809319,0.0009706805445306982,,0.001
282,0.03383219555804604,0.02891178517357299,65.60547095850895,,1.5196489741639991,0.0299627831755131,101.54330483472707,,2.170507728466268,0.0009785474587055065,,0.001
283,0.03349861071297997,0.028684587266884352,64.18697457564504,,1.50714604737607,0.029716240530436408,101.12098322200045,,2.152648148686884,0.0009744776508381865,,0.001
284,0.03525947416691404,0.028885913326552038,84.98080625032124,,1.5615087299976451,0.030787893342549905,108.46052852076556,,2.2302788112758614,0.0010452070151409359,,0.001
285,0.03451098276204184,0.028634083702376013,78.35864659359581,,1.5053357942911736,0.02968041261117185,103.37352507170584,,2.1500527697728797,0.0009961848338597024,,0.001
286,0.03312896378338337,0.028237049614912586,65.22551385979904,,1.496426468255276,0.029505704089707367,86.01249755046301,,2.1373968628150286,0.0008288809491862685,,0.001
287,0.03203394940417064,0.028074658818935092,52.7905397917095,,1.501625109647837,0.029607316571487702,101.94693121951337,,2.1447576835946247,0.0009824371053320565,,0.001
288,0.032322237072022336,0.028008685692360525,57.51401298924496,,1.502755307505216,0.029629399781288025,105.54445732610459,,2.1463573940507654,0.0010171055656009171,,0.001
289,0.03297037297957822,0.028467684984207153,60.03584068699887,,1.5094845645050745,0.02976244027044086,99.67398880115618,,2.1559948635813377,0.000960533327127403,,0.001
290,0.03200272784421319,0.02775982649702775,56.5720090364155,,1.483068054959092,0.02924218784952178,87.39300562290397,,2.1183077137013164,0.0008421845605687054,,0.001
291,0.03232304938137531,0.027991712387455136,57.75115705791273,,1.508242516124655,0.029738121302058627,96.60240666341777,,2.154233194496301,0.0009309332574824249,,0.001
292,0.03212524078002101,0.028076488622709325,53.983359688206725,,1.4833127999514908,0.029247253629556647,83.196908700702,,2.118674679435173,0.0008017478228991384,,0.001
293,0.03381427504906529,0.02803545484417363,77.05092781468441,,1.512322647578382,0.02981600971976359,141.76244720055482,,2.1598754411326144,0.0013661292851730664,,0.001
294,0.03567544684598321,0.028497131149235525,95.71087084318462,,1.4951809797329556,0.029479700056864712,111.30672051255017,,2.135513127451539,0.0010726350562617357,,0.001
295,0.034577304693429095,0.028073108804069068,86.72260565506785,,1.4918764420500905,0.029414046316885642,119.82890973772321,,2.1307571623867267,0.0011547612646067738,,0.001
296,0.033343368945153135,0.027951436313359362,71.89243156031559,,1.4732381612203487,0.029047772279434194,97.26765678383767,,2.104224225697634,0.0009373441066841519,,0.001
297,0.03214678031049276,0.027584257192517583,60.833635430586966,,1.4621449740230066,0.028829862905172008,82.24885452593614,,2.0884388436064314,0.0007926116616825792,,0.001
298,0.03241163874535184,0.027537098644595397,64.99386415983501,,1.4752109555530752,0.029086975672424215,92.03258566510809,,2.1070641243468513,0.0008868950342641308,,0.001
299,0.032575857678526325,0.027534671127796173,67.21582051327354,,1.4811081924355765,0.02920231353800782,108.86896127089673,,2.115419213631034,0.0010491429795094728,,0.001
300,0.034609935785594736,0.02792722310282682,89.10283440037777,,1.5053586597356494,0.029679018129724337,135.7416053329788,,2.1499517533639136,0.0013081079363665292,,0.001
301,0.03425104357302189,0.0277401190251112,86.81232191386975,,1.4758467570540794,0.02909821092798004,114.89063290775101,,2.1078780076524297,0.0011071723245952316,,0.001
302,0.03366914479748199,0.027734902932455664,79.12322797273335,,1.4484637590134875,0.028559519083362555,91.72748969101103,,2.0688551036333016,0.00088395490058816,,0.001
303,0.031265849051506894,0.026942679952634007,57.642250663355775,,1.4457503047751332,0.02850514506799514,106.85985681306464,,2.0649162432179855,0.001029781741812065,,0.001
304,0.03171266125221001,0.027168123639727895,60.593835730301706,,1.4630303215536626,0.028846539411805285,95.98577627228842,,2.089646891814748,0.0009249909444645229,,0.001
305,0.0321488316710058,0.02731326094975597,64.47427689401727,,1.4362802743217464,0.0283193855189681,89.38539109882795,,2.0514597984532315,0.0008613846816146024,,0.001
306,0.031227741096364826,0.026761316939404135,59.552315962942025,,1.4350461092285722,0.028294884213569068,92.23878305922304,,2.049684920852089,0.0008888821070340323,,0.001
307,0.031393143789548626,0.027059154781071765,57.78652251394171,,1.4571532704121166,0.028731173018993684,86.63197233520714,,2.081289736014632,0.0008348506729147816,,0.001
308,0.03100710273965409,0.02704673740816744,52.80486478303608,,1.4369093769051904,0.028331565282826324,93.35978093475788,,2.0523421020573496,0.0008996848834859539,,0.001
309,0.031224352650736507,0.026799407934671955,58.99925974795693,,1.412581113311817,0.027851659446830292,95.72682802477347,,2.0175776637919243,0.0009224955248998905,,0.001
310,0.03211250489479617,0.027012063386408908,68.00588567633378,,1.446180867855764,0.0285123079083397,130.1557984390509,,2.0654351202607013,0.0012542789109101554,,0.001
311,0.03206537428655123,0.026901561472761005,68.85083268818103,,1.4297164790690875,0.028188584069274672,113.21638888632022,,2.041984525218728,0.0010910380532605478,,0.001
312,0.031551250305614974,0.026838305161187525,62.83927013999537,,1.455750023698358,0.028702797602781754,98.95160077985564,,2.079234217345833,0.0009535718542504517,,0.001
313,0.030906063357466144,0.02660025107233148,57.41082663285105,,1.4258499666886115,0.028113666205979066,89.84375641660978,,2.0365574659121615,0.0008658018336622355,,0.001
314,0.032344298045101916,0.026937212206815418,72.09447479248047,,1.4285035289710413,0.028165901355865355,91.51021315546868,,2.040341386646816,0.0008818610609003799,,0.001
315,0.03478558518384632,0.027550744284924707,96.46454118427478,,1.4443952434741876,0.028478517406964967,105.19139868355802,,2.0629873321512657,0.001013703227672284,,0.001
316,0.03181466460227966,0.02670546993613243,68.12259372911956,,1.4255488128423466,0.02810812976612392,82.78343240806366,,2.0361564055225645,0.000797763255171559,,0.001
317,0.031748574619230474,0.026662784383485193,67.81053482858758,,1.435497008242372,0.028302445528133095,115.5797149084804,,2.050232663416671,0.0011138128356732485,,0.001
318,0.031381457455848395,0.02631969847961476,67.49011150159333,,1.4029076736975001,0.02766136123838322,87.50083800620286,,2.003792437976012,0.0008432237143052814,,0.001
319,0.031289084079234225,0.026362144045139615,65.6925317864669,,1.4301568309316899,0.02819824805597103,96.02857045106236,,2.042684585613297,0.000925403341273498,,0.001
320,0.030819644759360113,0.02632681692117139,59.9043671457391,,1.43792494170178,0.028351792261094813,89.86393675674725,,2.053807346871161,0.0008659963065582031,,0.001
321,0.030124642150966746,0.026302165498859005,50.96635356702303,,1.4026335951198072,0.027656538851758408,77.2814252796319,,2.0034431036909597,0.0007447417871184018,,0.001
322,0.03140397163990297,0.026332381034367962,67.62120578163548,,1.4173117136661446,0.02794502360889032,94.44088998292642,,2.024340975268232,0.0009101032612745312,,0.001
323,0.03100933311016936,0.026447532404410213,60.824005126953125,,1.4107352876940793,0.027816125318498378,80.52185631537843,,2.01500356712951,0.0007759690114075977,,0.001
324,0.02955073833857712,0.02591352096121562,48.496231480648646,,1.3796677441490857,0.027203676834197343,76.56040854775914,,1.9706377229862586,0.0007377935290150576,,0.001
325,0.029437284524503508,0.025929832831025124,46.766020925421465,,1.382176147191245,0.027253125099929477,76.89803671294077,,1.9742197614872268,0.0007410471672885373,,0.001
326,0.030929703167394587,0.02628585843271331,61.91792618600946,,1.4372409558298394,0.02833707918021252,111.33947206901644,,2.052741529467701,0.0010729506748286208,,0.001
327,0.031191081690945123,0.02634692064633495,64.58881177400288,,1.3856623025447206,0.027321512426746592,83.25040279774865,,1.9791737479215379,0.0008022633321471971,,0.001
328,0.030085983637132142,0.025991433937298625,54.5939931367573,,1.3899394510828125,0.02740591181824892,82.35690248836188,,1.9852876503070602,0.0007936528929013396,,0.001
329,0.029946280839411837,0.02597260563389251,52.98233373541581,,1.3970168716229556,0.027545565360597286,80.92370608957687,,1.9954041702311018,0.0007798415372817879,,0.001
330,0.029739092055119966,0.025802772884306154,52.4842539335552,,1.3794856554529515,0.027199880949295898,80.15545347118747,,1.9703627486133275,0.0007724380787416863,,0.001
331,0.029271269119099566,0.025639711438040984,48.42076813547235,,1.3765236167459438,0.027141615091044857,77.56519243069891,,1.9661419626169532,0.0007474763802557109,,0.001
332,0.029151297419479017,0.025515972195487274,48.47100087216026,,1.3944882872818558,0.02749564236496431,81.93208704355969,,1.9917877422372525,0.0007895590525973763,,0.001
333,0.028769030480792646,0.025425843992515615,44.57581630506014,,1.3686210541770232,0.026985818755541943,76.72519082754765,,1.9548560567551723,0.0007393814946755134,,0.001
334,0.02944773729694517,0.025344676779288994,54.70747234946803,,1.3738863891577535,0.027089112481313998,86.24007510200316,,1.9623386670579943,0.0008310740571915722,,0.001
335,0.030803549838693517,0.025776488706469536,67.02747887059262,,1.4104340734730512,0.02780914816011763,98.71060628613203,,2.0144981409112765,0.0009512494505254688,,0.001
336,0.03145859586565118,0.02580593585183746,75.36879469219006,,1.3637541979777092,0.026888862878857462,93.8785569255164,,1.947832561026115,0.0009046841980958185,,0.001
337,0.030110353898060948,0.0254731855698322,61.82890902067486,,1.3694279867034174,0.02700107655467493,88.22240136648365,,1.955961333616255,0.000850177240130022,,0.001
338,0.030051250696966524,0.02572141185795006,57.731184106124076,,1.387979769480935,0.027367454562130664,79.04052835630013,,1.9825018019053502,0.0007616938239668817,,0.001
339,0.029892055317759514,0.025452665200358944,59.19187023765162,,1.354816509193787,0.026713489034396538,78.3765614569596,,1.9351284579879044,0.0007552953408460917,,0.001
340,0.029467781221396046,0.02531740892874567,55.3382951836837,,1.3859407651547673,0.02732699614405952,83.38661627537664,,1.9795709890836395,0.0008035759873989762,,0.001
341,0.029587497052393462,0.0252443431435447,57.908716101395456,,1.348878912928978,0.026596297737822426,80.08881699838628,,1.9266391059329535,0.0007717959197020251,,0.001
342,0.029081208925498158,0.025150635622833904,52.40764015599301,,1.3570603913656032,0.026757878561814625,75.94633783783587,,1.9383440408581454,0.0007318758830054174,,0.001
343,0.028488499945715853,0.0250821080254881,45.418557016473066,,1.3427326116496976,0.02647510261337555,79.83686846361351,,1.9178597160904451,0.0007693679546202528,,0.001
344,0.028928912489822035,0.024915115515652456,53.517290014969674,,1.3517985569156592,0.026653442635890777,87.67627649926348,,1.9307786894347003,0.0008449143712306495,,0.001
345,0.029714876001602726,0.02526502409263661,59.331356048583984,,1.3524615806133091,0.026666200257491873,93.24838809453182,,1.9317028531253637,0.0008986114185155295,,0.001
346,0.029238361081010418,0.02500782534480095,56.407140229877676,,1.3468640931153446,0.026556801393469612,75.92567214336295,,1.9237779858506907,0.0007316767328709818,,0.001
347,0.02928328906234942,0.024989311436289234,57.25303107813785,,1.365806481280504,0.0269297996128704,85.73606133510773,,1.9507980231139581,0.0008262170024448231,,0.001
348,0.02887339939020182,0.02492493106738517,52.646240234375,,1.3391893898550882,0.026405408044084307,76.67414050316026,,1.912811032849217,0.0007388895354540101,,0.001
349,0.029059617338996185,0.024828670350344556,56.412625764545645,,1.3382616237754912,0.026386672858852836,84.37359620050782,,1.911453853707982,0.0008130872663464402,,0.001
350,0.03095039146903314,0.02533586607559731,74.8603371068051,,1.36730847397873,0.026959595916057063,82.65036341432715,,1.9529564710113894,0.0007964809025254115,,0.001
351,0.028936405323053662,0.0249116662889719,53.66318632427015,,1.3823898359784272,0.02725693340061353,84.01563175791881,,1.9744956352609895,0.0008096376524484828,,0.001
352,0.028249405912662808,0.024729935746443898,46.92626531500565,,1.3425681864086503,0.026472453930121622,69.41994705222949,,1.9176678451471074,0.000668982685584192,,0.001
353,0.027985423411193647,0.024691770735539888,43.91536531950298,,1.3238018533246516,0.026102303743854242,70.55265566155289,,1.8908541197571658,0.0006798983154517773,,0.001
354,0.02777575172091785,0.024485109766062937,43.87522265785619,,1.3286505334384697,0.026197642856029858,75.46999061812771,,1.8977604968647304,0.0007272854438615908,,0.001
355,0.028804032916301174,0.024678401550964305,55.008414017526725,,1.323279250809149,0.026091504303933092,79.20578767082684,,1.8900718069902023,0.0007632863866919254,,0.001
356,0.02916994700698476,0.024641671365028935,60.37700632998818,,1.321430255541177,0.026054873862552386,82.13358414965958,,1.8874182932745962,0.0007915008298660154,,0.001
357,0.029062109166070035,0.02467762286725797,58.459816581324525,,1.3254592599534625,0.026133579601690087,95.27320075592093,,1.893119746776841,0.0009181240322460157,,0.001
358,0.028417617082595825,0.024619797048600095,50.63759934274774,,1.3123142885250494,0.025875714582075642,71.3613940704555,,1.8744399727820251,0.0006876919254399223,,0.001
359,0.02822716553744517,0.024385478935743634,51.222487800999694,,1.323014927251796,0.02608636790522288,77.86833618843647,,1.889699725630747,0.0007503977009103747,,0.001
360,0.027439103510818984,0.024224045735440757,42.867437061510586,,1.3177782429716018,0.02598345036710905,71.66540665535985,,1.8822443664085322,0.0006906216187649213,,0.001
361,0.027550454888688892,0.0242963085245145,43.38861686304996,,1.3123001522700786,0.02587521269447892,75.27471362412693,,1.874403615982287,0.000725403608259193,,0.001
362,0.027556232813941806,0.024166510979595938,45.196290267141244,,1.3126764521673964,0.02588253620375351,76.98301890944259,,1.8749341319022161,0.0007418661194839324,,0.001
363,0.028280205828578847,0.024277594626734133,53.36814498901367,,1.3238872896553067,0.02610297095042027,88.40222851496969,,1.890902452283539,0.0008519101894312456,,0.001
364,0.0279020811186025,0.024176982182421182,49.6679822018272,,1.3057889407328243,0.025746299058142637,84.18239270399977,,1.865065096181454,0.000811244686021641,,0.001
365,0.027740780460207087,0.024038028756254597,49.3700210169742,,1.3026561222702628,0.025685294574523426,70.55476527446804,,1.860645923823834,0.0006799186452643664,,0.001
366,0.027852566618668407,0.0240970348056994,50.07374994378341,,1.3188673544803835,0.026003730713799692,92.673155653677,,1.8837134772374617,0.000893068047201393,,0.001
367,0.027732511688219875,0.024007620878125493,49.66521052310341,,1.299683320054577,0.02562628044844124,77.36591757707893,,1.8563709332129903,0.0007455560182790042,,0.001
368,0.027640978854737784,0.02408933894414651,47.35519690262644,,1.327500328154262,0.026174928604866168,76.02029208243871,,1.8961150736939816,0.0007325885615836298,,0.001
369,0.027234911624538272,0.02385220362951881,45.10276995207134,,1.3046384398823707,0.02572408081943845,75.9304843352322,,1.8634556042147747,0.0007317231067617285,,0.001
370,0.027710724033807452,0.023890280311829167,50.93924753289474,,1.3152620769828525,0.025933696569058088,74.00157502513126,,1.8786401951085037,0.0007131346896667283,,0.001
371,0.027868277344264482,0.02386719851117385,53.347712868138366,,1.303080358166654,0.025692786693644103,85.88665241241834,,1.8611886538619202,0.0008276682110325863,,0.001
372,0.027864016102332818,0.023847267913975213,53.556642030414785,,1.2921646367110502,0.025478099818073953,75.73083063162207,,1.8456367099755424,0.0007297990939023202,,0.001
373,0.027249979541489954,0.02378905446905839,46.145661203484785,,1.3103238255307794,0.025836728088085903,66.68053765073662,,1.871615786323282,0.000642583681607043,,0.001
374,0.027149764722899386,0.023796327902298225,44.71248827482525,,1.306885891980024,0.025768309648298984,77.55371651524803,,1.8666595460615805,0.0007473657897256994,,0.001
375,0.028132431993359013,0.023690172814224895,59.23011739630448,,1.3058160234703462,0.02574760207388069,70.69558543345482,,1.865159486803086,0.0006812756939534485,,0.001
376,0.027723069939958423,0.02380159791362913,52.286291423596836,,1.2812139850985462,0.02526225163482366,73.86187366652837,,1.8300006408168188,0.0007117884225774202,,0.001
377,0.028351405341374248,0.023871980901611477,59.725658215974505,,1.300578722247668,0.025641798790503902,114.89473696984666,,1.8574950838362045,0.0011072118744162721,,0.001
378,0.027867363961903674,0.023602926515434917,56.85916258159437,,1.2961323783937833,0.025556558460361596,72.01382363768124,,1.8513202637513302,0.0006939792261736556,,0.001
379,0.02687369443868336,0.02355892309232762,44.19695141440943,,1.2839370281564764,0.025316015540300253,72.74748432718033,,1.833895304795993,0.0007010493309376276,,0.001
380,0.02781691098291623,0.023713792723260428,54.708241512900905,,1.3117558135218363,0.025863608174845953,90.53028554866134,,1.8735629831411738,0.0008724177433826232,,0.001
381,0.028809681044597375,0.024043523167309008,63.54876949912623,,1.2972341376477867,0.02557729359244729,89.41954501749613,,1.8528223192906685,0.0008617138143956556,,0.001
382,0.028551869878643436,0.023797013061611277,63.39808715017218,,1.2931318282697064,0.02549469975497415,119.12046423052234,,1.8468392114629,0.0011479341522547476,,0.001
383,0.03206905781438476,0.024314208250296742,103.39798937345806,,1.3071929320496596,0.025772659543011747,107.46187351347024,,1.866974652973938,0.0010355832263436054,,0.001
384,0.027596958863892053,0.023267326974555066,57.72842025756836,,1.3051118040196497,0.02573281919315364,86.39664217885108,,1.8640886130902166,0.0008325828549938088,,0.001
385,0.03290612074105363,0.025074124336242676,104.42660542538292,,1.3131787940538684,0.025890276612602275,114.97665817271361,,1.8754948480789917,0.0011080013285807789,,0.001
386,0.030982923742971923,0.024216416536977415,90.22009558426707,,1.3018688224739814,0.02566864059480465,90.33724791582446,,1.8594395074679975,0.0008705574879442709,,0.001
387,0.027619442363318644,0.023441411946949205,55.707069396972656,,1.2627290878918591,0.024897989373013803,69.06951872441365,,1.8036134374046524,0.0006656056953414504,,0.001
388,0.02634805744807971,0.023138030481181647,42.80035641318873,,1.2654309939738877,0.02495151954772565,64.74348789271593,,1.8074911698982472,0.0006239168170492823,,0.001
389,0.02612697352704249,0.02314389849963941,39.7743313438014,,1.270886155832543,0.0250590869865979,64.95892423179802,,1.8152833685079657,0.0006259929232235368,,0.001
390,0.027305170305465396,0.023357132645814044,52.64049479835912,,1.2629168363046728,0.024901403565093457,74.12698597637343,,1.803860761902245,0.0007143432436706737,,0.001
391,0.027424626346481473,0.02325748475758653,55.56188362523129,,1.2797233812664601,0.02523309422021939,69.68096157551427,,1.827888474087515,0.0006714980173321716,,0.001
392,0.02697979570611527,0.02322627113837945,50.04699064555921,,1.266922359273765,0.02498013525719801,78.68920595430927,,1.8095640954406267,0.0007583082177546947,,0.001
393,0.026949910545035413,0.023161472360554495,50.512509396201686,,1.2474828542853238,0.024597027491345205,74.24678674840656,,1.781811721378843,0.0007154977337792514,,0.001
394,0.027336121193672482,0.023414363790499538,52.29009909378855,,1.2805553635658382,0.025248575686759603,85.91975216401454,,1.8290099534433109,0.0008279871850689441,,0.001
395,0.026842090742368447,0.022974424848431034,51.56887596531918,,1.270017565874226,0.02504130578825317,76.39451892798553,,1.813995296295096,0.0007361948921958277,,0.001
396,0.026277855234710795,0.023106324633485394,42.28707263344213,,1.2593687451239217,0.02483163694722869,70.54366642585721,,1.7988068594534168,0.0006798116884332848,,0.001
397,0.026267599706587038,0.02292196521241414,44.60845927188271,,1.2452315585360596,0.024552834732138575,70.66138728872092,,1.778610392422238,0.0006809461349768494,,0.001
398,0.026175920410375846,0.022835256727902514,44.542176698383535,,1.2347318246377765,0.02434617787183297,63.5497613093976,,1.7636401438373048,0.0006124131722112833,,0.001
399,0.026222646628555498,0.022864448102681262,44.775982304623255,,1.2608459933005844,0.024860192681341927,80.65825631687473,,1.8008754403733451,0.0007772834641432938,,0.001
400,0.027046759269739453,0.02289351369989546,55.376604180586966,,1.245581403676963,0.024559556189837448,73.7789253123369,,1.7790972956513709,0.0007109890700122267,,0.001
401,0.02879462675436547,0.023498838081171636,70.61051097669099,,1.3097608707243071,0.025823780670369497,99.05105446256977,,1.870677873778492,0.0009545302645428606,,0.001
402,0.026672489548984327,0.022982678033019368,49.197484468158926,,1.2392541594804611,0.024435251776044938,65.47557534326769,,1.770092668503129,0.0006309717609025832,,0.001
403,0.026351279530086015,0.022887352755979487,46.18568801879883,,1.2450406910695706,0.024549335075033294,66.02408736225435,,1.7783568768275921,0.0006362576341871136,,0.001
404,0.02619100528720178,0.022536811859984147,48.72257935373407,,1.2281632331268066,0.024216520098482523,65.66185436178621,,1.7542477186588967,0.0006327668852633486,,0.001
405,0.025764627382159233,0.022665738569278466,41.31851557681435,,1.2318842354914827,0.02428977762889004,67.82480839320591,,1.759554503245177,0.0006536107328630255,,0.001
406,0.026554764101379795,0.022638750409609394,52.21351161756014,,1.2379804414110758,0.024408322264285645,97.23799483256307,,1.768141891332164,0.0009370582618705796,,0.001
407,0.027205927591574818,0.022883581487756027,57.631277787057975,,1.2708222962617959,0.025056366972497118,90.57860554339504,,1.8150863303492373,0.0008728833910994104,,0.001
408,0.02709300502350456,0.022918577943193286,55.65902328491211,,1.2402768948607263,0.024453299565777555,102.68261792472751,,1.7714000526291935,0.0009895267343032865,,0.001
409,0.027627911614744288,0.022883181117082898,63.26307095979389,,1.2383711630530763,0.024417239737840733,75.97689192237479,,1.7687878742222156,0.0007321703250843638,,0.001
410,0.02776847671913473,0.022925148472974177,64.5777049817537,,1.233217095727762,0.02431509057464485,84.87384293053067,,1.7613881761743313,0.0008179080191000201,,0.001
411,0.02683652162944016,0.0224808232956811,58.075976723118835,,1.249818593000678,0.024642842182100194,78.59244263016902,,1.785130543257922,0.0007573757337756921,,0.001
412,0.026409103388064785,0.022579106551251914,51.066621479235195,,1.2379921860551437,0.024410011947676443,71.66368579873983,,1.7682642922065055,0.00069060503529962,,0.001
413,0.025838471753032582,0.022567207777970714,43.61685080277292,,1.2289621073589017,0.024232074577231356,69.16800649195261,,1.755374487028138,0.0006665547973506444,,0.001
414,0.027058095622219537,0.022791713574214986,56.885092082776524,,1.2377240404768004,0.02440495494183163,67.61166727771602,,1.7678979620760642,0.0006515567451850809,,0.001
415,0.028655361384153366,0.02309985331406719,74.07343834324887,,1.2382313394319817,0.024413710373221126,89.5166246258889,,1.768532206611548,0.0008626493463269777,,0.0005
416,0.02725326191437872,0.022294616620791585,66.11526549489875,,1.205950059007572,0.02377839761658672,66.76136756272756,,1.7225100717454143,0.00064336261927403,,0.0005
417,0.025037142105008427,0.022133202831211844,38.71918587935598,,1.218200169983002,0.02402012473529086,64.19869835384561,,1.7400208141972706,0.0006186668163755936,,0.0005
418,0.024754320418364124,0.021978028118610382,37.01722727323833,,1.2065974910755588,0.02379162434589639,58.712295173472846,,1.7234682176566536,0.0005657957196713279,,0.0005
419,0.02428342029452324,0.021804388514474818,33.053755609612715,,1.2054947056947587,0.02377027492903196,51.72608887683517,,1.7219216632517758,0.0004984713950524464,,0.0005
420,0.02418742485736546,0.02187598977041872,30.819134360865544,,1.2032067946281522,0.023725122825542278,52.30225690111084,,1.718650839276353,0.0005040237823502597,,0.0005
421,0.0239810866156691,0.021897298725027787,27.783837669774105,,1.1977217315035096,0.023616999809562906,51.48875801017405,,1.7108183945921054,0.0004961842967861293,,0.0005
422,0.02372957393527031,0.02169060687485494,27.186226393047132,,1.2058223141873154,0.02377666764939764,52.91800985043347,,1.7223847527077305,0.0005099576396806942,,0.0005
423,0.02390479943469951,0.021764320958601802,28.539709291960065,,1.2011266586220526,0.02368397913108065,54.440607031672315,,1.7156703849479447,0.0005246305283045031,,0.0005
424,0.023817228447449833,0.02177436767440093,27.238141712389496,,1.1997417009987765,0.023656774064127285,52.55867006669925,,1.7136996465245535,0.000506494771963741,,0.0005
425,0.02380713281270705,0.02173561779292006,27.620198902330902,,1.2000113093084364,0.023662056219866362,53.16755374704041,,1.7140822865412526,0.0005123624318652466,,0.0005
426,0.023911657988240843,0.021815066470911627,27.95454938788163,,1.1956603459858155,0.02357618107714773,54.41308706230287,,1.7078614805546357,0.0005243653252353895,,0.0005
427,0.023869140759894724,0.021751399789201587,28.236544860036748,,1.200142665424317,0.0236646430956694,53.23002056270106,,1.714269680145184,0.0005129644089608084,,0.0005
428,0.023702311084458704,0.021638446830605205,27.51818676998741,,1.1928434237504733,0.023520572176376268,55.41575275485233,,1.7038331648875313,0.0005340277640044684,,0.0005
429,0.023837877731574208,0.021552555165008494,30.470965937564248,,1.2000853500422224,0.023662798888466563,65.75182035047783,,1.7141360855467382,0.0006336338650189061,,0.0005
430,0.024120241893749488,0.02168390527367592,32.484487332795794,,1.2009403510908028,0.023680431651454618,52.219378795902514,,1.7154134050839656,0.0005032251067569655,,0.0005
431,0.023743322511252603,0.021691587998678808,27.356460571289062,,1.1951392772536815,0.023566072687280025,51.475851579077,,1.7071292275392305,0.0004960599207342415,,0.0005
432,0.02377969163813089,0.021676035303818553,28.048748919838353,,1.2047841393167111,0.023756051155901393,55.42510367496929,,1.7208912913625223,0.0005341178764853641,,0.0005
433,0.023770322827132123,0.021661606176119102,28.11621977153577,,1.1907396198582092,0.023479252485187122,52.45437922649799,,1.700839961334359,0.0005054897471931635,,0.0005
434,0.023711856846746645,0.021520729421785,29.215028662430612,,1.197479171611352,0.0236118719287647,57.52991370991715,,1.7104469302712524,0.0005544014049179713,,0.0005
435,0.023783621035124127,0.021611466807754415,28.962051592375104,,1.186004220532128,0.023385792164048114,53.76697603766683,,1.6940696840824467,0.000518138914717943,,0.0005
436,0.023585511665595204,0.02146403344446107,28.28637725428531,,1.185684107896478,0.023379577640253314,52.04232004743789,,1.6936195032081822,0.0005015188358350801,,0.0005
437,0.02353027080626864,0.02147881735704447,27.352710221943102,,1.1916887476087226,0.023497974483579775,52.37517929570151,,1.7021961852193548,0.0005047265172477063,,0.0005
438,0.023486989501275514,0.021396444326168614,27.87393519752904,,1.1922684437920852,0.023509342014531823,53.506417224132015,,1.703019650571037,0.0005156279745309676,,0.0005
439,0.02364772175879855,0.021508067846298218,28.528717241789167,,1.1869636429574664,0.02340458780719694,55.95696784009136,,1.6954312428027112,0.0005392433185615682,,0.0005
440,0.023733251581066532,0.021435621929796117,30.63505795127467,,1.18886334777795,0.02344195844846474,57.586528069291084,,1.6981383766899194,0.000554946983354499,,0.0005
441,0.02356000391668395,0.021391508218489196,28.9132752669485,,1.1813152899101347,0.023293273786208966,54.63148315821055,,1.6873676413199723,0.0005264699538466947,,0.0005
442,0.023489575931116155,0.021411040209625896,27.713809967041016,,1.187660641693274,0.023418486866041185,53.26036496441624,,1.6964380923488007,0.0005132568303787705,,0.0005
443,0.023536972603515574,0.021400736154694306,28.48314977947034,,1.1866698570336949,0.023398737890033126,56.94353263180705,,1.6950074740780048,0.0005487505969720258,,0.0005
444,0.02382059699218524,0.021435676632743133,31.798935338070518,,1.1839629340022764,0.02334560996964196,52.47873806898915,,1.691158880937278,0.0005057244872723398,,0.0005
445,0.023651330584758205,0.021375984149543864,30.337950555901777,,1.182384706060232,0.023314226490950676,57.03359982014319,,1.6888854578494903,0.0005496185519632734,,0.0005
446,0.024015467908037335,0.021427113660856298,34.51138938100714,,1.1812909466380939,0.023292556543946442,58.79149930009502,,1.6873156842015409,0.0005665589900509089,,0.0005
447,0.023698368354847555,0.02131220316024203,31.815535997089587,,1.1805951213169141,0.023279088413307097,54.335576737871556,,1.686340051148047,0.0005236183776043353,,0.0005
448,0.02355552200031908,0.021330842944352252,29.662384535136976,,1.1813834921352635,0.023294643242031007,54.202479763620715,,1.6874668448695265,0.0005223357553169622,,0.0005
449,0.023553276238472837,0.02139482549146602,28.779339940924395,,1.1819085590811615,0.023305182597138013,50.963632816656386,,1.6882303170603044,0.0004911237964955851,,0.0005
450,0.023279091343283653,0.021212873588267126,27.549569983231393,,1.1779265769714662,0.023226617056536076,51.62988175064968,,1.6825390195573742,0.0004975442710141712,,0.0005
451,0.023295833778224494,0.02119379745502221,28.027149702373304,,1.181251316217609,0.023292081347782507,53.418272881375614,,1.6872812609325034,0.0005147785495221604,,0.0005
452,0.023376986580459697,0.021206591866518323,28.938594215794613,,1.1724284998094587,0.023118116294861265,52.94044752430994,,1.6746792109281106,0.0005101738659379232,,0.0005
453,0.02332520328069988,0.02123324073066837,27.892833508943255,,1.1697098418063727,0.023064561139335568,51.9101803198713,,1.6707996688212632,0.0005002454382948407,,0.0005
454,0.023312079769216086,0.021227524566807245,27.794070193642064,,1.1758035470135546,0.02318449645200512,56.06613268398577,,1.6794877977424119,0.000540295312887996,,0.0005
455,0.02351919130275124,0.021324533184892254,29.262107447574014,,1.1781170414941486,0.0232302901872152,53.085107258198356,,1.6828051015992191,0.0005115679156510374,,0.0005
456,0.023323581308910723,0.02121490789087195,28.115642246447113,,1.1701833545741642,0.023073933599752842,51.30597644217719,,1.6714786110160278,0.0004944228764822239,,0.0005
457,0.02346087325560419,0.021239984682516047,29.611845618800114,,1.1766218255943388,0.023200916637630322,51.09986055569261,,1.6806772780251207,0.0004924365891809921,,0.0005
458,0.02332765020822224,0.021133533531897945,29.25488923725329,,1.1816130557366453,0.0232990117854159,56.98458096179684,,1.6877833026940052,0.0005491461694724579,,0.0005
459,0.023770412430167198,0.021132939053993476,35.16631146481163,,1.1674671730079884,0.02302022043029325,53.9038414800128,,1.6675876223602162,0.0005194578527908198,,0.0005
460,0.023660737334897642,0.021206890183844064,32.717960357666016,,1.1744748035175685,0.023158195252544256,57.77487233358463,,1.6775825355922525,0.0005567620099728092,,0.0005
461,0.023324745952298765,0.021074972752677768,29.996976450869912,,1.1662584205080464,0.02299646023508687,52.54845401237921,,1.665866430873323,0.0005063963224006787,,0.0005
462,0.02323099990424357,0.02098507640001021,29.94564267208702,,1.1740153736276273,0.023149191884364508,56.77650159120394,,1.67693033048494,0.000547140960565439,,0.0005
463,0.023425622304019175,0.02121495386879695,29.475575296502363,,1.168386827918051,0.0230384014701675,53.11836301001702,,1.668904659143063,0.0005118883930225634,,0.0005
464,0.02370650889842134,0.02103343655012156,35.640961496453535,,1.1847092321796304,0.02335923977988012,71.55729182973654,,1.692146226080957,0.0006895797432022314,,0.0005
465,0.023683516112597364,0.021173642065964247,33.46498639960038,,1.1605297982991012,0.0228835972732792,50.626178898836464,,1.6576906239255447,0.0004878718374003955,,0.0005
466,0.02321175436832403,0.02090284522426756,30.785451788651315,,1.1658424432567296,0.022988018236935095,56.733932693076426,,1.665254891480444,0.0005467307347297685,,0.0005
467,0.023144313085236047,0.020938703398171225,29.408129441110713,,1.1668921594020967,0.023008792743994897,55.44741261314713,,1.6667597993477887,0.0005343328621488293,,0.0005
468,0.023184142222529965,0.021049505981959794,28.461814378437243,,1.1689726365546627,0.02304981966047534,55.47533028414217,,1.6697317942647603,0.0005346018977691455,,0.0005
469,0.023119552845233364,0.0209768687031771,28.569117797048467,,1.1631517443086774,0.022935204418993268,52.37171389409782,,1.6614290519600943,0.0005046931220382614,,0.0005
470,0.02297834689287763,0.02094531010248159,27.10715645237973,,1.1674621187121617,0.023020145013441042,53.47836901987745,,1.667582159154091,0.0005153576809942421,,0.0005
471,0.022995697040306896,0.020942390945396926,27.37741510491622,,1.1634686668624914,0.022941389013437688,53.51788242323781,,1.6618770647485062,0.0005157384617902387,,0.0005
472,0.023010953574588423,0.020940274882473443,27.609047739129316,,1.155080145194371,0.022775862117089908,55.25794310910598,,1.6498862758525832,0.0005325069918762059,,0.0005
473,0.02309251341380571,0.020924790811381842,28.90296825609709,,1.1560559767020604,0.02279526987665334,52.38738728792604,,1.6512921763618214,0.0005048441626186803,,0.0005
474,0.023266421042774852,0.020989948589550823,30.352964903178968,,1.1630379718189932,0.02293277590821024,55.613694069340255,,1.6612531303378486,0.0005359352749977361,,0.0005
475,0.023286225764374984,0.020920752694732266,31.539637515419408,,1.1580787246537705,0.022835140419917098,52.72947469806681,,1.6541804034595917,0.0005081407735217157,,0.0005
476,0.023874702618310328,0.02093472223924963,39.19973373413086,,1.1554719759637126,0.022783239318096966,61.39660329844324,,1.6504206812082696,0.0005916637264133538,,0.0005
477,0.023750934553773778,0.020975316237462193,37.00824155305561,,1.1700637568361307,0.023070900116120622,63.144135133565236,,1.6712588650855733,0.0006085042540980583,,0.0005
478,0.023550199246720263,0.021035009308865194,33.535865683304635,,1.158592719500431,0.02284530766114988,52.18762389214426,,1.6549169196751803,0.0005029190926832197,,0.0005
479,0.023405123600050023,0.02095634225559862,32.65041742826763,,1.1575503333782629,0.022824577916458356,55.22446057639808,,1.653415254399344,0.0005321843290739103,,0.0005
480,0.022887178157505236,0.02069689774591672,29.203736857364053,,1.1611875101833855,0.022896188603757993,57.277662428724966,,1.658602741466689,0.0005519705223445945,,0.0005
481,0.023066336289048195,0.020765281919586032,30.680722186439915,,1.1541014240672705,0.022756491417850577,56.47895336596721,,1.6484830599978182,0.0005442735626594753,,0.0005
482,0.023581428649394137,0.020885985540716273,35.93923829731188,,1.1750168292548182,0.023168489942109564,64.69343059785159,,1.6783282841808522,0.00062343442740519,,0.0005
483,0.02358749508857727,0.020880923459404392,36.08761877762644,,1.159273288374189,0.02285837846378444,58.33543616557574,,1.6558637702387407,0.0005621640235681902,,0.0005
484,0.023010411152714176,0.02063906192779541,31.617986478303607,,1.1569313172573477,0.022811714096122784,66.7371927927474,,1.652483397659187,0.0006431296530556527,,0.0005
485,0.023254583834817533,0.020764068455288286,33.20686922575298,,1.1478109194002706,0.022632286288840408,59.14229777982996,,1.63948562505152,0.0005699395473552146,,0.0005
486,0.023132908305055218,0.02082378828996106,30.78826251782869,,1.1498334654750795,0.022672563813495663,52.27617208615652,,1.6424033339317539,0.0005037724095056798,,0.0005
487,0.022740359467111136,0.020684028240410907,27.41775091070878,,1.1448791575579056,0.022574747593626966,54.270430154835495,,1.6353175148357537,0.0005229905762601005,,0.0005
488,0.022673275223688075,0.020567394596965688,28.07840929533306,,1.1489875494506039,0.022655917117702686,51.65565538278381,,1.6411974452244054,0.0004977926450676603,,0.0005
489,0.023075751764209645,0.020688015379403766,31.836483604029606,,1.1592605154992182,0.02285830807879616,55.15186399768344,,1.6558586715414623,0.0005314847339826578,,0.0005
490,0.022875973464627015,0.02059299381155717,30.439728385523747,,1.1463869358952252,0.022604468912152863,54.50119183748259,,1.6374705308350614,0.0005252143689413458,,0.0005
491,0.02291103628905196,0.020574475099381647,31.15414719832571,,1.1422914421670425,0.022523901986280605,51.00794706525688,,1.6316342527349876,0.0004915508418376984,,0.0005
492,0.022717311488170373,0.020532625384236638,29.129146977474814,,1.144600456928188,0.022569444274209653,50.88773777513573,,1.634933341719579,0.0004903924149423723,,0.0005
493,0.022834329130618197,0.020543219815743596,30.548124514128034,,1.1554876091507995,0.022783941298853583,54.49146974682867,,1.650471532781321,0.0005251206795827201,,0.0005
494,0.022558725684096937,0.020506667953572776,27.360767565275495,,1.1416503027509648,0.02251130489176779,50.18994856956809,,1.630721717646504,0.00048366799470677215,,0.0005
495,0.022901380140530437,0.020718527075491454,29.104705810546875,,1.1482808496962824,0.02264171332648265,56.341648580018514,,1.6401685208272285,0.0005429503907420665,,0.0005
496,0.023250101526316843,0.020717481543359003,33.768264268573965,,1.1452972037432159,0.022582889719056923,56.0603082142811,,1.6359073314114818,0.0005402391839286609,,0.0005
497,0.02312734546630006,0.020659305449379117,32.90720006039268,,1.1483904831160219,0.022643734591448566,58.81099432886376,,1.640314941511986,0.000566746858772437,,0.0005
498,0.022803032868786863,0.020537521984232098,30.206811603746917,,1.1335732887718903,0.022351870049046336,52.82633666582617,,1.6191722378706557,0.0005090742081046299,,0.0005
499,0.022774095794087963,0.020544307698544702,29.730506093878496,,1.1425546604315004,0.022529052167713125,51.72133326110931,,1.6320073325165558,0.0004984255663718583,,0.0005
500,0.022685953661015158,0.020509845136027587,29.014781650743988,,1.1401062944028375,0.022480648692402124,53.824946532347575,,1.628500978763243,0.0005186975618916003,,0.0005
501,0.022442691224186045,0.020354913155499258,27.837040850990697,,1.1326046813477062,0.022332498787995158,57.5555113820767,,1.6177689813181708,0.0005546480832891476,,0.0005
502,0.022728599902046353,0.020517657854055103,29.47922254863538,,1.1644033382437642,0.022959941957571454,51.40343509321007,,1.6632210423220264,0.0004953620611527674,,0.0005
503,0.02273928060343391,0.02049276203309235,29.95358015361585,,1.1330904651296552,0.02234234662974837,52.857720041431456,,1.6184823601958556,0.0005093766418543895,,0.0005
504,0.022752884677366206,0.020494170192825168,30.116193369815225,,1.1366489682234513,0.022412462031296723,53.92489388671899,,1.62356152857797,0.0005196607295744295,,0.0005
505,0.02235551894103226,0.020246359666711407,28.122121208592464,,1.1325270854564269,0.02233150205044875,48.1978486760116,,1.6176967775267186,0.00046447062574679973,,0.0005
506,0.022340739636044753,0.02030768167031439,27.107439844231855,,1.149138229720108,0.02265890322063455,51.399933922040745,,1.6414137588910511,0.0004953283212409552,,0.0005
507,0.02251184731721878,0.02035836777404735,28.713057969745837,,1.1389662297408196,0.022457828598034194,59.73934146734341,,1.6268478882976551,0.0005756931082039911,,0.0005
508,0.02292721914617639,0.02043843612466988,33.1837716353567,,1.1356761703434317,0.02239305604086658,57.8137453843187,,1.6221557562249667,0.0005571366198505345,,0.0005
509,0.022457196426234748,0.020226797088980675,29.73865488955849,,1.125412130494475,0.022191063809159594,50.41144654262325,,1.6075234139141075,0.00048580251533316234,,0.0005
510,0.02233009971678257,0.020274833629005833,27.403547286987305,,1.1314929945265337,0.022310804653083584,53.53660981083191,,1.6161974554952145,0.0005159189329455575,,0.0005
511,0.022792361186523186,0.020362265015903273,32.401280854877676,,1.1481276296050398,0.02263804051911384,67.76352942398758,,1.6399024622060225,0.0006530202027468519,,0.0005
512,0.02274576907879428,0.020327992051055555,32.23702511034514,,1.1240541686601047,0.022164179595656346,52.239586154062856,,1.6055759181544271,0.0005034198400188692,,0.0005
513,0.022429867206435455,0.02022331521699303,29.420691439979954,,1.1221511934808805,0.02212671873710871,51.061210848865834,,1.6028622489162812,0.0004920641316127004,,0.0005
514,0.02236494902325304,0.02015138995882712,29.51411839535362,,1.1357458231627622,0.02239481580815598,51.04050308957182,,1.6222832339856132,0.0004918645761100937,,0.0005
515,0.02271954048621027,0.020255614072084427,32.85235184117367,,1.1266660125190415,0.02221525177798068,59.87397340235457,,1.6092755933746916,0.0005769905225247107,,0.0005
516,0.022795165545846287,0.02026592175427236,33.723246925755554,,1.1203406889791043,0.022090850299988463,53.9374643696126,,1.6002639348837875,0.0005197818681774154,,0.0005
517,0.022545324246350088,0.020180970626442057,31.52471291391473,,1.1400885736253425,0.022479937641180253,60.16708099459284,,1.628449470124564,0.0005798151271599339,,0.0005
518,0.02259837679172817,0.020233502415449994,31.531653655202764,,1.1375780392965669,0.02243075067165749,54.509153893411316,,1.624886359953402,0.0005252910972850589,,0.0005
519,0.02246584213877979,0.0201911245913882,30.32956484744423,,1.1268087480263043,0.022218351512821453,54.87708964823302,,1.6095001385509085,0.0005288368022277302,,0.0005
520,0.02265839268894572,0.020321934827064212,31.152768887971575,,1.1459097076694644,0.02259533650797586,49.60968039611519,,1.636808978344108,0.0004780760952957355,,0.0005
521,0.02291433787659595,0.020185042956942005,36.39059398048803,,1.1182841879305527,0.02205005037030852,58.22152512532625,,1.5973083829187895,0.0005610662913332974,,0.0005
522,0.02376926984441908,0.020393580002220052,45.00920145135177,,1.1242271093413914,0.02216748894483091,54.0140142618087,,1.605815647818975,0.0005205195603629769,,0.0005
523,0.023437607347180967,0.020260150397294445,42.36608695983887,,1.1254654324246633,0.022191405664817965,62.85239160865566,,1.6075481779803882,0.0006056927946388776,,0.0005
524,0.02302133389993718,0.02020628181727309,37.53402438916658,,1.1216097169875188,0.02211595511759995,52.557586308134304,,1.6020825309844327,0.0005064843280532212,,0.0005
525,0.022701696345680637,0.020053494133447345,35.309363415366725,,1.1152966990526891,0.0219914848626531,52.08389846751699,,1.5930658902824069,0.0005019195166812631,,0.0005
526,0.022659779575310256,0.020280854972569567,31.718994140625,,1.1157102207005065,0.02199962329242028,52.37356901107198,,1.593655439143865,0.0005047109993370515,,0.0005
527,0.022459632668055986,0.020298525200862633,28.81476422360069,,1.1130785783755957,0.02194761823874272,54.253335092470415,,1.5898881866071015,0.0005228258354151872,,0.0005
528,0.02238438847033601,0.02011062185231008,30.316886701081927,,1.1309993750646374,0.022300962299087766,55.42780020744429,,1.6154844741513557,0.0005341438622951132,,0.0005
529,0.02225941076482597,0.019974619444263608,30.463881643194902,,1.1147899053221964,0.02198066661814499,66.53508803976946,,1.5922822153088323,0.0006411820200458669,,0.0005
530,0.023316010342616784,0.020179473844013716,41.82048556679174,,1.1251547656546184,0.022185727121377515,54.994038248977034,,1.6071368235894516,0.0005299638066741926,,0.0005
531,0.022797577965416406,0.020073027987229198,36.32732973600689,,1.1211543241385944,0.022106732682055798,56.79802453488286,,1.6014144566100794,0.0005473483717962942,,0.0005
532,0.022281456052472715,0.01987883899556963,32.03488881964432,,1.1177289860921138,0.022039301897869373,54.70465311599733,,1.5965297622425418,0.00052717507444881,,0.0005
533,0.02229463975680502,0.019911375484968487,31.776853159854287,,1.1144038830708678,0.02197339909229154,60.481899543244175,,1.5917557548348724,0.0005828489548577573,,0.0005
534,0.02282522197224592,0.02006386828265692,36.81805078606857,,1.1230400326338519,0.022143717667450664,60.35062111356716,,1.6040936535380328,0.0005815838574300895,,0.0005
535,0.02308671999918787,0.02001921175733993,40.900107735081725,,1.11411302624085,0.021967756290750554,58.84885948796267,,1.5913469895915646,0.0005671117558502899,,0.0005
536,0.022206756825509825,0.019856741651892662,31.333531128732783,,1.1144801073834851,0.02197515332108642,56.07886838017028,,1.5918828313862887,0.0005404180436101886,,0.0005
537,0.02190852841656459,0.019741075799653406,28.899367884585732,,1.1110191247733956,0.021907236334853055,50.184012078068015,,1.5869629164821846,0.0004836107862213828,,0.0005
538,0.02201780059227818,0.019780416041612625,29.831792229100277,,1.1070196794310199,0.02182822973898953,52.54579658405908,,1.5812396688814163,0.0005063707134279002,,0.0005
539,0.021668625015177224,0.01964961443292467,26.920138208489668,,1.1055543411761284,0.021799500604260214,49.592242978417694,,1.5791585267993586,0.0004779080552580192,,0.0005
540,0.021871046016090794,0.01983459431089853,27.152689281262848,,1.1185435133111359,0.02205504658825948,60.28886351759361,,1.5976703095666624,0.000580988714907458,,0.0005
541,0.022549290111974665,0.019835583081370907,36.182757126657584,,1.107823407981439,0.021844106225550726,52.083085910073926,,1.5823897635365125,0.0005019116862681969,,0.0005
542,0.022422356432990023,0.01988987232509412,33.76645309046695,,1.1052131107959642,0.021792517395569536,54.045601919211926,,1.5786526622959238,0.0005208239627253848,,0.0005
543,0.021845713453857524,0.019631482366668552,29.52307932000411,,1.1085570498265616,0.021858399695200075,55.14336569938049,,1.5834251842502287,0.0005314028380051612,,0.0005
544,0.022123557662493305,0.019725840048570382,31.96956935681795,,1.1013120916582975,0.021715567151803193,54.38475575813516,,1.5730783770960526,0.0005240923035355319,,0.0005
545,0.0220963661804011,0.019796962506676976,30.65871319017912,,1.1067254809502525,0.02182245419801129,52.08511308093042,,1.5808212879768149,0.0005019312216072644,,0.0005
546,0.02172267878134,0.01966860213954198,27.38768788387901,,1.1008844010283356,0.02170748682863931,48.17488163600019,,1.5724930374841422,0.0004642492981203871,,0.0005
547,0.0214718417509606,0.019570458974493176,25.351768895199424,,1.0996776919165636,0.021683788428292123,46.442426901283646,,1.5707763224245113,0.00044755406468536684,,0.0005
548,0.021622325440770702,0.019639922698077402,26.432037052355316,,1.102638397805161,0.021742040104590018,48.820417660725425,,1.5749960810784411,0.0004704701675073534,,0.0005
549,0.021546287462115288,0.019509976925818545,27.150805523521022,,1.0970015202344647,0.02163087563554588,48.84116264621618,,1.5669433131570574,0.00047067008174951744,,0.0005
550,0.02201152416436296,0.019731774534049788,30.39666035300807,,1.0959599922293544,0.021610173124841103,51.69714088147933,,1.5654436207145976,0.0004981924304536854,,0.0005
551,0.02179115079343319,0.019626541847461147,28.861451600727282,,1.1161063177178236,0.022007273577686236,55.19806478720131,,1.5942096267571273,0.0005319299594482509,,0.0005
552,0.021798733719869665,0.019636291128240134,28.83256580955104,,1.0995662310263334,0.021681325054806286,51.09547074702189,,1.5705978753437515,0.0004923942856915999,,0.0005
553,0.022084312023300873,0.0196044260734006,33.06514649642141,,1.1014762899959036,0.021718899703029374,52.72826397861019,,1.5733197875200964,0.0005081291061208032,,0.0005
554,0.02236967269135149,0.019744373857975006,35.003983648199785,,1.1089900770327175,0.02186691237424498,55.615702761346604,,1.5840418437757704,0.0005359546322607416,,0.0005
555,0.022061263064020557,0.019807646345151097,30.048220483880293,,1.1020513971047436,0.021730323782177163,51.280304141660395,,1.5741473492300897,0.0004941754789362142,,0.0005
556,0.022377639714824527,0.019612574557724752,36.867534035130554,,1.1018203206693515,0.021725332167972473,58.903472601555606,,1.5737857560781674,0.0005676380487812257,,0.0005
557,0.02218870524513094,0.01966855057368153,33.60205861141807,,1.10063777440982,0.021702249705989978,54.72544797280518,,1.572113659670048,0.0005273754692883968,,0.0005
558,0.021691752891791493,0.019546183512399073,28.607589621292917,,1.0945744879317054,0.021582731832115464,53.76947010448716,,1.5634557700669722,0.0005181629494167629,,0.0005
559,0.021893640097818877,0.0196037147390215,30.532341304578278,,1.0956858789320025,0.02160488820411372,49.57848805193281,,1.565060780401803,0.0004777755024680704,,0.0005
560,0.022622773325756976,0.019670948288158366,39.357664810983756,,1.103982628578144,0.021767415402942084,68.70884502838284,,1.5768342708374723,0.000662129973044965,,0.0005
561,0.022910736991386665,0.019681568796697416,43.05557552136873,,1.1094314539015613,0.02187490514623549,68.09525323949902,,1.5846208411698257,0.0006562169422777264,,0.0005
562,0.02378987628770502,0.019919140166357943,51.6098124855443,,1.0970225388005057,0.021630654209830888,59.995213508321534,,1.5669272730508077,0.0005781588831347997,,0.0005
563,0.02261601104155967,0.019764717276159086,38.01724694904528,,1.1045783951235582,0.02177990413331905,55.73314336171289,,1.5777389560145183,0.0005370863779846408,,0.0005
564,0.021917763901384252,0.019479531990854365,32.509756891350996,,1.0945389784375863,0.021582233044298023,50.23545776838952,,1.5634196378156295,0.00048410655548561344,,0.0005
565,0.02170901255388009,0.019476251676678658,29.77014240465666,,1.0881585690160427,0.021456557025947585,47.60006904734782,,1.5543156514631395,0.0004587099728170281,,0.0005
566,0.021832680525748355,0.01946259838970084,31.601095299971732,,1.0975004456141624,0.02164030358275299,56.05390348016345,,1.5676262748217578,0.0005401774631061536,,0.0005
567,0.022065479896570508,0.019476875858871562,34.51472051520096,,1.1015394543320576,0.021720305309610655,49.92258632442612,,1.5734216098351326,0.00048109149154919523,,0.0005
568,0.021778105611079616,0.019598062297231274,29.06724598533229,,1.0897380674640802,0.021486843104260096,62.7328885612484,,1.5565095787314167,0.0006045411736281349,,0.0005
569,0.021640831800667865,0.01935937304637934,30.41944865176552,,1.0830741535232404,0.021356145124606554,50.118177910165834,,1.5470418008794322,0.00048297635879358217,,0.0005
570,0.021801683463548358,0.019426888737239335,31.66392587360583,,1.0969073174685777,0.021628249868438,62.31211495411326,,1.5667531022621808,0.0006004862835039401,,0.0005
571,0.02175071041442846,0.019412053650931307,31.182089353862562,,1.0908951528038109,0.02151020013002577,53.28822804834108,,1.5582015645740341,0.0005135253399571295,,0.0005
572,0.02134905647682516,0.01934918084819066,26.665009849949886,,1.0837230090336043,0.02136908625536321,47.570821464198026,,1.5479792579960783,0.00045842812116554703,,0.0005
573,0.02138108789528671,0.01938778622762153,26.577356037340667,,1.0859226327215015,0.021412272640672542,50.93458104780671,,1.5511076851027776,0.0004908438318575913,,0.0005
574,0.02148669301287124,0.01937049548876913,28.215963062487152,,1.0872608809949098,0.021438748540286576,49.44931469272697,,1.5530256025536946,0.00047653069107859416,,0.0005
575,0.02119931039449416,0.019251965574528043,25.964594489649723,,1.086399734360296,0.021421223185946848,58.972080472283835,,1.5517560637122703,0.0005682992056901678,,0.0005
576,0.021990049140233742,0.019387450167223028,34.701316331562246,,1.089484835385495,0.021482306963179265,54.70354168182079,,1.5561809801090631,0.0005271643638353359,,0.0005
577,0.022099766684205907,0.019441191499170504,35.44766687092028,,1.0940522070795553,0.021572233054489534,57.26029941184536,,1.562695237313955,0.0005518031992889715,,0.0005
578,0.021966962633948577,0.019363185880999816,34.71702204252544,,1.0731129024316914,0.02115956757068397,52.47740167196281,,1.5328016984986674,0.0005057116087480878,,0.0005
579,0.021634117455074663,0.019210741904221083,32.311671809146276,,1.0812916609241585,0.021320496725151985,58.82427149513913,,1.5444594264027236,0.0005668748075066122,,0.0005
580,0.021133131592681532,0.0191094943959462,26.981827484933955,,1.0811383304900453,0.021317823878803766,52.66883900801009,,1.5442658050818394,0.0005075564425261032,,0.0005
581,0.021253690809795733,0.019249540704645608,26.72199962013646,,1.0730136768445278,0.0211578295814735,48.63949669074652,,1.5326757983447592,0.0004687266773216878,,0.0005
582,0.021312407266936804,0.019260531585467488,27.358340915880706,,1.0876717580420103,0.021447008550655938,46.69171988834905,,1.5536239587290503,0.00044995643891735586,,0.0005
583,0.02169852311673917,0.019372142949386648,31.018400794581364,,1.0805008693012887,0.02130494778489768,58.01673409090043,,1.5433330592427126,0.0005590927713003495,,0.0005
584,0.02160357732913996,0.019093320361877743,33.4700937773052,,1.0885437009474508,0.021463996689173724,50.32603740568888,,1.5548545815897212,0.0004849794488194873,,0.0005
585,0.021361247783428745,0.019216694525982205,28.59404142279374,,1.0770585214134396,0.021237512036990615,50.12675409177649,,1.5384480053026366,0.00048305900531305646,,0.0005
586,0.021269202918598528,0.01915947240042059,28.12974076522024,,1.07161582867017,0.02113020897521948,49.587231454869155,,1.5306749582029038,0.0004778597604576811,,0.0005
587,0.02088990415397443,0.0190576841368487,24.42959956118935,,1.0770214585018727,0.02123682728352586,49.317223422320396,,1.5383984016767436,0.00047525776050789904,,0.0005
588,0.020932116594753768,0.01900199173312438,25.734995691399824,,1.0733355724082354,0.021164048114242107,50.910547347295854,,1.5331262696295833,0.0004906122250904443,,0.0005
589,0.021111177672681055,0.019134949500623503,26.349707854421514,,1.0753896659544735,0.02120470278463552,48.34155931329618,,1.5360712989938536,0.0004658555292530689,,0.0005
590,0.020992531686236982,0.019150782817680585,24.55664785284745,,1.0760225550623166,0.0212171481169915,48.967674444228756,,1.5369728404128786,0.0004718892443387493,,0.0005
591,0.021086364494342553,0.01897489603020643,28.15291284259997,,1.0819496555544186,0.021333984405880763,49.85172563433967,,1.54543647566712,0.00048040862478295127,,0.0005
592,0.021766672303017816,0.019224972317093296,33.88933091414602,,1.0709895085709802,0.02111765375698415,53.160703378615366,,1.5297654566371535,0.0005122964165762581,,0.0005
593,0.021397952382501802,0.019100049804700047,30.638695867438067,,1.070716606570342,0.021112586652599137,47.64057421397471,,1.529398394967208,0.000459100310987838,,0.0005
594,0.021120269047586543,0.019065166676515026,27.401366183632298,,1.0704133567770293,0.02110626855099435,53.565480077606814,,1.5289407109035449,0.0005161971484934039,,0.0005
595,0.021481363396895558,0.01920218069694544,30.38909912109375,,1.0709022638214345,0.02111618275728137,48.78399659302899,,1.5296588972362877,0.0004701191867775485,,0.0005
596,0.021085816778634723,0.01900988052550115,27.679147218403063,,1.064544854145213,0.020990948078246367,46.363159111804926,,1.5205868815585315,0.000446790180802743,,0.0005
597,0.021058269139183194,0.018971986872585195,27.817095204403525,,1.067990798199818,0.021058903030294916,46.39029408269166,,1.5255095467109954,0.0004470516737376685,,0.0005
598,0.02115969183413606,0.019104310164326115,27.405087119654606,,1.0668365021423623,0.021035806356731756,52.23322868897055,,1.5238364208142106,0.0005033585747161492,,0.0005
599,0.020910466776082392,0.01886322682625369,27.296532681113796,,1.0754981179045697,0.02120677542890596,49.50105273812485,,1.5362214416018016,0.0004770292776956526,,0.0005
600,0.0214388022493375,0.018951388566117538,33.16551308882864,,1.0765514207273423,0.021227267895677904,54.402096070000354,,1.5377059184357225,0.0005242594077886037,,0.0005
601,0.022982515394687653,0.019474407559946963,46.77477244326943,,1.0682120374810873,0.021062671575661576,56.81689199608237,,1.5257825406046366,0.0005475301928059516,,0.0005
602,0.022594175742645013,0.019377104839996287,42.8942756652832,,1.0799724747599004,0.02129427978895047,62.360910583080454,,1.5425602682935198,0.0006009565147890011,,0.0005
603,0.022079680507120333,0.01905626107595469,40.31225535744115,,1.087877156554014,0.021450371762661895,58.748504290536665,,1.553867590223783,0.0005661446578858407,,0.0005
604,0.021816341010363477,0.01913665274256154,35.72917396143863,,1.0642884864317776,0.020985501655685294,53.21538425722017,,1.520192342032879,0.0005128233625416825,,0.0005
605,0.021329322829842567,0.019014567528900347,30.863401412963867,,1.07060916657516,0.02111026053933977,51.27691693054254,,1.5292298910342734,0.0004941428372289458,,0.0005
606,0.021094364653292456,0.018911712263759813,29.10203070389597,,1.0642499492137782,0.020984910529257585,50.25369155069198,,1.5201495207611588,0.0004842822698900609,,0.0005
607,0.02066442301790965,0.018839332422143536,24.334544232017116,,1.0644990058277408,0.02099003140722109,46.58256794821139,,1.520520477795798,0.00044890456894120797,,0.0005
608,0.020608632482196156,0.018853419803475078,23.402832633570622,,1.0600140280910486,0.020901630562862067,45.773149828442,,1.514116709669177,0.0004411044087492615,,0.0005
609,0.021227300461185605,0.01906003950065688,28.896812940898695,,1.0641712662080147,0.020983205288456028,52.94702442911347,,1.520025992906053,0.0005102372459263146,,0.0005
610,0.020932294330314585,0.018871565986620754,27.476375479447213,,1.0596090665590339,0.020893528154604074,47.812595733011534,,1.5135297702103108,0.0004607580393882493,,0.0005
611,0.020435983021008342,0.018689273709529323,23.2894556145919,,1.0525955211195877,0.02075525684679748,47.09590815654011,,1.503513379527865,0.00045385150027389427,,0.0005
612,0.020608003398305492,0.018705378727693307,25.368326086747018,,1.0583153891536021,0.020867856412174948,50.61005952142794,,1.51167010600558,0.00048771649898763953,,0.0005
613,0.020895829228194135,0.018807520403673773,27.844118820993526,,1.06441560877668,0.020987819758774284,56.52762545471768,,1.5203602657080781,0.0005447426034183336,,0.0005
614,0.02144404196817624,0.01895966841594169,33.12497741297672,,1.059376762711073,0.020888655058256687,52.93242152147969,,1.513176762506667,0.0005100965213538968,,0.0005
615,0.02066046872029179,0.018714186686434243,25.95042570013749,,1.0545458754285921,0.020793686240084874,47.674698940481505,,1.5062972095426523,0.0004594291624513254,,0.0005
616,0.020971591143231643,0.018764500947375046,29.427863773546722,,1.0620217145951492,0.020940460678727364,59.154430814144426,,1.5169295680771953,0.0005700564703755372,,0.0005
617,0.021156956882853257,0.018859263999681724,30.635902404785156,,1.0561801161777133,0.020825765304062237,50.294111946774166,,1.5086210209148125,0.000484671791148311,,0.0005
618,0.0215018102409024,0.01883370282226487,35.57476314745451,,1.0506795137970995,0.020717141778906507,52.884460005137775,,1.500752319283769,0.0005096343282038075,,0.0005
619,0.02149187597004991,0.018839505550108458,35.364936326679434,,1.057292279491756,0.020847312302043203,57.05858818097432,,1.5101818881202715,0.0005498593585534107,,0.0005
620,0.021162653047787517,0.018863281529200703,30.65828634563245,,1.0476197069655928,0.020657072448329903,48.10899019720114,,1.4964008895285097,0.0004636143187872622,,0.0005
621,0.020497979106087433,0.018517777225688883,26.402689682809932,,1.0515436463067929,0.020734326540460903,50.36844209966253,,1.5019971855415923,0.0004853880922607525,,0.0005
622,0.020599545126682835,0.018644266614788456,26.070378554494756,,1.0549398607733065,0.020801395961118747,48.72627798365438,,1.5068557026903122,0.0004695629669596544,,0.0005
623,0.02062094731158332,0.018625722707886445,26.602990702578897,,1.0481463683934398,0.020667265601791697,51.49398936480151,,1.4971392828291812,0.0004962347100436514,,0.0005
624,0.020401618982616224,0.018587267712542887,24.19135053534257,,1.0493242733865196,0.020690374622994168,53.60076466624928,,1.4988133031904887,0.0005165371772585082,,0.0005
625,0.02055230432827222,0.01872583841414828,24.352875057019684,,1.0654742906736065,0.02100900444551637,51.14785983712029,,1.521894887042468,0.0004928991462637778,,0.0005
626,0.020441064709111265,0.01866006047317856,23.746721267700195,,1.0477842759014597,0.020660377772605872,47.058243711042834,,1.4966403276289042,0.00045348853742287323,,0.0005
627,0.021111616374630677,0.018669958765569487,32.555432871768346,,1.0675965041355202,0.021049808995237715,69.51256166270979,,1.524850773683838,0.0006698751894461847,,0.0005
628,0.021291582403998626,0.018641035268573386,35.340625863326224,,1.055305013459381,0.020808087465024536,57.66405085074355,,1.5073404360629599,0.0005556940510307536,,0.0005
629,0.021331989353424625,0.018745194042199535,34.490603497153835,,1.0557489866008327,0.020817186115679013,51.644723662586784,,1.5079995434445563,0.0004976872988113462,,0.0005
630,0.02085032961086223,0.018660848764212506,29.19307507966694,,1.0436458757976081,0.020578347020223774,54.39903376725574,,1.4906980097549507,0.0005242298971421518,,0.0005
631,0.020552705777318853,0.018611542880535126,25.882171630859375,,1.0403047109344843,0.02051288864744481,46.82524442231872,,1.4859561971143387,0.0004512431814909162,,0.0005
632,0.02034920218743776,0.01850588825580321,24.577517057719984,,1.0397669482062977,0.02050228712232014,46.76309622660204,,1.4851882213197727,0.00045064427485614917,,0.0005
633,0.02057529201633052,0.018624822658143546,26.00625770970395,,1.0617471774796987,0.020935535973832506,50.57105578498298,,1.5165728218439734,0.00048734062972436944,,0.0005
634,0.020411565605747074,0.018460343248750035,26.016299097161543,,1.0346980416397,0.02040202140353323,52.08169572198589,,1.4779249602184117,0.0005018982893729226,,0.0005
635,0.02078868419324097,0.01852840067524659,30.137110659950658,,1.0451639288599055,0.020608243655525604,55.108776664032305,,1.4928637257232453,0.0005310695121133742,,0.0005
636,0.020578113629629736,0.018562337089526027,26.87701988220215,,1.0422964654841091,0.020551946582273575,50.69978720815438,,1.4887855587563188,0.0004885811822866969,,0.0005
637,0.020599232986569405,0.01852999715820739,27.589811425460013,,1.0466600299271864,0.020637877733967084,52.83056933088916,,1.4950104220400207,0.000509114997240336,,0.0005
638,0.021201302150362415,0.01872996309478032,32.9511863306949,,1.05102868300803,0.020723757359699838,57.62525803759103,,1.5012315527767364,0.000555320214382555,,0.0005
639,0.021383805788661305,0.018649860138171596,36.452607104652806,,1.0480670836152057,0.02066539063455689,56.95614302775793,,1.4970034599702051,0.0005488721202071725,,0.0005
640,0.021260740627583704,0.018557969088617125,36.03694825423391,,1.0526632535837865,0.020755117686335946,72.96528796142796,,1.5035032987267765,0.000703148250143938,,0.0005
641,0.02144856103941014,0.0186844547524264,36.85474867569773,,1.0549064000373252,0.020799847716175428,64.30822634372242,,1.5067435476346436,0.0006197223102491238,,0.0005
642,0.020903183245345167,0.01850963178041734,31.914019132915296,,1.0459068155093403,0.020623019874504777,52.89947547120002,,1.4939341168582725,0.000509779028498725,,0.0005
643,0.020369761770493107,0.018397283299188865,26.299712030511152,,1.0338415170647548,0.020385154487124635,51.654333907409054,,1.4767031187023616,0.0004977799103396364,,0.0005
644,0.02028992693675192,0.01838240507794054,25.433625773379678,,1.0392613076814075,0.020492113407103888,50.30824342244709,,1.4844512361280184,0.0004848079726487064,,0.0005
645,0.02065640687942505,0.018514790033039293,28.55488987972862,,1.042514761430269,0.02055608986503135,53.53546117283334,,1.489085698673038,0.0005159078638081455,,0.0005
646,0.02022740891889522,0.018302804741420244,25.661387694509404,,1.042630981705667,0.020558762818779334,46.852677404151684,,1.4892793277739744,0.0004515075462828742,,0.0005
647,0.02081307180617985,0.018545957282185555,30.228193584241364,,1.0534785878979114,0.02077213221371547,56.55594654502303,,1.5047358331998637,0.0005450155266897514,,0.0005
648,0.021027805773835433,0.01853626339059127,33.22056700053968,,1.0498857969751691,0.020701432522659997,53.87701706659226,,1.4996143388134044,0.0005191993526206052,,0.0005
649,0.02125096899506293,0.018502502947261457,36.64621353149414,,1.0407718132002828,0.020521686313604785,54.08545359129791,,1.486593501141833,0.0005212080033325758,,0.0005
650,0.020429682280672223,0.018361629330013927,27.574038756521123,,1.033635742149934,0.020381050407131004,52.462050782175325,,1.4764058186387379,0.0005055636760585337,,0.0005
651,0.020300618127772684,0.018310871661493654,26.529952199835527,,1.042086066643823,0.02054774492145035,51.619648289948316,,1.4884811899252999,0.0004974456537101611,,0.0005
652,0.020246645239622968,0.01830129629295123,25.93798336229826,,1.0289518311868149,0.020288750285602893,51.23466973437954,,1.469719586390498,0.0004937357115547319,,0.0005
653,0.02043419713644605,0.018326303676555033,28.10524589137027,,1.0358142324402473,0.020424093858543785,51.022845006863676,,1.479523891596248,0.0004916944095788015,,0.0005
654,0.020396164863517408,0.01840338032496603,26.570458863910876,,1.029030067810777,0.020290281513609745,51.43908902373154,,1.4698305087371788,0.0004957056491732817,,0.0005
655,0.020545320389302152,0.01831954874490437,29.676950555098685,,1.0433491617538442,0.020572343915449078,57.05965208597218,,1.4902631441007175,0.0005498696111400648,,0.0005
656,0.021677348370614805,0.01851380577212886,42.18056367572985,,1.0352169005522476,0.02041208202791316,55.0923573810332,,1.4786537530959598,0.0005309112835853713,,0.0005
657,0.022213006784257135,0.018640484905948763,47.633623725489564,,1.0459489425697257,0.02062319479797538,64.40301671242878,,1.4939467883361726,0.0006206357813495409,,0.0005
658,0.021372079261039432,0.018547110749702705,37.66624561109041,,1.053475391694193,0.020772014002873346,57.52378386192121,,1.5047272699918026,0.0005543423331043401,,0.0005
659,0.020614819405110257,0.018419728663406874,29.267875470613177,,1.0471843061348356,0.020647975013885125,57.07213104646999,,1.4957418702492946,0.0005499898677645886,,0.0005
660,0.020237188296098458,0.018293228882708047,25.91946160165887,,1.0269199652391976,0.020248731301797645,50.34230689611832,,1.4668206062414961,0.0004851362338339211,,0.0005
661,0.020073667266651204,0.01823960617184639,24.454145531905326,,1.0233413763131842,0.020178288857610246,48.06375451433527,,1.4617177468500575,0.0004631783938133484,,0.0005
662,0.019854934101826267,0.018136613267032725,22.910940270674857,,1.0305996260127825,0.020321292739177464,50.41463724696289,,1.4720769657625379,0.0004858332633537051,,0.0005
663,0.02017028316071159,0.018273661403279556,25.288286409879987,,1.0282867751596747,0.0202755804944612,52.18896280310123,,1.4687655650872067,0.0005029319954335932,,0.0005
664,0.0200325553550532,0.018097464240303163,25.801210503829154,,1.0236805351059581,0.020185016213778013,47.381447145936264,,1.4622050773650084,0.00045660316817449807,,0.0005
665,0.02005257516315109,0.018145211335075528,25.431516145405016,,1.0234818542825677,0.020181083686013547,47.6339997207091,,1.4619202045661372,0.0004590369542388351,,0.0005
666,0.02006523007232892,0.018170950150019245,25.257064718949167,,1.0268290772605961,0.020246970025726785,49.796812235165426,,1.4666930191845338,0.0004798794380748931,,0.0005
667,0.020052523891392508,0.018196866700523777,24.742095445331774,,1.021466587329849,0.02014117960550816,50.467812969428856,,1.4590295480264248,0.00048634570450547366,,0.0005
668,0.0199620109051466,0.01811549528256843,24.62020542747096,,1.0164829639435764,0.02004300138623023,48.67131466007053,,1.4519175056483338,0.0004690332991425342,,0.0005
669,0.020017649194127636,0.018166643371315377,24.680075796026934,,1.0215322831044837,0.020142564215806694,48.90602623666182,,1.459129849368135,0.00047129515596486233,,0.0005
670,0.020235085369724976,0.018149359151721,27.809680035239772,,1.04508617178034,0.020606439379553563,59.85944565059011,,1.4927330237481098,0.0005768505222106284,,0.0005
671,0.02048791033264838,0.018315504599166543,28.965407522101152,,1.0130982068852659,0.019975979199246176,53.448103632719786,,1.4470624101128,0.0005150660210198295,,0.0005
672,0.019830080631532167,0.01801019465844882,24.265147158974095,,1.021235929658275,0.02013674084675254,48.538840637753125,,1.4587080037917841,0.0004677566800873027,,0.0005
673,0.019879042317992764,0.018042427928824174,24.488188593011152,,1.0241006531344692,0.020192793032256472,56.29539347571921,,1.4627684310598739,0.0005425046418584949,,0.0005
674,0.019795098881188192,0.01796224330993075,24.438076721994502,,1.0200534345635726,0.02011347051407319,47.67373384141415,,1.4570222980070897,0.00045941986203273754,,0.0005
675,0.019721812225486104,0.017953498681124887,23.577513142635947,,1.0184193397130519,0.020081088624621306,50.41629411306968,,1.4546765499200063,0.00048584923015841815,,0.0005
676,0.0198171096608827,0.01807644051548682,23.20892374139083,,1.0278723145482886,0.020267422326469837,51.92071165764992,,1.4681745863863414,0.0005003469261658215,,0.0005
677,0.02001487816634931,0.01809449748773324,25.60507623772872,,1.0191420608896449,0.02009542636297038,48.922670223115865,,1.4557151774638195,0.00047145554990391956,,0.0005
678,0.019915554476411718,0.018056821960367654,24.783099124306126,,1.0246991593930461,0.020204756515588895,53.4800969981,,1.4636350672758853,0.0005153743330886479,,0.0005
679,0.019668566259114367,0.017949423115504414,22.921906119898747,,1.01207937923055,0.01995607754151714,50.10926462483105,,1.4456207315592047,0.00048289046368974186,,0.0005
680,0.01959023987384219,0.01793145751090426,22.117096047652396,,1.015240242040628,0.020018558766282165,47.53558977466299,,1.450146879228536,0.00045808860217592457,,0.0005
681,0.01948554509956586,0.0178831271631153,21.365570871453535,,1.0165028103264129,0.02004335430147148,49.346067081780966,,1.4519430708721695,0.00047553571964770495,,0.0005
682,0.019739555194973946,0.017896389784781558,24.575538032933284,,1.0285176498558724,0.020279748527678856,58.94148334867616,,1.4690674979303087,0.0005680043488544687,,0.0005
683,0.02000354789197445,0.01806090889792693,25.901850248637952,,1.025526242955421,0.0202212856793803,49.64799258775083,,1.4648324419504668,0.0004784453003144565,,0.0005
684,0.019984979182481766,0.01801865724356551,26.217625668174342,,1.0209833910140744,0.02013125394151846,57.42559265021432,,1.4583105316962792,0.0005533960889296072,,0.0005
685,0.019772319809386606,0.018026353595288175,23.279548745406302,,1.0164536481549844,0.020042450833580156,48.187639491863116,,1.4518776235460966,0.00046437224238986426,,0.0005
686,0.019795700025401618,0.01795892044901848,24.4903920826159,,1.005140100163487,0.01981920062479412,50.62379027944114,,1.4357053507397506,0.000487848818872065,,0.0005
687,0.02007058517713296,0.01795172014910924,28.251530998631527,,1.0109906943820426,0.019934507761824996,51.86553176855612,,1.4440582140437632,0.0004998151713609894,,0.0005
688,0.020444622851516072,0.017996490491848243,32.6417619805587,,1.02387029547754,0.02018785879285533,63.16084174302099,,1.4624109941458345,0.000608665251519337,,0.0005
689,0.02103376937539954,0.017850389704108238,42.44506253694233,,1.0276570512259633,0.02026299601238366,55.09833772315907,,1.4678539436450981,0.0005309689146482856,,0.0005
690,0.021662010566184397,0.01830025507431281,44.82340421174702,,1.0170114981319445,0.020052621313100875,62.75839483995112,,1.452614374343665,0.0006047869712634019,,0.0005
691,0.021672169530862255,0.018320695840214427,44.68631272566946,,1.017163207964273,0.020055866406480365,58.31614884989839,,1.4528494493104502,0.000561978156525828,,0.0005
692,0.02029111912768138,0.0179845491228135,30.75426543386359,,1.0086361446036887,0.019888043290300226,52.410209399779944,,1.4406923219651517,0.0005050640936086484,,0.0005
693,0.019806487583800367,0.017844076317391898,26.16548186854312,,1.0098904804795674,0.019912537305847956,56.66171510883942,,1.4424666714885621,0.0005460347919136075,,0.0005
694,0.019914373755455017,0.0179006534775621,26.84960315102025,,1.0118308978358985,0.0199510508294412,52.327701854544635,,1.445256595913137,0.0005042689890092319,,0.0005
695,0.01962004494118063,0.017772674609563853,24.631600329750462,,1.003045776651731,0.01977795422171987,49.65620107448816,,1.4327174561867082,0.0004785244034503029,,0.0005
696,0.019291705304854793,0.017700745577090664,21.212793350219727,,1.0092333490240764,0.01990005987392575,48.21323950312723,,1.4415628047729796,0.000464618943302407,,0.0005
697,0.019389817491173744,0.017773688525745745,21.548384917409795,,1.0084313276613923,0.019884214560330085,48.71969462469708,,1.4404149682913716,0.00046949952477419574,,0.0005
698,0.01940267033090717,0.01774636381550839,22.08408646834524,,1.0093808497862276,0.019902759552437477,51.8815681009267,,1.4417583698191154,0.0004999697094894631,,0.0005
699,0.01933982095828182,0.017653077840805054,22.48990912186472,,1.0102081384779351,0.019919160306853676,50.37269609691917,,1.4429464425026348,0.000485429086969479,,0.0005
700,0.019609742160690457,0.01777976354289996,24.39971261275442,,1.0027596825922611,0.019772399950171455,48.117793198382714,,1.4323151040670399,0.0004636991511102719,,0.0005
701,0.019553392733398237,0.017774253397395735,23.72185636821546,,1.013356822093572,0.01998122400875558,50.9095412168153,,1.4474423447639906,0.000490602529262379,,0.0005
702,0.02039969379180356,0.017966739980405884,32.439381750006426,,1.0123266288968071,0.01996050958445466,57.89517029199961,,1.4459417892991493,0.0005579212913423297,,0.0005
703,0.02006632579784644,0.0178178938988008,29.97909385279605,,1.018985190703862,0.02009191497707061,56.250685323504165,,1.4554608122338464,0.0005420738005656627,,0.0005
704,0.019686859003023097,0.017816381676024513,24.93969716523823,,1.0196454338954295,0.02010510106816279,53.34574333765076,,1.456416014307572,0.0005140796004303562,,0.0005
705,0.02014346342337759,0.017920702107642825,29.636815121299342,,1.0103462695336436,0.01992118186439135,62.6941876258323,,1.4430928843813267,0.0006041682223827269,,0.0005
706,0.01979575619885796,0.017796306429724944,26.65933016726845,,1.0173080335937918,0.02005904729146881,52.6188745966061,,1.453079873013427,0.0005070749479767119,,0.0005
707,0.01938429092498202,0.017697505211751712,22.490474700927734,,1.0056096127433127,0.01982857920144256,48.52865143004297,,1.436384735995059,0.0004676584892383125,,0.0005
708,0.019328040315916662,0.017655888866437108,22.295351429989463,,1.0124510327297802,0.019963460088069495,49.17488595924791,,1.4461555241468553,0.00047388608993843243,,0.0005
709,0.019426749430988963,0.017660919380815404,23.544401570370322,,0.9982568640528499,0.01968344721177639,50.81740312190425,,1.4258713566680161,0.0004897146174618725,,0.0005
710,0.019311887947352308,0.017646948463822667,22.199189637836657,,1.0079844035533683,0.019875295573549414,50.56701441604701,,1.4397688757830711,0.0004873016840616453,,0.0005
711,0.019454682637986383,0.017726442923671322,23.043194921393145,,1.0073736665590685,0.019862856787023635,57.48845998216237,,1.4388678085447977,0.0005540019257005641,,0.0005
712,0.019375700699655635,0.017573850033314603,24.02467255843313,,0.9992652869564976,0.01970339708088738,49.71163933300121,,1.427316527660098,0.0004790586480966762,,0.0005
713,0.019418514872852125,0.017555553760183484,24.839479747571442,,1.0007933244740785,0.019733476620943366,50.66686786985715,,1.429495493271463,0.00048826394684822603,,0.0005
714,0.01917652805384837,0.017536833539213006,21.86259068940815,,0.9971506440856961,0.019661790033862942,48.04125638401097,,1.4243025080145864,0.0004629615849524362,,0.0005
715,0.019278505719021746,0.017549152976196063,23.05803600110506,,1.0051740746681441,0.019820020818614927,47.9894461714732,,1.4357647656818295,0.00046246230287868114,,0.0005
716,0.019744228669687322,0.017709533144768915,27.129272260163958,,0.9964121207127011,0.019647173958295665,48.950918338137384,,1.4232437176881743,0.0004717277699307595,,0.0005
717,0.01943682192971832,0.01755649106282937,25.071075941386976,,1.0018945490218152,0.019755118940285178,51.97572546008093,,1.431063265568121,0.00050087708043498,,0.0005
718,0.019413282702627935,0.017629876634792277,23.778745350084808,,0.9966443659089835,0.01965150109388824,53.386863674744426,,1.423557175927043,0.0005144758668452579,,0.0005
719,0.01928434462139481,0.017508898077434616,23.6726198698345,,1.0010948291201127,0.019739439346371027,50.37155652484691,,1.4299274338407904,0.00048541810519813383,,0.0005
720,0.01931985957842124,0.01752734831289241,23.90014738785593,,1.0062742499523059,0.019840938414745414,61.646887170852494,,1.437280038939197,0.0005940756495598349,,0.0005
721,0.01954639163848601,0.017644184053336318,25.3627670689633,,0.9952912120413782,0.019625111256294358,48.206800510684474,,1.421645492819537,0.0004645568923409799,,0.0005
722,0.01905211443571668,0.017409379839112882,21.903128071835166,,0.9955641459173732,0.019630539700505937,47.40011630090049,,1.4220387299913233,0.00045678307815651175,,0.0005
723,0.019029870531276652,0.017421077642785877,21.450572967529297,,0.9916686775892423,0.019553709919273243,47.54639215807825,,1.4164731711123264,0.0004581927020459866,,0.0005
724,0.01918639968100347,0.017470133637911396,22.883547531931026,,0.9957814559436968,0.019634664965287416,50.210794726260936,,1.4223375646836054,0.00048386888391053367,,0.0005
725,0.019507127568909998,0.017597351517332226,25.463679062692744,,0.9992145186042003,0.019702106380568712,54.789627677036904,,1.4272230291689736,0.000527993953063163,,0.0005
726,0.019300215632507677,0.017430902801846202,24.9241684361508,,0.9886757824743833,0.019494499144600712,50.85663207793925,,1.4121839352532146,0.000490092657110062,,0.0005
727,0.019332107744718854,0.017482585420734005,24.660295988384046,,1.0069051012092494,0.019853567936208544,58.33746803701605,,1.4381949230399824,0.0005621836042056097,,0.0005
728,0.019446683459376033,0.017678703426530485,23.57306580794485,,0.9919823819628939,0.019559483406694004,54.79014551982051,,1.4168914032569693,0.0005279989433846888,,0.0005
729,0.019249025046041136,0.01744333659543803,24.07584451374255,,0.9915469206318899,0.019551000709588325,52.94997125108527,,1.4162769156268227,0.0005102656437134109,,0.0005
730,0.01957434778542895,0.017469341719621105,28.066747263858193,,1.0049302333746604,0.01981448131342249,60.80718936762785,,1.4353634832388191,0.0005859836916236276,,0.0005
731,0.019585247494672473,0.01743537452267973,28.664973811099404,,0.9887915790932039,0.019496621197204914,53.69001852312931,,1.4123376570069868,0.0005173972943777192,,0.0005
732,0.019638705312421446,0.017529789750513277,28.11887610586066,,0.9943334879194543,0.019605811501262747,55.44628513289536,,1.4202474161719763,0.0005343219969033372,,0.0005
733,0.019297058547013683,0.017435021208305108,24.82716319435521,,1.000499387410727,0.019727054388975335,61.63945793624379,,1.429030265991375,0.0005940040558820605,,0.0005
734,0.02001118708990122,0.017533812475831884,33.03166238885177,,0.993789325303342,0.019595088047782875,55.30903059825448,,1.4194706078722408,0.0005329993092452268,,0.0005
735,0.019727814550462523,0.017484218274292192,29.914613322207803,,0.9923468279107718,0.01956668760076066,54.49096092673891,,1.417413275968441,0.0005251157762106407,,0.0005
736,0.019313687948804153,0.017316380270609732,26.630766718011152,,0.986321817137374,0.019447936793749086,53.32025356351506,,1.4088109527840291,0.0005138339618454779,,0.0005
737,0.019302800787906898,0.017343769144070775,26.120419753225224,,0.9933626502877224,0.019586917589555525,51.031409180084935,,1.4188787388651565,0.0004917769403764274,,0.0005
738,0.019282713532447815,0.01731374683348756,26.252888528924238,,0.9986661353497692,0.019691312119908405,54.4344083522634,,1.4264410915883077,0.0005245707931797423,,0.0005
739,0.01907876692712307,0.01739686124614979,22.425405903866416,,0.9897141538500822,0.019515053275130072,49.51134480234524,,1.4136728790173687,0.0004771284597471339,,0.0005
740,0.01937685446127465,0.017439103195149647,25.836682670994808,,0.9991202583118844,0.01970027180823539,54.3632601487588,,1.42709013252167,0.0005238851557185212,,0.0005
741,0.018929174169898033,0.017200223709407606,23.052671432495117,,0.9893068137369928,0.019506953051901678,50.68971904379578,,1.4130860978423174,0.0004884841579022437,,0.0005
742,0.020105987591178792,0.01760219194387135,33.383942453484785,,0.9916712321189551,0.01955351202484568,51.901033615186634,,1.4164588356154557,0.0005001572937870439,,0.0005
743,0.019884311545052026,0.017616115510463715,30.242613742226048,,0.9883849517207693,0.01948832927318202,58.477327662133376,,1.4117369890026121,0.0005635313964697753,,0.0005
744,0.019747176550720866,0.01748831452507722,30.11815793890702,,0.9868052029541939,0.019457525663942214,52.33532774421138,,1.4095055717297902,0.0005043424778026674,,0.0005
745,0.019147916647948716,0.017277048606621593,24.94490563242059,,0.989335927285292,0.019507385878860268,53.16832825649044,,1.413117451880866,0.0005123698956193101,,0.0005
746,0.019344940389457502,0.01740321262102378,25.88970365022358,,0.9792159632679402,0.019308020182724962,49.532595835358734,,1.3986753761324964,0.0004773332506428416,,0.0005
747,0.019006309834750074,0.01728986875203095,22.88587680615877,,0.9829557058716931,0.0193815956190147,52.601747483806115,,1.4040051898603032,0.000506909898269765,,0.0005
748,0.0191283074060553,0.017244232181263596,25.12100420500103,,0.9838080612762905,0.019398388901777443,52.878522902315304,,1.4052216973459177,0.000509577113827257,,0.0005
749,0.019183845994503873,0.0172675342642163,25.550818694265264,,0.9781751072272037,0.019287308251950196,52.78623167721151,,1.3971750012989985,0.0005086877263493417,,0.0005
750,0.01967062301149494,0.017371740486276776,30.65176552220395,,0.9820956554587995,0.019364565313499386,53.82062220457286,,1.402771512417103,0.0005186558894252428,,0.0005
751,0.01944315502125966,0.017353949774252742,27.856069163272256,,0.9826841466676768,0.019376150098981956,54.183435079603214,,1.4036107157139146,0.0005221522264552857,,0.0005
752,0.01915508136153221,0.01732042020088748,24.462149268702458,,0.9998350911475735,0.01971444469943342,53.032465266451375,,1.4281168185174213,0.0005110606179288583,,0.0005
753,0.019595545177396975,0.017587479498041302,26.774206261885794,,0.9885440672292893,0.01949132150197399,61.03189260109434,,1.4119537464273233,0.0005881491005437867,,0.0005
754,0.01929040664904996,0.01724733569120106,27.24094541449296,,0.9834540602568702,0.019391433113356542,52.433595440617395,,1.4047178191702254,0.0005052894590413366,,0.0005
755,0.021087528353458958,0.017691059136076978,45.28625327662418,,1.0133442753067652,0.01997842169347797,95.7217643639951,,1.4472393446978078,0.0009224467276660947,,0.0005
756,0.0217037795013503,0.017664628299443347,53.855347884328744,,0.9962158336477771,0.01964147485224529,81.01694953464137,,1.422830873739225,0.000780740101065558,,0.0005
757,0.02091241108351632,0.017704679777747707,42.76974678039551,,0.9946185183636742,0.01961100345046196,62.97186281951501,,1.4206235216157423,0.0006068441088487625,,0.0005
758,0.019668040797114372,0.017413386094727014,30.062062614842464,,0.9831753098723696,0.019385895540989444,53.14244980835301,,1.4043166767413222,0.0005121205114801849,,0.0005
759,0.019372171379233662,0.017401711672152344,26.27279331809596,,0.9771585240892044,0.019267325954037167,51.63818177115978,,1.3957274811604758,0.0004976242562381167,,0.0005
760,0.01902748624745168,0.017217907662454405,24.127714558651572,,0.9747121811770435,0.01921920487528495,49.48839961597182,,1.392241584248897,0.00047690734271877073,,0.0005
761,0.01900777289349782,0.01714007595652028,24.90262312638132,,0.9778086830324784,0.019280280141641896,49.31266536953459,,1.3966658841168156,0.00047521383569200447,,0.0005
762,0.018871303745790532,0.017086567700301345,23.79648027921978,,0.9808740499515518,0.01934037199061509,55.61638992678184,,1.401018945107516,0.0005359612543023569,,0.0005
763,0.0190047316841389,0.017116082440081396,25.18198505200838,,0.9715146996302483,0.019155844669033202,54.812909438105464,,1.3876517630516787,0.0005282183135777722,,0.0005
764,0.019183115249401646,0.017157394340948054,27.009612836335833,,0.9784408772644917,0.01929247675430041,54.06092540908967,,1.3975494082501159,0.0005209716313688544,,0.0005
765,0.01877651471448572,0.017133227304408426,21.91049666153757,,0.9795995450373439,0.01931530510956161,54.43641604992276,,1.399203097135837,0.0005245901408604745,,0.0005
766,0.018788830328144525,0.01715164043401417,21.82919703031841,,0.9730412905900091,0.019186194522063934,50.52653288317433,,1.3898503101684516,0.00048691157364341996,,0.0005
767,0.018767796064677992,0.01707821422697682,22.52775854813425,,0.9832896065688548,0.01938807221340818,54.49899376257595,,1.4044743551612315,0.0005251931866426463,,0.0005
768,0.018790306033272492,0.01708184452237267,22.77948760986328,,0.9756199713968022,0.019236890785229444,53.28344221918137,,1.3935227537582389,0.0005134792201172282,,0.0005
769,0.018831616561663777,0.017061977598227952,23.595184125398333,,0.9737702430715099,0.01920055501805182,50.78914026119491,,1.3908905862784424,0.0004894422553345231,,0.0005
770,0.018810827873255078,0.017041099208750222,23.59638254266036,,0.9762162648276439,0.01924872072621882,52.04504283264506,,1.3943797161503617,0.0005015450746358501,,0.0005
771,0.018892946996186908,0.017112640271845617,23.737423143888776,,0.9798824876182861,0.01932101226614986,52.203156015510075,,1.399616524266748,0.0005030687718754881,,0.0005
772,0.018778281188324877,0.01712234793721061,22.079109392668073,,0.9775740889274427,0.019275743864644816,47.73254162061877,,1.3963372756486718,0.0004599865779081609,,0.0005
773,0.018768931003777606,0.017127418106323795,21.886838712190325,,0.9706605187742843,0.019139035735162662,54.179231669274934,,1.3864341217978748,0.000522111719240149,,0.0005
774,0.018678028332559687,0.01695340685546398,22.9949537578382,,0.9693954017949562,0.019114185490165223,52.44676688452437,,1.3846339669689567,0.0005054163889554618,,0.0005
775,0.018944130916344493,0.017029719819363794,25.52547886497096,,0.9759790765532579,0.019243998476537894,52.829530089640315,,1.3940376357979405,0.000509104982332069,,0.0005
776,0.01917764926819425,0.017032857003964876,28.597227598491468,,0.9726784770445016,0.019178823914661455,54.30922387435311,,1.3893163824542984,0.0005233644216427132,,0.0005
777,0.01893448378694685,0.017095978518849926,24.513403440776624,,0.9711453230818451,0.019148914834690185,48.594385986525324,,1.3871497649926063,0.00046829195673574756,,0.0005
778,0.018614691142973146,0.016943823203052346,22.278236288773385,,0.9705019952383593,0.01913589841114656,54.374374424158574,,1.3862068536571361,0.0005239922612137137,,0.0005
779,0.019012410193681717,0.017044229972127237,26.242402428074886,,0.9742279024047127,0.019208983003127313,61.267200459731434,,1.391501110562338,0.0005904167035872127,,0.0005
780,0.01890137379890994,0.017009470219674864,25.22538064655505,,0.9783488955930751,0.019290805074072156,51.565628692660326,,1.3974283115271013,0.0004969250803475697,,0.0005
781,0.019121302977988596,0.01712893243683012,26.564938996967516,,0.9797871392904011,0.01931874132229552,59.05432121473298,,1.399452016812354,0.0005690917391777932,,0.0005
782,0.01904025281730451,0.017019287928154592,26.94620011982165,,0.9828019172267429,0.019378249148779614,58.10306896486936,,1.4037627711415284,0.0005599247589105368,,0.0005
783,0.0196941590034648,0.01697967544590172,36.19311463205438,,0.9762198615550799,0.01924836316501209,59.56070658183854,,1.39435381437221,0.0005739716484432372,,0.0005
784,0.019668610472428173,0.01718897274450252,33.061831524497585,,0.9902282998392753,0.019524695319314757,58.23364065693439,,1.4143713498936714,0.0005611830456844119,,0.0005
785,0.01918848270648404,0.017216967614857775,26.286867041336862,,0.9637662388933094,0.019002964737350962,56.123208786694875,,1.3765771218442864,0.000540845341029681,,0.0005
786,0.018993924322881196,0.016944346557322302,27.327701568603516,,0.9669602108762216,0.019066125644090007,53.0804270710098,,1.3811525057600926,0.0005115228138564181,,0.0005
787,0.018520239642576167,0.016885708772430296,21.793745040893555,,0.9676441640214458,0.019079551716242624,54.16748550988438,,1.3821250920915926,0.0005219985244368098,,0.0005
788,0.018756715678854993,0.016965043485948916,23.888960788124486,,0.9646844537036164,0.01902143019956568,49.8508831861894,,1.3779147622167434,0.00048040050632060775,,0.0005
789,0.018943351644434427,0.01701343966353881,25.732157857794512,,0.9668377699579633,0.019063491137974755,56.937137517674046,,1.3809616618104386,0.000548688968854907,,0.0005
790,0.018704112717195562,0.016948158215535313,23.4127254486084,,0.966804043587112,0.019063153264255076,51.19749822748361,,1.3809371861962902,0.0004933774990298544,,0.0005
791,0.018498514631861133,0.016825369510211442,22.30860178094161,,0.9716645655292284,0.01915892264912671,52.66398901768264,,1.387874732311306,0.0005075097043810585,,0.0005
792,0.018407153357800684,0.016821015528158137,21.14850425720215,,0.9605035172906297,0.01893886003707344,51.93960720858264,,1.371933369407527,0.0005005290178692199,,0.0005
793,0.018545005176412433,0.016790459030552915,23.393950713308232,,0.9687869905388503,0.019102055202043368,54.76167136796344,,1.383755247393316,0.0005277245450973385,,0.0005
794,0.01856062580880366,0.016870353272870967,22.536964416503906,,0.9581443728446201,0.018892098276716944,56.10939360134217,,1.368545941689083,0.0005407122075400784,,0.0005
795,0.01864310118712877,0.016867492642057568,23.674781096609014,,0.9673099442294257,0.01907302924437508,52.96454801293038,,1.3816526034207546,0.0005104061163253955,,0.0005
796,0.018419573573689712,0.016792224180933676,21.697989413612767,,0.9683901153837448,0.019094461014264503,50.6840788616268,,1.3832051234889744,0.0004884298048758469,,0.0005
797,0.01849138707314667,0.016854200610204748,21.829150852404144,,0.9677522763504113,0.019081905020158493,50.286782272388926,,1.3822955657190559,0.00048460115690753566,,0.0005
798,0.018346460143986502,0.016783283778319235,20.84235251577277,,0.9631477838618038,0.01899110315009642,50.25102325243769,,1.3757178669927912,0.0004842565561664427,,0.0005
799,0.018212724771154553,0.01673636732524947,19.684764460513467,,0.9608674142560278,0.018945998486191797,52.60368582481584,,1.3724504795467922,0.0005069285775777929,,0.0005
800,0.018481273498190075,0.016770796507204835,22.806358638562653,,0.9618358796322994,0.018965021169840997,53.939365254990065,,1.3738284851090559,0.0005198001865348732,,0.0005
801,0.018721549624675198,0.016843201788632495,25.04463587309185,,0.9872891618288422,0.01946605895707486,70.06326333423391,,1.4101237245424039,0.0006751821638651471,,0.0005
802,0.01889943605975101,0.016827245095842762,27.629213333129883,,0.9607322678230932,0.01894317303293208,55.41476357984595,,1.3722458033623166,0.0005340182315720713,,0.0005
803,0.018482411868478123,0.01674879533483794,23.114886032907588,,0.9588373660128259,0.018906138693273677,49.547882405838635,,1.3695630312053928,0.0004774805635032983,,0.0005
804,0.018602257692500165,0.016819796377890987,23.766149119326943,,0.9626158981258994,0.018980463775814926,52.88558313976712,,1.3749471494006116,0.000509645151571622,,0.0005
805,0.018487609922885895,0.016753460476665122,23.121992412366364,,0.9605099377782983,0.0189390260374757,51.248822761821586,,1.3719453944972502,0.0004938721007441418,,0.00025
806,0.01793270420871283,0.01654305632569288,18.528637886047363,,0.9525380392772972,0.01878208109783254,46.57197662688757,,1.3605762836091286,0.0004488025030237885,,0.00025
807,0.017945142266781705,0.01664537279621551,17.330258821186266,,0.9498970080799668,0.018730010171438,46.35954604057375,,1.3568042592445793,0.00044675536253799237,,0.00025
808,0.017777435971718086,0.016513306353437274,16.855056461535003,,0.9512180524708967,0.018755910390931885,49.02082107730528,,1.358680474356211,0.0004724014051633397,,0.00025
809,0.017787608661149677,0.01653827824874928,16.657740040829307,,0.9504987306045549,0.01874183777111261,47.040125995047795,,1.3576610520315697,0.0004533139415204319,,0.00025
810,0.01783953567868785,0.016585716340494782,16.717592640926963,,0.9505956266086056,0.018743748556537744,47.04141649359417,,1.3577994695646942,0.00045332637773249994,,0.00025
811,0.017933784052729607,0.016649241314122553,17.127235914531507,,0.9495429706815289,0.01872294924679956,47.746106491066115,,1.356292764988252,0.0004601172991755603,,0.00025
812,0.017730141156598142,0.01643358058247127,17.287470968146074,,0.9518085750444256,0.01876767464585766,46.93841561722179,,1.3595326784417419,0.00045233378402105166,,0.00025
813,0.01774262617293157,0.016489584194986445,16.7072283092298,,0.9515225364549025,0.01876203852717416,46.8547794946158,,1.3591243973054592,0.00045152780360348217,,0.00025
814,0.017733412941819744,0.016445956388978583,17.16608715057373,,0.9521618306495323,0.018774494568397256,49.50857011389455,,1.3600267144761458,0.0004771017207677739,,0.00025
815,0.017824967048670117,0.01656188325662362,16.841113592448988,,0.9499862122746152,0.018731637533340437,48.67145477273685,,1.3569221455425762,0.0004690346493732932,,0.00025
816,0.017742492062480825,0.01649783909516899,16.59537531200208,,0.9502318427430104,0.018736589179650275,46.78352838643847,,1.3572808434152397,0.00045084117447564005,,0.00025
817,0.01787733747378776,0.01657129613388526,17.41388346019544,,0.9540191343649113,0.018811136133800695,49.25953614018478,,1.3626810340173379,0.00047470184258278014,,0.00025
818,0.017926293768380817,0.01660460513085127,17.62251121119449,,0.9548357453329056,0.01882734349865375,47.44928004379265,,1.3638550975369237,0.0004572568568634966,,0.00025
819,0.017799622428260352,0.01645072358415315,17.98531903718647,,0.9486308744176921,0.018704836837964405,49.942329410530604,,1.3549806998463871,0.0004812817507372923,,0.00025
820,0.017754629205324148,0.01651197402296882,16.56873607635498,,0.9480516660647281,0.01869358621609532,46.929265679961375,,1.3541657034031709,0.00045224560836173007,,0.00025
821,0.017758467185654138,0.01653088898839135,16.367709159851074,,0.9486962938368979,0.01870623917329713,47.9740577866133,,1.355082285191772,0.0004623140088584821,,0.00025
822,0.017763518679298852,0.016462196644983794,17.35096043034604,,0.9501144131886043,0.018734009744798892,51.40771935926848,,1.3570939888347688,0.000495403347554374,,0.00025
823,0.01779971889367229,0.01645687443057173,17.904591209010075,,0.9482712435140054,0.018697786452945866,49.20924402243196,,1.3544699690814324,0.0004742171900091808,,0.00025
824,0.01787922864681796,0.01655518489056512,17.65391650952791,,0.9462748768183421,0.018658481426451858,48.07331451088359,,1.3516227080885839,0.00046327052111157663,,0.00025
825,0.01782655039508092,0.01651141174921864,17.53518124630577,,0.9439717521725358,0.018613125362670235,46.96456354135357,,1.3483371092043228,0.0004525857650330073,,0.00025
826,0.01792763761783901,0.016567553099440902,18.13445954573782,,0.9487400134984014,0.01870702789454411,49.26256826059258,,1.3551394202567009,0.00047473106236959304,,0.00025
827,0.01780790090560913,0.016465165995453532,17.903134195428144,,0.9469586247105272,0.018672028997730978,46.95830233868103,,1.352604095831873,0.000452525427387176,,0.00025
828,0.017809058686620312,0.016492604621146854,17.552717510022614,,0.9498845660531946,0.018729505682545017,50.904522160955686,,1.3567677140066174,0.0004905541618750409,,0.00025
829,0.01791500074690894,0.016530732918334633,18.456900847585576,,0.9437476211539201,0.018608560075146243,49.51244094891107,,1.3480063992100126,0.00047713902303772316,,0.00025
830,0.017732895812705943,0.016446541308572416,17.151391681871917,,0.9489928944857144,0.018712017241132486,49.2213259517868,,1.3555008491422162,0.00047433362054377567,,0.00025
831,0.017638963206033958,0.016409825974781262,16.38849243364836,,0.9436383248473469,0.01860649763681576,47.8818757955686,,1.3478569959216204,0.00046142567404190287,,0.00025
832,0.017790025394213826,0.01649561097943469,17.25885722511693,,0.9471020095709747,0.018674661754341175,50.37674720984873,,1.352794813047164,0.0004854681265326348,,0.00025
833,0.017758080686785672,0.016447687472559903,17.47190957320364,,0.9458629271040205,0.01865033402213852,48.484784749075914,,1.3510325091098894,0.00046723575699366055,,0.00025
834,0.01780323370506889,0.016455161924424925,17.974289894104004,,0.9448129142556754,0.018629636984007037,48.30988403503861,,1.3495332131013176,0.00046555028251037925,,0.00025
835,0.017793626377457065,0.016473938122783836,17.595844921312835,,0.9457956895118633,0.018648849051578677,51.27356165381452,,1.3509249376584054,0.0004941105032654137,,0.00025
836,0.01779979604639505,0.016454661166981646,17.93512971777665,,0.9486589752178503,0.018705377386512,50.181212670879624,,1.3550198572502004,0.0004835838090337234,,0.00025
837,0.01779575989042458,0.01646496164367387,17.74397217599969,,0.9456164488069274,0.01864543714896563,49.118737329698625,,1.3506777790100577,0.0004733449996238649,,0.00025
838,0.017711651854609187,0.016433279716262694,17.044962230481598,,0.9463383881262312,0.01865967013218114,49.19205770427136,,1.3517088180790067,0.0004740515697549658,,0.00025
839,0.017670153297091786,0.01639321387598389,17.025858477542275,,0.9481415116306126,0.01869526613795896,48.541130723127466,,1.3542873971512748,0.0004677787490678911,,0.00025
840,0.017620732811720746,0.01639347797945926,16.363393883956107,,0.9456895997019409,0.018646966380077633,47.59903795845479,,1.3507885567014282,0.0004587000364709773,,0.00025
841,0.01775347465943349,0.016447353863010283,17.414946204737614,,0.9460828096963815,0.01865457332657765,50.18507264885588,,1.351339604849112,0.0004836210066770882,,0.00025
842,0.017761315170087312,0.01636327107093836,18.640587957281817,,0.9463294369109881,0.018659402112746786,50.79686479599768,,1.351689402717949,0.0004895166947464886,,0.000125
843,0.01763145419719972,0.016415073046166646,16.218415461088483,,0.9400595669844147,0.018535943118386317,47.510651570710834,,1.3427460178581918,0.0004578482789350986,,0.000125
844,0.0175719634678803,0.016428543303750064,15.245600298831338,,0.9409643078512383,0.018553792228191743,47.38843110461206,,1.344039009585695,0.00045667047083935644,,0.000125
845,0.017529489227423544,0.016391677487837642,15.170818178277267,,0.9404125738950544,0.0185428003923404,49.339645683060276,,1.3432427596336924,0.00047547383823258167,,0.000125
846,0.017509716611943747,0.016319050943773044,15.87554349397358,,0.941127858798088,0.018556996238940943,47.7625861759036,,1.3442711085216483,0.0004602761097809886,,0.000125
847,0.01754663992477091,0.016349847624568564,15.957229764837967,,0.9395889341341311,0.01852661736649504,48.291753783521344,,1.342070459234842,0.0004653755658062422,,0.000125
848,0.017478930518815394,0.016325343351222966,15.381161238017835,,0.9400440553358169,0.018535567652528548,48.7308093521417,,1.342718819064899,0.0004696066346256314,,0.000125
849,0.017523707037693577,0.016340042317384167,15.78219539240787,,0.9382075963287969,0.018499444952401835,47.089179274030656,,1.3401020861886896,0.0004537866557143216,,0.000125
850,0.017483045886221685,0.016333483551677904,15.327495574951172,,0.9404593491563816,0.018543763012686475,48.634921683624235,,1.343312491970922,0.0004686825891210885,,0.000125
851,0.01738272293617851,0.01623498609191493,15.303158509103875,,0.9385695377969876,0.018506570020250777,47.31156035538091,,1.340618226987139,0.0004559296866347123,,0.000125
852,0.017489872578727573,0.016342006035541232,15.30488731986598,,0.9399993422811362,0.018534747256870262,47.65424986802414,,1.342659389501688,0.00045923209984913207,,0.000125
853,0.017435682643400997,0.016295013949275017,15.208913100393195,,0.9381661053674626,0.018498641191485008,46.83536514637188,,1.3400438616482124,0.0004513407123800142,,0.000125
854,0.017477745386330706,0.016336242178160893,15.220039769222861,,0.9408143377895865,0.018550833641448758,47.40718282943621,,1.3438246891951837,0.0004568511765264806,,0.000125
855,0.017479531712045793,0.016358859248851474,14.942298939353542,,0.9398927716807385,0.01853266702943607,47.27851908367403,,1.3425086975684175,0.00045561127615443696,,0.000125
856,0.017508233652303095,0.016368917091504523,15.190886447304173,,0.9375128719722817,0.01848573217918212,47.305067452039076,,1.3391087311963394,0.00045586711614742007,,0.000125
857,0.0174191522559053,0.01625853566158759,15.47488754674008,,0.9387616191689824,0.018510275529365152,48.758138690178264,,1.3408866545268485,0.00046987000062821834,,0.000125
858,0.01747493788992104,0.016276779780654532,15.975439774362664,,0.9392252109580169,0.018519464430630427,47.94188360746486,,1.3415522996738818,0.0004620039543325546,,0.000125
859,0.017411272727737303,0.0162671553951345,15.254896916841206,,0.9391504414673921,0.018518000632266732,47.75403461367179,,1.3414462619389123,0.0004601937005123172,,0.000125
860,0.017304922356025168,0.016177541870427758,15.031740790919253,,0.9379673384317754,0.018494685534997043,47.4638055133374,,1.339757313401743,0.00045739683518439777,,0.000125
861,0.01741938028288515,0.01631125685219702,14.774978085568076,,0.9380910527700893,0.018497151744577233,46.99946116671101,,1.3399359659295293,0.00045292206472961416,,0.000125
862,0.01744680557596056,0.016321277883099884,15.007031390541478,,0.9400523512657524,0.01853577858862008,47.90057244183755,,1.3427340993015247,0.0004616058489507516,,0.000125
863,0.017443902839563395,0.016306295745859022,15.168091623406662,,0.9354298115598803,0.01844467965156234,46.832820196063565,,1.3361348810052591,0.00045131618732973354,,0.000125
864,0.017394747487024256,0.01623172744324333,15.50693486866198,,0.9412307019622894,0.01855906828473548,46.99250851896722,,1.3444212077759277,0.0004528550638003847,,0.000125
865,0.01737399281639802,0.016241786119184996,15.096089061937834,,0.9381553635499229,0.018498375072656066,47.78747005445581,,1.3400245839672464,0.0004605159095015081,,0.000125
866,0.017543308044734755,0.01634208554107892,16.0163002516094,,0.9383834652277947,0.01850285948779038,48.03152397937739,,1.340349435555621,0.00046286779620056544,,0.000125
867,0.017383859443821405,0.016221725283876845,15.49512115277742,,0.9382083014184781,0.01849936966183693,48.65365211948721,,1.3400966321308323,0.00046886308965181275,,0.000125
868,0.017429985400093228,0.01626084362597842,15.58855598851254,,0.9368094742280086,0.018471765869941207,48.967826114756555,,1.3380970100231768,0.0004718907059497317,,0.000125
869,0.017433283801533674,0.01626715024835185,15.548445902372661,,0.938518821535922,0.018505532655597196,47.96410254965673,,1.3405430801630056,0.000462218072727188,,0.000125
870,0.017441805354074427,0.016235960892548685,16.077923423365544,,0.9382272001282799,0.01849973607167286,48.76391337048001,,1.3401231749047802,0.000469925649779517,,0.000125
871,0.017512546656163114,0.01634195481279963,15.607893391659385,,0.936478375107629,0.018465292752707547,47.97865106249107,,1.337628096608137,0.0004623582731105137,,0.000125
872,0.017428900948480555,0.016297754733578154,15.081949033235249,,0.9343051547001293,0.018422462966451232,47.493048717492336,,1.3345255015810549,0.0004576786446365994,,0.000125
873,0.017386945356663904,0.016256808303296566,15.06849143379613,,0.93589247361074,0.01845377212191614,47.38635222695435,,1.3367935406851081,0.00045665043721476424,,0.000125
874,0.017383595340346034,0.016221265406592897,15.49773100802773,,0.9356305762684292,0.01844858891283533,47.709169783925475,,1.336418068376603,0.0004597613493572611,,0.000125
875,0.017391662456487354,0.016233604254299087,15.44077582108347,,0.9357994631797485,0.018451853965164026,48.85836579129122,,1.3366545891721433,0.0004708358641605028,,0.000125
876,0.017416405442513917,0.016249276599601695,15.561715728358218,,0.9345115006548537,0.018426471627683547,48.55648226405674,,1.3348158894977773,0.00046792668803233593,,0.000125
877,0.017445606277569345,0.016282246840235434,15.511458346718236,,0.9364861539639272,0.018465431612820094,48.23375976847683,,1.337638155651908,0.0004648166919727157,,0.000125
878,0.017350770287999983,0.01620587456579271,15.265273746691252,,0.9352346208876343,0.018440773479328654,47.830337815285205,,1.3358519174043053,0.00046092901540236765,,0.000125
879,0.01742351006128286,0.01626372655951663,15.463780804684287,,0.9365405478776518,0.018466450440275086,49.17844985657011,,1.337711959639077,0.0004739204343265081,,0.000125
880,0.017425911844168838,0.016254135652592306,15.623683979636745,,0.9345494725832519,0.01842724934267718,48.04991072690656,,1.3348722272683489,0.00046304498469268527,,0.000125
881,0.017348949454332654,0.016213718360584033,15.136414728666606,,0.9351194429469362,0.018438476190683513,48.28456124634614,,1.3356855015299993,0.00046530625312249716,,0.000125
882,0.017412533885554263,0.016262757297801345,15.330358053508558,,0.9359070393430902,0.01845399336394051,48.54406359959151,,1.3368095674847864,0.0004678070124656135,,0.000125
883,0.017412732257262656,0.016233994429440873,15.716503996598092,,0.9355263284337422,0.018446421100896802,49.67309647372495,,1.3362610318109782,0.00047868722019153346,,6.25e-05
884,0.01731321431304279,0.016142467232911212,15.609961007770739,,0.9336677213175777,0.0184098653793809,47.965599461286324,,1.3336129308116436,0.000462232498090568,,6.25e-05
885,0.017304352631694393,0.016186007984766836,14.911260655051784,,0.9328703595135465,0.018394139600977508,47.98716004566284,,1.3324737534741855,0.00046244027205542154,,6.25e-05
886,0.01732699955372434,0.016232502401659365,14.593293792323061,,0.9333922299284428,0.01840447133605316,47.28425915599853,,1.3332221856441482,0.00045566659179730547,,6.25e-05
887,0.017237969772203973,0.016154590356898934,14.445056463542738,,0.9328958613809372,0.018394680665414297,47.31802885474783,,1.3325129482490758,0.00045599202194699544,,6.25e-05
888,0.01721946302017099,0.016134617310997686,14.464609246504935,,0.9344644945705903,0.018425615310508958,47.316825536387924,,1.3347538577754712,0.00045598042586860295,,6.25e-05
889,0.017298235214854542,0.01621105585639414,14.495725230166787,,0.93222997130403,0.018381538584892075,47.49778616951005,,1.3315609343064951,0.0004577242982780701,,6.25e-05
890,0.01717290669483574,0.016087142897671776,14.476845138951353,,0.9346409080841337,0.018429090666751972,47.380763939306554,,1.3350056130126413,0.00045659658428290264,,6.25e-05
891,0.017307394135155175,0.016205258422384138,14.69514048726935,,0.9321664299672331,0.01838032161858248,46.864341798792395,,1.3314727771161303,0.0004516199531397476,,6.25e-05
892,0.017277303985074946,0.01618909232906605,14.509487403066535,,0.9328951056193915,0.01839465570237696,47.494459812654654,,1.3325111399235559,0.000457692243008125,,6.25e-05
893,0.01722045826088441,0.016141647767079503,14.384140918129368,,0.932756822749895,0.01839192334100721,47.58783430635532,,1.3323132073271322,0.00045859206967486014,,6.25e-05
894,0.017325039119704774,0.016245371269944468,14.3955717086792,,0.931831455972162,0.0183736842915598,47.415066771863266,,1.3309919683236129,0.0004569271521098943,,6.25e-05
895,0.01730454923879159,0.016216914414575224,14.50179682279888,,0.9327103824714377,0.018390969567438614,48.253257266047555,,1.33224411585156,0.0004650045844854717,,6.25e-05
896,0.017241729962590494,0.016151738990294307,14.533211808455619,,0.9331170679477381,0.018399050516854202,47.1865048122662,,1.3328295008292217,0.00045472455761009454,,6.25e-05
897,0.01730389236227462,0.016220860134222005,14.44042928595292,,0.9320323199977261,0.018377616370837676,47.9255460057845,,1.33127680863406,0.00046184651294701296,,6.25e-05
898,0.017248669688246752,0.016156348546868878,14.56428091149581,,0.9321989897602169,0.018380873844076405,48.440770447023084,,1.3315127803993836,0.00046681160216148726,,6.25e-05
899,0.017165860847422953,0.016078952062678963,14.49211647636012,,0.9333733737208468,0.018404052869553524,48.101764349023014,,1.3331918718790268,0.0004635446850937045,,6.25e-05
900,0.017263711528166345,0.016174125289054292,14.527814262791685,,0.9321168956150397,0.01837932942478661,47.1334148486242,,1.3314009024745306,0.00045421294289468616,,6.25e-05
901,0.01729369550747307,0.01620381815653098,14.531696570547004,,0.9322872115773941,0.018382667767081917,47.49142333031744,,1.3316427324043403,0.0004576629811864882,,6.25e-05
902,0.01735944462645995,0.016253686951179253,14.743432797883687,,0.9316399165209679,0.018369927761633882,47.05083414152278,,1.3307198448299888,0.000453417133252645,,6.25e-05
903,0.017267756850311632,0.016181566948561293,14.482531045612536,,0.9321887838714732,0.018380736656807707,47.31681449276539,,1.3315028425366287,0.00045598031944397174,,6.25e-05
904,0.017174401516584975,0.016083579804552228,14.54428808312667,,0.9320754429895445,0.018378501816678917,47.31113667900039,,1.3313409504405902,0.00045592560377128626,,6.25e-05
905,0.017231252730677004,0.016142349298063078,14.518709885446649,,0.9323711088285976,0.01838429550266145,47.961116305354196,,1.3317606457715523,0.00046218929503693976,,6.25e-05
906,0.017181727348973875,0.01609942870900819,14.430644989013672,,0.9319336376226953,0.01837569076980081,47.56621652882454,,1.3311373178561847,0.0004583837445538683,,6.25e-05
907,0.017327118664979935,0.016229844112929544,14.630328027825607,,0.9309270198459678,0.018355816762325172,47.965770085463056,,1.3296976422903741,0.0004622341423531297,,6.25e-05
908,0.01718201645110783,0.016096821495969044,14.46926438181024,,0.9315593061809986,0.01836830846471274,47.57006480634799,,1.3306025427602368,0.0004584208294428927,,6.25e-05
909,0.01724414248019457,0.01615520135352486,14.519218595404373,,0.9313069423231723,0.01836332698089783,47.652269502391945,,1.3302416834550062,0.0004592130155603171,,6.25e-05
910,0.01734391903798831,0.016247914172708988,14.61340025851601,,0.9303611866982734,0.01834463925302793,48.29678206306789,,1.3288879421309279,0.0004654240220799467,,6.25e-05
911,0.01720293008379246,0.016093660489116843,14.790260867068643,,0.932383094872883,0.018384528092025988,48.02748812751228,,1.3317774945739596,0.0004628289037044748,,6.25e-05
912,0.01717166578103053,0.01607249780116897,14.655572439494886,,0.9332687189716025,0.018401945079267113,48.87217052386525,,1.333039183289324,0.0004709688969192889,,6.25e-05
913,0.017249114321250664,0.01617484422106492,14.323598861694336,,0.9310684039251759,0.018358628679141335,47.54970908608206,,1.3299013378932003,0.00045822466645244474,,6.25e-05
914,0.017198273372885427,0.016088333520057955,14.799199254889237,,0.9315509271294498,0.018368119464096343,47.986805613679216,,1.33058885153215,0.0004624368564829481,,6.25e-05
915,0.017216560920994533,0.016109596006572247,14.759531322278475,,0.9310322725210884,0.018357887625981662,48.04987211840825,,1.3298476559104269,0.0004630446126322332,,6.25e-05
916,0.01731168101296613,0.01619525758647605,14.885646117360968,,0.9313631610718646,0.018364412919129797,48.05105489906609,,1.3303203489551807,0.00046305601079392206,,6.25e-05
917,0.01722322850439109,0.01612815731450131,14.6009454225239,,0.931628079797727,0.01836952677351934,49.98979756732337,,1.330690797201251,0.0004817391895046694,,6.25e-05
918,0.01718345774631751,0.016072221737551063,14.816480686790065,,0.9297814437177792,0.018333220489057233,48.04797551570065,,1.328060765453022,0.0004630263355457948,,6.25e-05
919,0.017288960271367903,0.01620913615548297,14.397654985126696,,0.9297325309832587,0.01833223713389127,48.37703685948218,,1.3279895310828689,0.00046619741750181086,,6.25e-05
920,0.017288748419990663,0.0161899215492763,14.651022810685006,,0.9305429453062635,0.018348257264298465,47.70743346904023,,1.3291500313159803,0.0004597446169245199,,6.25e-05
921,0.017210224937451512,0.016109761291820752,14.67284829992997,,0.9304254846594219,0.018345899816233236,48.42725921746146,,1.3289792574858237,0.00046668139781790176,,6.25e-05
922,0.01721312625235633,0.016098017804324627,14.868113768728156,,0.9296507368323605,0.018330632144840233,48.235831998193085,,1.3278732654770011,0.000464836661532757,,6.25e-05
923,0.01726398068039041,0.01615444619796778,14.79379257402922,,0.930368813900601,0.018344835490536435,47.49304420235309,,1.3289021576003763,0.0004576786011253306,,6.25e-05
924,0.017283674329519272,0.016178928511707408,14.729943024484735,,0.9291496540157927,0.018320730055097864,48.593217194607725,,1.3271559568682554,0.0004682806933800533,,6.25e-05
925,0.01724187907223639,0.016144950629064913,14.625714653416685,,0.9311181947567619,0.01835958241715691,48.04385959956314,,1.329970426793307,0.0004629866714903147,,6.25e-05
926,0.017163805418500776,0.016068423509989913,14.605091797678094,,0.9307152234115964,0.01835164837320693,47.81862602571403,,1.3293956836657896,0.00046081615181239074,,6.25e-05
927,0.017240125587896296,0.01615083291146316,14.523901839005319,,0.9304024318669725,0.018345466544861844,48.052848714283726,,1.3289478712539566,0.00046307329734300047,,6.25e-05
928,0.01723789948185808,0.016127934630372022,14.799531284131502,,0.9297962269271538,0.018333525525115097,47.81117870058901,,1.3280828623028766,0.0004607443838008305,,6.25e-05
929,0.017204803610710723,0.016110489144921303,14.59085820850573,,0.9294293090068756,0.018326250263886512,48.50181871067756,,1.3275558414773827,0.0004673999090257823,,6.25e-05
930,0.017294623349842272,0.016186465656286793,14.775438057748895,,0.9301358474992157,0.018340170401229882,48.735285976935906,,1.3285642179525625,0.0004696497747403153,,6.25e-05
931,0.017194702388032487,0.0160854695070731,14.789768771121377,,0.9290970066553914,0.01831970612467289,48.34216176393385,,1.3270817832213082,0.00046586133491934544,,6.25e-05
932,0.017152905464172363,0.016068763932899424,14.455217562223735,,0.9295575012407876,0.018328827237802017,47.64358226261505,,1.3277425177873534,0.00045912929880104203,,6.25e-05
933,0.017161922431305834,0.016064605528586788,14.630893456308465,,0.9272266369881913,0.01828283378014639,48.11953464996887,,1.324410746011826,0.00046371593304411643,,6.25e-05
934,0.01720222933708053,0.01611624545368709,14.47978371068051,,0.9307748339927258,0.018352704762431806,49.90892428519392,,1.3294722086322266,0.0004809598338904932,,6.25e-05
935,0.01713802881146732,0.016045504739802135,14.566987138045462,,0.9295842065093748,0.018329327654392373,48.1036615311975,,1.327778768027208,0.00046356296776432044,,6.25e-05
936,0.017119617103353926,0.016044951926328634,14.328868815773411,,0.9281314689544515,0.01830070087570819,47.713358200927274,,1.3257050406297515,0.00045980171208545654,,6.25e-05
937,0.01716033094807675,0.01606203306858477,14.643969686407791,,0.9298594945983331,0.018334650449830313,49.96435654576961,,1.3281643519887318,0.0004814940207362427,,6.25e-05
938,0.017198162839600916,0.01610705815255642,14.548059614081131,,0.9287102493442072,0.018312098768942752,47.99527562049739,,1.3265307054289437,0.0004625184798224743,,6.25e-05
939,0.017146981517343146,0.016064133691160304,14.437969860277677,,0.9293652666682563,0.018324989875483578,48.45669489336341,,1.3274645387851924,0.00046696506207224146,,6.25e-05
940,0.017217449353713738,0.016117947470200688,14.66002399043033,,0.9269397376524772,0.018277216799729788,47.40248613540523,,1.3240038512539705,0.00045680591565954495,,6.25e-05
941,0.017234901015303637,0.01615339409756033,14.42009182980186,,0.9292856372388468,0.018323421626409084,48.41985009960702,,1.3273509346277812,0.00046660999800026223,,6.25e-05
942,0.017180447123552624,0.016073934390748803,14.753505355433413,,0.9277799973098116,0.01829373770225758,48.27286877107378,,1.3252006274815913,0.00046519357565959234,,6.25e-05
943,0.017143293774049533,0.01606381111043064,14.393102696067409,,0.9302174384000521,0.018341810102994405,48.19733195234239,,1.328682998151699,0.00046446564620989983,,6.25e-05
944,0.01719286836879818,0.01610338388893165,14.526460145649157,,0.9282040649492564,0.01830207601223685,48.70451265519579,,1.3258046556903975,0.000469353219927236,,6.25e-05
945,0.017128781660606985,0.016038141654510247,14.541862487792969,,0.9287018277265306,0.018311946883461373,47.74629974099772,,1.3265197028258395,0.00046011916147686887,,6.25e-05
946,0.017194956443027445,0.016100584186221425,14.5916300823814,,0.9289538033097527,0.018316861743131324,48.69836775888469,,1.3268757358697483,0.0004692940030967515,,6.25e-05
947,0.01722497120499611,0.01610848640925006,14.886465524372301,,0.9287780844683977,0.018313457457012988,47.62815724998692,,1.326629128961222,0.00045898065180819184,,6.25e-05
948,0.017088669450267366,0.015996730984433702,14.559179105256733,,0.9277865151600962,0.018293870818705028,48.192540830996535,,1.3252102704535502,0.0004644194753705228,,6.25e-05
949,0.017257828412479477,0.016141241612403018,14.887823656985635,,0.9264384233373616,0.018267294691783176,48.030912321738995,,1.3232850925240272,0.00046286190180872325,,6.25e-05
950,0.017135948138801677,0.01602324010118058,14.8361076555754,,0.926817778937125,0.018274766130894883,48.201515061230296,,1.3238263244996995,0.0004645059577851279,,6.25e-05
951,0.017092976179954252,0.01598376231758218,14.789515896847373,,0.9281255280376643,0.018300566411208582,48.01689093263927,,1.325695300004727,0.00046272678118512933,,6.25e-05
952,0.017133266272905626,0.01604045956934753,14.570757113004985,,0.9276383283808476,0.018290959359717446,48.00151370630929,,1.3249993640034836,0.0004625785946968952,,6.25e-05
953,0.017080213825561498,0.015974062151814763,14.74868729240016,,0.9264201860855975,0.01826691797157028,48.330290388499236,,1.3232578028650936,0.00046574693344027414,,6.25e-05
954,0.017160604854947643,0.0160740948723335,14.486797081796746,,0.9278013729530227,0.018294160495115827,48.250947915674594,,1.3252312546486669,0.0004649823298529048,,6.25e-05
955,0.01715214398542517,0.01604818395878139,14.719468417920565,,0.9264143069941599,0.018266788283767585,48.57142593955671,,1.323248408264586,0.00046807069649954127,,6.25e-05
956,0.017160191249690558,0.01606759453486455,14.567954163802298,,0.9273119427878953,0.018284433441058293,49.56886672784017,,1.3245266256466341,0.00047768278417161984,,6.25e-05
957,0.01724554975762179,0.01614089349382802,14.728746062830874,,0.9293731865771492,0.01832506745625578,49.835422610297975,,1.3274701587459503,0.0004802515166134744,,6.25e-05
958,0.017234074147908313,0.016115929294181496,14.908597695200067,,0.9277065891436197,0.018292311709350115,47.892798017135306,,1.3250973283785588,0.00046153092876228955,,6.25e-05
959,0.017183443874512847,0.01607655150521743,14.758565250195955,,0.9274139815099118,0.018286544324457792,47.83932909276734,,1.3246795383018326,0.00046101566209704614,,6.25e-05
960,0.017163506660022233,0.01606509432588753,14.645495464927272,,0.9271116227589906,0.018280554475776242,48.31494445338118,,1.3242456329206305,0.00046559904849763145,,3.125e-05
961,0.017079560527283894,0.0160065809460847,14.306391414843107,,0.9262941758340637,0.01826445518545003,47.94043586671038,,1.3230793983331697,0.00046199000281661306,,3.125e-05
962,0.017153085601565084,0.01609840150922537,14.06245588001452,,0.9257257501648309,0.01825323165313353,48.1819355505126,,1.322266364260502,0.00046431727493216493,,3.125e-05
963,0.017131392745987364,0.01608160956713714,13.997107957538805,,0.9259570757645971,0.018257799302341213,48.081226387558644,,1.3225972453354715,0.00046334676589035906,,3.125e-05
964,0.017103373122058417,0.016045960107524144,14.09884242007607,,0.9246714643936215,0.018232451110577558,47.99369242025637,,1.3207610191810661,0.00046250322291730475,,3.125e-05
965,0.017178729274555257,0.016113104445761757,14.208330555966025,,0.9261167646377285,0.018260920223451202,48.57687570845136,,1.3228233252476576,0.0004681232145607869,,3.125e-05
966,0.017160920769368346,0.016101901027324953,14.12026219618948,,0.9263155598840859,0.01826484552839663,48.490588833150646,,1.323107674824622,0.0004672916895017731,,3.125e-05
967,0.017104365960939935,0.016037529432459882,14.224487455267655,,0.9259193673722991,0.018257032311769138,48.49085002747098,,1.3225416844433275,0.0004672942065661803,,3.125e-05
968,0.01720004940503522,0.016112911514937878,14.49517129596911,,0.926017725253969,0.0182590048713142,47.91429364168095,,1.322684576901359,0.00046173807672548285,,3.125e-05
969,0.017071975493117383,0.01599835481886801,14.314940352188913,,0.9255042088750722,0.01824887118139612,48.03316118229169,,1.3219504911471678,0.00046288357351600523,,3.125e-05
970,0.01714636498179875,0.01608687247100629,14.126564879166452,,0.9269555242509806,0.018277413962357606,49.40484127428081,,1.3240181337391768,0.0004761021118564459,,3.125e-05
971,0.017016818452822536,0.015957639895771678,14.122382716128701,,0.9256211457665885,0.018251173709297835,48.09545978645122,,1.3221172865538695,0.0004634839295993574,,3.125e-05
972,0.017127497513827524,0.016072969883680344,14.060369340996994,,0.9254310934821661,0.018247449373746207,47.680951440153,,1.321847495224711,0.00045948941622851004,,3.125e-05
973,0.017067018700273412,0.016014996621953815,14.026958867123252,,0.9259396739390257,0.018257459012497278,48.030594301361226,,1.3225725946969829,0.00046285883712579817,,3.125e-05
974,0.016989033179063546,0.01594110161654259,13.972420341090151,,0.926684871107942,0.018272086844634838,49.22317727302531,,1.323632236670804,0.0004743514612640096,,3.125e-05
975,0.017003220751097326,0.015943915338108416,14.124067858645791,,0.9258272054478395,0.01825524344988473,47.988550415782356,,1.3224120990666115,0.00046245367070488766,,1.5625e-05
976,0.017106474279180953,0.016070100821946796,13.818309733742161,,0.9252384419292502,0.018243626537430488,48.09504774529555,,1.3215705684879882,0.0004634799588616862,,1.5625e-05
977,0.017072741873562336,0.016036029071792177,13.822837729203073,,0.9250238809927065,0.01823940131198887,47.98856713347791,,1.3212644926330912,0.00046245383180914287,,1.5625e-05
978,0.017035266286448428,0.015995700157394533,13.860884967603182,,0.9253061861289733,0.018244966548682445,48.02406698724292,,1.3216676390692346,0.00046279593503045037,,1.5625e-05
979,0.01698578830416265,0.015948038156095305,13.836669620714689,,0.924897643714445,0.01823689870166724,48.21869421114278,,1.3210832032310813,0.00046467150896072675,,1.5625e-05
980,0.01709371873814809,0.01605396570735856,13.863374208149157,,0.9244294526646113,0.01822768312082019,47.91202915372544,,1.320415625411836,0.0004617162544208244,,1.5625e-05
981,0.017068465877520412,0.016026832800554603,13.888439078080026,,0.924885677701042,0.018236684510992637,47.83654114559851,,1.3210676872320544,0.000460988795346732,,1.5625e-05
982,0.0170176859552923,0.015982562430987234,13.801645379317435,,0.9243312377275215,0.01822572091387131,48.35644702132055,,1.3202734828971554,0.000465998998375695,,1.5625e-05
983,0.017042528837919235,0.016006269345158024,13.816792488098145,,0.9242908269304807,0.018224966888301997,47.6039101217338,,1.3202188611914192,0.0004587469882912163,,1.5625e-05
984,0.017010464578082685,0.01597036475217656,13.867997922395405,,0.9248778517887243,0.01823650152624418,48.33909444963497,,1.321054431794187,0.0004658317759777972,,1.5625e-05
985,0.017016366761373847,0.01598227847563593,13.78784505944503,,0.9242129259525289,0.01822341953885047,47.79835753455552,,1.320106771005287,0.00046062082942705733,,1.5625e-05
986,0.017012526330194976,0.015966712252089853,13.944185758891859,,0.9248215370208659,0.018235416369808397,47.893383636307746,,1.320975822927425,0.00046153657222794094,,1.5625e-05
987,0.016977364393441302,0.01593537226711449,13.893228681463944,,0.9249361561178008,0.018237671647741184,47.98271796058407,,1.3211391955405192,0.0004623974647913458,,1.5625e-05
988,0.017096064494628655,0.01606015763000438,13.81209037178441,,0.9247718433470575,0.01823444027227381,47.82502196543567,,1.3209051143009884,0.00046087778788550087,,1.5625e-05
989,0.01709026117858134,0.01605295321266902,13.830773202996506,,0.9248872497330918,0.018236717781586587,47.79674345646574,,1.3210700973580056,0.00046060527495977386,,1.5625e-05
990,0.01704827617657812,0.01600767304434588,13.874707824305483,,0.9246629190529976,0.018232250193402265,48.561928569423195,,1.3207464647159752,0.0004679791727164257,,1.5625e-05
991,0.01712062111810634,0.016077085447154547,13.913806614122892,,0.9242442820876827,0.018224008080647402,48.32146148802995,,1.320149405046033,0.0004656618515322995,,1.5625e-05
992,0.01702245638558739,0.015985532957864434,13.825644844456724,,0.9241533813203631,0.01822221306808984,48.363275463295004,,1.3200193741137909,0.0004660648023649575,,1.5625e-05
993,0.017046024091541767,0.01600819267332554,13.837750786229185,,0.9238130797528114,0.018215526324215484,47.937966527729316,,1.3195349855584104,0.00046196620641380214,,1.5625e-05
994,0.017049088927083893,0.016011183003061695,13.838743611385947,,0.9242831892655694,0.018224799982408654,47.88955746195712,,1.32020677050781,0.0004614997003416707,,1.5625e-05
995,0.017066391184926033,0.01603039545252135,13.813274534125076,,0.9241696070790543,0.018222556541781145,47.951264138415624,,1.320044255390578,0.00046209435216565766,,1.5625e-05
996,0.017029423805836,0.01599314730418356,13.81702006490607,,0.9246094689613413,0.018231212496550114,48.274670729924885,,1.3206712938273362,0.0004652109406868318,,1.5625e-05
997,0.017038300731464437,0.016000021543157727,13.843720737256502,,0.9242136721486858,0.018223427101645297,47.92381521631323,,1.320107318855082,0.00046182983376130574,,1.5625e-05
998,0.01707515875367742,0.0160377629983582,13.83194260848196,,0.9238935454042378,0.018217111717254438,47.963356691962126,,1.3196498316267329,0.00046221088508293317,,1.5625e-05
999,0.017007289650408847,0.015972986474241082,13.79070698587518,,0.9244147457011054,0.018227379994996677,48.14169408303509,,1.3203936669395946,0.0004639294779641739,,1.5625e-05
1000,0.01706951327229801,0.016027327136773812,13.895816401431436,,0.9244981529418776,0.018229025804844798,48.124873800985924,,1.3205128896090645,0.00046376738510851286,,1.5625e-05
