epoch,loss_total,loss_data,loss_cont,loss_mom,val_score,val_data,val_cont,val_mom,norm_data,norm_cont,norm_mom,lr
1,12.916837692260742,0.25340937077999115,126634.28515625,,21.27407123431677,0.45124517450371515,46576.527280451584,,30.293466333841305,0.22881600209286004,,0.001
2,4.314798719004581,0.4522451570159511,38625.53608141447,,21.0023583649202,0.445971980639108,30353.948517807436,,29.93946072927172,0.1491195147666632,,0.001
3,2.769673786665264,0.3954980671405792,23741.757504111843,,17.93356436744973,0.381008920861305,19513.9853139912,,25.57829217719451,0.09586614471191549,,0.001
4,1.7347416501296193,0.3496873582664289,13850.543328536185,,16.818468468473547,0.3574723966441177,13379.676841983857,,23.998213443337303,0.06573019379145706,,0.001
5,1.2775478112070184,0.3300344191099468,9475.133943256578,,15.807960341681664,0.3360562380845841,10600.71853408639,,22.560481330108697,0.052078035351926615,,0.001
6,1.1110598601792987,0.31417665983501236,7968.832108347039,,14.915320946073875,0.3171544640986722,7624.930984729161,,21.291547530380306,0.03745891602553983,,0.001
7,0.9125123714145861,0.2985462530663139,6139.661364103618,,14.378096766160285,0.3057625203515891,6348.641892521622,,20.526771564058176,0.03118890439854111,,0.001
8,0.8179916425755149,0.2910813359837783,5269.103181537829,,13.88980158997884,0.295389206799471,5791.833244113635,,19.830379352868157,0.028453476570435992,,0.001
9,0.7303083068446109,0.2782098713674043,4520.984426398027,,13.28016160046649,0.2824278015605213,5423.471695512104,,18.960240644621063,0.026643830772495342,,0.001
10,0.6743076694639105,0.2669125316958678,4073.951531661184,,12.898776940003343,0.27433230452004714,4777.622663783676,,18.416765210626597,0.023470975215750825,,0.001
11,0.6226284111800947,0.2602910046514712,3623.374087685033,,12.46104566313534,0.2650262275004271,4499.755895975463,,17.79201984641512,0.022105902149193,,0.001
12,0.589953457054339,0.2535659506132728,3363.8752569901317,,12.22061875406958,0.2599218744284259,4121.589348527283,,17.449349039768226,0.02024808743940741,,0.001
13,0.5548700862809232,0.24571021136484647,3091.598876953125,,11.805058636508345,0.25108775805201605,3838.4627380098045,,16.856287834554596,0.018857174400429045,,0.001
14,0.5188274101207131,0.23888332122250608,2799.4409693667762,,11.52880978368168,0.2452176745256215,3570.305595327412,,16.462211204529144,0.0175398017042688,,0.001
15,0.48906238298667104,0.2323601285093709,2567.022589432566,,11.251705802467708,0.23933225762288274,3210.844129936111,,16.067105198132907,0.015773879248907913,,0.001
16,0.4620130846374913,0.22633463458011024,2356.7844945004113,,11.028465443407066,0.23458415400212773,3134.800390392,,15.748350504870812,0.015400299991658798,,0.001
17,0.44641288487534775,0.22280159122065493,2236.112972861842,,10.804972188244486,0.229837569911694,2838.7117926110946,,15.429697822318708,0.013945708737966456,,0.001
18,0.42737998146759837,0.2197437639299192,2076.3622532894738,,10.55387831561738,0.2244967958990913,2761.2618450555783,,15.071155356074335,0.013565221217820384,,0.001
19,0.40865010964243037,0.21396790758559578,1946.8220150596217,,10.318554769923384,0.21949526127188945,2567.381384499422,,14.735387065558394,0.012612746775033802,,0.001
20,0.3937839473548688,0.20979567813245872,1839.8827611019738,,10.093390583595722,0.21470770123097588,2444.0815868019313,,14.413983542340295,0.012007013191717913,,0.001
21,0.3802127540111542,0.20575732306430214,1744.554353412829,,9.943312966600873,0.21151905309752211,2285.962137597161,,14.19991985736575,0.011230221482831844,,0.001
22,0.36801972514704656,0.20195586508826205,1660.6386269017269,,9.717790699572786,0.20672399756957954,2158.6969289395693,,13.878013139217714,0.010605007067957127,,0.001
23,0.35382625774333354,0.19790781093271156,1559.1845381887335,,9.526388455564723,0.2026520647654442,2125.2144276260296,,13.604651857401453,0.010440517945689556,,0.001
24,0.34249693312143026,0.193731258574285,1487.6567768297698,,9.382344314684282,0.199591363471241,1981.2438703931957,,13.399177634400925,0.009733235345448885,,0.001
25,0.33035062802465337,0.19005799685653887,1402.9263723273027,,9.170456741523411,0.19508547638730436,1885.028512707642,,13.096683676805814,0.00926055919780524,,0.001
26,0.32157838187719645,0.18503563184487193,1365.4275159333881,,9.04055478698673,0.19232651224808542,1715.68881967971,,12.91146599030174,0.008428645918376481,,0.001
27,0.3108902401045749,0.1824718878457421,1284.1835616262335,,8.860104461696489,0.18848688657673207,1706.0070880632393,,12.653700195603504,0.008381082580120762,,0.001
28,0.3042580501029366,0.18014406922616458,1241.1398411800988,,8.703089384731449,0.18514686590907753,1667.3132755754718,,12.429474410228165,0.00819099190578022,,0.001
29,0.2943740173390037,0.17668572774058894,1176.8828895970394,,8.549007598618797,0.181870587203455,1586.4538808189882,,12.209527817384899,0.007793754831225021,,0.001
30,0.28735421048967463,0.17351331522590235,1138.409009431538,,8.376294545010708,0.17819689214673998,1535.83837638208,,11.962901451476847,0.007545096589715728,,0.001
31,0.28018728055452047,0.17091148464303269,1092.7579956054688,,8.261701275431479,0.17576035896605224,1472.7830779601522,,11.799329539684928,0.007235325506766543,,0.001
32,0.2702722165145372,0.16699285883652537,1032.793646561472,,8.084959009081558,0.17200112139441548,1415.8563020173167,,11.546960443566533,0.006955661949952967,,0.001
33,0.26443787546534286,0.16444372660235354,999.9415251079358,,7.955736630963466,0.16925337539419336,1349.9228879445257,,11.362495864985227,0.006631751579357323,,0.001
34,0.2570443098482333,0.160714569060426,963.2974468030428,,7.8216215649102745,0.16640103708584913,1299.2104376172767,,11.171009685412042,0.006382617072820508,,0.001
35,0.2516176143759175,0.1587045404471849,929.1307630037006,,7.715146777998815,0.16413684106362555,1249.6025745707746,,11.01900729325819,0.00613890906027757,,0.001
36,0.24604488987671702,0.15595519542694092,900.8969533819901,,7.555664706365295,0.16074243946220731,1270.9817784543848,,10.791130749760097,0.006243938444094019,,0.001
37,0.24092806091434077,0.15336571398534274,875.6234805458471,,7.473421503517158,0.15899492898006565,1188.06530585755,,10.673815035487882,0.005836595585468901,,0.001
38,0.23596499860286713,0.1518416083172748,841.233931692023,,7.345793778821576,0.15628075144443565,1133.7792515734316,,10.491604010427936,0.005569905073402723,,0.001
39,0.2326504148935017,0.149325997421616,833.2442016601562,,7.261464509948548,0.15448672404042982,1118.6532608488822,,10.371165473162666,0.005495595782277498,,0.001
40,0.22653962907038236,0.1472340924175162,793.0553781609786,,7.170310017253121,0.1525488076849147,1060.4886761369637,,10.241067231252016,0.0052098512557043775,,0.001
41,0.22109053087861916,0.14461238172493482,764.7815134148849,,7.044763993522639,0.1498769997738621,1067.6892314591955,,10.061700608455485,0.005245225346000136,,0.001
42,0.21840145007560127,0.14277830876802144,756.2314453125,,6.955433985769728,0.14797794284249574,1008.4109924419557,,9.934211118335915,0.00495400978195952,,0.001
43,0.21465922813666494,0.14174439091431468,729.1483989514803,,6.869553951600272,0.14615148085908608,975.2618425314084,,9.81159514872402,0.004791158311526005,,0.001
44,0.21023463889172203,0.13956727793342188,706.6736225328947,,6.789662354918179,0.1444522066563827,949.9051985740188,,9.697517683168462,0.004666589000853993,,0.001
45,0.20568750328139254,0.13721262232253426,684.7488114206415,,6.6897134504210785,0.14232610052747582,925.1344453952152,,9.55478568717748,0.004544897989476644,,0.001
46,0.2020496827991385,0.13512758008743586,669.2210436369244,,6.629697065396885,0.14105039483445672,879.6927622996003,,9.469143668942346,0.004321657124143318,,0.001
47,0.19870994749822116,0.13361999431723043,650.8995489823191,,6.5608150428190815,0.13958465473198467,878.1344024236497,,9.370744060575934,0.0043140013864261225,,0.001
48,0.19542862474918365,0.13200884037896207,634.1978631270559,,6.496619851531042,0.138219201531606,858.958490001763,,9.279077018149165,0.004219796088756785,,0.001
49,0.1933194587105199,0.13125241626250117,620.6704294305099,,6.407369893825222,0.13632047486709356,843.464669242485,,9.15160969985189,0.004143679762996078,,0.001
50,0.18867714781510203,0.12880492092747436,598.7222932514392,,6.357742109407668,0.13526522457593715,817.5029091543487,,9.080767525851734,0.004016137704849665,,0.001
51,0.18719415052940971,0.12824540781347374,589.4874396073191,,6.262197801149403,0.13323237627036577,807.739920067306,,8.944296212281763,0.003968175173896634,,0.001
52,0.1842160099431088,0.12688057830459193,573.3543395996094,,6.230932674716317,0.13256828886150235,768.6739704372134,,8.899713996892407,0.0037762563054396774,,0.001
53,0.18072285307081123,0.12530468874856046,554.1816534745066,,6.173770015835693,0.1313521592434411,759.9124518490321,,8.818071502470513,0.003733213687780818,,0.001
54,0.17988124019221255,0.12451545541223727,553.6578786749589,,6.11412731487753,0.13008369415337764,737.1504159759179,,8.732915568019244,0.003621390880197518,,0.001
55,0.17656252729265312,0.12315193759767633,534.1059088456003,,6.0599058740408855,0.12893038361343218,721.0286937197488,,8.65549031011432,0.0035421898695404542,,0.001
56,0.17383603673232229,0.12193986302927921,518.9617357755963,,5.997867778727327,0.1276107886781132,703.2588197530081,,8.566901873038272,0.003454892001790873,,0.001
57,0.17263016653688332,0.12118503608201679,514.4513100071957,,5.944823320479321,0.1264827359159989,680.3793374340415,,8.491172246877749,0.003342492216322594,,0.001
58,0.16941224666018234,0.1194396854231232,499.72563251696135,,5.885154661956964,0.12521308595030384,677.785114528384,,8.405936768107594,0.0033297476054967154,,0.001
59,0.16708022983450638,0.11824128423866473,488.3894685444079,,5.8405313258619564,0.12426416436214904,657.0675869304696,,8.342232764589246,0.003227968831616489,,0.001
60,0.16528236709142985,0.11734738083262193,479.3498679713199,,5.782266265235199,0.12302504055767152,633.4921946356342,,8.25904660022597,0.00311215025673233,,0.001
61,0.16262101185949226,0.11629753285332729,463.2348118832237,,5.738758047929305,0.12209969804910083,617.5676055826289,,8.196925532313193,0.0030339177002314996,,0.001
62,0.16011990685211985,0.11492762949905898,451.92279052734375,,5.690510727363673,0.12107323719541695,610.3042700654032,,8.128016081152241,0.0029982351903504296,,0.001
63,0.15902243476164968,0.11409615450783779,449.2628254137541,,5.630332882052495,0.11979308333616392,597.1415809929424,,8.04207544393641,0.0029335709900287377,,0.001
64,0.15638472688825508,0.11240083214483763,439.83895070929276,,5.584510044878477,0.11881839526714062,584.1229553617057,,7.97664165788556,0.002869614528617467,,0.001
65,0.15502474653093437,0.11182557085627004,431.99178916529604,,5.535792072056418,0.11778218789411854,568.2881194919701,,7.907077893122766,0.002791822901609881,,0.001
66,0.1527935940968363,0.11054583325197823,422.4776097347862,,5.510428798925899,0.1172428620816794,555.6262245197184,,7.8708713046311205,0.002729618947050858,,0.001
67,0.15079803137402786,0.10968035694799926,411.1767465691817,,5.446806720575033,0.11588938184506922,543.5515192723769,,7.780008043818716,0.0026702996731060623,,0.001
68,0.14926440464822868,0.10885169906051535,404.12707198293583,,5.390171723673703,0.1146841424056533,545.5772488096597,,7.699096640339844,0.0026802514527063635,,0.001
69,0.14872360386346517,0.1084024714011895,403.2113438656456,,5.335632611860954,0.11352438082282829,519.6060450131334,,7.621238304229697,0.002552663000555827,,0.001
70,0.1466627748388993,0.10743625265987296,392.2652073910362,,5.309917740148069,0.11297745980157188,510.556637396975,,7.5845218261799925,0.002508206073581215,,0.001
71,0.14410177343770078,0.10575417037072934,383.47603567023026,,5.252807861672496,0.11176246727143382,501.3507431641596,,7.50295566794221,0.0024629803764965245,,0.001
72,0.14291545160506902,0.10497374401280754,379.41707892166943,,5.219003010041945,0.1110435764862939,486.47886598706305,,7.454694334574387,0.002389919466248982,,0.001
73,0.14116560942248293,0.10430867969989777,368.5693070261102,,5.19219685376281,0.11047363478569283,471.0034995977347,,7.416432408032127,0.0023138938010720395,,0.001
74,0.13926484710291812,0.10314244502469112,361.22402311626234,,5.146688707414924,0.10950533327969586,467.8682545382148,,7.35142737145708,0.002298491316559163,,0.001
75,0.13717174608456462,0.10196949816063831,352.02249627364307,,5.104525998466055,0.1086085094441736,455.5577345007231,,7.291220849141004,0.002238013557843881,,0.001
76,0.13583329672876157,0.10107667273596714,347.5662279630962,,5.0651901417861,0.10777145340921675,455.57977554013354,,7.2350267217635915,0.002238121838619936,,0.001
77,0.1343871868754688,0.10016215122059773,342.25037584806745,,5.0229850473558555,0.10687356847739739,448.3437081388266,,7.174748964813286,0.00220257328851718,,0.001
78,0.1338518187403679,0.1000717956768839,337.80021747789885,,4.995603672650915,0.10629119452424973,438.98320369415177,,7.135652423198658,0.0021565880395159756,,0.001
79,0.13189870275949178,0.09910930889217477,327.8939417788857,,4.955369910874565,0.10543510984717905,436.50186007050587,,7.078180844976729,0.0021443979695186456,,0.001
80,0.1311433640749831,0.0983952977939656,327.48066309878703,,4.9337987472330935,0.10497639350239782,426.56604100989705,,7.047385816170724,0.002095586378622715,,0.001
81,0.12998766334433304,0.09790709810821634,320.80567369962995,,4.886667517651537,0.10397372903578773,417.82632433850245,,6.980073889130623,0.0020526508670047814,,0.001
82,0.1280238797005854,0.09661070453493219,314.1317556280839,,4.865332425127577,0.10352000539328188,408.8732488207272,,6.949614035672388,0.0020086671896885765,,0.001
83,0.1269664689898491,0.09630708553289112,306.593849583676,,4.839860084654729,0.10297816097795613,402.51456072259606,,6.913238365679012,0.0019774289314043337,,0.001
84,0.12626413255929947,0.09580692452819724,304.5720841257196,,4.788940496207405,0.1018946435721355,401.3568463885342,,6.840498533964561,0.001971741440709921,,0.001
85,0.12527351826429367,0.09516581343977075,301.07704805072984,,4.747739600688803,0.10101816303030327,392.9940875324841,,6.781657719067286,0.0019306578056766334,,0.001
86,0.12336591395892595,0.0940187793028982,293.47134560032896,,4.725378139434657,0.10054250659543484,386.97354864720995,,6.749725450291206,0.0019010807693751052,,0.001
87,0.12244520650098198,0.09336405404304203,290.81153307462995,,4.694479588612945,0.09988492499295896,389.1934449237293,,6.705579989548573,0.0019119864298163716,,0.001
88,0.12136536013138921,0.09268009270492353,286.85267076994245,,4.669442227507519,0.09935266320345618,372.42750137470176,,6.669847630484952,0.0018296205601777138,,0.001
89,0.11982650035306026,0.0919816360661858,278.44865497789885,,4.622104903238463,0.0983454172645486,369.93220520777993,,6.602228135221089,0.0018173619456718546,,0.001
90,0.118306754451049,0.090920683976851,273.8607097424959,,4.599256324279353,0.09785924491179322,368.7008070414341,,6.569589900769414,0.0018113124692110795,,0.001
91,0.11780173449139845,0.09057556445661344,272.2617075066817,,4.56173686957003,0.09706115650809514,358.67453297517307,,6.516011789456763,0.0017620565009866722,,0.001
92,0.1163126677274704,0.08960474439357456,267.0792404977899,,4.54402587975398,0.09668454031890235,350.1160606401722,,6.490728394768633,0.0017200113864609449,,0.001
93,0.11612247754084437,0.08958599402716286,265.3648344341077,,4.51341041503494,0.09603298023137175,352.4148167777884,,6.446987176709534,0.0017313044608893713,,0.001
94,0.11488255231004012,0.0889399035980827,259.42648716976765,,4.475576127874785,0.09522808238809134,345.89271872004974,,6.392951926926723,0.0016992634202629758,,0.001
95,0.11352025952778365,0.0882090510506379,253.1120974892064,,4.461398951604644,0.09492671115075585,335.8531793764446,,6.372719955599269,0.0016499422838539533,,0.001
96,0.11225216874950811,0.08723574053300054,250.1642841539885,,4.420749980034454,0.09406171764729215,335.7085789241425,,6.314650300660603,0.0016492319067750148,,0.001
97,0.112232716459977,0.08738188955344652,248.5082694605777,,4.4019635021751515,0.09366232272745281,323.7276586814552,,6.287837700234755,0.001590373369408797,,0.001
98,0.11059375185715525,0.08650991124542136,240.83841263620477,,4.366484523431099,0.09290732114763475,324.34791986799365,,6.237152138964499,0.0015934205198350733,,0.001
99,0.10937266836040899,0.08551442034934696,238.58248499820107,,4.340561021157164,0.09235564004902053,325.5172248686364,,6.200116102388003,0.0015991649518719065,,0.001
100,0.10868108037270997,0.08497240511994612,237.08676468698602,,4.314573866758897,0.09180289351219614,317.4696904231829,,6.163008539691399,0.0015596299163930787,,0.001
101,0.10755978367830578,0.08408770788657038,234.72077058490953,,4.283382792334341,0.09113924574165816,314.6310304906617,,6.118455838565161,0.0015456844624276152,,0.001
102,0.10682536269489087,0.0839629894808719,228.6237383390728,,4.26868210170466,0.09082648617151848,312.5023840056557,,6.097459333685007,0.0015352270838507344,,0.001
103,0.10590585438828719,0.08332446178323344,225.81393994783102,,4.235828009469975,0.09012764164936662,303.54892674055594,,6.050543767158052,0.001491241531128575,,0.001
104,0.10437379110800593,0.08235160182965429,220.22190375077096,,4.216851072909024,0.08972383698574271,302.94602015042403,,6.023435127167845,0.0014882796384404673,,0.001
105,0.10476046761399821,0.0826252730269181,221.35195521304482,,4.205390015177802,0.08948014367703996,296.74125796533366,,6.0070752512952925,0.0014577975703253287,,0.001
106,0.10393069880573373,0.08228806484686702,216.4263377942537,,4.157889808002206,0.08846928767518479,298.83630386566426,,5.9392134014832925,0.0014680898796730864,,0.001
107,0.10360941722204811,0.08204434851282522,215.65069098221628,,4.135902245380447,0.08800168373805413,289.75328799523726,,5.907821721466728,0.0014234678457910241,,0.001
108,0.10154115251804653,0.08034478520092211,211.9636784603721,,4.108633898220881,0.08742141951320304,289.8138245642215,,5.8688668123542,0.0014237652431390916,,0.001
109,0.1015724861308148,0.0804249926617271,211.4749362343236,,4.089917954842397,0.08702333146475313,284.02129649727254,,5.842141946194944,0.0013953083531200233,,0.001
110,0.10105681654654051,0.08047153251735788,205.85285226922286,,4.062361233022012,0.08643696862229866,282.8730677115371,,5.802777618262028,0.0013896674619763379,,0.001
111,0.09954733440750524,0.07919748911732122,203.49846448396383,,4.048125307354301,0.08613432575106467,273.5179252802751,,5.7824602782683385,0.0013437085548804652,,0.001
112,0.09876330236071035,0.07885085163932097,199.12451734040914,,4.021961131567684,0.0855776824976296,269.6076702023491,,5.7450911170879655,0.0013244986870277829,,0.001
113,0.09769269784814433,0.07805265996016954,196.40038179096422,,3.999822519468209,0.0851064467420634,273.83784109726736,,5.713455622010932,0.0013452802018564124,,0.001
114,0.0978467476211096,0.07827962856543691,195.67119558233964,,3.9922178229560923,0.08494491223810634,264.5534544733436,,5.702611317553253,0.001299668896050402,,0.001
115,0.09639890217467358,0.07720031824551131,191.98583984375,,3.961016968447834,0.08428099637258384,263.6272167065874,,5.65804061839214,0.0012951185777860018,,0.001
116,0.09585982247402794,0.07674622731773477,191.1359534012644,,3.9322399603580416,0.08366873577712651,260.2605103552371,,5.616937695227537,0.0012785789958867748,,0.001
117,0.09519600554516441,0.0764713726545635,187.2463274504009,,3.9266500978261702,0.08354974875323092,261.4214610209675,,5.608949733014955,0.001284282385672792,,0.001
118,0.0948355233198718,0.07616362603087175,186.71898691277755,,3.9101199572339347,0.0831980836585213,258.50756547114213,,5.585341381481691,0.001269967322503472,,0.001
119,0.09446308448126442,0.07603321459732558,184.29869882684005,,3.868412644507544,0.08231079982815306,251.0019159238326,,5.525775308839732,0.0012330943991061482,,0.001
120,0.09398258791158073,0.07570391462037437,182.7867327238384,,3.8635837939613245,0.08220801240188581,251.98785746857214,,5.518874875077546,0.0012379380234752678,,0.001
121,0.09296929836273193,0.07489320910290669,180.7608955784848,,3.8378589906091647,0.0816607044659572,248.53667023921656,,5.482132422264544,0.0012209834132798762,,0.001
122,0.09232871116776216,0.07449887732141897,178.29833663137336,,3.822345759293304,0.08133083223283309,240.73362632271358,,5.459987092068815,0.0011826494837797567,,0.001
123,0.09128868305369427,0.07380134514287899,174.8733801590769,,3.794429491126072,0.0807366952135639,243.51170024953362,,5.420100859909733,0.0011962972975299278,,0.001
124,0.09088568310988576,0.07359550030607927,172.90184181614927,,3.7806009497855104,0.0804425866205776,238.4527912392082,,5.4003564520721925,0.0011714444499201398,,0.001
125,0.09053737670183182,0.07328889146447182,172.4848504317434,,3.740067536969162,0.07957983601963156,245.20036160129357,,5.342437370027704,0.0012045931658988135,,0.001
126,0.08953408465573662,0.07252288962665357,170.11195775082237,,3.724176140069855,0.07924187586610675,238.69407539583838,,5.319749073040941,0.00117262980398821,,0.001
127,0.08932281756087353,0.07241869208059813,169.0412557501542,,3.7141467962758306,0.07902852252743474,236.52210811801194,,5.305426011992407,0.0011619596038207245,,0.001
128,0.0884201718788398,0.07176329901343897,166.56873682925576,,3.693885820234227,0.07859760607725252,229.15333966244665,,5.276497274991175,0.0011257591346831705,,0.001
129,0.08822597955402575,0.07166311380110289,165.62866050318667,,3.6824637473818322,0.07835458535473275,227.95462318888383,,5.260182551882666,0.0011198702132212519,,0.001
130,0.08724194490595867,0.07088615411990568,163.55791995399878,,3.6572227999525535,0.07781744546516478,228.59320168173304,,5.224122711067556,0.0011230073508802366,,0.001
131,0.08684027547899045,0.07074149815659773,160.98777931614927,,3.6368703973345315,0.07738450081569559,223.8603765705919,,5.195057814855566,0.0010997564521171052,,0.001
132,0.0864877175343664,0.07060532742425014,158.82389911852385,,3.622035106128525,0.0770688970362243,221.09239474527047,,5.173870369518868,0.0010861582177248735,,0.001
133,0.08587011263558739,0.07027148553415348,155.98627351459703,,3.593979835153912,0.07647191591206051,220.240823471353,,5.133793203914418,0.0010819747127327206,,0.001
134,0.08477581684526644,0.06925423972700771,155.21578176398026,,3.576577872669232,0.07610156082075364,221.723490385,,5.108930135844138,0.0010892585944522247,,0.001
135,0.08494195106782411,0.0694886398942847,154.5331123753598,,3.5561662496016972,0.07566713059854527,224.17700372186425,,5.079765508598324,0.0011013119429005196,,0.001
136,0.08397387360271655,0.0687389656117088,152.34908334832443,,3.5450510268132915,0.07543086575719919,215.76568123862668,,5.0639043284204766,0.0010599897298609056,,0.001
137,0.08282740727851265,0.06793286043562387,148.9454715126439,,3.5291708270503426,0.07509287488215817,217.83639247555632,,5.041213969004531,0.0010701624905708237,,0.001
138,0.08337947294900291,0.06837975488681543,149.99718756424753,,3.515504382185152,0.07480228177218731,210.66926909189883,,5.021705566275504,0.0010349526409983104,,0.001
139,0.08279665912452497,0.06798180133888596,148.14857442755448,,3.4887258468690243,0.07423237394621127,212.85502956264096,,4.9834459138402485,0.0010456906028355325,,0.001
140,0.08207515980068006,0.06746639487774748,146.08765772769326,,3.4709707311130455,0.07385471766515167,207.5203448306117,,4.958092694609428,0.0010194829548187798,,0.001
141,0.08147517317219784,0.06707456315818586,144.00610190943667,,3.4549554133994036,0.07351386676634954,209.10492622033422,,4.935210333065998,0.0010272675106832363,,0.001
142,0.08048148806157865,0.0662384576311237,142.43031110261617,,3.434153192813102,0.07307117598418131,209.92464969375993,,4.905491149208434,0.0010312945573301782,,0.001
143,0.0799830791197325,0.06581655105477885,141.66529123406661,,3.4239325007070196,0.07285394626226561,201.52058849795483,,4.89090785471714,0.0009900080167388416,,0.001
144,0.08047437589419515,0.06637681275606155,140.97563010767885,,3.401553892591527,0.07237776836526834,200.4927530505807,,4.85894057859619,0.000984958580647109,,0.001
145,0.07942079595829311,0.06547379336859051,139.47002290424547,,3.391486936363311,0.0721636011897303,198.74981988894913,,4.844562882193983,0.0009763960917445286,,0.001
146,0.07901125911035035,0.06522574471799951,137.85515032316508,,3.373154147705432,0.07177355649152135,196.46688254204975,,4.818377990694852,0.0009651807301182606,,0.001
147,0.07851795146339818,0.06481414503957096,137.0380670647872,,3.367081443956097,0.07164429485403837,197.62451484665766,,4.80970026230107,0.0009708678178274617,,0.001
148,0.07844831990568261,0.06483441610869609,136.13904089676706,,3.345387175439352,0.07118272470579386,195.15528026368062,,4.778713648955168,0.0009587372357833304,,0.001
149,0.07742300825683694,0.06419441241182779,132.28595813951995,,3.3155443738414436,0.07054778981521669,191.61402948434315,,4.7360885311286225,0.0009413401713595019,,0.001
150,0.07768052032119349,0.06444928540210974,132.31235062448602,,3.3023457038847575,0.07026691742790232,191.88862406443099,,4.717232710191432,0.0009426891691848171,,0.001
151,0.07679065042420437,0.06359954119512909,131.91108824077406,,3.2978992444871285,0.0701724055820069,188.46127608765997,,4.710887841407114,0.0009258516738279029,,0.001
152,0.07643857637518331,0.0634780716347067,129.60504632247122,,3.2752747215490694,0.06969082998712728,192.68510269997833,,4.678558201346742,0.0009466020211679835,,0.001
153,0.07576318594970201,0.06293204407158651,128.31142465691818,,3.266046404103438,0.06949469917324667,184.87187787791774,,4.665391340972322,0.0009082180760431836,,0.001
154,0.07550322538927982,0.06268312782049179,128.20098435251336,,3.2444084717606767,0.06903428294135676,183.83432645766442,,4.634482193554511,0.0009031209083965141,,0.001
155,0.07541824171417638,0.06275171198342976,126.66530528821443,,3.2295811664136838,0.0687187586140059,183.95149534191142,,4.6133000820812455,0.0009036965227075951,,0.001
156,0.07470820334396865,0.06212437721459489,125.83826205604954,,3.217975425754866,0.0684717205471684,186.22664448091223,,4.596715662382685,0.0009148736232891078,,0.001
157,0.07432152409302561,0.06178502483587516,125.36500107614617,,3.204499395168264,0.06818517045968688,179.34447548950936,,4.577478680097772,0.0008810636660791553,,0.001
158,0.07303720791088908,0.06088880273072343,121.4840521561472,,3.1851834892927915,0.06777406882230633,181.41381541653269,,4.549880171979716,0.0008912296899697199,,0.001
159,0.0736124660623701,0.061399067506978385,122.13399706388775,,3.1623483032378004,0.06728826187390292,177.61858536526583,,4.517266468237863,0.000872584904322121,,0.001
160,0.07316970315418746,0.060971454962303766,121.98248772872121,,3.1518827158510607,0.06706566336389824,174.23615608704543,,4.502322750609843,0.0008559680805700191,,0.001
161,0.07270531317121104,0.06068812624404305,120.17186576441715,,3.1355658890084133,0.06671844849379449,174.16098666245617,,4.479013156242069,0.0008555987965503976,,0.001
162,0.07225699958048369,0.06038778765421165,118.69212742855674,,3.136660245906638,0.06674186766920892,169.96530290166194,,4.480585356992501,0.000834986706292784,,0.001
163,0.07133688169874643,0.05970296557796629,116.3391671431692,,3.1063756502629083,0.0660973835289508,171.14322941695997,,4.437319168878519,0.0008407734931514684,,0.001
164,0.0714219130183521,0.05980267650202701,116.19237839548211,,3.111128801748354,0.06619866609792607,166.7775398570674,,4.444118576975973,0.0008193262172423344,,0.001
165,0.0708500752715688,0.0594167954435474,114.33280061420642,,3.066181564137062,0.06524193292673118,175.36458540545837,,4.379890158037338,0.0008615117030846154,,0.001
166,0.07007052729788579,0.0586483674614053,114.22160058272512,,3.063470880730953,0.06518437887446309,171.26776154447305,,4.376026378781024,0.0008413852807881482,,0.001
167,0.069706030189991,0.058284984607445564,114.21045604505036,,3.0559793039747576,0.06502509910773657,166.84329273236392,,4.365333441717933,0.0008196492406820353,,0.001
168,0.0698751926814255,0.05869122084818388,111.83972288432874,,3.03886268191044,0.06466093964564396,164.38267886765448,,4.34088630515368,0.0008075610095473499,,0.001
169,0.06963986668147538,0.05844840799507342,111.91458330656353,,3.019901302078049,0.06425743049653367,164.91260359654407,,4.313797503955056,0.0008101643650346439,,0.001
170,0.06956596123544793,0.05820639529510548,113.59565815172698,,3.0061917829373006,0.06396577012033465,162.54930729860814,,4.294217452385491,0.0007985542248582741,,0.001
171,0.06929809717755568,0.05814343475197491,111.54662322998047,,2.9996698277733502,0.06382699953252344,162.0812132900142,,4.284901359122865,0.0007962546244822057,,0.001
172,0.068238738728197,0.05740249921616755,108.36240306653474,,2.980315159994636,0.06341519246240984,160.34313006144606,,4.257255493151568,0.0007877159617933596,,0.001
173,0.06802621444589213,0.05715777372059069,108.68441129985608,,2.9642941524749165,0.06307418306452318,163.12092294379178,,4.234362491080655,0.0008013623948593799,,0.001
174,0.06767903111482922,0.05682107218002018,108.5795982762387,,2.945964366331042,0.06268436628564095,155.60790358794733,,4.208192900501825,0.000764453265883332,,0.001
175,0.06731284017625608,0.05686963506435093,104.43204980147512,,2.9434023649362753,0.06262983027699336,156.16207832346285,,4.204531731728629,0.0007671757541160421,,0.001
176,0.06715970917751915,0.05653383269121772,106.25877099288137,,2.9216483848816734,0.06216694801625111,155.01509638360722,,4.1734570322645315,0.0007615409883386323,,0.001
177,0.06650387201654284,0.05604041740298271,104.63454959267064,,2.907801598647976,0.061872261988084445,155.9885912314124,,4.153673859440271,0.0007663234659542675,,0.001
178,0.06618828012755043,0.05565991174233587,105.28368457994964,,2.892278481309708,0.06154209415748966,150.90302034433608,,4.131508684883799,0.0007413396368307716,,0.001
179,0.06615367335708518,0.055830688853012886,103.22985357987254,,2.8876306354161208,0.06144314898356302,152.19101024961031,,4.124866193252638,0.000747667130915641,,0.001
180,0.06509727867026079,0.05490089070640112,101.96388084010074,,2.8739725648598884,0.06115248428609692,152.9885877288233,,4.10535298463648,0.0007515853811762054,,0.001
181,0.06544360498848714,0.05520478439958472,102.38820367110402,,2.853957170097178,0.06072670843432587,148.33960056200644,,4.076769351702179,0.0007287463521758937,,0.001
182,0.06487559625192692,0.05482087284326553,100.54724201403167,,2.850973914694899,0.0606632286839936,148.24272203241597,,4.072507762242112,0.0007282704180708014,,0.001
183,0.06470581438196332,0.05461123624914571,100.94579154566715,,2.827959221796536,0.06017356498502265,145.6240136017322,,4.039635143058993,0.0007154055174708072,,0.001
184,0.06442296485367574,0.05455745109602025,98.65513851768092,,2.815925017243053,0.05991751975731248,144.37824846710075,,4.022446045149836,0.000709285460560238,,0.001
185,0.0639768382044215,0.0542079865148193,97.68852274041427,,2.7963828120946728,0.059501564187775524,147.67042664678544,,3.994521677745797,0.00072545890871615,,0.001
186,0.0637246317377216,0.05397387613591395,97.50755631296258,,2.7903049848036177,0.059372205237221656,148.45453968345794,,3.9858374164284447,0.0007293110123553922,,0.001
187,0.06337194870177068,0.053619142229619776,97.52806613319798,,2.774685490679359,0.05904003671056673,141.76916518317077,,3.963537929036807,0.0006964678453146564,,0.001
188,0.0631754919886589,0.053650529172859694,95.24963539525082,,2.7684103873448156,0.05890655806890858,140.0571342412894,,3.954577100277131,0.0006880571694129992,,0.001
189,0.06254010353433459,0.053119953133557975,94.2015151977539,,2.7564662133052074,0.05865230101239125,142.88160388831625,,3.937508047759904,0.0007019329109163072,,0.001
190,0.062013624726157436,0.05255376312293505,94.59861755371094,,2.7328679028603675,0.058150110829064926,143.68346093072842,,3.903794487435379,0.0007058721853407395,,0.001
191,0.062104152809632454,0.05243624060561782,96.67912292480469,,2.733173196655741,0.05815669371588992,140.9309230614448,,3.904236416727214,0.0006923498223043905,,0.001
192,0.06151266709754342,0.05218312595235674,93.29541417172081,,2.7166892265201725,0.05780589237745482,141.80303232716523,,3.880686051789932,0.0006966342240668646,,0.001
193,0.06092400790045136,0.05179575360135028,91.28254579242908,,2.7043340842868493,0.05754316786089502,135.7690261672441,,3.8630485528266862,0.0006669910272307552,,0.001
194,0.06085577077771488,0.051785726884478016,90.70044226395457,,2.692556491882913,0.05729246742668606,138.21678107466727,,3.846218267224317,0.0006790160863049817,,0.001
195,0.060688473872448266,0.051647305488586426,90.41168413664165,,2.6772388527122004,0.056966563465818285,136.5954039107498,,3.8243393392613267,0.0006710507642383886,,0.001
196,0.06060477581463362,0.05146486665073194,91.39909001400596,,2.670523723350704,0.05682371174267597,135.18495795916155,,3.814749266923152,0.0006641216816585043,,0.001
197,0.06014093874316467,0.051211804151535034,89.29135051526521,,2.651600916814669,0.056421081920583344,133.8496185418021,,3.787719497632039,0.0006575615741374474,,0.001
198,0.05974189290090611,0.05086429377919749,88.7760029842979,,2.6326122984708342,0.056016966002825797,135.24495584237812,,3.7605899622015015,0.0006644164326108238,,0.001
199,0.05978335538192799,0.05087441872609289,89.08936510587993,,2.628524642850129,0.05593012275607748,130.75386219079647,,3.7547599098921665,0.0006423530853760281,,0.001
200,0.0594544740099656,0.05072882732278422,87.25646852192126,,2.6175920061441094,0.055697439627845784,132.0250480993923,,3.739139181051593,0.0006485980266480615,,0.001
201,0.05884531159934245,0.05014155099266454,87.0376080964741,,2.602887319965191,0.05538455133131643,131.289873081643,,3.7181340343758653,0.0006449863402853784,,0.001
202,0.05861076477326845,0.04992203649721647,86.88728091591283,,2.5958033741765685,0.05523370687655111,134.4845812765596,,3.7080073855599407,0.0006606809487007403,,0.001
203,0.058424473200973714,0.04961092691672476,88.13546552156147,,2.583257119095443,0.05496684136744083,130.81546019597656,,3.6900918891232486,0.0006426556972302209,,0.001
204,0.0581060130345194,0.049571844896203594,85.3416892603824,,2.576490583566145,0.05482283834257257,131.23504538402867,,3.6804245263849866,0.0006447169888479788,,0.001
205,0.05752017466645492,0.04919037164041871,83.29803185713918,,2.5549666568462217,0.05436491572275611,128.04183030993602,,3.6496827827593155,0.0006290297156711485,,0.001
206,0.05723179935624725,0.0489285807860525,83.03218600624486,,2.546244362527772,0.054179370502541985,126.04542696078974,,3.6372265656083096,0.0006192220065182986,,0.001
207,0.05674167134259876,0.04844585845344945,82.95813148900082,,2.5431233908176987,0.054113004240705025,124.54397054054661,,3.6327711958176585,0.0006118458177928484,,0.001
208,0.05678944524965788,0.04869692243243519,80.92523313823499,,2.526322896006878,0.05375539388636114,127.75854708956658,,3.6087637208527155,0.0006276380332566432,,0.001
209,0.05692490445155846,0.048656119915999864,82.68784653513055,,2.519569733617184,0.053611737567176285,126.19710718176334,,3.5991196335255626,0.0006199671643002595,,0.001
210,0.056302429029816074,0.04815169796347618,81.50731618780839,,2.5083500363825384,0.05337309341376623,122.7639761648947,,3.5830987228641993,0.0006031012586647704,,0.001
211,0.05616364392795061,0.04814687900637325,80.16765554327714,,2.4939016739339595,0.05306559546527219,124.07409310883658,,3.5624554467102225,0.0006095374560133158,,0.001
212,0.055697902644935404,0.047609463922287286,80.8843889738384,,2.479245811618088,0.052753767941359296,122.64332476505075,,3.5415215129390534,0.0006025085358369613,,0.001
213,0.05548824311087006,0.04748056260378737,80.07680551629318,,2.481050717253244,0.052792227830993736,120.9841938726067,,3.5441034427583045,0.0005943577414363417,,0.001
214,0.05502020744116683,0.04710614504782777,79.14062660618832,,2.469333721361663,0.05254280710862662,123.74327730883635,,3.527359068119172,0.0006079122608086709,,0.001
215,0.05531863946663706,0.04738623962590569,79.32400552850021,,2.451815524138187,0.052169979334867125,125.2017668039451,,3.502330001326102,0.0006150773663854726,,0.001
216,0.05482407816146549,0.04705995576162087,77.64122531288548,,2.451820925966305,0.05217028728923571,119.04769419021522,,3.50235067524313,0.0005848443203796181,,0.001
217,0.05450819197453951,0.046907263758935426,76.00928055612664,,2.4249988323527965,0.05159944362693236,121.51815115859155,,3.464028197257871,0.0005969809076232869,,0.001
218,0.05449834348339783,0.046741670683810584,77.56672628302323,,2.4200385389189836,0.051494024522866985,117.23061196782004,,3.456951090929896,0.0005759175601877525,,0.001
219,0.054169430152366034,0.04636594613915995,78.03484304327714,,2.4120415074578023,0.05132384724172118,117.32076905923023,,3.4455265704508795,0.0005763604739561532,,0.001
220,0.05373877306517802,0.04621580890134761,75.22964397229646,,2.4079372083884794,0.051236479656752494,118.25565769170149,,3.4396613177158697,0.0005809532912350386,,0.001
221,0.05388264220796133,0.046181131350366694,77.01511061818977,,2.3972942500564636,0.05101001705374013,117.73310667592212,,3.424458191726159,0.0005783861605084337,,0.001
222,0.05329337951384092,0.04575387917851147,75.39500387091385,,2.374246837110755,0.050519677332534575,114.46869509323702,,3.3915401891063586,0.0005623491210134533,,0.001
223,0.0525967943433084,0.045119732422264,74.77062064722965,,2.3646838750310657,0.05031615514495238,115.27207142956654,,3.377877123247556,0.0005662958592566904,,0.001
224,0.05280765498939313,0.045388877195747274,74.18777706748561,,2.3607086222073304,0.05023155454814712,115.53983797687151,,3.372197626876295,0.0005676113130791622,,0.001
225,0.05245098746136615,0.04500001825784382,74.50968953182823,,2.3556518511755318,0.05012401254413047,113.48063085662025,,3.364978003792823,0.0005574950685188941,,0.001
226,0.05230242190392394,0.04495255198133619,73.49870340447677,,2.3479210735004346,0.0499594468863753,115.29828559685113,,3.3539302087257723,0.0005664246413129424,,0.001
227,0.05226835255560122,0.04487856281431098,73.89790143464741,,2.327931974261953,0.04953415678149842,113.0028998980478,,3.325379185463589,0.0005551481248028387,,0.001
228,0.052025181682486286,0.04481721022411397,72.07972114964535,,2.3154847719213842,0.04926930297655333,112.39825828697113,,3.3075987408697647,0.0005521777084960906,,0.001
229,0.05160259357408473,0.04440998129154507,71.92612798590409,,2.310185929363933,0.04915661724768146,110.10037850200662,,3.300033803831626,0.0005408889393158634,,0.001
230,0.05143092298193982,0.04426377933276327,71.67144233302066,,2.2979159141408916,0.0488955436594942,109.18556900092676,,3.282507136730745,0.0005363947645687153,,0.001
231,0.05113331306921808,0.04415361132276686,69.79701614379883,,2.2889798639311234,0.04870528024486595,112.59480412763183,,3.2697341727828384,0.0005531432771229049,,0.001
232,0.05113596214275611,0.043858384811564496,72.7757712916324,,2.2869463480972105,0.048661973332212775,113.6884737607321,,3.2668268475091122,0.0005585161361072071,,0.001
233,0.050702522851918876,0.04367636967646448,70.26153102673982,,2.26635102108854,0.04822375767139616,112.1968939470503,,3.237408092211595,0.0005511884680800477,,0.001
234,0.05049288488532368,0.043527088471149146,69.6579640037135,,2.269748856171519,0.048296086282020936,111.44154010836796,,3.2422637326809807,0.0005474776494418937,,0.001
235,0.050051937958127575,0.04312499553749436,69.26942524157073,,2.2567021322336176,0.0480185692794921,107.82550313077161,,3.223633168969309,0.0005297131836702943,,0.001
236,0.05011855340317676,0.04339002151238291,67.28532349435906,,2.24126072722598,0.047689931556243216,109.39466226109218,,3.201570715190785,0.0005374219747676966,,0.001
237,0.04939676056566991,0.042634017765522,67.62743457994964,,2.240795741608341,0.047680188141869126,104.56905787379121,,3.2009166100346627,0.0005137152802574899,,0.001
238,0.049322131825120824,0.042649836916672554,66.7229531940661,,2.2262084913179705,0.04736960404201156,110.04531999302262,,3.1800661511168262,0.000540618453973943,,0.001
239,0.0496002996438428,0.042689676739667594,69.10622687088816,,2.208148734171539,0.04698535573625911,108.19720559101691,,3.154270389141201,0.0005315392423287531,,0.001
240,0.04934973171667049,0.04249589596139757,68.53836079647667,,2.2082202923778977,0.04698691755838382,106.95096679453893,,3.154375239029084,0.0005254168584647506,,0.001
241,0.04872557109123782,0.04221576667929951,65.09804775840358,,2.1964116090721184,0.046735639731954395,106.7135460900317,,3.137506191324025,0.0005242504843361621,,0.001
242,0.048385153083424816,0.04185156759462858,65.33585658826325,,2.18806982818022,0.04655825400778522,102.73120310975183,,3.1255977460555897,0.0005046864710248337,,0.001
243,0.04862970525496885,0.04189738905743549,67.32316268117805,,2.1758658378308753,0.04629845188387892,106.07392476763802,,3.108156436234002,0.0005211082235797468,,0.001
244,0.048197167288315926,0.04156479513958881,66.32371782001697,,2.169614693339748,0.04616535304036265,108.50825641107602,,3.0992211044832128,0.0005330673383300945,,0.001
245,0.04849912461481596,0.04182441630645802,66.74708818134509,,2.1703808909161117,0.046181760752061235,105.21591705768243,,3.1003226042665695,0.0005168930983778452,,0.001
246,0.048262331830827815,0.04167014772170469,65.92184628938374,,2.1569098013945895,0.04589522031648506,101.3785785675428,,3.0810862699435315,0.0004980414470577752,,0.001
247,0.04756231429545503,0.04135586693882942,62.0644675806949,,2.133065182625209,0.04538776722049391,102.86740004451033,,3.0470193942227697,0.0005053555642339752,,0.001
248,0.0476117804646492,0.0413102946783367,63.01485884817023,,2.1367937271102937,0.04546715761643658,101.33443761215567,,3.052349113902021,0.0004978245962633949,,0.001
249,0.04693716960517984,0.040550975619178066,63.861940685071446,,2.1271784687139688,0.04526252853211476,101.9479883885879,,3.0386117386854425,0.0005008387805304799,,0.001
250,0.047107071664772536,0.04070809954091122,63.98972601639597,,2.1192383892140922,0.04509350381038312,103.93091637027086,,3.0272645930389643,0.0005105802893912573,,0.001
251,0.04743678475681104,0.040952559168401514,64.84225885491622,,2.131324510991745,0.045350703003333284,103.60848217274065,,3.044531160158039,0.0005089962703944643,,0.001
252,0.04684130769026907,0.040611149056961664,62.30158695421721,,2.102528961402877,0.044738087255386604,98.98532250496606,,3.003404394522452,0.00048628412386951027,,0.001
253,0.04641938876164587,0.04032209731246296,60.97291364167866,,2.091750534150692,0.044508724435919474,99.02006968016511,,2.988006568147014,0.0004864548259415044,,0.001
254,0.04636197556790553,0.04032142872088834,60.40546798706055,,2.094539517422696,0.04456807814893268,98.8613569633377,,2.991991164123983,0.0004856751196931816,,0.001
255,0.045768670541675466,0.03981927684263179,59.493940253006784,,2.074858603748492,0.04414932834206145,97.13350986716216,,2.963879211036157,0.0004771867439412913,,0.001
256,0.04587353471862642,0.0397280658546247,61.454686415822884,,2.070808184959942,0.044063041484584654,100.16738832062099,,2.958086510837421,0.0004920912458243133,,0.001
257,0.0459867917785519,0.039707865762083155,62.78926086425781,,2.0614937274914054,0.043864742680630064,103.03441869028639,,2.944774106669895,0.0005061760749296595,,0.001
258,0.04560141892809617,0.03940078165186079,62.00637435913086,,2.053085789258291,0.04368576774369392,104.83624820953834,,2.9327589726961314,0.0005150279033316702,,0.001
259,0.04598384056436388,0.03953349296199648,64.50347960622688,,2.0430095742276153,0.04347153290630702,98.9685138293201,,2.918376733947421,0.0004862015480703609,,0.001
260,0.045416542181843204,0.039230463732230034,61.860788445723685,,2.0434903646684917,0.043481815054172764,97.34011490258015,,2.9190670059277317,0.0004782017302654529,,0.001
261,0.04529631784872005,0.039097417930239124,61.98900001927426,,2.048605650084881,0.04359050691779583,102.4383054096735,,2.926363822597404,0.0005032475556597922,,0.001
262,0.04551130690072712,0.038986115667380784,65.25191618266858,,2.023247918845286,0.04305086004303255,103.77391499512616,,2.8901356802116522,0.0005098089904327202,,0.001
263,0.045292767058861885,0.038865981133360615,64.26785900718288,,2.019435833525277,0.04296988678201907,99.0936888207355,,2.8846996979672967,0.00048681649389758445,,0.001
264,0.04475824142757215,0.03872220375035938,60.360376859966074,,2.0045949476299794,0.04265405905182739,99.6704179851207,,2.863497218134958,0.0004896497850291963,,0.001
265,0.044490000723223934,0.03856439535555087,59.2560591446726,,1.9954202606191465,0.04245892982811065,96.30999587631946,,2.850397597566355,0.0004731410756604092,,0.001
266,0.04383794198694982,0.03815272489660665,56.85217204846834,,1.9861246485220045,0.04226120318119374,93.72035237384466,,2.837123604047713,0.0004604189620190444,,0.001
267,0.043976313189456336,0.038115707667250386,58.60605480796412,,2.004448562923407,0.04265117764070027,92.22157311185903,,2.8633037802082932,0.0004530559253400265,,0.001
268,0.0443133123611149,0.03838090304481356,59.32409487272564,,1.984435163616428,0.04222520652061097,95.15277009352099,,2.834707038315583,0.0004674559850665069,,0.001
269,0.043485265421239955,0.037865405608164635,56.1985969543457,,1.9719631032198044,0.04195984686724008,93.81081910915054,,2.816892634572447,0.0004608633969716642,,0.001
270,0.04324756288214734,0.037565651692842185,56.819110669587786,,1.9591595747737658,0.0416872859570008,97.17885006567938,,2.798594788468418,0.00047740948624443337,,0.001
271,0.043371412510934626,0.0375826096064166,57.88803401746248,,1.949759091470057,0.041487449709926356,90.69827803784212,,2.7851791710500406,0.00044557245009625094,,0.001
272,0.043194001638575605,0.03749782925373629,56.9617237291838,,1.942304576376127,0.04132892294587903,87.41079952650699,,2.7745367853559175,0.000429422089950238,,0.001
273,0.04256914163890638,0.03705397101217195,55.151707097103724,,1.938447698147676,0.041246525919577254,97.73545041848917,,2.769005221400631,0.0004801438907810048,,0.001
274,0.043080127945071774,0.03711850862754019,59.61619608025802,,1.9326410450502853,0.04112308338552621,93.86713582657123,,2.760718147187479,0.00046114006350057054,,0.001
275,0.0432239992446021,0.037322709042775,59.01289990073756,,1.9229728165256248,0.040917350385733964,93.7386102893502,,2.7469066627548284,0.00046050865748318605,,0.001
276,0.04273653500958493,0.036896897773993645,58.39637154027035,,1.9194772022910844,0.040842971865516234,93.51183493386942,,2.7419134055955583,0.00045939458064568687,,0.001
277,0.042557866949784126,0.0368526354432106,57.05231576216848,,1.9036802698404574,0.04050690209072145,90.82533139392744,,2.7193520155047626,0.00044619662374528393,,0.001
278,0.0426260946612609,0.036919176186385905,57.069185758891855,,1.9092268395864747,0.040624765582765614,96.11400557678326,,2.727264551593721,0.00047217823623447205,,0.001
279,0.04247491571464037,0.036577644708909486,58.972711864270664,,1.894656440862933,0.04031476104682572,94.54459507387857,,2.706453000571238,0.00046446821022169297,,0.001
280,0.04272471113424552,0.036763743350380344,59.60967756572523,,1.8793766479076908,0.03998965728453583,93.08767220163122,,2.6846277923819972,0.0004573108009760878,,0.001
281,0.041885025015002804,0.0362258820157302,56.591428455553554,,1.8855207960609388,0.040120561526539616,88.03079340057116,,2.6934157938325614,0.0004324679271534115,,0.001
282,0.04176683684712962,0.03635868518368194,54.081520883660566,,1.8779629817351144,0.039959734725524325,87.99117698104378,,2.6826189996341645,0.00043227330399744056,,0.001
283,0.04141352953095185,0.036000029625077,54.13500032926861,,1.8703709094230856,0.03979834156335496,82.76573908064732,,2.671784183882247,0.00040660235170952597,,0.001
284,0.04137150315861953,0.03583145572950965,55.400477961490026,,1.8671463625948663,0.03972936468518317,94.22794535070234,,2.667153555446145,0.00046291260854953043,,0.001
285,0.04122469358538326,0.03575065065371363,54.74042751914576,,1.850342179916361,0.03937205981353202,85.19976502951434,,2.643166588467083,0.0004185599646774594,,0.001
286,0.040789929071539326,0.0354156756871625,53.74252941733912,,1.851222279248158,0.03939058437894573,91.69443345100697,,2.644410199103643,0.0004504662520263749,,0.001
287,0.041274455032850564,0.035839480593016275,54.349743491724915,,1.8528230464081188,0.039424789403397185,87.19299537650349,,2.6467064868319454,0.0004283520858569111,,0.001
288,0.04058154044966949,0.03535666355961248,52.24877086438631,,1.8425746595433126,0.03920656935273801,91.57480029508031,,2.6320567085483693,0.00044987853151445123,,0.001
289,0.04071212030555073,0.03529482021143562,54.17299872950504,,1.8285620800996998,0.03890853138250366,86.93362678492184,,2.612048509618751,0.00042707788858074196,,0.001
290,0.040784575829380436,0.035191806425389494,55.92769321642424,,1.8287527412369813,0.038912585534570894,87.03120580578978,,2.61232067722541,0.00042755726398176094,,0.001
291,0.04052294065293513,0.035000381697165336,55.22558914987665,,1.8137424403865223,0.038593152744779056,87.60664955182392,,2.590876178734924,0.0004303842402525344,,0.001
292,0.04048694846661467,0.03504979414375205,54.3715426796361,,1.8205991798102037,0.03873910110446423,86.36369201617683,,2.600674137739061,0.0004242779762031464,,0.001
293,0.040204815762607676,0.034950377811726774,52.54438239649723,,1.8071101924790058,0.038452011548728564,87.89141873993852,,2.5814009393031094,0.0004317832227647184,,0.001
294,0.04020608765514273,0.03482109121978283,53.84996815731651,,1.808754654901784,0.038486873933780454,92.07756865186926,,2.583741357655612,0.0004523484761860783,,0.001
295,0.040142821834275595,0.03476335716090704,53.79464581138209,,1.7858860400708543,0.038000360129782355,88.13889107124412,,2.551080200539473,0.00043299897741162427,,0.001
296,0.039649388899928646,0.034454048954342543,51.953405480635794,,1.7891151087310724,0.038069197512701644,84.1926983466311,,2.555701464233359,0.0004136125590705374,,0.001
297,0.04007039924985484,0.034562552053677406,55.07846952739515,,1.7991611610300882,0.03828284812576196,88.22287996517568,,2.5700444822192363,0.000433411588742948,,0.001
298,0.04009386524558067,0.03421578977845217,58.78075147929945,,1.8038552686877316,0.038382379092051666,99.64588017382623,,2.576726299880307,0.000489529238388896,,0.001
299,0.03999215893839535,0.034376358123202076,56.15801500019274,,1.7630803348532016,0.0375151510802874,85.28251670475615,,2.518506635576886,0.00041896649793789984,,0.001
300,0.040065845376566836,0.03438249387239155,56.83351677342465,,1.7688019989152826,0.03763680027462472,88.66611649622938,,2.526673317419522,0.000435589072057806,,0.001
301,0.039888250004304085,0.03415094227775147,57.373077392578125,,1.7603225994332672,0.03745634248475571,89.26199588079744,,2.5145586350008378,0.0004385164422691022,,0.001
302,0.039352160535360635,0.03406223341038352,52.89927372179533,,1.7457595586102967,0.03714662114420662,83.6551908702947,,2.493766095749609,0.0004109719519018287,,0.001
303,0.03934360530815626,0.03395745167998891,53.86154034263209,,1.7436242603208147,0.03710119681713749,83.20285779674457,,2.4907166219811208,0.0004087497801009792,,0.001
304,0.0390276952009452,0.034007833192222996,50.19862164949116,,1.7449217211780625,0.03712890080597282,80.19263047012494,,2.492576475339152,0.00039396146885311873,,0.001
305,0.038674345338030866,0.03362321961475046,50.511255966989616,,1.7366287207898154,0.03695242537698661,80.28332971272714,,2.4807291409657184,0.0003944070460418198,,0.001
306,0.03891009484466754,0.03381823973828241,50.91855179636102,,1.7323160828392883,0.03686057396980436,82.826293229322,,2.4745628755552316,0.0004068998354211485,,0.001
307,0.03829711224687727,0.033237786571446215,50.593255494770254,,1.7137727708501467,0.03646590029231027,85.29766151328865,,2.448067226543206,0.0004190408996750668,,0.001
308,0.039160800803648796,0.033559869288613924,56.009320510061166,,1.7202215386375668,0.0366031190743206,85.58720192784568,,2.45727914234435,0.000420463321739819,,0.001
309,0.038464579535158056,0.03317767744393725,52.86902096396998,,1.71305188490728,0.03645064607477411,82.55482970906223,,2.4470431643448918,0.0004055662195196048,,0.001
310,0.03822219959999386,0.032981295236631444,52.40904275994552,,1.7051806836092414,0.03628314505121511,82.68869874633583,,2.4357983092089914,0.00040622387649193604,,0.001
311,0.03787915663499581,0.032925322945964966,49.53833911293432,,1.706137259677009,0.0363036107754468,79.17906587158713,,2.4371722357638674,0.000388982141006201,,0.001
312,0.0383478803069968,0.03320732859796599,51.405520589728106,,1.6946672016996958,0.03605934154404858,85.23111287371185,,2.4207736964423257,0.000418713966892788,,0.001
313,0.03839259673106043,0.03294320453546549,54.49392318725586,,1.707178179937168,0.0363255308679729,86.52490193493763,,2.4386437985029135,0.0004250699504284134,,0.001
314,0.03818186156843838,0.032783039698475284,53.98822423031456,,1.680101067949241,0.03574957454675044,78.98150065386315,,2.3999780921141314,0.0003880115644967071,,0.001
315,0.037959796425543334,0.03269755193277409,52.62244515669973,,1.682509826445568,0.03580073943988077,81.93958818401728,,2.403412947609756,0.00040254372913008655,,0.001
316,0.037401873618364334,0.032432347536087036,49.69526210584139,,1.6836577160021045,0.03582531324122888,77.250734815589,,2.40506266192449,0.0003795088498720596,,0.001
317,0.03726578170531675,0.03239619202519718,48.695897554096426,,1.6698180643384386,0.035530854830188204,75.80744550829912,,2.385294769732872,0.0003724184180936464,,0.001
318,0.037417361414746234,0.032238412942541275,51.789485931396484,,1.663578853391271,0.035397764781601254,86.05843464993308,,2.3763600284125417,0.0004227783416397382,,0.001
319,0.03784705423995068,0.03253212139794701,53.14933194612202,,1.680414900322209,0.03575608663046878,84.28011172148896,,2.400415268177236,0.00041404199381229014,,0.001
320,0.03778746684915141,0.0322859937227086,55.014732360839844,,1.654331992269194,0.035201112290792286,82.29700226048516,,2.3631581462731055,0.00040429959340001494,,0.001
321,0.0375934778467605,0.03217113292530963,54.223447699295846,,1.655676715433918,0.035229574356760295,87.18325434243991,,2.365068891663661,0.0004283042311841645,,0.001
322,0.03788443948877485,0.03217051295857681,57.13927198711195,,1.656276855380596,0.035242609061224464,78.76850825126868,,2.365943951172699,0.0003869651990228631,,0.001
323,0.036985418710269426,0.032054917984887174,49.30501034385279,,1.6577691879551195,0.03527453256664865,73.44006312918576,,2.3680870735626263,0.00036078820427044546,,0.001
324,0.03638170149765516,0.03170578877784704,46.759128972103724,,1.6373651009924621,0.03484029904598981,74.73499985112859,,2.338935651492415,0.00036714982590646967,,0.001
325,0.03659092419241604,0.03168909781073269,49.01826035348993,,1.6541695401322936,0.03519743539038159,89.31077718426614,,2.3629113047219974,0.0004387560896513422,,0.001
326,0.03697554482833335,0.0316620877894916,53.13457248085424,,1.622866278259198,0.034531593720503365,80.3049344681807,,2.3182113204345014,0.0003945131834903959,,0.001
327,0.036461964641746725,0.031521370242300784,49.405948638916016,,1.6252566724648203,0.03458252913886219,78.11950421468414,,2.3216307705880688,0.00038377684390786655,,0.001
328,0.036302645935824045,0.03122747297349729,50.75172484548468,,1.6139523484717004,0.034341986563591116,77.79807060250042,,2.3054824130707967,0.00038219774047588924,,0.001
329,0.03635467981037341,0.0312845072660007,50.70172761615954,,1.6184072306392854,0.03443665699671296,81.88375363538108,,2.311837928299831,0.00040226943134655566,,0.001
330,0.036478096521214434,0.03142974417852728,50.48352552715101,,1.6137185645275034,0.03433697511598383,78.96491367056801,,2.3051459792916607,0.0003879300778031732,,0.001
331,0.036801195948531755,0.031164247738687617,56.369487963224714,,1.6114041242764714,0.034287759400359774,77.85257636606012,,2.30184197803338,0.0003824655103513386,,0.001
332,0.03662068318379553,0.031041446485017474,55.792363819323086,,1.6281644243231257,0.03464411595731289,87.34326707957717,,2.3257652817513104,0.0004290903240282107,,0.001
333,0.03647595016579879,0.030909112899711256,55.668372104042454,,1.5974452493212365,0.03399053867045282,83.59254774197348,,2.2818886429421883,0.00041066420568247776,,0.001
334,0.03667222541805945,0.0312115302015292,54.60694945485968,,1.593698012970308,0.0339110148003104,76.69869682781501,,2.2765499627323758,0.0003767968588168818,,0.001
335,0.035471981097208824,0.030834632876672242,46.37348576595909,,1.5915649816494422,0.03386570161569781,74.24069775510159,,2.273507950296342,0.0003647214733425702,,0.001
336,0.03551768619371088,0.030826419984039507,46.91266511615954,,1.5941156609658311,0.033919987420679525,73.98220414562626,,2.2771523221335097,0.00036345157458153647,,0.001
337,0.03535465954949981,0.030730542775831725,46.241168775056536,,1.5854739236093864,0.03373614207646377,72.44342921137846,,2.26481022284844,0.0003558920515957371,,0.001
338,0.035205264918898284,0.03061581873580029,45.89446017616674,,1.570862440580797,0.033425239111903364,71.64459086758607,,2.2439383575695246,0.000351967607099383,,0.001
339,0.0348099802473658,0.03034226763013162,44.67712663349352,,1.5768195975317167,0.03355199373974835,72.02410016058454,,2.2524477827517524,0.0003538320183007188,,0.001
340,0.034765938787083873,0.030324188404177364,44.41750215229235,,1.5679222616105826,0.03336258653896871,74.40071259773634,,2.239732299053748,0.0003655075765302711,,0.001
341,0.03504035014070963,0.030332832744247036,47.07517342818411,,1.5799807372619155,0.03361886453232717,84.69292138677336,,2.2569370232315684,0.00041606999939258836,,0.001
342,0.03661728846399408,0.030649715250259953,59.67573105661493,,1.5708637693528227,0.03342475690327578,87.92166935524133,,2.243905985432046,0.00043193183463551677,,0.001
343,0.036088091174238605,0.030296211277968006,57.918800153230364,,1.574616871828525,0.03350495008946366,77.45426451935897,,2.2492895988715866,0.00038050872804767737,,0.001
344,0.035209771735887775,0.030305072959316403,49.04698964169151,,1.5908866523236445,0.0338512991715857,73.21390613465272,,2.2725410702486717,0.00035967716524809,,0.001
345,0.03513805764286142,0.03016761464900092,49.70443083110609,,1.5431757505015724,0.03283613510833534,69.71437467989763,,2.2043900071215754,0.00034248505489916433,,0.001
346,0.03503756656458503,0.02987841506929774,51.59151358353464,,1.5605605893773837,0.033205777815552284,79.32783986664349,,2.229205250672804,0.0003897130214035136,,0.001
347,0.03580454217368051,0.03015495483812533,56.495871895237975,,1.5588549023200726,0.033169005517605724,94.49847753039174,,2.226736614036219,0.00046424164906432155,,0.001
348,0.03631177966139818,0.029967641065779486,63.441387578060755,,1.538742897703604,0.032741397756274715,82.70969658379575,,2.1980299994198593,0.00040632703234104526,,0.001
349,0.03538374808665953,0.029936296473208227,54.47451842458624,,1.5293645196275931,0.03254225863956151,68.99946909380286,,2.184661182491153,0.0003389729459542642,,0.001
350,0.03428661460547071,0.02968244333016245,46.04171110454359,,1.534744981876899,0.03265681625440611,66.99142301100387,,2.1923517849499974,0.00032910803966965303,,0.001
351,0.034269404548563455,0.029772693781476272,44.967110081722865,,1.5214637047324275,0.03237404540819633,71.74920487510529,,2.1733685146706665,0.0003524815432032777,,0.001
352,0.034312001478515174,0.029478992090413447,48.33009217914782,,1.5346230335662925,0.03265398697660391,74.46073980622482,,2.1921618468926116,0.00036580247154853696,,0.001
353,0.03455345489476856,0.029719052444163122,48.34402867367393,,1.521279040338027,0.032370237064552373,67.8827694063218,,2.1731128489339797,0.0003334869474707533,,0.001
354,0.03424494154751301,0.029522024977364038,47.22916793823242,,1.5157867784661463,0.0322532944217545,70.08101916102224,,2.1652621322665184,0.0003442862652782721,,0.001
355,0.033860124549583384,0.029361483788019734,44.986409639057364,,1.5165827450425555,0.03227027267134679,68.79547918410529,,2.166401934000681,0.0003379708069299606,,0.001
356,0.03394177742302418,0.02933999866639313,46.017785724840664,,1.5057285622800967,0.03203915258070882,73.46053156600058,,2.150886136646136,0.0003608887593387282,,0.001
357,0.03325196130103186,0.02898848301878101,42.63478510003341,,1.503853874555918,0.03199945242383132,67.318069646107,,2.148220943899999,0.00033071275306297536,,0.001
358,0.03417311902893217,0.029171841121033618,50.012776023463196,,1.5093435926248906,0.03211564854200726,87.1971587141177,,2.156021544090255,0.0004283725390406041,,0.001
359,0.03427423566187683,0.02896895779198722,53.05278095446135,,1.4977701494409899,0.03187001929485557,66.46564037589599,,2.139531702758699,0.0003265250330017057,,0.001
360,0.03346212443552519,0.0290872370334048,43.74887486508018,,1.4931348452639452,0.03177128576956233,69.51484032143702,,2.1329034197465164,0.0003415048046132594,,0.001
361,0.03326781917559473,0.028862956911325455,44.048622131347656,,1.493363134010762,0.03177629110353085,64.81436009932754,,2.133239443098416,0.00031841280623683555,,0.001
362,0.03358538703698861,0.028944721249373334,46.40665696796618,,1.4912068735813362,0.03172983079837608,83.17163033603448,,2.1301204209579265,0.0004085963692923079,,0.001
363,0.033846857320321236,0.028988588209214964,48.5826923972682,,1.475436141117343,0.03139440292750453,77.79475200018621,,2.107602123837398,0.0003821814372141733,,0.001
364,0.03391909736551737,0.028663701426826026,52.55396029823705,,1.479459419169209,0.031480271642162355,69.67818970627619,,2.1133667528319973,0.0003423072893704026,,0.001
365,0.03319306799063557,0.028607291414549475,45.85776399311266,,1.476992509394705,0.03142792141343315,65.05866342861783,,2.109852322138481,0.00031961299256179674,,0.001
366,0.034106610833029995,0.02872516205044169,53.81448625263415,,1.4882684611401449,0.031667130596240246,88.64505173489474,,2.1259111649484503,0.00043548558743250086,,0.001
367,0.034928931511546434,0.02862610471876044,63.02827152452971,,1.4859358642945324,0.03161764844477277,83.70864564626565,,2.122589277038503,0.0004112345586019116,,0.001
368,0.0337102943541188,0.028401262077846025,53.09032600804379,,1.4812465834953337,0.03151781367789278,85.2475898705511,,2.1158870643162238,0.0004187949132570489,,0.001
369,0.03366910166254169,0.028567337087894742,51.017651206568665,,1.46466612450506,0.03116530173311225,75.19418546269151,,2.0922218611520447,0.0003694056620967408,,0.001
370,0.0327778837006343,0.028444254476773113,43.33629648309005,,1.4519080899773529,0.030894200852245778,62.876684845483425,,2.074022031277663,0.0003088936099629441,,0.001
371,0.03229867392464688,0.028080541640520096,42.1813252097682,,1.4513471900034791,0.030882252405250103,63.280425775855804,,2.073219895549113,0.0003108770636672702,,0.001
372,0.03236336564939273,0.028117577888463672,42.45787931743421,,1.4489836572876236,0.030831963077923782,63.09081275819346,,2.069843819459243,0.00030994555384505836,,0.001
373,0.03216613427196678,0.028128544554898615,40.37590167396947,,1.4523776030827955,0.03090410009293175,65.80565017273938,,2.07468659752988,0.0003232827062649476,,0.001
374,0.03303280953121813,0.028280704527309065,47.52105130647358,,1.4668043780854532,0.031210690024228775,78.8007538906681,,2.0952689157170075,0.00038712361182697527,,0.001
375,0.03297516938887144,0.028311352196492647,46.63817094501696,,1.4418040499094242,0.030679214062845628,62.1056477764466,,2.059589311694397,0.0003051057444885585,,0.001
376,0.03206955474850379,0.027915527063765024,41.540278585333574,,1.4357600070952705,0.030550428915138168,67.51701668226312,,2.0509435715140936,0.0003316901180169437,,0.001
377,0.03278991138856662,0.028014132360878744,47.75779161955181,,1.4381296361928644,0.030600762031198388,70.44688837688692,,2.054322587275369,0.0003460836670201177,,0.001
378,0.032772327430154145,0.0279082529442875,48.640749078047904,,1.441586994143389,0.030674175112011513,75.49976622455102,,2.0592510315396693,0.0003709068854022948,,0.001
379,0.03224703355839378,0.027744365856051445,45.02667718184622,,1.4196793237125642,0.03020817112503143,69.6095121190069,,2.027966761061779,0.00034196989772980815,,0.001
380,0.032402824022268,0.0277113181195761,46.915056931345084,,1.4356279247363397,0.03054750324197751,71.18384852884826,,2.0507471621419744,0.00034970412319234754,,0.001
381,0.032767370833378086,0.027584980879175037,51.82389931929739,,1.424506578485014,0.030310918910417588,68.80478537453608,,2.034864533610584,0.00033801652535109293,,0.001
382,0.03175747551416096,0.02736530639231205,43.921693099172494,,1.4095150971650514,0.029992107569709166,62.33431788094772,,2.013461754894514,0.00030622912963908824,,0.001
383,0.031766529342061596,0.027501285468277178,42.65244072361996,,1.4209801804109752,0.030235992445141885,65.16224187875034,,2.029834491226553,0.0003201218412941118,,0.001
384,0.031912333773154965,0.02722162135729664,46.90712878578588,,1.4101550320776453,0.030005576815824643,67.0654542791949,,2.014365986511373,0.00032947173228064,,0.001
385,0.03228749972032873,0.02754833284569414,47.39167123091848,,1.4188569100196715,0.030190747832313354,67.1407310151357,,2.02679708222375,0.0003298415434875782,,0.001
386,0.03166672842282998,0.02736939970207842,42.97328828510485,,1.408417773058919,0.029968849827244452,59.369328354826884,,2.0119003916308937,0.0002916630576447316,,0.001
387,0.03150706081406066,0.027392160931700153,41.14899946513929,,1.3937956474168054,0.029657454763279245,67.04017662520863,,1.9909954902164264,0.00032934755102314526,,0.001
388,0.03188536688685417,0.02713719284848163,47.48174185501902,,1.3992864775708724,0.029774296623253302,67.08400049768014,,1.9988394410252086,0.00032956284408771356,,0.001
389,0.03161790672885744,0.02719340826335706,44.244986283151725,,1.4090311353872103,0.029981408121927393,75.11675392831222,,2.0127434682967142,0.00036902526503480653,,0.001
390,0.03532509192040092,0.027768126541846676,75.56965617129677,,1.456769981443544,0.030996082188956532,113.20066607473669,,2.080861636481394,0.0005561196885612672,,0.001
391,0.034270768200880604,0.027541716337988253,67.29051871048777,,1.4183572395412336,0.030179403607479584,89.8236481495626,,2.026035509773777,0.000441275665298578,,0.001
392,0.032170142194158154,0.027130175676000744,50.39966382478413,,1.388067642002365,0.02953576418337024,60.67347576817529,,1.9828260300340026,0.0002980699285448592,,0.001
393,0.03126681792108636,0.026965717736043428,43.01100640547903,,1.38170804713267,0.029400253698240158,66.41911457144062,,1.9737287974183064,0.00032629646618508734,,0.001
394,0.03165081643352383,0.027101535546152217,45.49280487863641,,1.4116969758220008,0.03003828569162329,70.3569669267484,,2.0165618332124797,0.0003456419108840452,,0.001
395,0.03195337068877722,0.026980302737731682,49.730679963764395,,1.3810822964057259,0.029386652831496652,75.50895693724287,,1.9728157297068154,0.00037095203651718725,,0.001
396,0.031319863309985714,0.026610772174439933,47.090910259046055,,1.3991114219088583,0.029770660360319404,64.25034625877004,,1.9985953275919952,0.0003156419815391434,,0.001
397,0.030918075752101447,0.026714033496223,42.04042033145302,,1.378593983860054,0.02933417773721398,60.34873596063984,,1.9692929164074475,0.00029647458280271643,,0.001
398,0.03139122948050499,0.02671571742547186,46.755121532239414,,1.3840851314976708,0.02945108604504925,58.48925066397197,,1.9771413280640358,0.00028733950948623554,,0.001
399,0.031314476834316006,0.026749787852168083,45.64688973677786,,1.3676263257537526,0.029100768185151313,61.01979877787824,,1.9536234205171392,0.0002997713058509826,,0.001
400,0.030687374111853148,0.026625124541552442,40.622494747764186,,1.3703333202096697,0.029158322025952987,62.620357301436904,,1.9574871855770677,0.000307634352408128,,0.001
401,0.030824775660508556,0.02663808365009333,41.86692247892681,,1.3768057899623145,0.029296196012420984,58.10048306999203,,1.966743087253965,0.0002854296151297474,,0.001
402,0.03075103608793334,0.026516232933653027,42.34803330270868,,1.362832319088638,0.028998595556959574,66.04466246269205,,1.946764260026901,0.00032445689935814935,,0.001
403,0.03114885934873631,0.0265217388146802,46.27120690596731,,1.3570946204401135,0.02887637173650113,70.10362439108648,,1.9385590017782703,0.00034439731774765314,,0.001
404,0.03084308301147662,0.02640391974464843,44.39163669786955,,1.3543853827395615,0.028818967093964767,62.22372215127646,,1.9347052528534336,0.0003056858071934378,,0.001
405,0.03120238520205021,0.026580353708643662,46.220314025878906,,1.3516180229330337,0.028760015800816007,64.22290243772072,,1.9307476725506583,0.0003155071585761336,,0.001
406,0.03068865110215388,0.026224041259602496,44.646098488255554,,1.3622715873724827,0.028986816523086125,61.16073840261039,,1.9459734975185088,0.0003004636984218906,,0.001
407,0.03055902893998121,0.026199923730210253,43.591054012900905,,1.352566445743377,0.028780370224083925,58.730054368981314,,1.9321141271320055,0.00028852250324482156,,0.001
408,0.030419096056567996,0.02603533658149995,43.83759769640471,,1.3433872700771872,0.028584675817647717,70.34517343082915,,1.9189765641217942,0.00034558397310412674,,0.001
409,0.031586658895799986,0.026518793384495535,50.678654319361634,,1.3530855151319436,0.028791340872555013,61.12127619332923,,1.9328506202601254,0.0003002698328529293,,0.001
410,0.030668521005856365,0.026138767403991597,45.297536749588815,,1.3379869184227466,0.02847001037159228,62.296217013832255,,1.9112787226245294,0.0003060419519210686,,0.001
411,0.030017386729779997,0.025997812320527277,40.19574556852642,,1.3322769671346473,0.028348731433483678,55.05408707446257,,1.9031368972130163,0.0002704636184531057,,0.001
412,0.029826890089009937,0.02588953675800248,39.373537163985404,,1.335229245032088,0.028411355086996038,61.429380669628415,,1.9073410142796758,0.0003017834543831305,,0.001
413,0.03046349739949954,0.025984805763552065,44.78691522698654,,1.3415136041681535,0.028545168448894702,58.74887326759424,,1.9163243138310861,0.00028861495464461084,,0.001
414,0.030372643941327146,0.025887122181685346,44.85521798384817,,1.3293366406724059,0.028286020886158537,59.55867850840927,,1.8989269466993952,0.00029259327609741935,,0.001
415,0.03042021129084261,0.02590259929236613,45.1761225650185,,1.3413714919714257,0.028541272778505832,86.53920362673338,,1.9160627855833818,0.0004251402101951015,,0.001
416,0.03157843776831502,0.026003218795123854,55.75219144319233,,1.3396047351744482,0.02850395523901251,77.6584324907363,,1.9135575452169975,0.00038151174183367035,,0.001
417,0.03135847045402778,0.02604560710881886,53.12863359953228,,1.3350025158560415,0.02840617954366569,72.61527197511974,,1.9069935642536235,0.0003567362616836019,,0.001
418,0.03068260093660731,0.025722278576148182,49.60322430259303,,1.3353588011200466,0.028414191985366738,58.87906895808261,,1.9075314639290928,0.000289254565605898,,0.001
419,0.030708521898639828,0.025709007817663644,49.995142484966074,,1.335620084295018,0.028419455820558465,68.32334997061648,,1.9078848412573775,0.0003356513828464245,,0.001
420,0.030938331527929557,0.025808525222696756,51.29806177239669,,1.330701934483211,0.028315157289295952,56.90081190425343,,1.9008829624030608,0.0002795360035618966,,0.001
421,0.029652149661591177,0.025557631626725197,40.945181595651725,,1.316429872973469,0.0280115199459098,54.736248759652646,,1.8804988604574129,0.0002689021775996726,,0.001
422,0.029529477126504246,0.02545358338638356,40.75894205193771,,1.3018471084736045,0.027700882926116655,64.9435682379236,,1.8596448488627226,0.0003190475656626165,,0.001
423,0.030176009198552685,0.025532411999608342,46.435970507170026,,1.3384360106192092,0.02847910722533767,76.95383712536464,,1.9118894221915281,0.00037805028379866637,,0.001
424,0.032373557749547456,0.02609314161695932,62.80416508724815,,1.3541439125794725,0.028813334525398852,77.9801350407838,,1.9343271213279005,0.00038309216647378384,,0.001
425,0.03300506670616175,0.0258736381993482,71.31428407367908,,1.429203340682466,0.03040860717532317,140.78447559332798,,2.04142264510149,0.0006916303714108248,,0.001
426,0.034009238705039024,0.026392600254008646,76.16638324135228,,1.3434248462144216,0.02858565473942565,64.62768826900414,,1.919042282129651,0.00031749574555387037,,0.001
427,0.03056821687833259,0.02552877778285428,50.39439412167198,,1.3099131382189997,0.027872775004050263,56.992545675764454,,1.871184488885827,0.0002799866630695852,,0.001
428,0.029182928859403257,0.025262999201291485,39.19929745322779,,1.291429294786918,0.027479406082170338,58.21137346995257,,1.8447764321019404,0.0002859743851989427,,0.001
429,0.029738762268894596,0.025240607363613027,44.981552726344056,,1.3184197902139185,0.028053625642983717,62.36169721810265,,1.883325544461678,0.0003063636358127671,,0.001
430,0.03022452228163418,0.02530555005528425,49.18972075612921,,1.2958056705169103,0.027572271946748383,66.56891893788259,,1.8510108011348105,0.00032703240847676803,,0.001
431,0.030239836361847426,0.025142619876485122,50.972165760241054,,1.298006372401899,0.02761911926175375,66.02582169072103,,1.8541558044282127,0.00032436434050135026,,0.001
432,0.02871859406954364,0.024939626063171186,37.78968108327765,,1.293646241513786,0.027526560983422356,58.88308892163312,,1.8479420845992212,0.00028927431443737805,,0.001
433,0.03461140031485181,0.025770601669424457,88.40799110814145,,1.345913529723347,0.028636533885124677,130.92730983434916,,1.9224579545277507,0.0006432051797395942,,0.001
434,0.037085018855960744,0.026426739696609348,106.5827970002827,,1.3315773979738823,0.02833233035983095,103.34314847393057,,1.902035843061946,0.000507692768400495,,0.001
435,0.03387635612958356,0.025711220542066975,81.65135855423777,,1.3670095998175986,0.02908588389534874,117.15574570453029,,1.952624192697067,0.0005755497655053701,,0.001
436,0.03309151922401629,0.025703257832087968,73.88261774966591,,1.2884817743619297,0.027416534352988724,62.974125181873724,,1.840555660958164,0.0003093723040502289,,0.001
437,0.03068755998423225,0.02536596446052978,53.21595904701635,,1.2882907056934652,0.027412603792861936,58.659233288945565,,1.8402917904558258,0.0002881745812904839,,0.001
438,0.02886970154941082,0.02488816127573189,39.81540057533666,,1.2786196681984432,0.027206961967318418,53.717638253715315,,1.8264864268288714,0.0002638980607780179,,0.001
439,0.028480532922242816,0.02481068739373433,36.69845550938656,,1.2791829747478511,0.02721893498330541,54.16339916362359,,1.827290211948824,0.0002660879455815871,,0.001
440,0.028414824683415264,0.024771588315304956,36.43236622057463,,1.2696747068411962,0.027016643827697938,52.82546250968772,,1.8137097890251472,0.00025951507864447666,,0.001
441,0.029837670098794133,0.024989561226807143,48.48108974256014,,1.2761619951638665,0.027153946041915678,76.59148239285918,,1.8229273058851148,0.00037627014762122904,,0.001
442,0.030477288032048626,0.02509884281378043,53.7844507317794,,1.2720878367106487,0.027067748676214816,60.66414775292814,,1.817140613542539,0.0002980241029051875,,0.001
443,0.028914582964621093,0.02488271960694539,40.31863584016499,,1.263467025129984,0.026884429715258996,56.539806563546804,,1.8048338519728944,0.00027776249652696297,,0.001
444,0.028413646315273485,0.02458977307143964,38.23873439588045,,1.27066285384975,0.02703760985297265,54.78481337360246,,1.8151173023165914,0.00026914076045365546,,0.001
445,0.029164178591025502,0.02456972895092086,45.94449896561472,,1.2729536735536955,0.027086127057593033,62.142661738886325,,1.8183744103984585,0.00030528758258172663,,0.001
446,0.028414337258589894,0.024496586699234813,39.17750629625822,,1.2579984807440214,0.02676799474890491,58.64318438237106,,1.7970172171751733,0.000288095738000639,,0.001
447,0.02930776000415024,0.024742952106814636,45.64808032387182,,1.2635047776496966,0.026885342880607968,53.03867938478468,,1.8048951555509032,0.0002605625468819572,,0.001
448,0.02843234629223221,0.02436448594457225,40.67860472829718,,1.2715134667069317,0.027055133654459985,73.182373324473,,1.8162937286151801,0.00035952225435238,,0.001
449,0.028774380095695194,0.024519327243691998,42.55053008230109,,1.2527217452597328,0.026655772755901884,56.55881278848349,,1.7894834121418173,0.00027785586820275803,,0.001
450,0.028060086267559153,0.024353550060799246,37.06536303068462,,1.2689987988549545,0.02700192569939727,63.50734971301766,,1.8127217161340323,0.0003119918704403879,,0.001
451,0.02894911258236358,0.024383715402923133,45.65397322805304,,1.2814901117150692,0.027267979494082974,55.77930929902795,,1.8305827197030262,0.0002740264098363007,,0.001
452,0.02864049159382519,0.02448294537239953,41.57546043395996,,1.267844145753551,0.026977633292457077,54.63462127100012,,1.8110908926850724,0.000268402913334731,,0.001
453,0.02828736426798921,0.024268425706970066,40.18938646818462,,1.2398877933079377,0.026382731584303775,54.59743556337312,,1.7711533246264064,0.00026822023151083774,,0.001
454,0.027808380068132754,0.024227135373573554,35.81244840120014,,1.2430102316373854,0.026449170727617925,54.77014933865899,,1.7756135871731473,0.0002690687206077023,,0.001
455,0.028084683771196165,0.024253573660787783,38.311102415385996,,1.2365229283584713,0.026311037261477876,57.498905157993136,,1.766340265833606,0.00028247424982434107,,0.001
456,0.028683819955116825,0.02438462907938581,42.99190822400545,,1.2431505928473596,0.026452098826902123,56.643283873195024,,1.7758101594183477,0.0002782708483875141,,0.001
457,0.028777289057248516,0.024320696039419425,44.565930015162415,,1.2418780672717507,0.02642464857481443,68.4819385093585,,1.7739673401829097,0.0003364304790464095,,0.001
458,0.02835553257088912,0.024154606716413247,42.00925827026367,,1.2337517136197855,0.02625197764493111,60.336407123781456,,1.7623754134503828,0.00029641401505915314,,0.001
459,0.027876352009020354,0.023844279839020027,40.32072227879574,,1.2294715214129355,0.026161047139213647,55.530845991741984,,1.7562709709669797,0.00027280578683240824,,0.001
460,0.028090243963034528,0.02402355786609022,40.66686449552837,,1.2542705994150463,0.02668822378598621,72.76069507395988,,1.791661948872851,0.0003574506801692953,,0.001
461,0.030309610657001797,0.02454940906088603,57.602018657483555,,1.238894998836928,0.026360908543756036,76.811114000153,,1.7696882772829927,0.00037734912944423183,,0.001
462,0.028587673545668,0.023952731470528402,46.349420045551504,,1.2362423827522364,0.026305024459245534,58.86600061642838,,1.7659366080610928,0.000289190364905118,,0.001
463,0.027893081895614926,0.02370589216680903,41.87189865112305,,1.2538214130225467,0.02667901672897667,61.55305309544051,,1.7910438510242501,0.00030239101857255696,,0.001
464,0.029009674234609855,0.024003885392295688,50.057891845703125,,1.2191566221230627,0.025941588950789417,54.26167458081911,,1.7415380727148777,0.00026657074216131677,,0.001
465,0.027327002957463264,0.023686667218020086,36.40335735521818,,1.21763131916321,0.025909219170475305,51.448938300920325,,1.7393649905289954,0.00025275264304386487,,0.001
466,0.027075124806479403,0.023617553965825783,34.57571039701763,,1.220287301388838,0.02596569975806771,52.65820069032892,,1.7431567048240633,0.00025869337331256104,,0.001
467,0.027419132523630794,0.023906107109628226,35.13025534780402,,1.2196826059987809,0.02595282317604823,52.94018916437149,,1.7422922605575266,0.00026007869504078205,,0.001
468,0.028675941848441175,0.023889385261817983,47.865568562557826,,1.260897005713037,0.026829139585493336,75.69919864993196,,1.8011220567465147,0.00037188663492266103,,0.001
469,0.030668093479777638,0.024184913619568472,64.83179915578742,,1.2288615230359716,0.026147353116510664,78.27922308474605,,1.7553516494114993,0.0003845614930743082,,0.001
470,0.028325408795162252,0.023721659261929363,46.03749506097091,,1.2135274977339559,0.025821610807095552,60.38526466506911,,1.7334835736040912,0.00029665403697410215,,0.001
471,0.028979492030645673,0.023905931236712558,50.7356081510845,,1.2110846209020016,0.025769710816307422,57.716366691373196,,1.729999368758253,0.0002835425707486856,,0.001
472,0.027989619362511133,0.02359093500203208,43.98684250681024,,1.1951945467364353,0.0254317515086483,52.08060428548468,,1.707311128557037,0.00025585582169812077,,0.001
473,0.029330411533776083,0.023819951144488233,55.10460723073859,,1.2363933455534126,0.026307641525491473,77.8499329860197,,1.7661122997087697,0.0003824525242467881,,0.001
474,0.02924370050038162,0.023715130298545484,55.28570536563271,,1.2153391193942966,0.025860141053572126,61.03969111500873,,1.7360702266929722,0.00029986903072057357,,0.001
475,0.02756619698515064,0.0234306120362721,41.35584991856625,,1.1971973371740496,0.025474444974981563,49.699364784757236,,1.7101772713062955,0.00024415753214335754,,0.001
476,0.026890697643945093,0.023242249202571418,36.48448422080592,,1.2029142694297101,0.025596224568922746,45.71449998316512,,1.7183527072724827,0.00022458112990772855,,0.001
477,0.02661918897769953,0.02324410459320796,33.75084626047235,,1.2060000134642825,0.025661701052264008,51.68452561504858,,1.7227483435159912,0.0002539100102953569,,0.001
478,0.028422446627365917,0.023586680524443324,48.357661397833574,,1.2003157916746525,0.02554029342998495,66.00341187069532,,1.714597879143209,0.00032425424802075314,,0.001
479,0.03084601805006203,0.02394812318839525,68.9789480912058,,1.2711243485183545,0.027045516616642885,115.80437211376949,,1.8156481075031892,0.0005689108870739689,,0.001
480,0.03086070324245252,0.02410351318356238,67.57190483494809,,1.2276785421157799,0.026122415145167135,70.76981980934072,,1.7536774872530667,0.00034767012877754484,,0.001
481,0.029323680326342583,0.02366020638299616,56.634740729081,,1.223443417391483,0.026032221987687967,73.03246861431373,,1.7476225452082172,0.00035878581910320397,,0.001
482,0.02901881021496497,0.023506393460066694,55.124170002184414,,1.2298093446273461,0.02616820304264474,56.57905810172497,,1.7567513686131515,0.00027795532713427386,,0.001
483,0.02730207468726133,0.023287467070316013,40.1460737931101,,1.198737798204063,0.025507139974360864,52.42729074834817,,1.7123721864410029,0.0002575589845366571,,0.0005
484,0.02596587030903289,0.022942170696823222,30.236996801275957,,1.1770134531677883,0.02504522547396908,40.53054354757067,,1.681362455684056,0.00019911396316354502,,0.0005
485,0.025324732065200806,0.022814653323669182,25.100790726511104,,1.1710672897330727,0.024918767484261414,38.151830158030755,,1.6728729447257005,0.00018742808360790625,,0.0005
486,0.025332094317204075,0.022812007289183766,25.20087242126465,,1.1802014258944775,0.025113057085911102,40.76970283856436,,1.6859161989013565,0.00020028887842717195,,0.0005
487,0.025886807590723038,0.022907658529124762,29.79149185983758,,1.1741591581819497,0.024984494341626796,40.29404963057135,,1.6772853893419053,0.00019795214205392834,,0.0005
488,0.02554124387863435,0.02276298305705974,27.782610240735504,,1.1735689810492949,0.024971997103337112,38.331310596460376,,1.6764464115781854,0.00018830981521765158,,0.0005
489,0.025358060963059727,0.022875448492796796,24.826127403660823,,1.1769346916081642,0.025043556432441827,40.30794855571549,,1.6812504078303119,0.00019802042315324089,,0.0005
490,0.025243296631072696,0.022731070749853786,25.12226094697651,,1.171635365186755,0.024930846365673283,38.45778700679419,,1.6736838369148597,0.00018893115451152774,,0.0005
491,0.025032874883005495,0.022614351522765662,24.185232363249128,,1.1672975389121474,0.02483854795476411,38.163053820320215,,1.6674875627793653,0.0001874832219723114,,0.0005
492,0.02505642371742349,0.022624950071698742,24.31473812304045,,1.1630656455012949,0.024748532215392735,36.96112355020722,,1.6614445313537956,0.00018157851212682072,,0.0005
493,0.025172457883232517,0.022719902623640865,24.525552649247018,,1.163818681103089,0.024764528900061963,37.844009353147726,,1.6625184376376985,0.00018591585566720483,,0.0005
494,0.02509782316261216,0.02272023740959795,23.775860234310752,,1.1661620841416598,0.024814365204089986,38.82023076331335,,1.6658641008903556,0.0001907117280362748,,0.0005
495,0.024801073988017282,0.02239648046854295,24.045936383699114,,1.1617736924598738,0.024721031556894202,37.225187185401055,,1.659598328182094,0.00018287577469299146,,0.0005
496,0.02501501025337922,0.022540551561274026,24.74458794844778,,1.1634619876514642,0.02475689607799699,39.19887051163759,,1.662006022987477,0.00019257186743488905,,0.0005
497,0.025003282353281975,0.022421219827313172,25.820626911364105,,1.1595429875139813,0.024673516910146538,38.688996234700014,,1.6564085248712934,0.00019006701358616063,,0.0005
498,0.025086358385650737,0.02256232274598197,25.240359155755293,,1.1612135785342386,0.02470908744107161,38.0241718100724,,1.6587964832184174,0.0001868009378218384,,0.0005
499,0.0249835499807408,0.02240411868613017,25.794315338134766,,1.155491015073751,0.02458725135744904,39.98938412983454,,1.650617254927441,0.0001964554151417982,,0.0005
500,0.024773633891814632,0.02229168844458304,24.819455598530016,,1.1631043867423043,0.024749321528449424,38.07995691782011,,1.6614975203492701,0.00018707499271765086,,0.0005
501,0.02479328871949723,0.022436708996170444,23.565798006559675,,1.1515975875047653,0.024504476004382086,37.577915560643376,,1.645060292741278,0.0001846086195691601,,0.0005
502,0.024881546238535328,0.022419590699045283,24.619556125841644,,1.1582647228823042,0.024646362994736142,37.1847576240337,,1.654585599621796,0.00018267715682389308,,0.0005
503,0.02465778677479217,0.022277427641184705,23.803590774536133,,1.1535412302651307,0.02454573780376746,40.71357584156067,,1.6478303233170717,0.00020001314393570734,,0.0005
504,0.02484467360926302,0.02238745938398336,24.57214224965949,,1.15190196412552,0.024510962594730477,37.273526954063065,,1.6454957573566207,0.00018311325295195942,,0.0005
505,0.024953727561392282,0.02237570354420888,25.780237499036286,,1.1466790086837488,0.024399739961309383,39.8145924848903,,1.6380290423833055,0.0001955967181171241,,0.0005
506,0.024836037111909764,0.022178226493691142,26.578109038503545,,1.1552624758385193,0.024582251102378133,44.35796076555306,,1.650281572537446,0.00021791687435713402,,0.0005
507,0.025313706480358775,0.02249933975307565,28.143667221069336,,1.153772880667432,0.024550492870000593,46.27395340073522,,1.6481495454317612,0.00022732955066470726,,0.0005
508,0.025047713988705686,0.022366605699062347,26.811085550408613,,1.1500130578425294,0.02447066937971096,40.39354385435137,,1.6427907508066484,0.00019844092625159076,,0.0005
509,0.0249743898840327,0.02237026962010484,26.041203348260176,,1.1453754306707973,0.024372064178243454,37.774881438192644,,1.6361710825646936,0.00018557625170665632,,0.0005
510,0.02467596952460314,0.022302114257687015,23.738555205495732,,1.143345316560636,0.024328857231435227,37.98920585350934,,1.6332704683033608,0.0001866291609450022,,0.0005
511,0.024704291142131154,0.02223492511793187,24.693660936857526,,1.1495283034604697,0.024460430319888274,37.95846330722529,,1.6421033714582267,0.0001864781323701899,,0.0005
512,0.024865647973982913,0.022325318894888226,25.403292505364668,,1.1547297384298365,0.024571118909854136,37.843702978992546,,1.649534234463818,0.0001859143505462045,,0.0005
513,0.024826022061078173,0.022330848598166517,24.9517351451673,,1.1428681989285376,0.02431873355895201,37.05658610467468,,1.6325908352593455,0.0001820474899862324,,0.0005
514,0.024766897390547552,0.022266014528117682,25.00883012068899,,1.1441276793740311,0.024345471694338143,39.07284677833339,,1.6343858479263293,0.000191952752002563,,0.0005
515,0.024477004514713036,0.0220632112928127,24.137930819862767,,1.1413225668005285,0.024285870300442387,36.185027267269476,,1.6303846243754807,0.0001777657923069926,,0.0005
516,0.024366534854236403,0.02211671224550197,22.498226165771484,,1.1406837739126316,0.024272260945784736,36.696209522326576,,1.6294709868443973,0.00018027707184568997,,0.0005
517,0.024441642980826527,0.022023452543898633,24.18190353795102,,1.1393913046527075,0.024244705597476653,38.353825748624494,,1.6276211121787985,0.00018842042516230645,,0.0005
518,0.02455193931727033,0.022098740170660772,24.531991657457855,,1.132179684042864,0.024091200783992454,39.74624968196066,,1.617315865359305,0.00019526097116793616,,0.0005
519,0.024408108505763505,0.02209531349178992,23.12795066833496,,1.1354363453423157,0.024160575794185863,37.379536033044076,,1.6219732216136191,0.00018363404260834416,,0.0005
520,0.024437754169890757,0.022061013567604516,23.767407266717207,,1.1386007510108855,0.024227852520823347,39.3209152119287,,1.626489713686216,0.00019317143511474383,,0.0005
521,0.02498891243809148,0.02212662328230707,28.622892881694593,,1.1413327898603465,0.024285194391533045,64.67325327336901,,1.6303392485466701,0.0003177195922582701,,0.0005
522,0.02643843132414316,0.022434380493665997,40.040506864848886,,1.1434251495320253,0.024330189816549292,49.666867188756015,,1.6333599288107985,0.00024399788155477127,,0.0005
523,0.025238816381285067,0.022235844480363948,30.029718599821393,,1.1277910409558176,0.02399785044168914,38.51295652843657,,1.6110489718575005,0.00018920218522413483,,0.0005
524,0.024778539412900022,0.022083050130229247,26.95489371450324,,1.1398159672830859,0.024253553404881164,44.37659794934193,,1.6282150925045307,0.0002180084330484714,,0.0005
525,0.024696216183273417,0.022011438874821914,26.8477725982666,,1.1314233599245105,0.024075103261318155,39.847331179694585,,1.6162351895122369,0.00019575755314919397,,0.0005
526,0.024507874720974973,0.02199964548804258,25.082292657149466,,1.1318710875715645,0.024084645642599278,39.373194056934814,,1.6168757987030218,0.00019342826483148727,,0.0005
527,0.02537326465703939,0.02214166747504159,32.31597237837942,,1.1811013419831249,0.025131229931183656,71.92512787150417,,1.6871361974909473,0.00035334579820601346,,0.0005
528,0.02718650147710976,0.02262247491039728,45.640266820004115,,1.143497873019279,0.024331814714923437,47.20006813544594,,1.6334690131998941,0.00023187926451090756,,0.0005
529,0.024965678782839524,0.02189039880115735,30.752799787019427,,1.1285735679148154,0.024014396567606098,41.886935008711056,,1.612159763809951,0.00020577749283251837,,0.0005
530,0.024517788404696865,0.022018666820306527,24.991216559159128,,1.127131617104871,0.023983817900867916,38.51924384731767,,1.6101069245471584,0.00018923307286763805,,0.0005
531,0.024284944918594863,0.021855318722756284,24.29626334340949,,1.1267777192888602,0.023976327789011716,37.2205923929735,,1.6096040904689835,0.0001828532019059009,,0.0005
532,0.02450726818489401,0.021904383050768,26.028851057353773,,1.1243276564086486,0.023924049459977753,41.73937544844973,,1.606094486621537,0.0002050525785758956,,0.0005
533,0.024314480686658306,0.02176235831881824,25.521224272878545,,1.120895234106756,0.023851027522794957,41.13388005662526,,1.6011923010234046,0.00020207796790969694,,0.0005
534,0.024584092493904263,0.02187338216524375,27.107103548551862,,1.1157119722519206,0.023740733144389126,41.00971935525165,,1.5937879026434691,0.00020146800497419746,,0.0005
535,0.02431805843585416,0.021757212320440693,25.608458870335628,,1.1144007653858359,0.02371283264065763,40.95905873182695,,1.5919148566404469,0.0002012191250771246,,0.0005
536,0.024434236907645276,0.02178423792908066,26.499991065577458,,1.1246186073156625,0.023930256915016622,41.22582114341304,,1.6065112120312783,0.00020252964589290466,,0.0005
537,0.02439964199928861,0.02176327523040144,26.36366804022538,,1.114830822295018,0.023721995000479435,40.61225359164195,,1.5925299538303628,0.00019951537921379377,,0.0005
538,0.024671496333260285,0.02176615556603984,29.053407568680612,,1.121938461103209,0.023873285939379044,39.25722304641021,,1.6026865764894551,0.00019285853530169372,,0.0005
539,0.02628092830510516,0.022101126415164846,41.79802222000925,,1.1602924462981001,0.024688369770335183,73.61642887317609,,1.6574056427254198,0.00036165463435448777,,0.0005
540,0.025748855777476962,0.022093010870249646,36.558447988409746,,1.125826380162936,0.02395567576619346,50.223801566303244,,1.6082176571211726,0.0002467339270510596,,0.0005
541,0.024565384772263076,0.021694156684373554,28.71228147807874,,1.1185041957182005,0.023800229643161284,38.49672479019901,,1.5977820842643984,0.00018912244373915524,,0.0005
542,0.02431145261384939,0.02169729886870635,26.141537716514186,,1.1078730003252426,0.023573995536101223,38.66978559561332,,1.5825942979056233,0.0001899726376871805,,0.0005
543,0.02422209701647884,0.021606764118922383,26.153330853110866,,1.1151303560781949,0.023728360702028235,40.876532738459304,,1.5929573028114836,0.00020081370052158775,,0.0005
544,0.02447709431381602,0.021608480595444377,28.686139357717412,,1.1103348954411245,0.023626175379184856,45.3196305679699,,1.5860972900905208,0.00022264125920011494,,0.0005
545,0.024224151121942622,0.021496619833143132,27.275314331054688,,1.1100328447177057,0.02361985113542482,42.02566535184416,,1.5856727242973412,0.0002064590318895964,,0.0005
546,0.024157567145793063,0.021594771135010217,25.627960907785518,,1.10743492605502,0.0235647052365004,37.656121032969686,,1.5819706117277084,0.00018499281874768064,,0.0005
547,0.023851296913466956,0.021415259787126592,24.3603717402408,,1.1048100845242361,0.02350887678802837,36.782473628522624,,1.5782226775229424,0.00018070086058771104,,0.0005
548,0.023844985585463673,0.021448517022164243,23.964684636969317,,1.1061361963236922,0.023537051973682784,38.18797134246204,,1.5801141637621259,0.00018760563401398685,,0.0005
549,0.023857938713933293,0.02147356322721431,23.843755521272357,,1.1002433717958529,0.02341175816367298,34.87999807483504,,1.5717028077414323,0.00017135458950028073,,0.0005
550,0.02389384423823733,0.021536403972851604,23.574404063977692,,1.1008493715655816,0.023424462853117153,40.96393988025581,,1.5725557123345557,0.00020124310464224733,,0.0005
551,0.024207996008427518,0.021549333377104057,26.586627157110918,,1.100220792966521,0.023411149038526858,38.98221314025691,,1.571661915310555,0.00019150749710850618,,0.0005
552,0.0240116267416038,0.021509196119088875,25.02430594594855,,1.1023127598500715,0.023455642427068095,39.71702294255336,,1.5746488923332675,0.0001951173892811819,,0.0005
553,0.025501244652428125,0.021727477151312326,37.73767852783203,,1.1304690559694581,0.02405366920233247,75.7745116844674,,1.614796255688746,0.00037225662445331274,,0.0005
554,0.026909335467376207,0.021943215672907076,49.661198465447676,,1.1265486815418249,0.02397082495602287,57.275894020551576,,1.6092346684888554,0.00028137866542011315,,0.0005
555,0.02562336555044902,0.02183434318162893,37.89022214789139,,1.113894714582735,0.02370186235512366,47.38957004791724,,1.5911783878774037,0.0002328102285078484,,0.0005
556,0.024742441349907926,0.021741650018252824,30.007912886770146,,1.106998789135873,0.023555221544003344,44.1234168775016,,1.5813339424941901,0.00021676463313365028,,0.0005
557,0.023936857812498744,0.021465545324118512,24.713125831202458,,1.098833539717281,0.02338173066435591,35.731072403941624,,1.5696869700304774,0.00017553565315703312,,0.0005
558,0.023980243915790005,0.02146790098202856,25.12342824433979,,1.092193265050028,0.023240336464468558,38.636730852818225,,1.5601947456786074,0.00018981025000956253,,0.0005
559,0.02422886988834331,0.02147569085814451,27.531789076955693,,1.1026170049214055,0.023461804009447373,49.68643354125212,,1.5750625381713093,0.00024409400496317268,,0.0005
560,0.024735175367248684,0.021412919128411693,33.22256369339792,,1.104162460088198,0.02349466490923606,50.51313064951394,,1.5772685907070358,0.0002481553109105912,,0.0005
561,0.024704140365908022,0.02155151982840739,31.526206869828073,,1.0941638949777266,0.02328225505819839,39.14134100187677,,1.563008868864109,0.00019228924283416323,,0.0005
562,0.02464901312793556,0.021434646393907696,32.14366942957828,,1.0967984436214233,0.023338182905889054,43.43201154145134,,1.5667634760419136,0.00021336797361311342,,0.0005
563,0.024288824318270934,0.021431127563118935,28.576966837832803,,1.103970028385018,0.023490859712405072,41.27612176241535,,1.5770131362255115,0.0002027767572001432,,0.0005
564,0.024602713651562993,0.02150135693189345,31.013567271985504,,1.0945351264949374,0.02329016701186944,38.750511046941575,,1.5635400224713083,0.00019036921673930372,,0.0005
565,0.02435635745917496,0.021348004376417713,30.083528819837067,,1.1002964587199722,0.023412588234568273,44.43300664575404,,1.5717585329350567,0.0002182855514415747,,0.0005
566,0.023987772433381332,0.021258644759655,27.29127984297903,,1.0820062457426942,0.023023444737745383,42.30300668082544,,1.5456341418365753,0.00020782152363850895,,0.0005
567,0.02391466949331133,0.021254308423713633,26.6036107916581,,1.0856746611860693,0.023101593246930684,39.56982799059402,,1.5508804898659998,0.00019439426623182304,,0.0005
568,0.023866291010850353,0.02118582288293462,26.804682480661494,,1.0873732756627468,0.023137522946725796,46.467042719894756,,1.5532925603160057,0.00022827813847570665,,0.0005
569,0.023990194264211152,0.021254382243281918,27.358122273495322,,1.0836574846562184,0.023058618496922353,41.158772386747536,,1.5479954636848015,0.00020220025619081027,,0.0005
570,0.02400575029222589,0.021266041519610507,27.397089205290143,,1.0916702497781006,0.02322920053924738,38.83810783899711,,1.559447157017621,0.0001907995525527408,,0.0005
571,0.02349557011927429,0.02108708445570971,24.084855531391344,,1.0817477840679324,0.023018143138205605,35.97729286150615,,1.5452782292723015,0.00017674525773734358,,0.0005
572,0.0235564909679325,0.0211403662044751,24.161246550710576,,1.0853125700577886,0.023093941788044588,37.856529812272875,,1.5503668240690731,0.00018597736479140667,,0.0005
573,0.023836980328748102,0.021111764994106795,27.252152794285823,,1.0816113879827547,0.023015046494255863,42.16869415949135,,1.5450703421090926,0.0002071616879668277,,0.0005
574,0.023915101921087818,0.021238476136013082,26.76625623201069,,1.0855283582894204,0.023098330592579392,44.332641808623315,,1.5506614579176614,0.00021779249019111534,,0.0005
575,0.023505393513723424,0.02086869176281126,26.367020255640934,,1.0776655487317273,0.02293118774647954,38.73974773885953,,1.5394406483282026,0.00019031633995203706,,0.0005
576,0.02361559103194036,0.021067872839538676,25.477183191399824,,1.0754815743057002,0.022884663961030033,40.31675945327111,,1.5363173645617056,0.00019806370835441931,,0.0005
577,0.023717574383083143,0.021025399236302627,26.92175252814042,,1.0814121955621223,0.023010776382751074,43.16849655445652,,1.54478367648601,0.00021207340638501924,,0.0005
578,0.024540105736569354,0.021209653466939926,33.30452186182926,,1.0883989323452063,0.023159433215136603,43.769559583200326,,1.554763463532197,0.00021502624222902403,,0.0005
579,0.023856606432481817,0.02095430726675611,29.022993388928864,,1.0846561503189533,0.023079780167155173,44.016941091035186,,1.5494161112196383,0.00021624155068844698,,0.0005
580,0.023736828840092608,0.021004476731545048,27.32352056001362,,1.0802602561671968,0.022986273348586248,42.853023329197335,,1.5431387129883605,0.00021052358448145618,,0.0005
581,0.024383179941459707,0.021044335377059485,33.38844680786133,,1.074388314630512,0.022861309848390264,43.18236323196498,,1.5347495316739908,0.00021214152906172057,,0.0005
582,0.024098371988848635,0.021017430840354217,30.80941411068565,,1.080726273981263,0.022996034453552538,47.81491424032656,,1.5437940057679511,0.00023489981232405888,,0.0005
583,0.024296321170894725,0.02099005838758067,33.06262959932026,,1.0769763138053514,0.022916394847947285,42.76319595103307,,1.5384475558831485,0.0002100822904917547,,0.0005
584,0.02355278724510419,0.020873794920350377,26.789924320421722,,1.0713759722511322,0.022797373182814596,37.91852756579504,,1.5304572680985526,0.00018628194048495852,,0.0005
585,0.02373379890463854,0.020947954470389767,27.858447225470293,,1.0669538122837208,0.022703301753337346,36.9357884220556,,1.5241419658130941,0.00018145404851661515,,0.0005
586,0.02384030142504918,0.020853251610931597,29.87049895838687,,1.070553699879066,0.022779778464154656,41.011644999186196,,1.529276080913638,0.00020147746506433913,,0.0005
587,0.02357323095202446,0.0208867565777741,26.86474488910876,,1.0647562457568802,0.022656447614003084,39.82387069253137,,1.520996504381657,0.00019564229906750784,,0.0005
588,0.0232706284640651,0.020848013754738003,24.226147902639287,,1.0670817019229573,0.02270595800494126,39.014787545200846,,1.5243202880934952,0.00019166752503555506,,0.0005
589,0.023498093709349632,0.0208901465919457,26.079472190455387,,1.067477679761948,0.022714400372326,38.50217589588736,,1.5248870499927858,0.00018914922332714565,,0.0005
590,0.023451917951828556,0.020868291000002308,25.83626988059596,,1.066895089626899,0.022701962590913838,39.79151341436113,,1.5240520637507913,0.00019548333781681303,,0.0005
591,0.023901066497752543,0.020802790201024005,30.982762386924342,,1.0680974258618166,0.022727347018245508,46.1982939693892,,1.5257561978628547,0.00022695785939418864,,0.0005
592,0.023752034200649513,0.020781354096375014,29.70680126390959,,1.0575277040080449,0.022502643496275114,39.27852798122122,,1.510671164354425,0.00019296319982464,,0.0005
593,0.02326424243418794,0.02068898493522092,25.752576225682308,,1.0617849329633529,0.022593283557488318,37.76416078084553,,1.5167561084114545,0.00018552358444919414,,0.0005
594,0.023179992739307254,0.020787375047802925,23.926177376195003,,1.06419586362907,0.0226445269231792,39.69395717738791,,1.5201962320096662,0.00019500407434598735,,0.0005
595,0.023150678233880746,0.020751589615094036,23.99088698939273,,1.0610133187795405,0.022576849709502602,38.21462056006099,,1.515652854019342,0.00018773655333721544,,0.0005
596,0.023327329931290525,0.020727986665932757,25.99343500639263,,1.0666219213270245,0.022696041640289405,43.23548301236389,,1.523654572257164,0.00021240249003267797,,0.0005
597,0.023678086109851535,0.02072238216274663,29.55704126859966,,1.060640104661617,0.02256885787300104,39.80733407241756,,1.5151163376338275,0.00019556105979263045,,0.0005
598,0.023609605862906103,0.020797947715771824,28.11658256932309,,1.0522427563858072,0.0223902120674441,38.30007387603629,,1.5031232992544739,0.00018815635891888344,,0.0005
599,0.023108037580784998,0.020618804191288195,24.892335088629473,,1.0513987031544165,0.022372217048398424,39.37834890979767,,1.5019152386824433,0.00019345358902142428,,0.0005
600,0.023701298295667295,0.02069188448551454,30.09413699099892,,1.059949536423295,0.02255393591254745,47.04132031384703,,1.5141145808679344,0.00023109938580375333,,0.0005
601,0.023959954220213388,0.020721317415958958,32.3863717129356,,1.0693426098530108,0.022753547023430368,55.672772670813735,,1.527515084206375,0.0002735030284945007,,0.0005
602,0.02388534822354191,0.02061050453860509,32.74843667682848,,1.053927101530839,0.02242582670300651,45.56132893268886,,1.5055142184805652,0.00022382864814378539,,0.0005
603,0.023738367973189605,0.020762685490281957,29.756826601530378,,1.0619772074442395,0.022597202151430115,43.278762871613026,,1.5170191755872584,0.00021261511052936933,,0.0005
604,0.023732520149726617,0.020673755654378942,30.58764638398823,,1.060726036481312,0.02257065808481802,40.71262144139373,,1.5152371913496183,0.000200008455264324,,0.0005
605,0.023320870670048816,0.020622402331546733,26.984682785837276,,1.051919474098296,0.02238332129550485,38.66423573936237,,1.5026607006948651,0.00018994537296836866,,0.0005
606,0.02312421200698928,0.020541316584536905,25.828955399362666,,1.0559771529064197,0.02246970174594705,37.57212644107347,,1.5084596840751323,0.0001845801794240276,,0.0005
607,0.023154844578943755,0.02056994122502051,25.8490346607409,,1.052890070868787,0.02240398217324815,38.44528323199216,,1.5040477285008305,0.00018886972735221972,,0.0005
608,0.022868831985090907,0.020381223018232145,24.876090300710576,,1.0479161890478643,0.02229821634090839,35.99344080079205,,1.4969473452451445,0.00017682458754411922,,0.0005
609,0.0227026866846963,0.020397249413164037,23.054372586702044,,1.044905309366965,0.022234209719943485,33.952633979934646,,1.4926503853508346,0.00016679873793578183,,0.0005
610,0.022897460841034587,0.02047927785468729,24.18183045638235,,1.0438833236622513,0.022212165836602203,43.40131598924925,,1.4911705121563996,0.0002132171759056196,,0.0005
611,0.023031491982309443,0.020332603764377143,26.988880960564863,,1.0519670683703122,0.022384309382556103,39.45196558497916,,1.5027270339955037,0.00019381524486581498,,0.0005
612,0.023901211784074183,0.020521300697797222,33.799113624974304,,1.0461324598703587,0.02226006955712758,42.0375639963534,,1.4943864351778418,0.00020651748623185627,,0.0005
613,0.02396473121878348,0.02054587388901334,34.18857604578922,,1.058828197802784,0.022530240437177176,41.739476354189236,,1.512523831257851,0.00020505307429443133,,0.0005
614,0.023295780545786807,0.020552458731751693,27.43321870502673,,1.0439069592876662,0.022212751890428144,40.75179462980852,,1.4912098557391102,0.00020020090096359931,,0.0005
615,0.023529619860805963,0.020578751634610325,29.508684459485504,,1.0496769250667923,0.022335579373088364,39.338464404541405,,1.4994556396744845,0.00019325764884359095,,0.0005
616,0.02299162951347075,0.020354919135570526,26.367105383622018,,1.0435977078835637,0.022206280829714715,37.2533986521758,,1.490775433675579,0.00018301436886085853,,0.0005
617,0.022829879859560413,0.02027817531243751,25.517046577052067,,1.044875448900273,0.02223349938126347,36.3413979059802,,1.4926026981463956,0.00017853399265346865,,0.0005
618,0.022896224926961094,0.02033053201280142,25.65692941766036,,1.0408283036060015,0.022147316473422034,38.28190017663789,,1.4868169764040668,0.00018806707718230098,,0.0005
619,0.022710707626844708,0.020276202575156565,24.345049506739567,,1.0334480928600491,0.021990349419057243,35.67883754267182,,1.4762792987831335,0.0001752790395187156,,0.0005
620,0.022675768031101478,0.020257273002674703,24.184951481066253,,1.0363266360337446,0.02205157576724909,36.577861638367324,,1.4803896104772887,0.00017969566547546727,,0.0005
621,0.022811216645334895,0.020358474925160408,24.527419642398232,,1.035216222095568,0.022027779303514076,41.908648006531365,,1.4787920812099364,0.0002058841620421994,,0.0005
622,0.02316671364793652,0.02026351266785672,29.032011935585423,,1.037543428727738,0.022077306806567127,41.741653195881845,,1.482117013710294,0.00020506376844108364,,0.0005
623,0.02307368961996154,0.020238919869849558,28.347695300453587,,1.0466492876079034,0.02227101725760304,43.63950139967344,,1.4951213877369491,0.00021438730679670012,,0.0005
624,0.023413302572934253,0.020219062013845695,31.942407005711605,,1.0319205586218565,0.021957328768050958,52.105514648859206,,1.4740625216604073,0.0002559781985709975,,0.0005
625,0.023563423537110027,0.02022710373919261,33.36319943478233,,1.0472814866878186,0.022284467056584722,43.74184177860207,,1.4960243138083396,0.00021489007326999508,,0.0005
626,0.023037365882804518,0.020175735809301074,28.616301084819593,,1.0320755512897468,0.021961096439035432,37.13610850841486,,1.4743154569172787,0.00018243815883947425,,0.0005
627,0.022674672501651866,0.0201818677351663,24.928047682109632,,1.0294308548768787,0.021904845557309177,36.26014182074358,,1.4705391634783576,0.00017813480676187978,,0.0005
628,0.022843654218472932,0.020289760965265725,25.53893320184005,,1.0418140509945242,0.022168348282160823,36.515530987565214,,1.4882289059403084,0.00017938945436104674,,0.0005
629,0.022899290154639044,0.020201571971962328,26.977183191399824,,1.0353242274885794,0.022029916591329763,47.04333288919168,,1.4789355638667017,0.00023110927296089367,,0.0005
630,0.022795886487552996,0.019972974042359152,28.22912557501542,,1.0319166337777703,0.02195756912723262,41.778464624405096,,1.4740786577061515,0.0002052446115480697,,0.0005
631,0.02285298607067058,0.02007808506880936,27.749010688380192,,1.023077720259059,0.021769599973316966,37.94264030096272,,1.4614597144848593,0.0001864003988583656,,0.0005
632,0.022606461063811655,0.02003790977361955,25.68551354659231,,1.0303253292359928,0.021923775373126536,39.58685045842444,,1.4718099798118502,0.00019447789232552594,,0.0005
633,0.023479960074550228,0.020223440308319896,32.565196790193255,,1.0253949260645765,0.021818901464314925,38.1964529518911,,1.4647694741058845,0.0001876473015249454,,0.0005
634,0.023567134122315207,0.020076640048309377,34.90494246231882,,1.0376838967526014,0.02208030249881619,41.53202445559905,,1.4823181236776044,0.00020403392759471803,,0.0005
635,0.02335025928914547,0.020146401697083524,32.03857572455155,,1.0292653173411221,0.02190118913877341,40.527351499231926,,1.4702936969380507,0.0001990982816221763,,0.0005
636,0.02332752296014836,0.02016568281932881,31.61840197914525,,1.0296054830766286,0.02190855358883654,36.515375509545564,,1.4707880949563785,0.00017938869054586026,,0.0005
637,0.022469406261255865,0.01996469438860291,25.047118136757298,,1.032313360355717,0.021966092659949144,39.185882443971195,,1.474650868481984,0.00019250806109526134,,0.0005
638,0.0224317385766067,0.020022521481702204,24.09216991223787,,1.015912689532139,0.021617174707408666,36.525031986951426,,1.4512269409902767,0.00017943612981802853,,0.0005
639,0.02228831029252002,0.01992509719964705,23.632129669189453,,1.0268788724730327,0.021850499961399657,37.54093758355245,,1.4668907776936493,0.00018442695826082595,,0.0005
640,0.02241090057711852,0.01993352282596262,24.773779216565583,,1.019435077523875,0.021692068300580562,38.49481953682441,,1.4562547765696123,0.00018911308382149703,,0.0005
641,0.022326026503977022,0.019941709837631175,23.84316685325221,,1.019627311343299,0.0216963127216924,33.592654082490455,,1.4565397175181765,0.0001650302685848788,,0.0005
642,0.022744081914424896,0.019936971072303623,28.071108868247585,,1.0243144629853849,0.02179591745791455,37.943698575120045,,1.4632264875800511,0.00018640559783037868,,0.0005
643,0.022840975440646474,0.02003813044805276,28.028451016074733,,1.023880845251068,0.021786735701696074,36.4928951819003,,1.4626100882508044,0.00017927825168324277,,0.0005
644,0.023391178760089372,0.020072213913265028,33.18965239273874,,1.0316121786495025,0.021951042586765893,43.303416153061804,,1.4736405111173871,0.00021273622443864843,,0.0005
645,0.024058604809014422,0.02015966961258336,38.989351874903626,,1.046804313689801,0.02227410927521553,50.236345732374424,,1.4953289643200132,0.000246795552640119,,0.0005
646,0.0229560747546585,0.019952958939891113,30.031158346878854,,1.026562449645683,0.02184356704060974,43.90328533173745,,1.4664253495530037,0.00021568319526832849,,0.0005
647,0.023531664947145862,0.019999487325549126,35.321779552258946,,1.0196191536464851,0.021695928268326434,40.316040947323756,,1.4565139079898826,0.00019806017855801856,,0.0005
648,0.022633545492824755,0.01997306805692221,26.604775478965358,,1.0210066758601262,0.021725591270263987,35.949587474488894,,1.458505275878845,0.00017660914978203054,,0.0005
649,0.022208454283444506,0.019830760300943728,23.776939994410466,,1.0232203030585987,0.021772627951785625,38.13845408115677,,1.4616629919246698,0.0001873623710996387,,0.00025
650,0.021641884587313,0.019629077005543207,20.12807675411827,,1.008221536886777,0.021453667547617107,31.478075519898905,,1.4402502061233937,0.00015464200133837372,,0.00025
651,0.02136511424262273,0.01952918687541234,18.359276821738796,,1.0103605806212717,0.021499169993568264,31.980885811432277,,1.4433049242509501,0.00015711215202236643,,0.00025
652,0.021483026346878,0.019595827123052197,18.871994018554688,,1.0022092765645674,0.021325759877429375,30.47548984326974,,1.431663373688158,0.00014971660952243785,,0.00025
653,0.02138437409149973,0.01954635222883601,18.380218305085833,,1.0073323815630812,0.021434716456277623,32.43879392756443,,1.4389779614991414,0.00015936171227464414,,0.00025
654,0.021451012476494436,0.01954248263255546,19.08530014439633,,1.0060450078557293,0.02140734089813065,31.821111078942103,,1.437140156696004,0.00015632722842117723,,0.00025
655,0.02147647454158256,0.019569735483903634,19.067390542281302,,1.008980636645213,0.021469821116300684,31.47324970411086,,1.4413346445101878,0.00015461829360531736,,0.00025
656,0.02129225726974638,0.01941613843174357,18.761187302438838,,1.003817634077178,0.02135997812242095,30.70267576222771,,1.433960548951684,0.00015083270333069335,,0.00025
657,0.021400424700818564,0.01948758989180389,19.128347798397666,,1.0034969817230575,0.021353137638012117,31.24784138951888,,1.4335013263475331,0.00015351093261481533,,0.00025
658,0.021434088090532703,0.019573421658653962,18.606668020549574,,1.0031378284920884,0.021345508930098643,30.802523373964945,,1.4329891878928633,0.00015132322361355313,,0.00025
659,0.021431426468648408,0.01952565177098701,19.057747489527653,,1.0073821226565842,0.021435821398341617,30.957188154312167,,1.439052139633574,0.00015208304360808664,,0.00025
660,0.02150240491487478,0.01961098670175201,18.91418286373741,,1.0066285101264787,0.021419774246525133,31.292020521838026,,1.4379748453359866,0.00015372797096059688,,0.00025
661,0.021518385331881672,0.019606393026678187,19.11992524799548,,1.0040541474649265,0.021364975853597493,31.825157022556784,,1.4342960619049443,0.0001563471048846377,,0.00025
662,0.02143296942506966,0.019481207293115164,19.517621341504547,,1.0076190618990648,0.02144085170942055,31.32979017281013,,1.4393898397751568,0.00015391352151664933,,0.00025
663,0.02151670130459886,0.019550312996694918,19.663882506521123,,1.0025112217887755,0.021332156133469227,31.401721199294283,,1.432092773885554,0.00015426689629290593,,0.000125
664,0.0212882257213718,0.019547397172764727,17.408285743311833,,0.9980383410353137,0.021237020016098746,29.952325407938925,,1.4257059958510527,0.00014714646525623343,,0.000125
665,0.02122770524338672,0.019490762074526987,17.369430843152497,,0.9989236269216076,0.021255847062196725,30.32138626200267,,1.4269699129395004,0.00014895954652455903,,0.000125
666,0.021112778665203797,0.019416474296074165,16.963044517918636,,0.9988266880242017,0.02125381950878969,29.196542863877113,,1.426833797088636,0.00014343354052179588,,0.000125
667,0.02114205160423329,0.019479190440554368,16.628614074305485,,1.0001546066359397,0.021282076970067197,29.204586427625834,,1.4287308067416065,0.00014347305605047578,,0.000125
668,0.021025620498939565,0.01934532458452802,16.802959944072523,,0.9972948217445002,0.021221223264971147,29.15140870357202,,1.4246455117162489,0.00014321181042035132,,0.000125
669,0.021151189741335417,0.019476487938510745,16.74701946660092,,1.0010423899418586,0.021300967944576154,29.229791504332507,,1.4299990155394733,0.0001435968807583536,,0.000125
670,0.021116076135321668,0.019432656074825087,16.834200859069824,,0.996929213312163,0.02121342259522804,29.809237007355758,,1.4241218289389113,0.00014644351641742974,,0.000125
671,0.021134811306470318,0.019458294110862834,16.765173309727718,,0.9969775528835836,0.02121445734043851,29.61494266954849,,1.4241912945442377,0.00014548900872434552,,0.000125
672,0.021169127504292288,0.01948984330029864,16.792842212476227,,0.9981760350595157,0.021239951515140867,29.907331226241553,,1.4259027963323827,0.00014692542282618192,,0.000125
673,0.021100773427047227,0.019319455286389904,17.813179518047132,,0.9990953466936803,0.021259480664949672,30.976410448343785,,1.4272138477866443,0.00015217747676418873,,0.000125
674,0.02117294327993142,0.01943832008462203,17.346232615019147,,0.9979917384782118,0.021235988645833155,31.217598056044228,,1.4256367568160808,0.00015336235651737545,,0.000125
675,0.02115252212082085,0.019419254833146146,17.332674779390032,,0.9981070387864968,0.021238481450927032,29.966128891511516,,1.4258041064332179,0.00014721427748076913,,0.000125
676,0.021120497956871986,0.01937505700870564,17.454408946790192,,0.9985900144199891,0.021248752858816767,30.16286597406903,,1.4264936574061475,0.0001481807856195826,,0.000125
677,0.021072633074302422,0.019376840148317188,16.95793161894146,,0.9954200500087028,0.021181306875342226,29.846643588571144,,1.4219658026052935,0.00014662728332461304,,0.000125
678,0.02118110950840147,0.019454121981796465,17.269877835323935,,0.9955497134324941,0.021184072929498084,29.62806752003238,,1.4221514962662622,0.00014555348703544218,,0.000125
679,0.0211166812008933,0.019388526776119283,17.281545137104235,,0.9968934741942693,0.021212643429226616,30.40384479639888,,1.4240695211462384,0.0001493646396751361,,0.000125
680,0.02103350037022641,0.019334323704242706,16.991767531947087,,0.9965000110567591,0.02120430751018821,29.228555192766304,,1.4235099054494516,0.00014359080714388648,,0.000125
681,0.02104190197822295,0.019342517088118353,16.99384930259303,,0.995816875524648,0.021189768361365633,29.299585186163537,,1.4225338479971723,0.00014393975542463684,,0.000125
682,0.021201544882435547,0.01946764174652727,17.339030366194876,,0.9986001629024501,0.021248979944499116,29.808012000134266,,1.4265089023613555,0.00014643749833769467,,0.000125
683,0.020952078562818076,0.019243932084033365,17.081466674804688,,0.9946167533406324,0.021164222272582005,29.54973550757258,,1.4208188610582444,0.00014516866620457568,,0.000125
684,0.02097515046204391,0.01927953233060084,16.95618328295256,,0.9920439867153179,0.021109471394789598,29.650760381759095,,1.4171432674633062,0.0001456649700119442,,0.000125
685,0.021155739007027524,0.01940457787560789,17.51161208905672,,0.9957755766678047,0.02118885215660345,30.491382765359912,,1.4224723403740744,0.0001497946865089927,,0.000125
686,0.021121000773028323,0.019329768752581196,17.912320739344548,,0.9926452582749883,0.021122254727152567,30.018968087444843,,1.4180014515956858,0.00014747386002745546,,0.000125
687,0.021157290786504745,0.019396099605058368,17.611912376002262,,0.9926836147808721,0.021123041342253214,30.96277870825193,,1.4180542594691337,0.00015211050826199435,,0.000125
688,0.021124426275491714,0.019404678752547817,17.197474881222373,,0.993694150937135,0.021144565915904967,30.303880718643427,,1.4194992698185225,0.0001488735472309276,,0.000125
689,0.02103607523206033,0.01927109690088975,17.649784590068617,,0.9954427857510446,0.021181796847491084,29.650155064694413,,1.4219986959316593,0.00014566199627734383,,0.000125
690,0.021128153232367414,0.01942203360560693,17.061197029916865,,0.9949443817679778,0.021171206136040878,29.16622054580429,,1.421287709135798,0.00014328457639757437,,0.000125
691,0.02098657112372549,0.019271504133939743,17.150670955055638,,0.9923466202455214,0.021115928441315716,29.105679667224727,,1.4175767487116546,0.00014298715787780468,,0.000125
692,0.021113005417742227,0.019404018885995213,17.08986789301822,,0.9907847487803855,0.021082682360805446,29.421976494118358,,1.4153448378180307,0.0001445410258802144,,0.000125
693,0.020926770018903834,0.0192130407024371,17.137292962325247,,0.9924608992171267,0.021118337283499235,29.83842171569363,,1.4177384616422588,0.00014658689181860357,,0.000125
694,0.020957574934551592,0.019240470701142362,17.17104108710038,,0.9917488240048372,0.02110313443304625,31.435935180387983,,1.4167178478730755,0.00015443497894798242,,0.000125
695,0.021056968130563434,0.019310747714419114,17.462205334713584,,0.9945851178586586,0.021163550363387865,29.508779682379757,,1.4207737537425273,0.00014496746296487065,,0.000125
696,0.021067200130537936,0.019316850524199635,17.50349817777935,,0.992197312604103,0.021112744842076092,29.3090134499407,,1.4173630239743384,0.00014398607355417832,,0.000125
697,0.021094349065893574,0.01930744171534714,17.86907452031186,,0.992557824820043,0.021120398555986804,29.879093215105037,,1.4178768411579525,0.0001467866982541157,,0.000125
698,0.021052078098842974,0.019299713208487158,17.523647057382686,,0.9925446080874136,0.021120117761906507,29.86461515300541,,1.4178579905940045,0.0001467155720349422,,0.000125
699,0.0209926211912381,0.019300870009158786,16.917511990195827,,0.9907268756583195,0.02108145117698968,29.41116639901516,,1.4152621846893525,0.00014448791924285472,,0.000125
700,0.02094438995577787,0.0192155794877755,17.288104509052477,,0.9911067352373456,0.0210895126189054,30.10809113346733,,1.415803373898843,0.00014791169385225766,,0.000125
701,0.020959486792746344,0.01923978838481401,17.196982333534642,,0.9931480000082524,0.021132967272520255,29.561389883655547,,1.4187206174744185,0.00014522592053197827,,0.000125
702,0.02109668795999728,0.01935296299818315,17.43725209487112,,0.991456843829622,0.021096924265607924,31.33760191131176,,1.416300940371677,0.00015395189815994382,,0.000125
703,0.021168703213334084,0.019311078971153813,18.57624119206479,,0.9974632965335838,0.021224732830259812,31.55966586006696,,1.4248811195496967,0.00015504282932055107,,6.25e-05
704,0.020971775937237237,0.01927461681005202,16.97159114636873,,0.9892832857689722,0.021050741028132123,29.123714801603644,,1.413200518630437,0.00014307575888751378,,6.25e-05
705,0.02088825600711923,0.01925861227669214,16.296440074318333,,0.9883615236202499,0.021031136517763397,28.794837492030663,,1.4118844079916926,0.0001414600868838363,,6.25e-05
706,0.020796043210123714,0.01919928712672309,15.967562022962069,,0.9892645982734588,0.02105036227991548,28.520563425962298,,1.4131750921062365,0.00014011266364427985,,6.25e-05
707,0.02082813148827929,0.0192159258417393,16.12205605757864,,0.987697467757265,0.021017002131601417,28.905629719947417,,1.4109355234926653,0.00014200437466429331,,6.25e-05
708,0.020799242842354272,0.019172102899143572,16.271400652433698,,0.9881251941159552,0.02102611180073059,28.657582751277047,,1.4115470833955064,0.0001407857970026172,,6.25e-05
709,0.020792182829034955,0.01917539193834129,16.167909120258532,,0.9894691558359017,0.021054694987333537,29.165185208941136,,1.4134659599840984,0.00014327949010935843,,6.25e-05
710,0.020820499937001028,0.019171433229195445,16.490665837338096,,0.9868158223606033,0.020998246202661806,28.73908608494702,,1.409676380716198,0.00014118619754891192,,6.25e-05
711,0.020799072263272184,0.019201229963647693,15.978422917817769,,0.9895015137496932,0.021055386151452936,29.08236800388238,,1.4135123599417383,0.00014287263492129457,,6.25e-05
712,0.02074038227529902,0.019121188278260984,16.191939956263493,,0.9888893360394791,0.021042372897313266,28.645355533683663,,1.4126387404584777,0.00014072572848291862,,6.25e-05
713,0.020819106580395447,0.019212176925257632,16.069295732598555,,0.9884986491078166,0.021034061640592867,28.567391711753743,,1.412080780418399,0.0001403427164576882,,6.25e-05
714,0.020769061324627774,0.0191693553995145,15.997059872275905,,0.9867571450558746,0.02099698843962749,29.030118956292334,,1.4095919432434252,0.00014261595158999497,,6.25e-05
715,0.020821236270038707,0.019209864206219975,16.113720994246634,,0.9892054159722857,0.021049097451828667,28.69422170819363,,1.4130901803349183,0.00014096579281020554,,6.25e-05
716,0.02092287993352664,0.019311001916465006,16.11877717469868,,0.9861006771115592,0.020983034256189834,28.54356510125568,,1.408655156303488,0.00014022566372585266,,6.25e-05
717,0.020788067755730527,0.019170333484285755,16.177342063502262,,0.9876076997803108,0.021015090468461003,28.95113869976222,,1.4108071877092423,0.00014222794613749155,,6.25e-05
718,0.020862420040525888,0.019245820904248638,16.165990528307464,,0.9874856825135887,0.021012504126694014,28.62751892852859,,1.4106335586896472,0.00014063810278558146,,6.25e-05
719,0.020845995137566013,0.019233032668891707,16.129625069467647,,0.9856766873249823,0.020973993071073185,29.14328199447843,,1.408048193941507,0.00014317188642443444,,6.25e-05
720,0.020855476099409555,0.01922300105032168,16.324750599108246,,0.9853434555179907,0.02096692591465625,28.380661463924735,,1.4075737541533635,0.00013942536878767473,,6.25e-05
721,0.02081718805589174,0.01920434548274467,16.128426200465153,,0.9862989417944962,0.020987242894664367,28.874380065238384,,1.408937695054356,0.00014185085482340334,,6.25e-05
722,0.020876334980130196,0.01924863594927286,16.2769876279329,,0.984957914318254,0.020958707868706246,28.822077399706174,,1.4070220516368983,0.00014159390808381883,,6.25e-05
723,0.02069734115349619,0.01907052109508138,16.268199970847682,,0.987070294567352,0.021003663603585642,28.6654953098117,,1.4100400673809557,0.00014082466894339808,,6.25e-05
724,0.02076710231210056,0.01916473329459366,16.0236917294954,,0.9843073652979604,0.02094485932848707,28.983110311621758,,1.4060923568487738,0.0001423850127294707,,6.25e-05
725,0.020846705589639514,0.01923847345537261,16.082321719119424,,0.9869414473520844,0.02100089088620053,29.65034183108175,,1.4098539263970624,0.00014566291380255602,,6.25e-05
726,0.02091329858491295,0.019284608430768315,16.286902477866725,,0.9855175197157882,0.02097062026900934,28.689315572720254,,1.4078217674409155,0.00014094169049149927,,6.25e-05
727,0.020764285306397238,0.019155838477768396,16.08446813884534,,0.9852688403214732,0.020965333580259704,28.5255870985954,,1.4074668558835104,0.00014013734338652012,,6.25e-05
728,0.02071307481903779,0.019089293323065106,16.237814953452663,,0.9859653164562021,0.020980146798826566,28.767491957174048,,1.40846131247453,0.00014132574677034297,,6.25e-05
729,0.020848072477077182,0.019159795030167227,16.882775557668584,,0.9854762466953474,0.020969732238537323,29.000290834544632,,1.4077621512439398,0.00014246941529871777,,6.25e-05
730,0.02072368464187572,0.01908056575216745,16.431188934727718,,0.9841368258160653,0.020941231644571935,28.940205329715262,,1.405848819351284,0.0001421742338886482,,6.25e-05
731,0.02079130591530549,0.019171894282886858,16.194116391633685,,0.9859302354534868,0.02097940494016869,28.619075646776366,,1.4084115092377385,0.00014059662356658657,,6.25e-05
732,0.02069197722563618,0.019090888335516577,16.010889605471963,,0.9832114785781961,0.020921548076869478,28.699577710775223,,1.4045274013523434,0.0001409921051861914,,6.25e-05
733,0.020753879100084305,0.01913709703244661,16.16782163318835,,0.9843788489074277,0.020946391395693424,28.635008306339277,,1.4061952091981378,0.00014067489577099417,,6.25e-05
734,0.02071793328382467,0.019084593967387552,16.33339279576352,,0.9844413747518671,0.020947713017143706,28.919106739346436,,1.4062839336813509,0.00014207058307181248,,6.25e-05
735,0.02083248194111021,0.019222578425940714,16.099036015962298,,0.9846365706959531,0.020951872251358264,28.743018287516858,,1.4065631557734026,0.00014120551523797087,,6.25e-05
736,0.020682245689003093,0.019071743480469052,16.105020874424984,,0.9836221708215114,0.02093028004104106,28.93695771266362,,1.4051136047681496,0.00014215827935546433,,6.25e-05
737,0.020781162832128375,0.01913762210231078,16.43540778912996,,0.9832358332903358,0.020922044808537033,29.386053524857335,,1.404560748465838,0.00014436454749744196,,6.25e-05
738,0.020755133444541378,0.01910975771514993,16.45375999651457,,0.9831040676097973,0.020919234495310392,29.589441606426988,,1.4043720835583131,0.0001453637299272071,,6.25e-05
739,0.020675174597846836,0.019044833845998112,16.30341108221757,,0.9849817641328671,0.02095921622695334,28.795252796479893,,1.4070561792781764,0.00014146212714551473,,6.25e-05
740,0.020886774027818127,0.019213779584357615,16.729945584347373,,0.9847176950296639,0.020953581583349992,29.284107380423396,,1.4066779084490446,0.00014386371777568753,,6.25e-05
741,0.02093038639347804,0.019211324421983016,17.190618866368343,,0.9836271947895162,0.020930354616101356,29.96792866674329,,1.4051186112196445,0.00014722311921709527,,6.25e-05
742,0.020758361212517087,0.019128809634007905,16.295515060424805,,0.983781077502074,0.0209336539204356,29.17952886221719,,1.4053401035932402,0.00014334995601975725,,6.25e-05
743,0.020766502442328555,0.01913565034536939,16.308520467657793,,0.983125848395484,0.02091971784237543,28.95624509584431,,1.404404532122574,0.00014225303227432547,,6.25e-05
744,0.020802576781103487,0.019166846220430574,16.35730602866725,,0.9848038044354844,0.020955424701741467,28.94178992515175,,1.4068016426141863,0.00014218201851352004,,6.25e-05
745,0.02075883961821857,0.019131376359023546,16.274631349663984,,0.9846724534453071,0.020952627799782107,28.99892602202456,,1.406613878045982,0.0001424627103990036,,6.25e-05
746,0.02078702408624323,0.019118956045100565,16.680679823222913,,0.9836212545603679,0.020930264006627224,28.82652686274849,,1.4051125283289916,0.0001416157669128095,,6.25e-05
747,0.020748165289038105,0.019101646973898535,16.465180999354313,,0.9823592938038147,0.02090340569090957,28.95935374285642,,1.4033094475894108,0.00014226830409089835,,6.25e-05
748,0.020721541031410818,0.019093207720863193,16.28333202161287,,0.9816627751686222,0.020888593345984204,28.66075514343911,,1.402315049648612,0.0001408013819792992,,6.25e-05
749,0.02069123765747798,0.0190653539213695,16.258835892928275,,0.98357233332838,0.02092922658345929,28.711543920820166,,1.4050428829442043,0.00014105089145692817,,6.25e-05
750,0.020826477067250954,0.019172569932906253,16.539071484615928,,0.9813171460704367,0.020881235588777847,28.7523521634193,,1.4018211009421944,0.00014125136966922048,,6.25e-05
751,0.020624619565512006,0.018983018241430585,16.416014922292607,,0.9812172157667962,0.0208791023262311,28.968388680779373,,1.4016778885140235,0.00014231268993276756,,6.25e-05
752,0.020713763997743006,0.01908043193581857,16.333320467095625,,0.982978874622317,0.020916572484486928,29.523797040621346,,1.4041933746439195,0.0001450412385783711,,6.25e-05
753,0.020781328019342925,0.019108222307343232,16.731059375562165,,0.9825217389402936,0.02090685108854503,29.322421966721112,,1.4035407476523782,0.00014405194542962353,,6.25e-05
754,0.02076451421568268,0.01910004607940975,16.64468052512721,,0.9805561132735043,0.02086501863794069,29.46655710426829,,1.4007324075179084,0.0001447600365617954,,6.25e-05
755,0.020706010590258398,0.019061212182829256,16.44798625142951,,0.982271315609744,0.020901545676684116,28.57240326715779,,1.4031845791553466,0.00014036733667174833,,6.25e-05
756,0.020682575867364283,0.019031783467844912,16.50792377873471,,0.9805998108189953,0.02086595975315136,29.10802244521453,,1.4007955874554714,0.00014299866721791048,,6.25e-05
757,0.020798752182408384,0.019114234043579353,16.845181214182002,,0.9802042014970174,0.020857528250548554,29.52424888315039,,1.4002295549421648,0.00014504345834027928,,6.25e-05
758,0.020782305417876495,0.01910239840416532,16.79907196446469,,0.9814752470683294,0.020884580026194713,29.387029147619803,,1.4020456232374299,0.00014436934042884095,,6.25e-05
759,0.020788953492515964,0.019142315379883115,16.466381123191432,,0.9800604952032664,0.02085448359697094,29.097822422369276,,1.4000251580513767,0.00014294855767593768,,6.25e-05
760,0.02052595956545127,0.018883555833446353,16.424040844565944,,0.9804301990488412,0.02086236686786952,28.585010280167324,,1.400554386096484,0.00014042927100828238,,6.25e-05
761,0.020750295566885096,0.01911497998394464,16.353155286688555,,0.9803324683841276,0.02086027887284027,28.85015517800901,,1.400414212614976,0.00014173184548177512,,6.25e-05
762,0.020586560333245678,0.01894938465403883,16.371759565253008,,0.9804687835838518,0.02086318751499138,28.59841241181424,,1.4006094786434247,0.0001404951115155513,,6.25e-05
763,0.02070706425920913,0.019017908526094335,16.89155714135421,,0.9804194308220049,0.02086211976435327,29.157638015656055,,1.4005377972829665,0.00014324241309448963,,6.25e-05
764,0.020757196078959265,0.01898677833378315,17.704175246389287,,0.9810249984710083,0.0208749966363521,29.458244174692194,,1.4014022610167023,0.00014471919772252712,,6.25e-05
765,0.02073517000596774,0.019063023360151993,16.721466767160518,,0.9810928074744981,0.02087645789563733,28.87461629906046,,1.401500359814126,0.00014185201536674744,,6.25e-05
766,0.02073340235572112,0.019071931411561212,16.61470749503688,,0.979714846405373,0.020847122883678775,29.270309313235504,,1.399531010893893,0.0001437959321601664,,6.25e-05
767,0.020757775949804408,0.019103732548261945,16.54043443579423,,0.9795577043542167,0.02084376661117869,29.663660202837924,,1.3993056940733855,0.0001457283428235151,,6.25e-05
768,0.020792662999347636,0.019070866174603764,17.21796562797145,,0.9782482638471183,0.02081592172348709,29.038152702286794,,1.3974363817449318,0.00014265541888709964,,6.25e-05
769,0.020639919430801745,0.018991067515392052,16.48851826316432,,0.9790755853941616,0.020833535458941097,28.764615341142534,,1.3986188455852953,0.00014131161484986026,,6.25e-05
770,0.02077717000716611,0.019161236423410867,16.159334734866494,,0.9782604777538612,0.02081618831783773,28.824964525401207,,1.3974542790376725,0.00014160809163501188,,6.25e-05
771,0.020677761027687473,0.01903964402644258,16.38117047360069,,0.9783288030410084,0.02081763095622663,29.185380357150137,,1.397551127757471,0.0001433787025956615,,6.25e-05
772,0.020738602272774045,0.019086182999767755,16.524193061025517,,0.9762582501593561,0.020773556951527116,29.60800821869567,,1.394592305252542,0.00014545494192260013,,6.25e-05
773,0.020681863160509812,0.019014412439183184,16.674508646914834,,0.9788075989563312,0.020827830249251257,28.845537993623267,,1.3982358374393205,0.00014170916268995359,,6.25e-05
774,0.020603059447909657,0.018957762733886118,16.45296819586503,,0.981063530550803,0.020875830208109226,29.02394556674489,,1.4014582212338704,0.00014258562364589765,,6.25e-05
775,0.02060113170821416,0.01897998948238398,16.21142332177413,,0.9770275507719077,0.02078993678965487,29.309889584723447,,1.3956919337979832,0.00014399037773205476,,6.25e-05
776,0.020691069333176864,0.019028456391472565,16.626130154258327,,0.9776490545228648,0.02080316756571343,29.138954880673932,,1.39658015619181,0.00014315062865922186,,6.25e-05
777,0.020520044392661044,0.01889360529419623,16.264389339246247,,0.9770969392434673,0.02079142284939642,29.007178334737585,,1.395791697525762,0.00014250325144646395,,6.25e-05
778,0.02054169979926787,0.01888646587337318,16.552339503639622,,0.9761014742263323,0.020770257941986697,28.423914859778176,,1.3943708326693556,0.00013963785927792813,,6.25e-05
779,0.02059778659359405,0.018949055259949284,16.487314023469622,,0.9779667105863994,0.020809928998714033,29.081358665096936,,1.397034071833562,0.00014286767635355397,,6.25e-05
780,0.020742986351251602,0.01908384910539577,16.591372138575505,,0.9764069814611789,0.020776746223696137,28.83273490483297,,1.3948064108309295,0.00014164626509405092,,6.25e-05
781,0.020691023453285818,0.019052318248309587,16.387051582336426,,0.9771067382827602,0.020791636893414803,28.831062540451946,,1.3958060669542485,0.000141638049287634,,6.25e-05
782,0.020683608360980685,0.019048836474355898,16.347720698306436,,0.9772949156237523,0.02079563527315698,29.021679700848974,,1.3960744903944386,0.0001425744921510041,,6.25e-05
783,0.020686902792045946,0.019027077053722582,16.598257616946572,,0.9766320280728054,0.020781527934698712,29.062758300967833,,1.3951274216903453,0.0001427762985457611,,6.25e-05
784,0.020679953361028118,0.019059458845540098,16.204945915623714,,0.9757246824449348,0.020762228870729007,28.77638065403742,,1.3938318166009747,0.0001413694141753396,,6.25e-05
785,0.02062160923684898,0.01898334930209737,16.38259973024067,,0.9754041720017821,0.02075539937887079,29.067331493274157,,1.3933733319603097,0.0001427987652181696,,6.25e-05
786,0.020756777866106284,0.019055397592877086,17.013799516778242,,0.9758448699500926,0.02076477381099952,29.17858918365682,,1.3940026662117018,0.00014334533967105134,,6.25e-05
787,0.02063114970530334,0.018963088134401722,16.68061341737446,,0.9759725591682876,0.02076750600015931,28.700288978885354,,1.3941860864120859,0.00014099559942534745,,6.25e-05
788,0.02050460404471347,0.01885827189605487,16.463321886564557,,0.9771714644233594,0.020793002258046672,29.213319583327387,,1.3958977280508007,0.00014351595933008812,,6.25e-05
789,0.02062048312080534,0.018965996703819224,16.544866210535954,,0.9757004272541573,0.020761719062214808,28.574394009342985,,1.3937975915988379,0.00014037711656936222,,6.25e-05
790,0.02048015614089213,0.0188478434360341,16.32312714426141,,0.9752026361372644,0.020751121485697865,28.72519480645248,,1.3930861439300857,0.0001411179540152122,,6.25e-05
791,0.02059156241777696,0.018967871407144947,16.236909364399157,,0.9732440394480968,0.020709431810853187,29.086113280976953,,1.3902873887682938,0.0001428910343035918,,6.25e-05
792,0.020543839978544337,0.01893441261429536,16.09427140888415,,0.9757883191465447,0.020763586096310783,28.678955073953446,,1.3939229312982435,0.00014089079258120137,,6.25e-05
793,0.020520491133394995,0.018889592568341055,16.308985158016807,,0.9748895197491151,0.02074445816904428,28.734535319867483,,1.392638815138284,0.00014116384105449802,,6.25e-05
794,0.02061199308618119,0.018966522067785263,16.454710558841104,,0.973781232071847,0.020720877422912183,28.629747464128513,,1.391055767652258,0.0001406490508883334,,6.25e-05
795,0.020551574661543493,0.01893241527049165,16.19159271842555,,0.9737915947151273,0.020721106976566952,28.341512164677074,,1.3910711782899898,0.00013923304044845253,,6.25e-05
796,0.020707773927010988,0.019063290012510198,16.444838423477975,,0.9752625943339217,0.020752408767741412,28.362036519667324,,1.3931725631040774,0.0001393338702253512,,6.25e-05
797,0.02061323909775207,0.018997650299417346,16.15588920994809,,0.9727805848858698,0.020699569020164406,29.105732273185616,,1.3896252695156792,0.00014298741631454007,,6.25e-05
798,0.020629590279177615,0.018972499884272877,16.570905785811576,,0.9744883842973685,0.020735928597868835,28.52817004607963,,1.3920661989822674,0.00014015003260470506,,6.25e-05
799,0.020539792352601102,0.018918318870036227,16.214735482868395,,0.9747366759870755,0.02074120465441257,28.767848846203457,,1.392420396767227,0.00014132750005521987,,6.25e-05
800,0.020544155647880154,0.018924919398207413,16.192364592301217,,0.9722083112930228,0.020687413040908906,28.40958206183584,,1.388809201512877,0.00013956744669640992,,6.25e-05
801,0.0206859840178176,0.01903963392894519,16.463500223661725,,0.9725690202410396,0.020695064132043414,29.196776152012635,,1.3893228426215165,0.0001434346865938975,,6.25e-05
802,0.02049983832004823,0.01884571943236025,16.541191000687448,,0.9734070858038554,0.02071291329628941,28.706438475473345,,1.3905211115155118,0.00014102580999076112,,6.25e-05
803,0.020561758526845983,0.018927530042434994,16.342286913018476,,0.9760438747233636,0.020769006534425767,29.2436046414518,,1.3942868218589162,0.00014366474040776383,,6.25e-05
804,0.020654008282642616,0.018995707070356922,16.583012580871582,,0.9720628029948601,0.020684297199066882,29.03034544687928,,1.3886000255365427,0.00014261706426785316,,6.25e-05
805,0.020623016710344114,0.01900136686469379,16.216498174165423,,0.9715266917129896,0.020672896502698577,28.788256507636135,,1.387834661980034,0.00014142775655293972,,6.25e-05
806,0.020558691338488932,0.018896500236893956,16.62191155082301,,0.9722395511367701,0.020688056180670076,29.099420572704297,,1.388852377448718,0.00014295640889181303,,6.25e-05
807,0.020588394156412074,0.018962662372934192,16.25731769360994,,0.9723456499768478,0.02069032465395959,28.75755985281626,,1.3890046669868847,0.00014127695342862744,,6.25e-05
808,0.02054437014617418,0.018917496659253772,16.26873432962518,,0.972482460037039,0.020693231031457145,28.91379706074341,,1.3891997809822254,0.00014204449827113537,,6.25e-05
809,0.020510308738601834,0.018862469513949594,16.47839069366455,,0.9717408858776234,0.02067744269713764,29.1643066523812,,1.3881398618934475,0.00014327517403404336,,6.25e-05
810,0.020575091634926043,0.018928645374743563,16.464461477179277,,0.9738080789468024,0.02072145650982679,28.381250895898283,,1.3910946435249392,0.0001394282644837596,,6.25e-05
811,0.020524909817858747,0.018878921964450887,16.459878218801396,,0.9705197111524129,0.02065146357844691,28.93738810467855,,1.3863958043347024,0.00014216039373766368,,6.25e-05
812,0.02063558593784508,0.018975843136247835,16.59743002841347,,0.9705273515697107,0.02065162253823938,29.05300566903378,,1.386406475790917,0.0001427283868962816,,6.25e-05
813,0.020485394193153632,0.018855441557733638,16.29952651575992,,0.971078770314229,0.02066336864408708,28.66786689902409,,1.3871950277404026,0.00014083631982408565,,6.25e-05
814,0.020539197384526853,0.018897434696555138,16.417625628019636,,0.9716185655845602,0.020674860368418237,28.507120736942504,,1.3879665022819898,0.0001400466238912436,,6.25e-05
815,0.020452311262488365,0.018824186764265362,16.281243424666556,,0.969056751893431,0.020620324720115355,29.177165418155198,,1.3843053576998356,0.00014333834515366201,,6.25e-05
816,0.020594738619892222,0.018940776782600505,16.5396214033428,,0.9700377115109173,0.020641213988633264,28.707194907300952,,1.385707718075837,0.00014102952610522382,,6.25e-05
817,0.020388390280698474,0.018776302569006618,16.120879474439118,,0.9719989196697156,0.020682945587529804,28.781426361771153,,1.3885092877272356,0.00014139420216918058,,6.25e-05
818,0.02054794544452115,0.018917241574902283,16.307038507963483,,0.9698042150949974,0.020636229950185443,29.195174133887832,,1.3853731243572633,0.0001434268163767731,,6.25e-05
819,0.02044318763441161,0.01882198305898591,16.212046271876286,,0.9693892231838211,0.020627413994587018,28.71851770924531,,1.3847812823405252,0.0001410851515119399,,6.25e-05
820,0.02037428221420238,0.018745773128773038,16.285089994731702,,0.9713985912226261,0.020670163701360156,29.00702202638891,,1.3876512006822292,0.00014250248355212906,,6.25e-05
821,0.020511104382182423,0.01885939173792538,16.517129345944053,,0.9703136315663264,0.020647067588868157,29.277836863996257,,1.386100688132176,0.00014383291267741827,,6.25e-05
822,0.02052691725915984,0.0188742511366543,16.526662023443926,,0.9727547167692219,0.020699004798487623,29.544344773763264,,1.3895873915918007,0.0001451421832048628,,6.25e-05
823,0.020513049277820085,0.018892644659469004,16.204046299583034,,0.9701493118023959,0.020643590568299203,28.651120373666824,,1.38586726512513,0.00014075404934998776,,6.25e-05
824,0.020436334472737815,0.01881693617293709,16.19398307800293,,0.9691910049982089,0.020623191307483177,28.867200133174535,,1.3844978004622777,0.0001418155820487661,,6.25e-05
825,0.020361458294485744,0.018724417019831508,16.370412625764544,,0.9708574691961496,0.020658637102104842,29.379550331427453,,1.3868773848805012,0.00014433259932937646,,6.25e-05
826,0.020493221518240477,0.01885601907576385,16.372026845028525,,0.9690331683809751,0.020619818463940804,29.31765429444336,,1.3842713711771055,0.0001440285233375617,,3.125e-05
827,0.02040284352475091,0.01882428371984708,15.78560041126452,,0.9688392642548387,0.020615729914693168,28.11643164707043,,1.3839968943827028,0.00013812728982265696,,3.125e-05
828,0.02037675531679078,0.018814933437265847,15.618220078317743,,0.9683431192677201,0.02060516808822326,28.24424632764832,,1.3832878467237621,0.0001387552036222949,,3.125e-05
829,0.02045673377027637,0.018879440466040058,15.772932855706467,,0.9684288129499111,0.02060699019625891,28.28978087757724,,1.3834101703995674,0.00013897890071351633,,3.125e-05
830,0.020324065889182844,0.018774785885685367,15.492798755043431,,0.9680809171844907,0.020599592597074664,28.1137934964532,,1.382913546979526,0.00013811432940863728,,3.125e-05
831,0.020438348972483686,0.01888638754424296,15.519613918505216,,0.9668866143886027,0.020574172217488133,28.304179246293607,,1.3812069992828222,0.00013904963542386734,,3.125e-05
832,0.020401106461098318,0.018845289651500553,15.558168712415194,,0.9677917651513221,0.02059343571362006,28.23540798050353,,1.3825002165946447,0.00013871178356981647,,3.125e-05
833,0.02042871399929649,0.018854223877975817,15.744901707297878,,0.9673973221077394,0.020585035391389665,28.44876852394845,,1.38193627731494,0.00013975995760523704,,3.125e-05
834,0.020400625604547952,0.01882522964948102,15.753958501313862,,0.9670165426759969,0.020576932982020638,28.43397965029701,,1.3813923378352246,0.00013968730446551274,,3.125e-05
835,0.020441344203917605,0.018855257744067593,15.860864589088841,,0.9671539320459529,0.0205798597225127,28.33400197137669,,1.38158881886056,0.0001391961452030086,,3.125e-05
836,0.020362981938217815,0.018808734162073387,15.542478360627827,,0.9670456119138378,0.02057756082287116,28.13884364464776,,1.3814344867084822,0.00013823739300088835,,3.125e-05
837,0.02032882965316898,0.018740216074021238,15.886135904412521,,0.9679831296434408,0.020597502834023153,28.396721306609425,,1.3827732548052856,0.0001395042658032299,,3.125e-05
838,0.0204073623999169,0.018819646419663178,15.877159118652344,,0.9685549706788412,0.020609656219759617,28.882070577598515,,1.383589148697236,0.0001418886359203429,,3.125e-05
839,0.020468892333538907,0.018868590263943923,16.003019684239437,,0.9681403367376017,0.020600852535879982,28.2570116378901,,1.3829981305184493,0.00013881791562393063,,3.125e-05
840,0.020233677504094022,0.018670681079751568,15.629964577524285,,0.9668888793187602,0.020574226225494378,28.118893425866855,,1.3812106250051819,0.00013813938377673908,,3.125e-05
841,0.020423762794387967,0.018858991661354116,15.64771130210475,,0.9671747333301902,0.020580305073764692,28.247716380725244,,1.38161871664988,0.0001387722509145357,,3.125e-05
842,0.020326076075434685,0.018778023260988687,15.48052918283563,,0.9661679536445199,0.020558885476712217,28.108199555590158,,1.3801807537001216,0.00013808684811582818,,3.125e-05
843,0.020440631006893358,0.01887519736039011,15.654337531641909,,0.9672163006759361,0.020581188302356404,28.289555843811005,,1.3816780104819693,0.0001389777951925655,,3.125e-05
844,0.020427843555808067,0.01885191400192286,15.759295915302477,,0.9664905214960748,0.020565750384567177,28.08397269730113,,1.3806416159247823,0.0001379678290909965,,3.125e-05
845,0.020392279581804024,0.01882371953443477,15.685601234436035,,0.9673225474419497,0.02058345587311759,28.076842702161557,,1.3818302394306536,0.00013793280164094734,,3.125e-05
846,0.02033109717855328,0.01877566230924506,15.554349497744912,,0.9657150269095829,0.020549241665245962,28.288834652899272,,1.379533335191316,0.00013897425220576928,,3.125e-05
847,0.02039730744926553,0.018841833464409177,15.554738094932155,,0.966608078380306,0.020568254608477617,27.999528940634836,,1.38080973212194,0.0001375529831604328,,3.125e-05
848,0.020308732594314375,0.018769993789886173,15.387386472601639,,0.9671433856382416,0.02057964532407511,28.014317929952114,,1.3815744256388303,0.0001376256368683874,,3.125e-05
849,0.020270131822479397,0.018715174280499156,15.549575956244217,,0.9669303255151175,0.02057510915299642,28.088131620272666,,1.3812698986242022,0.0001379882605869221,,3.125e-05
850,0.02036981931642482,0.018807183264901762,15.626359588221499,,0.9657805285279414,0.020550634054249874,28.335578058168657,,1.379626810516476,0.00013920388802755447,,3.125e-05
851,0.020336466694348736,0.01877373604005889,15.627306887978001,,0.966467283771114,0.020565252129674753,28.203958305998274,,1.3806081665525514,0.00013855728109383574,,3.125e-05
852,0.02039059349580815,0.018818588829354235,15.720047248037238,,0.9661008353381081,0.020557458871255777,28.055519414026275,,1.3800849813200315,0.00013782804695382328,,3.125e-05
853,0.02030427185328383,0.018738482735658948,15.657892227172852,,0.9656713292912368,0.020548317398835583,28.110086634638105,,1.3794712863651604,0.00013809611874866827,,3.125e-05
854,0.020285696575516148,0.018722347719104665,15.63349101417943,,0.9647472311884744,0.020528644831090622,28.36627624793109,,1.3781506068269525,0.00013935469869256247,,3.125e-05
855,0.02035263631688921,0.0187820245168711,15.70611898522628,,0.9652753739342891,0.020539882648686243,28.39507295654218,,1.3789050358341395,0.00013949616797167267,,3.125e-05
856,0.020358815495120853,0.018813283819901317,15.455317999187269,,0.965449860590994,0.020543609698118706,27.94787122421348,,1.3791552440421964,0.0001372992048553735,,3.125e-05
857,0.020329146498912258,0.01878250498128565,15.466412544250488,,0.9655770036314568,0.020546305952800152,28.244771795465287,,1.3793362518513317,0.00013875778508235916,,3.125e-05
858,0.02029442708743246,0.01873529212255227,15.591351207933927,,0.9655696255473839,0.020546155041693836,28.050514485326673,,1.3793261207279937,0.00013780345929470246,,3.125e-05
859,0.020319822979600805,0.01876670151556793,15.531214663856908,,0.9656565654470858,0.020548003921156577,28.088004671516423,,1.3794502416514396,0.00013798763692713956,,3.125e-05
860,0.020366908590260305,0.018805046810915594,15.618618714182,,0.9666364298551896,0.020568855525319316,28.075866795354127,,1.3808500735042792,0.00013792800731412372,,3.125e-05
861,0.020336151123046875,0.018771909961574955,15.642412888376336,,0.9636926604786408,0.020506211763609117,28.114893224109224,,1.3766446065129032,0.0001381197320288053,,3.125e-05
862,0.020299763957920828,0.018728716004835933,15.710479937101665,,0.9664216713942508,0.020564286150308593,28.05605838914813,,1.3805433174083137,0.00013783069477107826,,3.125e-05
863,0.020305666582364785,0.018743113859703665,15.625526528609427,,0.9648353045094197,0.020530518565450254,28.380297727667323,,1.378276396335515,0.0001394235818644948,,3.125e-05
864,0.020293421749221652,0.018743204639146204,15.502173072413393,,0.9636111733194462,0.020504481692353374,27.98890441089042,,1.3765284615471456,0.00013750078814800528,,3.125e-05
865,0.020344141968771032,0.018786138021632245,15.580040178800884,,0.9648781365051169,0.020531440723121894,28.038946081385816,,1.3783383035956005,0.00013774662732171308,,3.125e-05
866,0.020352424857647794,0.018800096586346626,15.523282402440122,,0.9641139577128165,0.02051517752668874,28.09311216585512,,1.3772465055632555,0.00013801272845936688,,3.125e-05
867,0.020201865485624262,0.018649091257860784,15.527742486251029,,0.9633537168831302,0.020498999317167102,28.109390660396024,,1.3761604129617675,0.00013809269964353249,,3.125e-05
868,0.020345470622966166,0.0187829151553543,15.62555604231985,,0.9638428442441217,0.02050941385930949,27.916252962577556,,1.376859572974104,0.0001371438741632183,,3.125e-05
869,0.020393220609740206,0.018819401726910944,15.738190751326712,,0.9656601959770624,0.02054807488610356,28.288617458432626,,1.379455005745005,0.0001389731851968608,,3.125e-05
870,0.020463338317839724,0.018851531963599354,16.118063926696777,,0.9639109622944168,0.020510851094749767,28.308331462353074,,1.376956058977465,0.00013907003397081852,,3.125e-05
871,0.020332929531210346,0.01877209455951264,15.60835145649157,,0.9644782288524022,0.020522934469545395,27.922166435438143,,1.3777672528211957,0.0001371729252174177,,3.125e-05
872,0.02041415536874219,0.01882947667648918,15.846786398636667,,0.9638422765109536,0.020509394688081974,28.142322599443435,,1.376858285951066,0.00013825448402450665,,3.125e-05
873,0.02041965056406824,0.018869950387038682,15.497001396982293,,0.9630990896484162,0.020493583697968252,28.020981355646825,,1.3757968459096483,0.00013765837220776824,,3.125e-05
874,0.020370871710934137,0.018797113903258975,15.737578843769274,,0.963947305049586,0.02051162380269252,28.329219367587314,,1.3770079332209413,0.00013917264975707097,,3.125e-05
875,0.02024898295731921,0.01869380376056621,15.551792897676167,,0.9630098068590539,0.020491676118240786,28.26549553427927,,1.3756687842582043,0.00013885959437001343,,3.125e-05
876,0.02024443986776628,0.01865466193933236,15.89778282767848,,0.9633110772224371,0.020498068228649895,28.86600940513592,,1.3760979061467509,0.0001418097323720022,,3.125e-05
877,0.020308687400661017,0.01871582571613161,15.928616724516216,,0.9644087467635931,0.020521443237579536,28.326276187572486,,1.3776671418662068,0.000139158190828427,,3.125e-05
878,0.02021488037548567,0.018639264334189266,15.756159129895662,,0.9627633743828431,0.02048643924816606,28.03783891982949,,1.3753172171805554,0.00013774118818110338,,3.125e-05
879,0.020232174349458593,0.018661739598763615,15.704347108539782,,0.9615071797094645,0.02045968913807702,28.632843904981605,,1.3735214006152037,0.00014066426273984085,,3.125e-05
880,0.020242243220931606,0.018664674049145298,15.775691634730288,,0.9632489361845722,0.020496770074787878,28.094731076122315,,1.376010757114391,0.00013802068166233659,,3.125e-05
881,0.02030209912673423,0.018729207154951598,15.7289188284623,,0.963614998956749,0.020504553499462615,28.29504764036199,,1.3765332821776348,0.0001390047746821169,,3.125e-05
882,0.020317871417654187,0.018749873546001158,15.679979826274671,,0.9631012384042253,0.020493619546897133,28.335881644018674,,1.3757992525577003,0.0001392053794504782,,3.125e-05
883,0.020176313621433156,0.01860410376991096,15.722099454779373,,0.9630734807402962,0.020493033347526002,28.193178806405427,,1.3757598992040965,0.000138504324762709,,3.125e-05
884,0.020201903228697023,0.018652515976052535,15.493875352959884,,0.964185572488494,0.020516690096394515,28.45569690879172,,1.3773480489858745,0.00013979399460656286,,3.125e-05
885,0.0202014513901974,0.018642682484106013,15.587689148752313,,0.9623774165597279,0.020478212596532517,28.470966584095365,,1.374764936938279,0.00013986900977536664,,3.125e-05
886,0.02028348767443707,0.018737079183522024,15.464086482399388,,0.9627223470742807,0.020485568479798235,27.965121712453772,,1.3752587598413402,0.00013738395114247916,,3.125e-05
887,0.020364535972476006,0.018799648473137302,15.648874232643529,,0.9630955840190242,0.020493502887426022,28.219047697510774,,1.3757914208512128,0.00013863141058440755,,3.125e-05
888,0.02023911476135254,0.018678238027189906,15.608767208300138,,0.9641249214565556,0.020515402856570185,28.347409877972403,,1.3772616326461877,0.00013926201408080604,,3.125e-05
889,0.020249539398049052,0.018690485605283788,15.590539078963431,,0.9623574837501354,0.02047780648656045,27.8952955070956,,1.3747376735358943,0.00013704091669821568,,3.125e-05
890,0.020215997668473346,0.018657581978722623,15.58415709043804,,0.962033191345296,0.02047090264147799,27.990921951712618,,1.3742741973362662,0.00013751069969899352,,1.5625e-05
891,0.02021117704479318,0.01867661556523097,15.345615637929816,,0.9615505479091568,0.020460627043145895,28.153200312606003,,1.3735843650461463,0.00013830792284837568,,1.5625e-05
892,0.02023502213782386,0.018701185227224703,15.338371929369474,,0.9617399072292845,0.02046466657440235,27.833669435694695,,1.3738555511131365,0.0001367381669634032,,1.5625e-05
893,0.02015216825039763,0.018631517004809882,15.206511899044639,,0.9616033003943582,0.02046175419585062,28.006670525301782,,1.3736600342487062,0.0001375880675462278,,1.5625e-05
894,0.020244987877575976,0.01870615349004143,15.388341301365903,,0.9616945017282231,0.02046369888108416,27.880788155751123,,1.3737905869060658,0.00013696964659008564,,1.5625e-05
895,0.020101927416889293,0.01857882747916799,15.230997938858835,,0.9615427448016891,0.020460471057215747,27.83237179430878,,1.3735738932343897,0.0001367317920545937,,1.5625e-05
896,0.020188726680843455,0.01867212012018028,15.166067926507248,,0.9616643623091412,0.020463056231658446,27.921969677797783,,1.3737474438879411,0.0001371719586082848,,1.5625e-05
897,0.020298729895761137,0.018750594928860664,15.481349694101434,,0.9619009592609956,0.020468088422603524,28.00238180648784,,1.3740852702306778,0.00013756699840367028,,1.5625e-05
898,0.020158232238731887,0.018629374570752446,15.288578234220806,,0.9615642849195017,0.020460929835289465,27.8192742915902,,1.3736046924072478,0.00013666744809456808,,1.5625e-05
899,0.020197189560062008,0.01867221433081125,15.249752847771896,,0.9611190349307174,0.020451452019040656,27.915848240035583,,1.372968417664216,0.00013714188588716128,,1.5625e-05
900,0.020235589460322733,0.018697909814746755,15.376798077633506,,0.9608742936677479,0.020446241688928023,27.989463930919754,,1.372618632295256,0.00013750353689600517,,1.5625e-05
901,0.020210135728120804,0.01867936375109773,15.30772254341527,,0.9623598625079812,0.020477854058728658,27.992453708908457,,1.3747408672007964,0.0001375182247460117,,1.5625e-05
902,0.020188505026070697,0.018646948431667528,15.415567649038215,,0.9618484767168105,0.02046697815277074,27.793750986686483,,1.3740107344268593,0.0001365420600304666,,1.5625e-05
903,0.02013081812152737,0.018610713807375806,15.201043681094522,,0.9611871421432199,0.02045290458338945,27.811802474318757,,1.3730659327440091,0.00013663074137862667,,1.5625e-05
904,0.02022616476996949,0.018697054174385573,15.291105270385742,,0.9609233145016169,0.020447283841018495,28.02124395331612,,1.372688595147052,0.0001376596622684996,,1.5625e-05
905,0.020239952951669693,0.018708510520426852,15.314422958775571,,0.9610040701846048,0.020449003527458126,27.98204074506554,,1.3728040429483963,0.0001374670690911015,,1.5625e-05
906,0.020201671280358966,0.01867655056871866,15.251208054391961,,0.961019870853939,0.020449343785822825,27.8537072923954,,1.3728268855313164,0.00013683660672541371,,1.5625e-05
907,0.020274766867882328,0.018749672135240154,15.250944940667404,,0.9607452227898283,0.020443497312487874,27.91888540271547,,1.3724343939255306,0.00013715680652342797,,1.5625e-05
908,0.02020647121887458,0.018688589138420003,15.17881965637207,,0.9607416810710216,0.020443425343538303,27.81054550085192,,1.3724295624302059,0.00013662456625866364,,1.5625e-05
909,0.02022783291575156,0.018696406562077373,15.314264799419202,,0.9600838263174629,0.020429418400524032,28.065288819592638,,1.3714892335788014,0.0001378760410069449,,1.5625e-05
910,0.0202414828695749,0.018699979409575462,15.415038159019069,,0.9600124936638424,0.020427887622855485,28.47469901128417,,1.3713864678000478,0.0001398873460300707,,1.5625e-05
911,0.02023287519420448,0.01868912234510246,15.437527154621325,,0.960569206897985,0.020439751585496446,27.924022364538178,,1.372182931835913,0.00013718204282024544,,1.5625e-05
912,0.020199904316350034,0.018684317406855132,15.155870989749307,,0.9616122869924053,0.020461951137012723,27.824635113265693,,1.3736732555102311,0.00013669378414526444,,1.5625e-05
913,0.02020314335823059,0.018678227341488787,15.249161017568488,,0.9604119066064413,0.020436405845950075,27.874155766993113,,1.3719583221247482,0.00013693706372552823,,1.5625e-05
914,0.02018734244139571,0.01866490158595537,15.22440845087955,,0.9612407727075535,0.020454048133445125,27.738224020439443,,1.3731427027508036,0.00013626927330361404,,1.5625e-05
915,0.020115163667421592,0.018582593061422046,15.325705026325426,,0.9617981911330581,0.02046590441033705,27.911094620588322,,1.3739386508188693,0.00013711853283228788,,1.5625e-05
916,0.02014587290192905,0.01862169517890403,15.241775462501927,,0.9601435218688993,0.020430686182844934,28.145681167338594,,1.3715743436768741,0.00013827098362470013,,1.5625e-05
917,0.020210182490317447,0.018669551924655314,15.406306417364823,,0.9598348281745029,0.02042411928969594,28.081369395663245,,1.3711334880893418,0.00013795503987918095,,1.5625e-05
918,0.020218485770256894,0.01869684800897774,15.216377408880936,,0.9601558866569122,0.020430960723666788,27.78149060049189,,1.37159277444049,0.00013648182856373938,,1.5625e-05
919,0.020190740298283726,0.01867027673870325,15.204637075725355,,0.9602828138420015,0.02043366399821876,27.708097637452216,,1.3717742535149675,0.00013612127174756955,,1.5625e-05
920,0.02015943178220799,0.018645184310643298,15.142474375273052,,0.9602350240514758,0.020432646035146662,27.74031887003247,,1.3717059145458304,0.00013627956464856505,,1.5625e-05
921,0.02011051205428023,0.018585362520657088,15.251495863261976,,0.9605830122536876,0.020440047919581338,27.842388439396526,,1.3722028256478171,0.00013678100071863944,,1.5625e-05
922,0.02014768819667791,0.018626974895596504,15.207132991991545,,0.9602754422479591,0.020433503100416132,27.8366752030634,,1.3717634519542141,0.00013675293336426402,,1.5625e-05
923,0.020183010615016286,0.018656376749277115,15.266341410185161,,0.9596556377856023,0.020420312871100094,27.86774758356847,,1.3708779515870124,0.00013690558231208846,,1.5625e-05
924,0.020204361528158188,0.01866086023418527,15.435014222797594,,0.9600509841146917,0.020428729026277185,27.762437616218,,1.3714429537807709,0.0001363882271738539,,1.5625e-05
925,0.020101893006971006,0.018580889819484008,15.210031710172954,,0.9598401665190943,0.020424238289000442,27.909158174222952,,1.371141476875989,0.0001371090196731611,,1.5625e-05
926,0.02018988720680538,0.018653109277549543,15.367778878462943,,0.9599460782120596,0.020426488085101335,28.035847739631038,,1.3712925125574573,0.0001377314061316665,,1.5625e-05
927,0.02023903839290142,0.01869347024905054,15.455680345234118,,0.9593786508310741,0.02041441652613104,27.936137872444302,,1.370482111946158,0.00013724156254497097,,1.5625e-05
928,0.020186051726341248,0.018666054171166922,15.199974361218905,,0.9597670000083921,0.020422684462602692,27.809190197959904,,1.3710371637656702,0.00013661790807679644,,1.5625e-05
929,0.020078661410432113,0.01856809060432409,15.10570972844174,,0.9592989761447946,0.020412722391575704,27.894077714578167,,1.370368379520823,0.00013703493406207925,,1.5625e-05
930,0.02020987064430588,0.018674561557801145,15.353093448438143,,0.9595249429465307,0.020417535007414753,27.76304623620602,,1.3706914651162718,0.00013639121713469006,,1.5625e-05
931,0.020036614352935238,0.018513025421845287,15.235889234040913,,0.9596482749425288,0.02042015797101855,27.811022184610675,,1.3708675526715879,0.00013662690805781247,,1.5625e-05
932,0.020230154653913097,0.018701329435172834,15.28825102354351,,0.9601119083903973,0.020430023901113425,27.812678098275654,,1.371529882682119,0.0001366350430469745,,1.5625e-05
933,0.020126001223137503,0.018598270749575214,15.277304900319953,,0.9590046223157895,0.020406458756092684,27.890042679768953,,1.3699478825463323,0.0001370151111901895,,1.5625e-05
934,0.020262878094064563,0.01872989839236987,15.329798999585604,,0.9597084790786371,0.020421436453318308,27.895322165985515,,1.370953381091911,0.000137041047665056,,1.5625e-05
935,0.020212347570218538,0.01868199547262568,15.303520553990415,,0.9588767085280974,0.02040373882717102,27.82504468979093,,1.3697652854131674,0.00013669579626743257,,1.5625e-05
936,0.020096308110575927,0.018577701559192257,15.186066778082596,,0.9590308994780095,0.02040701765592618,27.898663631454,,1.3699854031986223,0.00013705746324634281,,1.5625e-05
937,0.02015126251468533,0.018616260960698128,15.350015288905093,,0.9590691608698022,0.020407827537147954,28.03608487356087,,1.3700397729978189,0.00013773257109696025,,1.5625e-05
938,0.020207306370139122,0.018684267703639835,15.230387938650031,,0.9590664911925586,0.020407775288646058,27.890640960937585,,1.3700362653963583,0.00013701805035961942,,1.5625e-05
939,0.02019911171182206,0.018678040488770132,15.210712884601794,,0.9586971610935363,0.02039991855585785,27.81086353393397,,1.369508818935628,0.000136626128656348,,1.5625e-05
940,0.020188694035536366,0.01865704975237972,15.316444296585885,,0.9604658168462503,0.02043755186768161,27.911530578595077,,1.3720352580626898,0.0001371206745584751,,1.5625e-05
941,0.02014289953206715,0.018619984682453305,15.229148864746094,,0.9592037615269934,0.020410700087424526,27.771808498172852,,1.3702326160685316,0.0001364342634043372,,1.5625e-05
942,0.020113749331549594,0.01859141611739209,15.223330748708625,,0.9586019748662723,0.020397894978093654,27.748467573079996,,1.369372969981806,0.00013631959669394166,,1.5625e-05
943,0.020078453676480996,0.018562171314107746,15.162825835378547,,0.9588933390537144,0.020404093717456825,27.793234343035273,,1.3697891102816262,0.00013653952192078605,,1.5625e-05
944,0.020143598906303708,0.018615501981816794,15.280968415109735,,0.9596927008156585,0.020421105802047323,27.732531211641415,,1.370931183462525,0.00013624130630336947,,1.5625e-05
945,0.02014851413275066,0.018630315010484896,15.181992179469058,,0.9599320998544224,0.020426196150332823,27.8598226389291,,1.3712729140850939,0.00013686664952222482,,1.5625e-05
946,0.02028172884724642,0.018753288509814364,15.284403048063579,,0.9588157109942357,0.02040244404010631,27.7222988061538,,1.3696783624041902,0.00013619103767553958,,1.5625e-05
947,0.020225850865244865,0.01870384822158437,15.220026467975817,,0.9582334866252497,0.02039004549738166,28.008667001289073,,1.3688460103750943,0.00013759787561222928,,1.5625e-05
948,0.02011149680536044,0.018591867563755887,15.196293479517886,,0.9587278138048784,0.02040056232890726,28.08213115437674,,1.3695520373860421,0.00013795878216297836,,1.5625e-05
949,0.02019959531332317,0.018667124309822133,15.32470949072587,,0.9586805334818642,0.020399558033010145,28.02424836341258,,1.3694846159360912,0.00013767442200150374,,1.5625e-05
950,0.020132803015018765,0.018611596407074677,15.21206579710308,,0.9583046411856364,0.020391559522539356,28.012580880304373,,1.368947651506645,0.00013761710328335993,,1.5625e-05
951,0.020144687181240635,0.0186313343675513,15.133530064633018,,0.9593358292715964,0.020413512607901408,27.70299603183199,,1.3704214291555044,0.00013609620914478585,,1.5625e-05
952,0.02014666913371337,0.018629116398331366,15.17552978114078,,0.9587741298508722,0.020401551394037015,27.971378893557855,,1.3696184363480768,0.000137414690728451,,1.5625e-05
953,0.020077799888033616,0.018552218122701896,15.255817112169767,,0.9583778515652317,0.020393125334379984,27.76015213510248,,1.3690527692363388,0.00013637699931548302,,1.5625e-05
954,0.02011560119296375,0.0185845377609918,15.310634462456955,,0.9581000742268897,0.020387210265929306,27.889263633184207,,1.3686556726309955,0.00013701128397645388,,1.5625e-05
955,0.020130439808494167,0.018610690475294466,15.197492699874076,,0.9578053757658188,0.020380940536435764,27.845701440071085,,1.368234766546972,0.00013679727646124083,,1.5625e-05
956,0.020104974900421343,0.018582534829252643,15.224401022258558,,0.9574030666195298,0.02037238130737209,27.78862485004853,,1.367660159366365,0.00013651687691441727,,1.5625e-05
957,0.02018699314641325,0.018661610291976678,15.253829002380371,,0.9581467558074052,0.02038820477548621,27.85293348262888,,1.368722437094048,0.0001368328052385384,,1.5625e-05
958,0.020078221237973162,0.018554799650844774,15.234215385035464,,0.9583796817067082,0.02039316447048221,27.754054491509738,,1.3690553965623742,0.0001363470434877186,,1.5625e-05
959,0.020089439753639072,0.018569704831430788,15.197349749113384,,0.958428818253865,0.020394202979128407,27.980520936340397,,1.3691251148186314,0.00013745960274320616,,1.5625e-05
960,0.020162051347525495,0.01864135471221648,15.206967705174497,,0.9584157869177179,0.020393934234930845,27.707620045432208,,1.369107073200103,0.0001361189254864155,,1.5625e-05
961,0.02016400134092883,0.018634073828396044,15.299275197480855,,0.9585745506437173,0.020397308608364285,27.83744167715077,,1.3693336051915335,0.0001367566988132277,,1.5625e-05
962,0.020127785931292334,0.0185994821551599,15.28303743663587,,0.958153040188807,0.02038833506361653,27.962672026425924,,1.3687311837340401,0.0001373719165964105,,1.5625e-05
963,0.02012356390294276,0.01860640335239862,15.17160661597001,,0.9585567876709102,0.020396928386548864,27.908579336481715,,1.3693080797401476,0.00013710617602324677,,1.5625e-05
964,0.020194480587777338,0.01866813866715682,15.263419603046618,,0.9587018784114881,0.020400016535177586,27.887510168847488,,1.3695153965865183,0.0001370026697511613,,1.5625e-05
965,0.020159867739206867,0.018630803807785635,15.29063922480533,,0.957934682062419,0.020383691027996045,27.88103111430918,,1.368419415443383,0.00013697084016996752,,1.5625e-05
966,0.02010851216159369,0.0185915467966544,15.169652637682463,,0.957804738919722,0.02038093005681159,27.747740375318944,,1.368234063017804,0.00013631602419736174,,1.5625e-05
967,0.0200290077022816,0.0185029983128372,15.260094090511924,,0.9580599624762106,0.02038635916616099,27.810622098372654,,1.3685985357049186,0.00013662494255847575,,7.8125e-06
968,0.02004870409636121,0.01853894520747034,15.097590095118472,,0.9581445625687746,0.020388163147339208,27.692124473988173,,1.3687196424694381,0.00013604280056008468,,7.8125e-06
969,0.019964873790740967,0.018458487269909757,15.063865009107088,,0.9582149981307894,0.020389661409174878,27.71080934244094,,1.3688202253610515,0.00013613459351135497,,7.8125e-06
970,0.020065390651947575,0.018558445729707416,15.069451131318745,,0.9580155338535004,0.020385417496545353,27.690787400601103,,1.3685353185484574,0.0001360362319341094,,7.8125e-06
971,0.02003566401177331,0.01853378960176518,15.018743966755114,,0.9575606585133684,0.020375736461062947,27.7361728168764,,1.367885401077793,0.00013625919637804277,,7.8125e-06
972,0.020134358911922102,0.018627748089401347,15.0661106611553,,0.9575682852356894,0.020375899206141447,27.721802211563894,,1.367896326651816,0.0001361885980606658,,7.8125e-06
973,0.020099381965241934,0.018585824848789918,15.135572282891525,,0.957532826668523,0.020375146554548373,27.66134141754566,,1.367845798852331,0.00013589157297145486,,7.8125e-06
974,0.020168888039494817,0.01866358293122367,15.053051948547363,,0.9575379445064569,0.020375253649144987,27.719101264635817,,1.3678529884395896,0.00013617532914788862,,7.8125e-06
975,0.020162832972250487,0.018652143152920825,15.106898307800293,,0.9572587120359668,0.020369312444777528,27.694241815277472,,1.3674541372503528,0.00013605320239974884,,7.8125e-06
976,0.02017129957675934,0.018672851453486242,14.984482213070518,,0.9572199414876477,0.020368485694016197,27.749244756686284,,1.3673986349474587,0.00013632341475544317,,7.8125e-06
977,0.020032059793409548,0.01853495640190024,14.97103540520919,,0.9574799747025363,0.0203740198895867,27.72482004420683,,1.3677701623934515,0.00013620342373446892,,7.8125e-06
978,0.020146610411374194,0.01863924698217919,15.073634047257272,,0.9572605225156753,0.020369349303264152,27.74742639054123,,1.3674566116730986,0.00013631448168773832,,7.8125e-06
979,0.01996735650065698,0.018465903048452578,15.014534548709268,,0.9573605938580041,0.020371479954885696,27.710337522525485,,1.367599648821889,0.00013613227560675654,,7.8125e-06
980,0.020103130489587784,0.01859700199412672,15.061285470661364,,0.956697905689149,0.020357378113443424,27.711424492049947,,1.366652949149263,0.00013613761555018956,,7.8125e-06
981,0.020028576254844666,0.018519274204185133,15.093020188181024,,0.9574440416425729,0.02037325623322166,27.69330196094295,,1.367718895810024,0.00013604858518751915,,7.8125e-06
982,0.02014974396871893,0.01863882729881688,15.109166797838713,,0.9572634705411673,0.020369413039466593,27.71544213014825,,1.3674608904789716,0.00013615735295744566,,7.8125e-06
983,0.02012041985596481,0.018616049599490668,15.043702878450093,,0.9573243098142945,0.020370706478479144,27.753789113499153,,1.3675477229890916,0.00013634573976803465,,7.8125e-06
984,0.020032920923672225,0.018529241169361693,15.036796720404373,,0.957480844224727,0.020374040846612988,27.646577613800986,,1.3677715693026133,0.00013581904299239054,,7.8125e-06
985,0.02017403472411005,0.018662061150136747,15.119735215839587,,0.9575870043559628,0.02037629477538258,27.81006386413028,,1.3679228824227496,0.0001366222001271476,,7.8125e-06
986,0.020105821619692602,0.018591864328635365,15.13957395051655,,0.9571636343440652,0.020367287739686196,27.741434170861098,,1.3673182126156183,0.0001362850437748898,,7.8125e-06
987,0.020079158148483225,0.018570997703232263,15.081605660287957,,0.957335058856903,0.020370937844967792,27.66992835323502,,1.3675632553278967,0.00013593375791759384,,7.8125e-06
988,0.020127600941218828,0.018616242726382456,15.113583414178146,,0.9570714929066481,0.02036532926506415,27.669124393745662,,1.3671867342345054,0.00013592980831450105,,7.8125e-06
989,0.02007213940745906,0.018567377995503575,15.047613896821675,,0.9575559223930722,0.020375637748091747,27.670161388612243,,1.3678787741746399,0.0001359349027479725,,7.8125e-06
990,0.020094508991429682,0.018592906625647294,15.016024790312114,,0.9570508023068066,0.02036488875198618,27.676243174039342,,1.3671571612465798,0.000135964780669498,,7.8125e-06
991,0.019956573059684353,0.018455560270108674,15.010128824334396,,0.9568678325507922,0.020360995434763086,27.669074483936498,,1.366895790974079,0.00013592956312312107,,3.90625e-06
992,0.0200354442196457,0.018541056564763972,14.943876918993498,,0.9569490883504367,0.020362724713112325,27.66336462978625,,1.367011882709602,0.0001359015123843589,,3.90625e-06
993,0.020070356071779604,0.0185822308259575,14.881250281082956,,0.9566839334814774,0.020357082290062906,27.66356276309162,,1.3666330896225027,0.00013590248575170644,,3.90625e-06
994,0.02013386854607808,0.018629347023211028,15.045214151081286,,0.9565158105522293,0.02035350309121394,27.714352070260137,,1.3663928070755427,0.00013615199783201655,,3.90625e-06
995,0.020121359805527487,0.01861948735619846,15.018725445396022,,0.9572966900380282,0.020370122215266444,27.64290965002803,,1.3675084996157147,0.00013580102342641268,,3.90625e-06
996,0.020098576910401646,0.01859686249180844,15.017145006280197,,0.9569861338657222,0.020363513763224775,27.64000676969776,,1.367064854052827,0.0001357867624775934,,3.90625e-06
997,0.020164512195869497,0.01866047956833714,15.040328527751722,,0.956520103243253,0.020353594592476428,27.709439373310264,,1.3663989498346707,0.00013612786327881564,,3.90625e-06
998,0.020135169848799706,0.018629230852974087,15.059391573855752,,0.9570615276157445,0.02036511800121818,27.64378865218587,,1.367172551447482,0.00013580534169081176,,3.90625e-06
999,0.020079755273304488,0.0185844852147918,14.952702321504292,,0.9567239881025547,0.02035793310725875,27.712450984079187,,1.366690207578627,0.00013614265838648553,,3.90625e-06
1000,0.020161881748782962,0.018667368904540415,14.945126985248766,,0.9568646247187218,0.02036092867173913,27.621287947633014,,1.3668913089684358,0.00013569480272278059,,3.90625e-06
